time,open,high,low,close,Plot,Plot,Shapes,Shapes,DO,PDH,PDL,PDC / NDOG edge,Weekly Open / NWOG edge,Previous Week Close / NWOG edge,H4 Range High,H4 Equilibrium,H4 Range Low,PlotCandle (Open),PlotCandle (High,PlotCandle (Low),PlotCandle (Close),Volume,Moving Average #1,Moving Average #2
2009-06-30,456.5,461.25,427,427,,,0,0,,,,,,,,,,,461.25,427,427,61145,479.5266523188821,487.269962704301
2009-07-01,424,433.5,421.5,429,,,0,0,,,,,,,,,,,433.5,421.5,429,80922,474.93332028989283,484.98486612766175
2009-07-02,429,429.5,417.5,418.25,,,0,0,,,,,,,,,,,429.5,417.5,418.25,103525,469.78029117262986,482.367812554028
2009-07-06,414.5,418.5,406.5,407.25,,,0,0,,,,,,,,,,,418.5,406.5,407.25,124562,464.09571924784535,479.42201598328177
2009-07-07,408.75,414.25,397.25,398,,,0,0,,,,,,,,,,,414.25,397.25,398,163095,458.08701749804123,476.2289957486433
2009-07-08,399.5,403.5,393.5,397.75,,,0,0,,,,,,,,,,,403.5,393.5,397.75,55817,452.6018340891284,473.1513880722259
2009-07-09,398.25,404,398.25,402,,,0,0,,,,,,,,,,,404,398.25,402,53060,448.0016673537531,470.3611375595896
2009-07-10,404,406.75,391,400.75,,,0,0,,,,,,,,,,,406.75,391,400.75,64198,443.7060612306846,467.63128902784104
2009-07-13,399.75,404.75,393,404.25,,,0,0,,,,,,,,,,,404.75,393,404.25,75119,440.11914657334967,465.1457482816512
2009-07-14,405,411.5,405,411,,,0,0,,,,,,,,,,,411.5,405,411,67018,437.47195143031786,463.02238560393937
2009-07-15,411,414.75,400.5,402,,,0,0,,,,,,,,,,,414.75,400.5,402,70109,434.24722857301623,460.62935087437313
2009-07-16,402.5,403.25,388.75,389.25,,,0,0,,,,,,,,,,,403.25,388.75,389.25,69617,430.15657143001476,457.83016064400556
2009-07-17,389.75,395.25,388.5,394.75,,,0,0,,,,,,,,,,,395.25,388.5,394.75,45879,426.9377922091043,455.35642885404457
2009-07-20,394.5,397.5,390.75,395.75,,,0,0,,,,,,,,,,,397.5,390.75,395.75,77223,424.102538371913,453.0189218401605
2009-07-21,395.5,397,382.75,384,,,0,0,,,,,,,,,,,397,382.75,384,69592,420.45685306537547,450.31229745427186
2009-07-22,383.75,385.25,376.5,380.5,,,0,0,,,,,,,,,,,385.25,376.5,380.5,63580,416.82441187761407,447.57456029920235
2009-07-23,384,400.25,384,399.5,,,0,0,,,,,,,,,,,400.25,384,399.5,61132,415.2494653432855,445.68928342472384
2009-07-24,399.25,400.75,387.25,388.75,,,0,0,,,,,,,,,,,400.75,387.25,388.75,47360,412.84042303935047,443.4563703492445
2009-07-27,389.5,395.5,383.75,394.75,,,0,0,,,,,,,,,,,395.5,383.75,394.75,52231,411.19583912668224,441.5463166100584
2009-07-28,394.5,399.5,392.75,393,,,0,0,,,,,,,,,,,399.5,392.75,393,88869,409.5416719333475,439.64253948809534
2009-07-29,394,395,387.75,393.25,,,0,0,,,,,,,,,,,395,387.75,393.25,67359,408.06061084849773,437.8232242140524
2009-07-30,393.5,408.75,393.25,404.75,,,0,0,,,,,,,,,,,408.75,393.25,404.75,53689,407.75964622590703,436.5262350291876
2009-07-31,404.25,412.5,402,412,,,0,0,,,,,,,,,,,412.5,402,412,61754,408.14513293264275,435.5644218907881
2009-08-03,414.5,437.5,410.5,430.5,,,0,0,,,,,,,,,,,437.5,410.5,430.5,79905,410.17739357512977,435.3658171107572
2009-08-04,428.25,433.75,425.25,427,,,0,0,,,,,,,,,,,433.75,425.25,427,55168,411.70672143193616,435.0377458515118
2009-08-05,426.5,431.5,411.75,419.5,,,0,0,,,,,,,,,,,431.5,411.75,419.5,75758,412.41520130176013,434.4284224847858
2009-08-06,419,420,404,405,,,0,0,,,,,,,,,,,420,404,405,84753,411.74109209250923,433.27436670106874
2009-08-07,404.5,406.5,394,394.5,,,0,0,,,,,,,,,,,406.5,394,394.5,91180,410.17372008409933,431.75380330102684
2009-08-10,391.25,407,389.75,396.75,,,0,0,,,,,,,,,,,407,389.75,396.75,99696,408.95338189463575,430.3811051323591
2009-08-11,396.5,401.5,396.25,399,,,0,0,,,,,,,,,,,401.5,396.25,399,98630,408.04852899512343,429.1504735585411
2009-08-12,398,408,391.5,403.25,,,0,0,,,,,,,,,,,408,391.5,403.25,99513,407.61229908647584,428.1347687131081
2009-08-13,402.5,411,397,397,,,0,0,,,,,,,,,,,411,397,397,100230,406.6475446240689,426.9137973910254
2009-08-14,397.5,400.5,390.5,391.75,,,0,0,,,,,,,,,,,400.5,390.5,391.75,59297,405.2932223855172,425.53482494431853
2009-08-17,389.75,390.5,376.75,386.75,,,0,0,,,,,,,,,,,390.5,376.75,386.75,70690,403.6074748959247,424.01385141709034
2009-08-18,386,390,383.5,387,,,0,0,,,,,,,,,,,390,383.5,387,46943,402.09770445084064,422.5623278321064
2009-08-19,387.75,394.25,382.75,392.5,,,0,0,,,,,,,,,,,394.25,382.75,392.5,45718,401.2251858644006,421.38341301516107
2009-08-20,392.5,394,389,391,,,0,0,,,,,,,,,,,394,389,391,34627,400.29562351309147,420.19190662240965
2009-08-21,390.75,401,390.25,394.25,,,0,0,,,,,,,,,,,401,390.25,394.25,43812,399.7460213755377,419.1745769509426
2009-08-24,394.25,402.25,392.25,402,,,0,0,,,,,,,,,,,402.25,392.25,402,52786,399.9509285232161,418.501064129337
2009-08-25,397.5,404.25,390.25,394,,,0,0,,,,,,,,,,,404.25,390.25,394,48731,399.4099350211055,417.5402380850493
2009-08-26,393.75,396.5,390.5,393,,,0,0,,,,,,,,,,,396.5,390.5,393,43896,398.82721365555045,416.57787580720424
2009-08-27,392.5,397,387.5,395.5,,,0,0,,,,,,,,,,,397,387.5,395.5,57229,398.52473968686405,415.75129244221586
2009-08-28,395.25,398.75,390.5,395.25,,,0,0,,,,,,,,,,,398.75,390.5,395.25,115187,398.22703607896733,414.94732018957995
2009-08-31,393.75,398.25,386.5,396,,,0,0,,,,,,,,,,,398.25,386.5,396,141944,398.02457825360665,414.2042880252827
2009-09-01,394.5,395.25,382.75,385.5,,,0,0,,,,,,,,,,,395.25,382.75,385.5,125281,396.8859802305515,413.0786296713501
2009-09-02,385.25,385.75,381.75,385.5,,,0,0,,,,,,,,,,,385.75,381.75,385.5,87623,395.8508911186832,411.99711478227755
2009-09-03,385,387.75,377.75,382,,,0,0,,,,,,,,,,,387.75,377.75,382,100031,394.5917191988029,410.82075733983527
2009-09-04,381.5,382.25,372.25,372.5,,,0,0,,,,,,,,,,,382.25,372.25,372.5,94897,392.5833810898208,409.31798254219467
2009-09-08,371.75,377,368.25,373.75,,,0,0,,,,,,,,,,,377,368.25,373.75,89745,390.87125553620075,407.9231596974027
2009-09-09,373.25,378.25,371,376,,,0,0,,,,,,,,,,,378.25,371,376,81306,389.51932321472793,406.6712710818183
2009-09-10,375.5,385.25,374.75,381.5,,,0,0,,,,,,,,,,,385.25,374.75,381.5,91194,388.79029383157086,405.6841624119431
2009-09-11,380.75,386.5,375,386,,,0,0,,,,,,,,,,,386.5,375,386,108291,388.53663075597353,404.9122344742198
2009-09-14,384.5,386.25,381.5,384,,,0,0,,,,,,,,,,,386.25,381.5,384,66066,388.12420977815776,404.0921468477798
2009-09-15,383.25,414,382.25,412.75,,,0,0,,,,,,,,,,,414,382.25,412.75,252221,390.36291798014344,404.4316705008081
2009-09-16,410.5,414,390.25,402.5,,,0,0,,,,,,,,,,,414,390.25,402.5,164737,391.46628907285765,404.35591871646267
2009-09-17,401.5,407.75,389,395.25,,,0,0,,,,,,,,,,,407.75,389,395.25,104433,391.810262793507,403.9988238648367
2009-09-18,394.25,395.5,383,384.25,,,0,0,,,,,,,,,,,395.5,383,384.25,75982,391.12296617591545,403.2243601838627
2009-09-21,382.25,383.75,376.25,382.25,,,0,0,,,,,,,,,,,383.75,376.25,382.25,88758,390.31633288719587,402.40183625508377
2009-09-22,382.5,392.5,381.5,392,,,0,0,,,,,,,,,,,392.5,381.5,392,94155,390.4693935338144,401.9939211078256
2009-09-23,391.25,403.25,385.25,396.5,,,0,0,,,,,,,,,,,403.25,385.25,396.5,104604,391.01763048528585,401.7784732212442
2009-09-24,393.25,404.25,388.75,402.75,,,0,0,,,,,,,,,,,404.25,388.75,402.75,117260,392.08420953207803,401.81657231060717
2009-09-25,401,407,395,400.25,,,0,0,,,,,,,,,,,407,395,400.25,124796,392.82655412007097,401.75513810234804
2009-09-28,400.25,407,395.25,405,,,0,0,,,,,,,,,,,407,395.25,405,71776,393.9332310182463,401.8823875885305
2009-09-29,405,413.25,402.5,407.25,,,0,0,,,,,,,,,,,413.25,402.5,407.25,118176,395.1438463802239,402.09288219290187
2009-09-30,406.75,410.5,401.75,410.25,,,0,0,,,,,,,,,,,410.5,401.75,410.25,99522,396.51713307293085,402.41276916572923
2009-10-01,407.5,412.25,403.75,406.75,,,0,0,,,,,,,,,,,412.25,403.75,406.75,86479,397.4473937026644,402.5828566494261
2009-10-02,405.5,406.75,398,399.75,,,0,0,,,,,,,,,,,406.75,398,399.75,89988,397.6567215478767,402.47176423180156
2009-10-05,399,416.25,393.75,407.75,,,0,0,,,,,,,,,,,416.25,393.75,407.75,152341,398.57429231625156,402.6787538697701
2009-10-06,408.25,436.25,408.25,424.5,,,0,0,,,,,,,,,,,436.25,408.25,424.5,213787,400.93117483295595,403.53448901213204
2009-10-07,423.75,430.25,420.25,426,,,0,0,,,,,,,,,,,430.25,420.25,426,102821,403.21015893905087,404.41548944302883
2009-10-08,425.25,436.25,425,430.25,,,0,0,,,,,,,,,,,436.25,425,430.25,155035,405.6683263082281,405.42860750408653
2009-10-09,429.25,439.25,425,428.5,,,0,0,,,,,,,,,,,439.25,425,428.5,133104,407.74393300748005,406.33336799412234
2009-10-12,431,449.75,428,447.5,,,0,0,,,,,,,,,,,449.75,428,447.5,130709,411.35812091589094,407.94774571984306
2009-10-13,445.25,453,440.5,448,,,0,0,,,,,,,,,,,453,440.5,448,151836,414.6892008326281,409.5184223582806
2009-10-14,447.5,455,443.75,449.25,,,0,0,,,,,,,,,,,455,443.75,449.25,137988,417.83109166602554,411.0765234422696
2009-10-15,448.25,449.25,434.75,439.25,,,0,0,,,,,,,,,,,449.25,434.75,439.25,129292,419.7782651509323,412.1813656602198
2009-10-16,438.75,444,435.25,438.25,,,0,0,,,,,,,,,,,444,435.25,438.25,79581,421.4575137735748,413.20366504609353
2009-10-19,437.75,454,435.5,452.5,,,0,0,,,,,,,,,,,454,435.5,452.5,108197,424.2795579759771,414.74469778938396
2009-10-20,452.25,455.75,445.5,450.75,,,0,0,,,,,,,,,,,455.75,445.5,450.75,110048,426.68596179634284,416.1566704250944
2009-10-21,450.5,470,447.5,464.5,,,0,0,,,,,,,,,,,470,447.5,464.5,181615,430.12360163303896,418.0524872711691
2009-10-22,462.5,471.25,459.5,469.75,,,0,0,,,,,,,,,,,471.25,459.5,469.75,121943,433.7260014845809,420.07984071151543
2009-10-23,469.5,479.75,463.25,464,,,0,0,,,,,,,,,,,479.75,463.25,464,162324,436.4781831678008,421.8021998992991
2009-10-26,464,469,442.75,444.25,,,0,0,,,,,,,,,,,469,442.75,444.25,159136,437.184711970728,422.6825057856011
2009-10-27,444.5,447,435.5,437,,,0,0,,,,,,,,,,,447,435.5,437,144291,437.16791997338913,423.2439761469501
2009-10-28,437.75,441.25,430,435.25,,,0,0,,,,,,,,,,,441.25,430,435.25,126299,436.99356361217195,423.7148006117756
2009-10-29,435.25,448,433.25,445.75,,,0,0,,,,,,,,,,,448,433.25,445.75,121926,437.7896032837927,424.5789260779805
2009-10-30,445.5,449.75,429.25,432.25,,,0,0,,,,,,,,,,,449.75,429.25,432.25,135037,437.28600298526607,424.879752506295
2009-11-02,428.25,450,425.5,448.5,,,0,0,,,,,,,,,,,450,425.5,448.5,164534,438.3054572593328,425.8060367217344
2009-11-03,446.5,462.75,441.5,456.25,,,0,0,,,,,,,,,,,462.75,441.5,456.25,171348,439.93677932666617,426.9999176346076
2009-11-04,454.5,465,449.25,450.25,,,0,0,,,,,,,,,,,465,449.25,450.25,141437,440.8743448424238,427.9116855705053
2009-11-05,450,453.75,442.25,442.75,,,0,0,,,,,,,,,,,453.75,442.25,442.75,125299,441.044858947658,428.4935802540149
2009-11-06,442.5,445,432.25,433.25,,,0,0,,,,,,,,,,,445,432.25,433.25,147125,440.3362354069618,428.6801065185633
2009-11-09,431.75,454.5,431.5,452.25,,,0,0,,,,,,,,,,,454.5,431.5,452.25,174312,441.41930491541984,429.604416066855
2009-11-10,450.25,463.25,445.5,460.75,,,0,0,,,,,,,,,,,463.25,445.5,460.75,202202,443.17664083219984,430.8258115152136
2009-11-11,459.5,469.25,457.75,460.25,,,0,0,,,,,,,,,,,469.25,457.75,460.25,246000,444.72876439290894,431.97970125971506
2009-11-12,458.25,464.5,448.75,456.75,,,0,0,,,,,,,,,,,464.5,448.75,456.75,186124,445.8216039935536,432.95108552403997
2009-11-13,456.25,461,451.75,456.75,,,0,0,,,,,,,,,,,461,451.75,456.75,100914,446.81509453959416,433.8843762878031
2009-11-16,459.25,468.75,457,468.5,,,0,0,,,,,,,,,,,468.75,457,468.5,125197,448.78644958144923,435.2418517274971
2009-11-17,466.75,470.5,463,468.25,,,0,0,,,,,,,,,,,470.5,463,468.25,111075,450.55586325586296,436.53628891465405
2009-11-18,467.5,475.75,463.75,464.25,,,0,0,,,,,,,,,,,475.75,463.75,464.25,127149,451.8007847780572,437.62310111407936
2009-11-19,464.25,466.75,456.25,461.25,,,0,0,,,,,,,,,,,466.75,456.25,461.25,104244,452.6598043436884,438.5496461684292
2009-11-20,461,465.25,456.5,457.25,,,0,0,,,,,,,,,,,465.25,456.5,457.25,114564,453.07709485789854,439.2829933775104
2009-11-23,457.25,469.25,451.25,453.5,,,0,0,,,,,,,,,,,469.25,451.25,453.5,156963,453.11554077990775,439.84052304898063
2009-11-24,452.25,453.5,440.75,442.25,,,0,0,,,,,,,,,,,453.5,440.75,442.25,160900,452.1277643453707,439.93501234117747
2009-11-25,443.5,460,443.25,458.25,,,0,0,,,,,,,,,,,460,443.25,458.25,129798,452.68433122306425,440.6532471513274
2009-11-27,452.25,464.75,445.25,463.5,,,0,0,,,,,,,,,,,464.75,445.25,463.5,137816,453.6675738391493,441.54919824343216
2009-11-30,462,470.25,457.25,467.5,,,0,0,,,,,,,,,,,470.25,457.25,467.5,149890,454.9250671264994,442.5668767436897
2009-12-01,465.25,471.25,462,464.5,,,0,0,,,,,,,,,,,471.25,462,464.5,129414,455.79551556954493,443.42699922432934
2009-12-02,463,463.75,454.5,456.5,,,0,0,,,,,,,,,,,463.75,454.5,456.5,108659,455.8595596086772,443.9396659214145
2009-12-03,456.5,463,450.5,450.75,,,0,0,,,,,,,,,,,463,450.5,450.75,124777,455.39505418970657,444.20673784606487
2009-12-04,450.5,453,438,438.5,,,0,0,,,,,,,,,,,453,438,438.5,139288,453.8591401724605,443.9829442050427
2009-12-07,438.75,443.25,432.5,433.75,,,0,0,,,,,,,,,,,443.25,432.5,433.75,117825,452.03103652041864,443.5816522754332
2009-12-08,434.25,440.5,432.5,435,,,0,0,,,,,,,,,,,440.5,432.5,435,98675,450.4827604731079,443.2451168920829
2009-12-09,435.5,438.75,429,433.5,,,0,0,,,,,,,,,,,438.75,429,433.5,118431,448.9388731573708,442.86295544533453
2009-12-10,433.5,446,430.75,443,,,0,0,,,,,,,,,,,446,430.75,443,133720,448.3989755976098,442.8683297415959
2009-12-11,443,456.25,440.25,454.5,,,0,0,,,,,,,,,,,456.25,440.25,454.5,128327,448.9536141796453,443.32447367329803
2009-12-14,454,460,449.5,458.5,,,0,0,,,,,,,,,,,460,449.5,458.5,94622,449.8214674360412,443.91959235277653
2009-12-15,457.5,460,455,457.5,,,0,0,,,,,,,,,,,460,455,457.5,87687,450.51951585094656,444.45215735855
2009-12-16,456.5,463.75,453.25,460.25,,,0,0,,,,,,,,,,,463.75,453.25,460.25,95967,451.40410531904234,445.0716805993912
2009-12-17,459.5,460,443.25,447,,,0,0,,,,,,,,,,,460,443.25,447,107646,451.00373210822033,445.1473009680425
2009-12-18,447,451.25,441,447.75,,,0,0,,,,,,,,,,,451.25,441,447.75,82084,450.7079382802003,445.2493675967467
2009-12-21,447.75,456.75,445.75,450,,,0,0,,,,,,,,,,,456.75,445.75,450,73421,450.64358025472757,445.4356669066782
2009-12-22,449.25,452,443.5,448.75,,,0,0,,,,,,,,,,,452,443.5,448.75,63154,450.47143659520685,445.5656407534751
2009-12-23,448,455.25,447.25,454.75,,,0,0,,,,,,,,,,,455.25,447.25,454.75,47989,450.8603969047335,445.92581170431924
2009-12-24,453.25,459,453,458.5,,,0,0,,,,,,,,,,,459,453,458.5,23834,451.55490627703045,446.41891712767926
2009-12-28,459,468.75,458,466,,,0,0,,,,,,,,,,,468.75,458,466,75665,452.8680966154822,447.18680273051535
2009-12-29,465,468,463.25,467,,,0,0,,,,,,,,,,,468,463.25,467,68013,454.15281510498386,447.9637908587304
2009-12-30,466,466.75,450.5,463.75,,,0,0,,,,,,,,,,,466.75,450.5,463.75,81483,455.02528645907626,448.58285788387826
2009-12-31,463,468.25,462,464.5,,,0,0,,,,,,,,,,,468.25,462,464.5,56667,455.8866240537057,449.2070595354909
2010-01-04,465.75,476.25,463.25,468.5,,,0,0,,,,,,,,,,,476.25,463.25,468.5,140553,457.0332945942779,449.9636454360599
2010-01-05,467.25,470,465.25,468.75,,,0,0,,,,,,,,,,,470,465.25,468.75,80967,458.0984496311617,450.7003652228811
2010-01-06,468,472,466,471.75,,,0,0,,,,,,,,,,,472,466,471.75,96453,459.3394996646925,451.5258410964936
2010-01-07,471,474,464.5,467.5,,,0,0,,,,,,,,,,,474,464.5,467.5,137395,460.0813633315386,452.15227870055264
2010-01-08,467.5,473.75,465,473,,,0,0,,,,,,,,,,,473.75,465,473,137395,461.2557848468533,452.9698363985702
2010-01-11,471.75,475,468,472.5,,,0,0,,,,,,,,,,,475,468,472.5,137395,462.27798622441213,453.7357251672537
2010-01-12,469,469,442.5,442.5,,,0,0,,,,,,,,,,,469,442.5,442.5,137395,460.4799874767383,453.29510849402806
2010-01-13,434.5,435.25,418,434,,,0,0,,,,,,,,,,,435.25,418,434,301566,458.0727158879439,452.5384375726936
2010-01-14,432.25,432.75,426.5,431,,,0,0,,,,,,,,,,,432.75,426.5,431,150818,455.6115598981308,451.69379296199975
2010-01-15,429,429.75,419.5,421.5,,,0,0,,,,,,,,,,,429.75,419.5,421.5,164273,452.51050899830074,450.50972264976446
2010-01-19,421.5,425.25,417.75,419.25,,,0,0,,,,,,,,,,,425.25,417.75,419.25,125418,449.48682636209156,449.2838511733031
2010-01-20,419.25,420.5,412.25,418,,,0,0,,,,,,,,,,,420.5,412.25,418,117028,446.62438760190145,448.0570334802324
2010-01-21,419,422,414,422,,,0,0,,,,,,,,,,,422,414,422,117638,444.3858069108195,447.0351890300272
2010-01-22,422.5,422.75,413.5,414.75,,,0,0,,,,,,,,,,,422.75,413.5,414.75,116246,441.69164264619957,445.7691031857124
2010-01-25,416.75,419.25,415.25,417.75,,,0,0,,,,,,,,,,,419.25,415.25,417.75,83425,439.5151296783632,444.6703148254884
2010-01-26,417.75,419,410.25,412.25,,,0,0,,,,,,,,,,,419,410.25,412.25,106613,437.0364815257847,443.3989299303712
2010-01-27,412.25,413.5,408.25,408.25,,,0,0,,,,,,,,,,,413.5,408.25,408.25,86413,434.4195286598043,442.020540521337
2010-01-28,409,413,407.75,411.75,,,0,0,,,,,,,,,,,413,407.75,411.75,104224,432.3586624180039,440.83346050089244
2010-01-29,411.75,413.5,405.25,406.5,,,0,0,,,,,,,,,,,413.5,405.25,406.5,131890,430.0078749254581,439.48705028517116
2010-02-01,406.25,410.75,405.5,409,,,0,0,,,,,,,,,,,410.75,405.5,409,112634,428.0980681140528,438.2914796857527
2010-02-02,409,417.25,408.75,415,,,0,0,,,,,,,,,,,417.25,408.75,415,146992,426.90733464913893,437.3780883255271
2010-02-03,415,418.25,402.75,403,,,0,0,,,,,,,,,,,418.25,402.75,403,171750,424.7339405901263,436.0299279990358
2010-02-04,405.75,409,399,404,,,0,0,,,,,,,,,,,409,399,404,163425,422.8490369001148,434.7738523912305
2010-02-05,404.25,405.5,397.5,401.5,,,0,0,,,,,,,,,,,405.5,397.5,401.5,164659,420.90821536374074,433.46899543471164
2010-02-08,404,412,403.5,406,,,0,0,,,,,,,,,,,412,403.5,406,148576,419.55292305794615,432.39177992746806
2010-02-09,405.75,413.5,404.75,408.5,,,0,0,,,,,,,,,,,413.5,404.75,408.5,196600,418.5481118708601,431.45484738129284
2010-02-10,408.75,415.5,405.25,411.75,,,0,0,,,,,,,,,,,415.5,405.25,411.75,169470,417.9301017007819,430.68210826830096
2010-02-11,411.75,415,409.5,413.25,,,0,0,,,,,,,,,,,415,409.5,413.25,134275,417.5046379098017,429.99849617934797
2010-02-12,413.5,414.25,407.5,411.5,,,0,0,,,,,,,,,,,414.25,407.5,411.5,101557,416.95876173618336,429.27306495662845
2010-02-16,412.25,418.75,412,417.25,,,0,0,,,,,,,,,,,418.75,412,417.25,126169,416.98523794198485,428.8015722132312
2010-02-17,417,418,409.5,410,,,0,0,,,,,,,,,,,418,409.5,410,86665,416.3502163108953,428.0642556558496
2010-02-18,410.5,411.5,405.5,407.25,,,0,0,,,,,,,,,,,411.5,405.5,407.25,98889,415.52292391899573,427.2480103360123
2010-02-19,405,410.5,403.25,410,,,0,0,,,,,,,,,,,410.5,403.25,410,97358,415.02083992635977,426.5716177738158
2010-02-22,410,426.75,410,421.5,,,0,0,,,,,,,,,,,426.75,410,421.5,192526,415.6098544785089,426.3727308022936
2010-02-23,420,423,417.25,417.75,,,0,0,,,,,,,,,,,423,417.25,417.75,113231,415.8044131622808,426.03458449632126
2010-02-24,417.75,426,417.5,425.25,,,0,0,,,,,,,,,,,426,417.5,425.25,73542,416.66310287480076,426.0038164768577
2010-02-25,424.75,425,419.25,422.25,,,0,0,,,,,,,,,,,425,419.25,422.25,77961,417.17100261345524,425.8566079875692
2010-02-26,422,430,422,428,,,0,0,,,,,,,,,,,430,422,428,124054,418.1554569213229,425.94066257629197
2010-03-01,428,431,419.25,420.75,,,0,0,,,,,,,,,,,431,419.25,420.75,113717,418.39132447392996,425.73710718114324
2010-03-02,421,423.5,415,420.5,,,0,0,,,,,,,,,,,423.5,415,420.5,106466,418.58302224902724,425.53173042894156
2010-03-03,420,428,419.75,425.75,,,0,0,,,,,,,,,,,428,419.75,425.75,94109,419.2345656809338,425.54029001996344
2010-03-04,424.75,425,419.25,422,,,0,0,,,,,,,,,,,425,419.25,422,85483,419.4859688008489,425.40145511721977
2010-03-05,422,427,414,414.5,,,0,0,,,,,,,,,,,427,414,414.5,95052,419.03269890986263,424.9739470734072
2010-03-08,416,417.5,411.75,414,,,0,0,,,,,,,,,,,417.5,411.75,414,75155,418.57518082714785,424.54359620778337
2010-03-09,414,414.25,407.25,408,,,0,0,,,,,,,,,,,414.25,407.25,408,95705,417.61380075195257,423.89482772904677
2010-03-10,408,409.75,401.5,404.5,,,0,0,,,,,,,,,,,409.75,401.5,404.5,150357,416.4216370472296,423.1342462494763
2010-03-11,405,407,400.5,404.25,,,0,0,,,,,,,,,,,407,400.5,404.25,87475,415.3151245883905,422.3936875730262
2010-03-12,405.25,406.25,401,403.25,,,0,0,,,,,,,,,,,406.25,401,403.25,71322,414.218295080355,421.6429547270252
2010-03-15,404,405.25,401,402.25,,,0,0,,,,,,,,,,,405.25,401,402.25,74189,413.1302682548682,420.8824466985144
2010-03-16,402.75,408,402,405.75,,,0,0,,,,,,,,,,,408,402,405.75,75425,412.45933477715295,420.28901741621974
2010-03-17,406.75,413.5,404,413,,,0,0,,,,,,,,,,,413.5,404,413,87013,412.50848616104815,420.00317359597585
2010-03-18,412,415.5,408,415,,,0,0,,,,,,,,,,,415.5,408,415,83044,412.7349874191347,419.8069707098592
2010-03-19,414.25,415.25,410.5,413.5,,,0,0,,,,,,,,,,,415.25,410.5,413.5,58909,412.8045340173952,419.5596385251588
2010-03-22,412.5,415.25,409.5,409.75,,,0,0,,,,,,,,,,,415.25,409.5,409.75,73826,412.5268491067229,419.1749468182898
2010-03-23,410,411.25,401.5,401.75,,,0,0,,,,,,,,,,,411.25,401.5,401.75,104624,411.54713555156627,418.4916155705137
2010-03-24,402.25,405.5,398,404,,,0,0,,,,,,,,,,,405.5,398,404,77811,410.8610323196057,417.9233169206897
2010-03-25,403.5,405.5,393,394,,,0,0,,,,,,,,,,,405.5,393,394,102042,409.32821119964154,416.9851476296822
2010-03-26,394.25,397,394,395.25,,,0,0,,,,,,,,,,,397,394,395.25,67136,408.048373817856,416.13278889910646
2010-03-29,395,399,393.75,396,,,0,0,,,,,,,,,,,399,393.75,396,89062,406.9530671071418,415.34326776580815
2010-03-30,395.5,398,390.75,393.5,,,0,0,,,,,,,,,,,398,390.75,393.5,134295,405.7300610064926,414.48666902989413
2010-03-31,392.75,393.5,383.25,384,,,0,0,,,,,,,,,,,393.5,383.25,384,126262,403.75460091499326,413.29111338166297
2010-04-01,384.25,388,382.5,383.5,,,0,0,,,,,,,,,,,388,382.5,383.5,589,401.91327355908476,412.12283442551933
2010-04-05,383.75,386.25,382.75,384.75,,,0,0,,,,,,,,,,,386.25,382.75,384.75,79432,400.35297596280435,411.0493899382441
2010-04-06,384.75,388.75,383.25,385.5,,,0,0,,,,,,,,,,,388.75,383.25,385.5,89924,399.0027054207312,410.0474530779208
2010-04-07,385.75,398,382.75,395.5,,,0,0,,,,,,,,,,,398,382.75,395.5,186180,398.6842776552102,409.47696472192393
2010-04-08,394,394.75,385.25,387.25,,,0,0,,,,,,,,,,,394.75,385.25,387.25,146831,397.6447978683729,408.60531904655437
2010-04-09,387.25,391,383,384.75,,,0,0,,,,,,,,,,,391,383,384.75,112702,396.4725435167026,407.6698163388464
2010-04-12,385.5,390.25,384.5,387.25,,,0,0,,,,,,,,,,,390.25,384.5,387.25,138115,395.63413046972966,406.86903922751907
2010-04-13,386.75,392.5,384.25,391.5,,,0,0,,,,,,,,,,,392.5,384.25,391.5,183842,395.25830042702694,406.26633180683206
2010-04-14,391,402.75,390.5,397,,,0,0,,,,,,,,,,,402.75,390.5,397,223855,395.41663675184265,405.90294624577984
2010-04-15,396.5,402.75,395,402.25,,,0,0,,,,,,,,,,,402.75,395,402.25,115369,396.0378515925842,405.7596934518277
2010-04-16,401,404,397.5,403,,,0,0,,,,,,,,,,,404,397.5,403,109384,396.6707741750766,405.65147017920697
2010-04-19,401.5,402,386.75,386.75,,,0,0,,,,,,,,,,,402,386.75,386.75,107934,395.768885613706,404.91023605453216
2010-04-20,388.25,395.5,388.25,394.5,,,0,0,,,,,,,,,,,395.5,388.25,394.5,96888,395.6535323760964,404.50199150337403
2010-04-21,394.25,402.25,394.25,398.25,,,0,0,,,,,,,,,,,402.25,394.25,398.25,104079,395.88957488736037,404.2568153659868
2010-04-22,397.75,402,395,401.25,,,0,0,,,,,,,,,,,402,395,401.25,73359,396.3768862612367,404.1389010379089
2010-04-23,399.75,401.5,391,392,,,0,0,,,,,,,,,,,401.5,391,392,98676,395.9789875102152,403.6628657030889
2010-04-26,392,398.5,391,391.25,,,0,0,,,,,,,,,,,398.5,391,391.25,92137,395.54907955474107,403.176086655909
2010-04-27,391.25,392.5,384,386.5,,,0,0,,,,,,,,,,,392.5,384,386.5,85029,394.7264359588555,402.5221224733243
2010-04-28,387.5,400.75,387.25,396,,,0,0,,,,,,,,,,,400.75,387.25,396,71517,394.84221450805046,402.2663529645665
2010-04-29,395.75,409,395.75,399.5,,,0,0,,,,,,,,,,,409,395.75,399.5,78456,395.26564955277314,402.15786853458354
2010-04-30,399,406.5,398.5,405.75,,,0,0,,,,,,,,,,,406.5,398.5,405.75,135019,396.21877232070284,402.2987364351881
2010-05-03,405,409,399.25,402,,,0,0,,,,,,,,,,,409,399.25,402,108115,396.7443384733662,402.287021280867
2010-05-04,401.5,402,393,399.5,,,0,0,,,,,,,,,,,402,393,399.5,131920,396.99485315760563,402.17772632867616
2010-05-05,399.5,403.75,393,403.5,,,0,0,,,,,,,,,,,403.75,393,403.5,129567,397.5862301432779,402.22958019813984
2010-05-06,403,410.5,398.5,401.75,,,0,0,,,,,,,,,,,410.5,398.5,401.75,204340,397.9647546757072,402.21077313154615
2010-05-07,399,405.5,397.75,402.5,,,0,0,,,,,,,,,,,405.5,397.75,402.5,109892,398.37704970518837,402.2221153616816
2010-05-10,402.5,407.5,399.75,401,,,0,0,,,,,,,,,,,407.5,399.75,401,115542,398.6154997319894,402.17418926906663
2010-05-11,400.5,408.25,395.5,407.5,,,0,0,,,,,,,,,,,408.25,395.5,407.5,134147,399.4231815745358,402.3830445918483
2010-05-12,406.75,415.5,405,408.75,,,0,0,,,,,,,,,,,415.5,405,408.75,170941,400.2710741586689,402.6327291176582
2010-05-13,408,410.5,402.5,403.5,,,0,0,,,,,,,,,,,410.5,402.5,403.5,103452,400.56461287151717,402.66673974049513
2010-05-14,403.5,405,392.5,393.5,,,0,0,,,,,,,,,,,405,392.5,393.5,127487,399.9223753377429,402.3072597506718
2010-05-17,394.5,395,386,386.5,,,0,0,,,,,,,,,,,395,386,386.5,112705,398.7021593979481,401.6873672114298
2010-05-18,388.5,393.25,387.5,390.25,,,0,0,,,,,,,,,,,393.25,387.5,390.25,104868,397.9337812708619,401.23884300706
2010-05-19,390.25,393.75,384,389.75,,,0,0,,,,,,,,,,,393.75,384,389.75,115468,397.189801155329,400.78830014403803
2010-05-20,390.5,393.5,384.75,392.5,,,0,0,,,,,,,,,,,393.5,384.75,392.5,112279,396.76345559575367,400.46326876584044
2010-05-21,392.5,403,389.5,399.5,,,0,0,,,,,,,,,,,403,389.5,399.5,147199,397.0122323597761,400.4254935201212
2010-05-24,399,403.25,398.25,401.5,,,0,0,,,,,,,,,,,403.25,398.25,401.5,96250,397.42021123616007,400.4676310291361
2010-05-25,399.5,400.75,393,394.75,,,0,0,,,,,,,,,,,400.75,393,394.75,122528,397.17746476014554,400.2434102044641
2010-05-26,397.75,402.5,396.75,402,,,0,0,,,,,,,,,,,402.5,396.75,402,97015,397.61587705467775,400.31229607879885
2010-05-27,400,404.25,398.75,403.75,,,0,0,,,,,,,,,,,404.25,398.75,403.75,97272,398.1735245951616,400.4471079972773
2010-05-28,402.5,403.5,388.75,389.5,,,0,0,,,,,,,,,,,403.5,388.75,389.5,150749,397.38502235923784,400.01780964444293
2010-06-01,389.25,391.5,383.5,384.5,,,0,0,,,,,,,,,,,391.5,383.5,384.5,137372,396.2136566902162,399.4092680897589
2010-06-02,384.75,388,378.25,379,,,0,0,,,,,,,,,,,388,378.25,379,127867,394.6487788092875,398.6089046352585
2010-06-03,379.5,382,375,380,,,0,0,,,,,,,,,,,382,375,380,141195,393.3170716448068,397.87914366916993
2010-06-04,380.5,381.25,370.25,370.5,,,0,0,,,,,,,,,,,381.25,370.25,370.5,139239,391.2427924043698,396.805451760575
2010-06-07,371.25,371.5,366,366.25,,,0,0,,,,,,,,,,,371.5,366,366.25,140946,388.9707203676089,395.60719875035636
2010-06-08,367,370.75,365.5,367.75,,,0,0,,,,,,,,,,,370.75,365.5,367.75,171038,387.04156397055357,394.5147595836757
2010-06-09,368.5,371.75,367,368.75,,,0,0,,,,,,,,,,,371.75,367,368.75,144352,385.37869451868505,393.5043768549041
2010-06-10,368.5,378.5,366.5,373.75,,,0,0,,,,,,,,,,,378.5,366.5,373.75,161773,384.3215404715319,392.7296954096137
2010-06-11,373.75,380.25,373.25,380,,,0,0,,,,,,,,,,,380.25,373.25,380,106329,383.92867315593804,392.23049166806027
2010-06-14,379.5,385,379,384.25,,,0,0,,,,,,,,,,,385,379,384.25,112712,383.9578846872164,391.9175312104893
2010-06-15,382.5,385.5,381.25,384.25,,,0,0,,,,,,,,,,,385.5,381.25,384.25,99101,383.98444062474215,391.61684371203876
2010-06-16,384,391,383.25,386.75,,,0,0,,,,,,,,,,,391,383.25,386.75,117993,384.23585511340195,391.4259870958804
2010-06-17,386.75,390.5,384.75,388,,,0,0,,,,,,,,,,,390.5,384.75,388,101835,384.57805010309266,391.29163466074783
2010-06-18,387.25,394.75,386.25,391.25,,,0,0,,,,,,,,,,,394.75,386.25,391.25,116128,385.1845910028115,391.2900019289538
2010-06-21,393.5,397.75,381.75,385.5,,,0,0,,,,,,,,,,,397.75,381.75,385.5,149983,385.21326454801044,391.06294302977915
2010-06-22,385.5,386.75,378.75,382,,,0,0,,,,,,,,,,,386.75,378.75,382,106443,384.9211495891004,390.7075334991996
2010-06-23,381.75,382.25,376.25,377,,,0,0,,,,,,,,,,,382.25,376.25,377,100134,384.20104508100036,390.16998316589763
2010-06-24,377,379.25,372.75,375.25,,,0,0,,,,,,,,,,,379.25,372.75,375.25,125609,383.38731371000034,389.58488578684285
2010-06-25,375.25,376.75,370,371,,,0,0,,,,,,,,,,,376.75,370,371,102191,382.2611942818185,388.8560667363784
2010-06-28,370,370.25,362.5,364.25,,,0,0,,,,,,,,,,,370.25,362.5,364.25,123243,380.6238129834714,387.89112294279494
2010-06-29,364.25,365,354.75,355.25,,,0,0,,,,,,,,,,,365,354.75,355.25,121245,378.3171027122467,386.6110789058226
2010-06-30,355.25,385.25,355.25,384.75,,,0,0,,,,,,,,,,,385.25,355.25,384.75,164649,378.9019115565879,386.53809541931975
2010-07-01,384.75,397.25,381.75,395.25,,,0,0,,,,,,,,,,,397.25,381.75,395.25,93230,380.3881014150799,386.87973873620916
2010-07-02,394,397,392,394.5,,,0,0,,,,,,,,,,,397,392,394.5,71769,381.6710012864363,387.1785725112598
2010-07-06,392,402,389.5,390,,,0,0,,,,,,,,,,,402,389.5,390,93664,382.42818298766935,387.2892167265045
2010-07-07,390,401,389.5,400.25,,,0,0,,,,,,,,,,,401,389.5,400.25,68136,384.0483481706085,387.7974827372298
2010-07-08,399.5,408.5,398.75,407.5,,,0,0,,,,,,,,,,,408.5,398.75,407.5,98400,386.180316518735,388.57013047302473
2010-07-09,405.5,408.5,403,405.5,,,0,0,,,,,,,,,,,408.5,403,405.5,71392,387.9366513806682,389.23404692506296
2010-07-12,405,408,400.75,401.75,,,0,0,,,,,,,,,,,408,400.75,401.75,54029,389.192410346062,389.72486861427615
2010-07-13,399.75,405.25,396.25,397.25,,,0,0,,,,,,,,,,,405.25,396.25,397.25,76451,389.92491849642,390.0199718058732
2010-07-14,396,407,396,406.25,,,0,0,,,,,,,,,,,407,396,406.25,70640,391.40901681492727,390.6564434997605
2010-07-15,405.5,419.75,405,414.5,,,0,0,,,,,,,,,,,419.75,405,414.5,87390,393.50819710447934,391.5914849311424
2010-07-16,413.25,417.75,409.5,416.75,,,0,0,,,,,,,,,,,417.75,409.5,416.75,69731,395.6210882767994,392.57809336521524
2010-07-19,408.25,413.25,398.75,403.5,,,0,0,,,,,,,,,,,413.25,398.75,403.5,72718,396.33735297890854,393.00640342932445
2010-07-20,401.75,402.25,395.25,396,,,0,0,,,,,,,,,,,402.25,395.25,396,64362,396.3066845262805,393.1237993732725
2010-07-21,396,403.5,395.25,401.75,,,0,0,,,,,,,,,,,403.5,395.25,401.75,47803,396.80153138752775,393.46208175079124
2010-07-22,401,409,396,398.5,,,0,0,,,,,,,,,,,409,396,398.5,68229,396.95593762502523,393.65964717232885
2010-07-23,397.25,401.5,391.75,393.25,,,0,0,,,,,,,,,,,401.5,391.75,393.25,58696,396.6190342045684,393.64358257733556
2010-07-26,391,393.75,383.75,386,,,0,0,,,,,,,,,,,393.75,383.75,386,75192,395.6536674586985,393.34383424096944
2010-07-27,385.5,391.5,384,384.75,,,0,0,,,,,,,,,,,391.5,384,384.75,48460,394.6624249624532,393.00682113348046
2010-07-28,384.75,401.5,384.25,398.25,,,0,0,,,,,,,,,,,401.5,384.25,398.25,75851,394.9885681476847,393.212435990991
2010-07-29,398,407.5,397.5,401.25,,,0,0,,,,,,,,,,,407.5,397.5,401.25,76118,395.55778922516794,393.5276345795796
2010-07-30,400.5,415,400.25,414.75,,,0,0,,,,,,,,,,,415,400.25,414.75,91621,397.3025356592436,394.3598842039098
2010-08-02,413.5,426.25,411.25,412.5,,,0,0,,,,,,,,,,,426.25,411.25,412.5,96441,398.68412332658505,395.07126129395255
2010-08-03,412,416.5,407.25,411.5,,,0,0,,,,,,,,,,,416.5,407.25,411.5,58900,399.8492030241682,395.7155255569348
2010-08-04,410.75,424,409.5,422.25,,,0,0,,,,,,,,,,,424,409.5,422.25,69440,401.8856391128802,396.756093182153
2010-08-05,420.75,447,417.5,425.5,,,0,0,,,,,,,,,,,447,417.5,425.5,136368,404.03239919352745,397.8833052142254
2010-08-06,423.25,430.25,414,427,,,0,0,,,,,,,,,,,430.25,414,427,99928,406.1203629032068,399.025136382295
2010-08-09,424.75,433,423,425,,,0,0,,,,,,,,,,,433,423,425,97009,407.8366935483698,400.0437584849501
2010-08-10,424.5,424.75,414.75,415.5,,,0,0,,,,,,,,,,,424.75,414.75,415.5,92894,408.5333577712453,400.64988560318733
2010-08-11,415.5,422.5,412.5,417.5,,,0,0,,,,,,,,,,,422.5,412.5,417.5,115740,409.34850706476846,401.3106744030623
2010-08-12,416.75,436,416.75,428.25,,,0,0,,,,,,,,,,,436,416.75,428.25,135452,411.06682460433495,402.3671185441187
2010-08-13,428,435.75,428,433.75,,,0,0,,,,,,,,,,,435.75,428,433.75,59859,413.1289314584863,403.5978197776827
2010-08-16,431,439.5,427.75,429.25,,,0,0,,,,,,,,,,,439.5,427.75,429.25,51487,414.5944831440785,404.60378762953826
2010-08-17,429,438.25,428.25,436.75,,,0,0,,,,,,,,,,,438.25,428.25,436.75,87596,416.60862104007134,405.86442340877204
2010-08-18,436,441.75,431,440.5,,,0,0,,,,,,,,,,,441.75,431,440.5,72344,418.780564581883,407.22268131431036
2010-08-19,439.5,444.75,433.25,436.25,,,0,0,,,,,,,,,,,444.75,433.25,436.25,62710,420.36869507443913,408.36100753727857
2010-08-20,436,444,431,443.25,,,0,0,,,,,,,,,,,444,431,443.25,57238,422.44881370403556,409.7292033201304
2010-08-23,442,444.25,437,439.25,,,0,0,,,,,,,,,,,444.25,437,439.25,57138,423.976194276396,410.88688162130177
2010-08-24,438,438,421.75,427.25,,,0,0,,,,,,,,,,,438,421.75,427.25,90835,424.2738129785418,411.52857253811345
2010-08-25,426.75,430.75,422.25,426.75,,,0,0,,,,,,,,,,,430.75,422.25,426.75,48914,424.4989208895835,412.125491262109
2010-08-26,427,441.75,427,438.5,,,0,0,,,,,,,,,,,441.75,427,438.5,78744,425.7717462632577,413.15978572241846
2010-08-27,438,447,438,443,,,0,0,,,,,,,,,,,447,438,443,79140,427.3379511484161,414.32999020389224
2010-08-30,445.75,452.25,445,448.5,,,0,0,,,,,,,,,,,452.25,445,448.5,182670,429.2617737712874,415.66999058805334
2010-08-31,447.25,451.75,439,446.25,,,0,0,,,,,,,,,,,451.75,439,446.25,194768,430.8061579738976,416.8692066434238
2010-09-01,445.75,454.25,444.75,453.75,,,0,0,,,,,,,,,,,454.25,444.75,453.75,146539,432.89196179445236,418.31551226525033
2010-09-02,453.75,454.75,450,454.5,,,0,0,,,,,,,,,,,454.75,450,454.5,116779,434.8563289040476,419.7345117842601
2010-09-03,453.75,474,452.5,471.5,,,0,0,,,,,,,,,,,474,452.5,471.5,309728,438.18757173095236,421.7645309299754
2010-09-07,471,476,463.75,473.25,,,0,0,,,,,,,,,,,476,463.75,473.25,184005,441.3750652099567,423.7835689327215
2010-09-08,472.25,475.25,468.75,469.5,,,0,0,,,,,,,,,,,475.25,468.75,469.5,148496,443.931877463597,425.57637015104615
2010-09-09,469.25,479,466.5,477.75,,,0,0,,,,,,,,,,,479,466.5,477.75,198492,447.0062522396336,427.62239485100514
2010-09-10,477,486.5,474.25,485.25,,,0,0,,,,,,,,,,,486.5,474.25,485.25,223395,450.4829565814851,429.88230093527943
2010-09-13,484.25,493.5,483.25,490.5,,,0,0,,,,,,,,,,,493.5,483.25,490.5,211040,454.1208696195319,432.25946560448415
2010-09-14,490.75,502.5,487.25,502,,,0,0,,,,,,,,,,,502.5,487.25,502,206323,458.4735178359381,434.9943885219554
2010-09-15,501,505.5,498.75,502.25,,,0,0,,,,,,,,,,,505.5,498.75,502.25,154188,462.45319803267097,437.6318634818787
2010-09-16,502,504.5,496.5,503,,,0,0,,,,,,,,,,,504.5,496.5,503,161285,466.1392709387918,440.1953198159227
2010-09-17,504,524.25,503.5,520.25,,,0,0,,,,,,,,,,,524.25,503.5,520.25,263306,471.05842812617436,443.3347190388277
2010-09-20,520.25,530.75,514.75,515.25,,,0,0,,,,,,,,,,,530.75,514.75,515.25,228169,475.0758437510676,446.1549261353443
2010-09-21,514.5,524.25,510.5,512.25,,,0,0,,,,,,,,,,,524.25,510.5,512.25,187400,478.4553125009706,448.7468898163112
2010-09-22,511.5,519,507.25,512,,,0,0,,,,,,,,,,,519,507.25,512,187576,481.5048295463369,451.2274039411617
2010-09-23,513.25,514,502.25,506.25,,,0,0,,,,,,,,,,,514,502.25,506.25,192998,483.75439049666994,453.3851528062142
2010-09-24,505.75,530.5,503.5,528.75,,,0,0,,,,,,,,,,,530.5,503.5,528.75,201964,487.84490045151813,456.3406370098921
2010-09-27,529,535.75,518.25,519.75,,,0,0,,,,,,,,,,,535.75,518.25,519.75,176759,490.74536404683465,458.82727869577866
2010-09-28,519,520.5,506.5,507,,,0,0,,,,,,,,,,,520.5,506.5,507,151856,492.2230582243951,460.7164050214344
2010-09-29,507,513,493,512,,,0,0,,,,,,,,,,,513,493,512,209526,494.0209620221774,462.72752639314285
2010-09-30,512,515.25,485.5,502.75,,,0,0,,,,,,,,,,,515.25,485.5,502.75,307752,494.8145109292522,464.2970351620392
2010-10-01,501.75,501.75,472.75,472.75,,,0,0,,,,,,,,,,,501.75,472.75,472.75,304420,492.8086462993202,464.62852397921415
2010-10-04,467.5,480.75,461.25,478.5,,,0,0,,,,,,,,,,,480.75,461.25,478.5,217559,491.50786027210927,465.17250343100966
2010-10-05,478.25,500.5,471.75,498,,,0,0,,,,,,,,,,,500.5,471.75,498,213718,492.0980547928266,466.45985623763676
2010-10-06,498,503,494.25,495.5,,,0,0,,,,,,,,,,,503,494.25,495.5,136692,492.4073225389333,467.5986854047883
2010-10-07,495.25,509.5,494.75,505.25,,,0,0,,,,,,,,,,,509.5,494.75,505.25,205680,493.5748386717575,469.075207545777
2010-10-08,504.75,535.25,503,535.25,,,0,0,,,,,,,,,,,535.25,503,535.25,85717,497.36348970159776,471.6702974459426
2010-10-11,580.25,580.25,562,562.75,,,0,0,,,,,,,,,,,580.25,562,562.75,275238,503.30771791054343,475.24205048727816
2010-10-12,562,591.25,561.5,586,,,0,0,,,,,,,,,,,591.25,561.5,586,284555,510.82519810049405,479.58549948777704
2010-10-13,585,595,572.5,576.25,,,0,0,,,,,,,,,,,595,572.5,576.25,247192,516.7729073640855,483.3762642137466
2010-10-14,576,586.75,572.75,574.25,,,0,0,,,,,,,,,,,586.75,572.75,574.25,189203,521.9980976037141,486.939940126933
2010-10-15,575,582,569,570,,,0,0,,,,,,,,,,,582,569,570,160433,526.3619069124674,490.19719737685716
2010-10-18,568.5,570,560,564.25,,,0,0,,,,,,,,,,,570,560,564.25,146179,529.8062790113339,493.1012288522745
2010-10-19,564.25,569,549.75,553,,,0,0,,,,,,,,,,,569,549.75,553,232701,531.9147991012127,495.45020026983235
2010-10-20,553,583,551,580.5,,,0,0,,,,,,,,,,,583,551,580.5,222193,536.331635546557,498.7854865337605
2010-10-21,580,586.5,568.75,571.25,,,0,0,,,,,,,,,,,586.5,568.75,571.25,187133,539.5060323150518,501.6272321598875
2010-10-22,571,578,566.5,567,,,0,0,,,,,,,,,,,578,566.5,567,142067,542.0054839227744,504.1908701144017
2010-10-25,568,582.5,567.5,575.75,,,0,0,,,,,,,,,,,582.5,567.5,575.75,149493,545.0731672025222,506.99711050207225
2010-10-26,574,584.25,569,578,,,0,0,,,,,,,,,,,584.25,569,578,173453,548.0665156386566,509.78153754120666
2010-10-27,578.75,586,568.5,584.25,,,0,0,,,,,,,,,,,586,568.5,584.25,176337,551.3559233078696,512.7018694023358
2010-10-28,583,592.25,582.25,586,,,0,0,,,,,,,,,,,592.25,582.25,586,187624,554.505384825336,515.5763058963619
2010-10-29,586,590,578,589,,,0,0,,,,,,,,,,,590,578,589,130063,557.6412589321236,518.4556664494457
2010-11-01,592,597.75,579,584.25,,,0,0,,,,,,,,,,,597.75,579,584.25,163197,560.0602353928397,521.0358363926048
2010-11-02,584.75,590,579.25,582.75,,,0,0,,,,,,,,,,,590,579.25,582.75,178280,562.1229412662179,523.4559996713261
2010-11-03,583.25,589.25,575.75,588,,,0,0,,,,,,,,,,,589.25,575.75,588,203281,564.4754011511072,525.9871369391172
2010-11-04,588,602.75,587.5,597,,,0,0,,,,,,,,,,,602.75,587.5,597,193299,567.432182864643,528.7719550983676
2010-11-05,597,598.75,590,594.75,,,0,0,,,,,,,,,,,598.75,590,594.75,193299,569.9156207860391,531.3593294082356
2010-11-08,594.5,599,591.5,592.25,,,0,0,,,,,,,,,,,599,591.5,592.25,181957,571.9460188963992,533.7471988432068
2010-11-09,592.5,612,578,583.25,,,0,0,,,,,,,,,,,612,578,583.25,368624,572.9736535421811,535.688485163081
2010-11-10,582,587.25,572,573.75,,,0,0,,,,,,,,,,,587.25,572,573.75,234149,573.0442304928919,537.1810935880583
2010-11-11,574,581.25,564.5,571,,,0,0,,,,,,,,,,,581.25,564.5,571,240557,572.8583913571745,538.507325212056
2010-11-12,571,573.5,541,541,,,0,0,,,,,,,,,,,573.5,541,541,270071,569.9621739610677,538.6050771645243
2010-11-15,548.75,574,546,562.5,,,0,0,,,,,,,,,,,574,546,562.5,209834,569.2837945100615,539.542132961994
2010-11-16,562,563.25,532.5,533.5,,,0,0,,,,,,,,,,,563.25,532.5,533.5,265132,566.0307222818741,539.3051865713276
2010-11-17,534.5,543,516,532.75,,,0,0,,,,,,,,,,,543,516,532.75,239339,563.0052020744309,539.0481204312755
2010-11-18,534,553.5,533,548.75,,,0,0,,,,,,,,,,,553.5,533,548.75,152125,561.7092746131191,539.4285862967157
2010-11-19,549.75,555.25,525.5,527.75,,,0,0,,,,,,,,,,,555.25,525.5,527.75,197574,558.6220678301082,538.9706025203739
2010-11-22,522.25,539.25,518.75,522.25,,,0,0,,,,,,,,,,,539.25,518.75,522.25,215864,555.3155162091892,538.3148926176141
2010-11-23,525.5,538.5,513.25,535.5,,,0,0,,,,,,,,,,,538.5,513.25,535.5,216145,553.5141056447175,538.2045046718252
2010-11-24,535.5,546.5,535.5,545.75,,,0,0,,,,,,,,,,,546.5,535.5,545.75,145624,552.808277858834,538.5004064494008
2010-11-26,547,550.5,537.75,545.25,,,0,0,,,,,,,,,,,550.5,537.75,545.25,91560,552.1211616898491,538.7650963925615
2010-11-29,549.5,552,542.25,545.25,,,0,0,,,,,,,,,,,552,542.25,545.25,173312,551.4965106271355,539.0194063379513
2010-11-30,546,548,535.25,536,,,0,0,,,,,,,,,,,548,535.25,536,148353,550.0877369337596,538.9009982462669
2010-12-01,536.5,559.5,534.5,558.25,,,0,0,,,,,,,,,,,559.5,534.5,558.25,191340,550.8297608488724,539.6597826287663
2010-12-02,556.5,560,547,547.5,,,0,0,,,,,,,,,,,560,547,547.5,161989,550.5270553171567,539.9672421335206
2010-12-03,547.75,566,547.5,565.5,,,0,0,,,,,,,,,,,566,547.5,565.5,161342,551.8882321065062,540.9685267557354
2010-12-06,565.5,567.25,554.5,560,,,0,0,,,,,,,,,,,567.25,554.5,560,123397,552.6256655513693,541.7148590398242
2010-12-07,560.5,567.75,548.75,553.75,,,0,0,,,,,,,,,,,567.75,548.75,553.75,142668,552.7278777739721,542.186825351988
2010-12-08,552.75,567,544.25,566.5,,,0,0,,,,,,,,,,,567,544.25,566.5,149130,553.9798888854292,543.1402831813218
2010-12-09,566.25,570.75,561.25,566.25,,,0,0,,,,,,,,,,,570.75,561.25,566.25,132497,555.0953535322084,544.0465465859759
2010-12-10,566.75,571.25,559.25,566.25,,,0,0,,,,,,,,,,,571.25,559.25,566.25,114371,556.1094123020076,544.9172702492709
2010-12-13,566,581,561,580.5,,,0,0,,,,,,,,,,,581,561,580.5,131656,558.3267384563705,546.3126714159662
2010-12-14,579,581,575.5,579.25,,,0,0,,,,,,,,,,,581,575.5,579.25,103096,560.228853142155,547.6043313604381
2010-12-15,578,586.5,572,576.25,,,0,0,,,,,,,,,,,586.5,572,576.25,128396,561.6853210383227,548.7276909149307
2010-12-16,575.25,582,573.5,579.5,,,0,0,,,,,,,,,,,582,573.5,579.5,87439,563.3048373075661,549.934448133953
2010-12-17,579,591,577.5,588.5,,,0,0,,,,,,,,,,,591,577.5,588.5,113487,565.5953066432419,551.4468227169352
2010-12-20,589,596,588.5,591.5,,,0,0,,,,,,,,,,,596,588.5,591.5,93069,567.9502787665836,553.0175355515652
2010-12-21,591,596,590,594.25,,,0,0,,,,,,,,,,,596,590,594.25,75074,570.341162515076,554.6344949416999
2010-12-22,594.5,601.75,592,601,,,0,0,,,,,,,,,,,601.75,592,601,101209,573.12832955916,556.4527500420254
2010-12-23,600.5,606.75,598.5,606,,,0,0,,,,,,,,,,,606.75,598.5,606,86297,576.1166632356,558.395779452142
2010-12-27,602,611,601.25,607.25,,,0,0,,,,,,,,,,,611,601.25,607.25,62225,578.9469665778181,560.3116312383326
2010-12-28,606.5,616.25,604.5,615.25,,,0,0,,,,,,,,,,,616.25,604.5,615.25,82057,582.247242343471,562.4660770721234
2010-12-29,614.5,618.5,611,616,,,0,0,,,,,,,,,,,618.5,611,616,72854,585.315674857701,564.5654465987068
2010-12-30,615,617,604.5,608,,,0,0,,,,,,,,,,,617,604.5,608,94981,587.3778862342737,566.2687624183653
2010-12-31,608.25,622,607.75,621,,,0,0,,,,,,,,,,,622,607.75,621,69508,590.4344420311579,568.4150854607824
2011-01-03,618.25,626,612,612.5,,,0,0,,,,,,,,,,,626,612,612.5,122199,592.4404018465071,570.1439056387909
2011-01-04,612,615.5,595.25,600.5,,,0,0,,,,,,,,,,,615.5,595.25,600.5,177112,593.1730925877338,571.3343407117795
2011-01-05,601,611.75,592.25,611.25,,,0,0,,,,,,,,,,,611.75,592.25,611.25,164318,594.8164478070307,572.8996606838666
2011-01-06,610.75,613.5,592.25,594,,,0,0,,,,,,,,,,,613.5,592.25,594,178708,594.7422252791189,573.7271249707738
2011-01-07,592.5,596.5,587,587,,,0,0,,,,,,,,,,,596.5,587,587,164232,594.0383866173808,574.2476298738808
2011-01-10,589.5,606,589.25,599,,,0,0,,,,,,,,,,,606,589.25,599,165455,594.489442379437,575.2183110552972
2011-01-11,600,607.5,598,599,,,0,0,,,,,,,,,,,607.5,598,599,146506,594.8994930722155,576.1509263080306
2011-01-12,600,629,597.5,623,,,0,0,,,,,,,,,,,629,597.5,623,214201,597.454084611105,577.9881448841863
2011-01-13,625.5,641.5,625.25,634.5,,,0,0,,,,,,,,,,,641.5,625.25,634.5,199502,600.8218951010045,580.2042960651986
2011-01-14,637,641.75,628.25,640.75,,,0,0,,,,,,,,,,,641.75,628.25,640.75,159213,604.451722819095,582.5786373959751
2011-01-18,639.25,654.75,637.5,651.5,,,0,0,,,,,,,,,,,654.75,637.5,651.5,171361,608.7288389264501,585.2814359294663
2011-01-19,651.5,658.25,629.25,633.25,,,0,0,,,,,,,,,,,658.25,629.25,633.25,225524,610.9580353876819,587.162556089095
2011-01-20,633.25,646.75,619.5,646,,,0,0,,,,,,,,,,,646.75,619.5,646,198694,614.1436685342562,589.4699068306991
2011-01-21,648,659,642.5,649.25,,,0,0,,,,,,,,,,,659,642.5,649.25,181672,617.3351532129602,591.8142242098874
2011-01-24,651.5,653.5,642.5,647.25,,,0,0,,,,,,,,,,,653.5,642.5,647.25,129965,620.0546847390548,593.9881762016565
2011-01-25,646.75,647,631.25,636,,,0,0,,,,,,,,,,,647,631.25,636,169909,621.5042588536861,595.6356987035524
2011-01-26,636,654,632.25,649.75,,,0,0,,,,,,,,,,,654,632.25,649.75,145601,624.072053503351,597.7578281661582
2011-01-27,650.5,653.75,639.5,642.75,,,0,0,,,,,,,,,,,653.75,639.5,642.75,144411,625.77004863941,599.522227061603
2011-01-28,644,649.75,634.5,636,,,0,0,,,,,,,,,,,649.75,634.5,636,149126,626.7000442176454,600.952727961148
2011-01-31,634.25,651.5,634.25,651.5,,,0,0,,,,,,,,,,,651.5,634.25,651.5,143660,628.954585652405,602.9349739234559
2011-02-01,650.75,658.75,647.75,658,,,0,0,,,,,,,,,,,658.75,647.75,658,136793,631.5950778658226,605.0943867107713
2011-02-02,657.5,666.5,655.25,661.25,,,0,0,,,,,,,,,,,666.5,655.25,661.25,135553,634.2909798780206,607.2965676240744
2011-02-03,661,665.75,650.5,654.5,,,0,0,,,,,,,,,,,665.75,650.5,654.5,155387,636.1281635254733,609.1476826192088
2011-02-04,656,671.5,651.5,670.5,,,0,0,,,,,,,,,,,671.5,651.5,670.5,144574,639.2528759322485,611.553655849828
2011-02-07,669,674.5,661.5,666.75,,,0,0,,,,,,,,,,,674.5,661.5,666.75,182660,641.7526144838622,613.718218365521
2011-02-08,666,667,658.25,665.75,,,0,0,,,,,,,,,,,667,658.25,665.75,147470,643.9341949853293,615.7586803904026
2011-02-09,665.5,692.75,665.25,690,,,0,0,,,,,,,,,,,692.75,665.25,690,231721,648.1219954412085,618.6701046888181
2011-02-10,690,696.25,686.25,690.5,,,0,0,,,,,,,,,,,696.25,686.25,690.5,224737,651.9745413101895,621.4869633284724
2011-02-11,690.75,698.75,687,698.5,,,0,0,,,,,,,,,,,698.75,687,698.5,179714,656.2041284638086,624.5070824136303
2011-02-14,698.25,702.5,687,687.75,,,0,0,,,,,,,,,,,702.5,687,687.75,156566,659.0719349670987,626.9871968287821
2011-02-15,689,691.75,672.25,682.5,,,0,0,,,,,,,,,,,691.75,672.25,682.5,218422,661.2017590609988,629.1641695021632
2011-02-16,683.5,687,674.75,682.5,,,0,0,,,,,,,,,,,687,674.75,682.5,165499,663.1379627827262,631.2557706981568
2011-02-17,684,704.75,684,704.75,,,0,0,,,,,,,,,,,704.75,684,704.75,121105,666.9208752570238,634.1378973374448
2011-02-18,704,707,693.75,701.75,,,0,0,,,,,,,,,,,707,693.75,701.75,156484,670.0871593245671,636.7893523438195
2011-02-22,706.5,716.25,671.75,671.75,,,0,0,,,,,,,,,,,716.25,671.75,671.75,176836,670.2383266586974,638.1603581342579
2011-02-23,664.5,685.75,648.5,683.5,,,0,0,,,,,,,,,,,685.75,648.5,683.5,194778,671.4439333260885,639.9383833054635
2011-02-24,685,690,672,677.75,,,0,0,,,,,,,,,,,690,672,677.75,147134,672.017212114626,641.4211918032885
2011-02-25,677,714.25,675.25,704,,,0,0,,,,,,,,,,,714.25,675.25,704,137423,674.9247382860236,643.8752627129635
2011-02-28,705.5,713.75,698.25,713,,,0,0,,,,,,,,,,,713.75,698.25,713,185926,678.3861257145669,646.5860367242199
2011-03-01,712.5,718.25,707.25,717.5,,,0,0,,,,,,,,,,,718.25,707.25,717.5,158835,681.9419324677881,649.3669764605249
2011-03-02,716,722.75,689,703.5,,,0,0,,,,,,,,,,,722.75,689,703.5,234964,683.9017567888983,651.4898401287396
2011-03-03,703,718.75,700,718.75,,,0,0,,,,,,,,,,,718.75,700,718.75,137572,687.0697788989985,654.1274934570243
2011-03-04,717.5,724,705.25,710,,,0,0,,,,,,,,,,,724,705.25,710,161461,689.154344453635,656.3185721449842
2011-03-07,710.5,715.5,692.25,699.5,,,0,0,,,,,,,,,,,715.5,692.25,699.5,167841,690.0948585942136,658.0119614726318
2011-03-08,699.5,701.5,682.25,687.5,,,0,0,,,,,,,,,,,701.5,682.25,687.5,154364,689.8589623583761,659.1683551403718
2011-03-09,687.5,693.5,673.25,683,,,0,0,,,,,,,,,,,693.5,673.25,683,175908,689.2354203257964,660.1029294485925
2011-03-10,683.5,685,663,664.75,,,0,0,,,,,,,,,,,685,663,664.75,189672,687.0094730234513,660.285167509432
2011-03-11,666,666.75,634.75,646.25,,,0,0,,,,,,,,,,,666.75,634.75,646.25,235474,683.3040663849557,659.7347687835719
2011-03-14,647.5,656.25,637,648,,,0,0,,,,,,,,,,,656.25,637,648,140715,680.0946058045052,659.2745817724515
2011-03-15,649.25,649.75,618,618,,,0,0,,,,,,,,,,,649.75,618,618,189088,674.4496416404593,657.6559707225514
2011-03-16,612,629.75,590,598.5,,,0,0,,,,,,,,,,,629.75,590,598.5,283674,667.5451287640539,655.3361287334317
2011-03-17,600.25,628.5,598,628.5,,,0,0,,,,,,,,,,,628.5,598,628.5,118749,663.9955716036853,654.283731528199
2011-03-18,638,673.5,634.25,665.5,,,0,0,,,,,,,,,,,673.5,634.25,665.5,248242,664.1323378215321,654.7235851937598
2011-03-21,667.75,680.5,658,668.5,,,0,0,,,,,,,,,,,680.5,658,668.5,141444,664.5293980195746,655.2638367547888
2011-03-22,668.75,669,655,668.75,,,0,0,,,,,,,,,,,669,655,668.75,129106,664.9130891087042,655.7927059016598
2011-03-23,669.5,673.25,660.25,663,,,0,0,,,,,,,,,,,673.25,660.25,663,116369,664.7391719170038,656.0753448859084
2011-03-24,663,685.5,658.25,684.5,,,0,0,,,,,,,,,,,685.5,658.25,684.5,213013,666.5356108336398,657.1900372433238
2011-03-25,684.75,699.25,670.25,671.5,,,0,0,,,,,,,,,,,699.25,670.25,671.5,204084,666.9869189396726,657.7512122533896
2011-03-28,674.75,676.75,650.25,653,,,0,0,,,,,,,,,,,676.75,650.25,653,152408,665.7153808542478,657.564890204237
2011-03-29,653,659,643.25,653.75,,,0,0,,,,,,,,,,,659,643.25,653.75,149177,664.6276189584071,657.415286666816
2011-03-30,654.25,657,643.5,645.25,,,0,0,,,,,,,,,,,657,643.5,645.25,147177,662.8660172349155,656.9382166014507
2011-03-31,645.25,675.25,641.25,675.25,,,0,0,,,,,,,,,,,675.25,641.25,675.25,64247,663.9918338499232,657.656325754335
2011-04-01,712,720.25,707,718,,,0,0,,,,,,,,,,,720.25,707,718,224259,668.9016671362938,660.0227443522042
2011-04-04,718,747,716,742.25,,,0,0,,,,,,,,,,,747,716,742.25,196929,675.5696973966307,663.2473426129021
2011-04-05,740.25,752.75,736.5,748.75,,,0,0,,,,,,,,,,,752.75,736.5,748.75,165996,682.2224521787551,666.6003880006315
2011-04-06,747,749,739.5,745,,,0,0,,,,,,,,,,,749,739.5,745,139675,687.9295019806865,669.674882588842
2011-04-07,744.75,755.25,734.75,741,,,0,0,,,,,,,,,,,755.25,734.75,741,192597,692.754092709715,672.4719460167306
2011-04-08,741,751.25,733.25,750,,,0,0,,,,,,,,,,,751.25,733.25,750,240918,697.9582660997409,675.5122618592118
2011-04-11,754.75,765.75,742,758,,,0,0,,,,,,,,,,,765.75,742,758,166109,703.416605545219,678.7470751196348
2011-04-12,757.25,757.5,728.75,734.5,,,0,0,,,,,,,,,,,757.5,728.75,734.5,216651,706.2423686774719,680.9334643306295
2011-04-13,735.25,750.5,728.5,737.5,,,0,0,,,,,,,,,,,750.5,728.5,737.5,207989,709.0839715249745,683.1517598470754
2011-04-14,739.5,742.25,723.25,736.25,,,0,0,,,,,,,,,,,742.25,723.25,736.25,158742,711.5536104772495,685.234043774641
2011-04-15,737,740.25,721.5,724,,,0,0,,,,,,,,,,,740.25,721.5,724,164728,712.6851004338632,686.7542773521061
2011-04-18,722.5,735.25,715.75,733.75,,,0,0,,,,,,,,,,,735.25,715.75,733.75,196248,714.600091303512,688.5972468677098
2011-04-19,734.25,739.25,729.5,731,,,0,0,,,,,,,,,,,739.25,729.5,731,113079,716.0909920941018,690.2600999317212
2011-04-20,731,750,710.75,714.75,,,0,0,,,,,,,,,,,750,710.75,714.75,118858,715.9690837219107,691.220488169693
2011-04-21,715.25,723.5,710.5,719.25,,,0,0,,,,,,,,,,,723.5,710.5,719.25,110024,716.2673488381006,692.319684712058
2011-04-25,730.25,747.25,728,744.5,,,0,0,,,,,,,,,,,747.25,728,744.5,144141,718.8339534891824,694.3659715860949
2011-04-26,747.5,753,733.25,748.25,,,0,0,,,,,,,,,,,753,733.25,748.25,158025,721.5081395356203,696.4790707395814
2011-04-27,748.75,749.75,732,734.25,,,0,0,,,,,,,,,,,749.75,732,734.25,160696,722.6664904869276,697.9602836517547
2011-04-28,739,743.25,697.5,705,,,0,0,,,,,,,,,,,743.25,697.5,705,161817,721.0604458972069,698.236350959529
2011-04-29,705.25,737.25,701.75,732.25,,,0,0,,,,,,,,,,,737.25,701.75,732.25,180203,722.0776780883699,699.5702195493513
2011-05-02,728.5,737.25,707.5,710.25,,,0,0,,,,,,,,,,,737.25,707.5,710.25,167828,721.0024346257908,699.9890344689846
2011-05-03,715,718.75,697,699.5,,,0,0,,,,,,,,,,,718.75,697,699.5,173908,719.047667841628,699.9698566466715
2011-05-04,700,710.5,692,705.25,,,0,0,,,,,,,,,,,710.5,692,705.25,135615,717.79333440148,700.1769210919
2011-05-05,707.75,713.25,676.75,684.5,,,0,0,,,,,,,,,,,713.25,676.75,684.5,169037,714.7666676377091,699.5621398726098
2011-05-06,684.25,695.5,656.25,662,,,0,0,,,,,,,,,,,695.5,656.25,662,216827,709.9696978524629,698.0891147795663
2011-05-09,665.75,686.75,661.5,683.25,,,0,0,,,,,,,,,,,686.75,661.5,683.25,142441,707.54063441133,697.5071887097794
2011-05-10,683.25,699.5,677.75,683,,,0,0,,,,,,,,,,,699.5,677.75,683,142843,705.3096676466636,696.9382793486116
2011-05-11,684.5,688,653,653,,,0,0,,,,,,,,,,,688,653,653,140445,700.5542433151487,695.2152095702346
2011-05-12,647.75,668,634.75,656.25,,,0,0,,,,,,,,,,,668,634.75,656.25,190247,696.5265848319534,693.6871621361078
2011-05-13,657.75,665.75,652.25,657.75,,,0,0,,,,,,,,,,,665.75,652.25,657.75,121024,693.0014407563212,692.277861660182
2011-05-16,664.75,683.75,664.5,673.25,,,0,0,,,,,,,,,,,683.75,664.5,673.25,138184,691.2058552330193,691.5316710068415
2011-05-17,673.25,696.75,671.25,696,,,0,0,,,,,,,,,,,696.75,671.25,696,147132,691.6416865754721,691.7068995948085
2011-05-18,697.5,726,697.25,725.5,,,0,0,,,,,,,,,,,726,697.25,725.5,164860,694.719715068611,693.0321192185415
2011-05-19,725,736,718.25,724,,,0,0,,,,,,,,,,,736,718.25,724,156387,697.3815591532828,694.2465459158536
2011-05-20,723.75,740.75,719,735.25,,,0,0,,,,,,,,,,,740.75,719,735.25,153228,700.8241446848025,695.8545245073888
2011-05-23,744.75,750.75,725.75,729.75,,,0,0,,,,,,,,,,,750.75,725.75,729.75,152056,703.453767895275,697.1837588404323
2011-05-24,730,734.75,702.5,709,,,0,0,,,,,,,,,,,734.75,702.5,709,167096,703.9579708138863,697.6471408466899
2011-05-25,710.75,722.75,708,718,,,0,0,,,,,,,,,,,722.75,708,718,117083,705.2345189217148,698.4452921860354
2011-05-26,719.75,734.25,719.25,721.25,,,0,0,,,,,,,,,,,734.25,719.25,721.25,135062,706.6904717470135,699.3395944532497
2011-05-27,723.25,734.75,716.5,734.25,,,0,0,,,,,,,,,,,734.75,716.5,734.25,120456,709.1958834063759,700.708629964887
2011-05-31,724.75,739.5,718.75,723.25,,,0,0,,,,,,,,,,,739.5,718.75,723.25,148538,710.4735303694326,701.5926052603817
2011-06-01,726.75,736.25,716.75,734.25,,,0,0,,,,,,,,,,,736.25,716.75,734.25,163809,712.6350276085751,702.8732874070333
2011-06-02,733.25,745.75,730.25,742.25,,,0,0,,,,,,,,,,,745.75,730.25,742.25,135173,715.3272978259773,704.4174722146007
2011-06-03,741.25,744.75,726.75,729.75,,,0,0,,,,,,,,,,,744.75,726.75,729.75,122238,716.6384525690703,705.4109046767733
2011-06-06,729.75,733.75,707.25,707.75,,,0,0,,,,,,,,,,,733.75,707.25,707.75,139370,715.8304114264275,705.5026339051351
2011-06-07,707.75,713.5,705,712.25,,,0,0,,,,,,,,,,,713.5,705,712.25,188507,715.5049194785705,705.7672364970906
2011-06-08,714.5,742.25,710.25,739.75,,,0,0,,,,,,,,,,,742.25,710.25,739.75,224538,717.7090177077914,707.0998938893615
2011-06-09,739.75,768.75,735.25,761.25,,,0,0,,,,,,,,,,,768.75,735.25,761.25,213502,721.6672888252649,709.2234274623278
2011-06-10,760.75,775.5,753,762.75,,,0,0,,,,,,,,,,,775.5,753,762.75,171077,725.4020807502408,711.3225087383149
2011-06-13,761.75,768.25,753,758.25,,,0,0,,,,,,,,,,,768.25,753,758.25,162361,728.3882552274916,713.1628025132829
2011-06-14,755,755.25,728.25,731.25,,,0,0,,,,,,,,,,,755.25,728.25,731.25,188439,728.6484138431742,713.8721043755071
2011-06-15,736,738,701.25,701.5,,,0,0,,,,,,,,,,,738,701.25,701.5,235152,726.1803762210675,713.3869238117617
2011-06-16,701.5,704.25,674.5,677.25,,,0,0,,,,,,,,,,,704.25,674.5,677.25,222258,721.7321602009705,711.9697895446337
2011-06-17,676.25,690.25,667,676,,,0,0,,,,,,,,,,,690.25,667,676,174752,717.5746910917914,710.5592095624912
2011-06-20,679,683.5,671.25,676.25,,,0,0,,,,,,,,,,,683.5,671.25,676.25,132757,713.8179009925376,709.2137503639622
2011-06-21,678.75,695,678,683.25,,,0,0,,,,,,,,,,,695,678,683.25,172807,711.039000902307,708.1955640751793
2011-06-22,684.75,689.75,653.25,653.25,,,0,0,,,,,,,,,,,689.75,653.25,653.25,172359,705.7854553657336,706.0408360722311
2011-06-23,650.75,659.5,614.75,656.25,,,0,0,,,,,,,,,,,659.5,614.75,656.25,194372,701.2822321506669,704.0882542654768
2011-06-24,662.75,673.5,644.75,645.75,,,0,0,,,,,,,,,,,673.5,644.75,645.75,160547,696.2338474096972,701.8004795883993
2011-06-27,644.75,645.25,625.75,636.5,,,0,0,,,,,,,,,,,645.25,625.75,636.5,138082,690.8034976451793,699.2396764672856
2011-06-28,643.5,660,636.75,658.75,,,0,0,,,,,,,,,,,660,636.75,658.75,135555,687.8895433137993,697.6518460175881
2011-06-29,663.5,685.75,654.75,666.75,,,0,0,,,,,,,,,,,685.75,654.75,666.75,164672,685.9677666489084,696.4400089188592
2011-06-30,667,674.5,636.75,636.75,,,0,0,,,,,,,,,,,674.5,636.75,636.75,85941,681.4934242262804,694.0992242553746
2011-07-01,593.75,611.5,591.75,595.5,,,0,0,,,,,,,,,,,611.5,591.75,595.5,126729,673.6758402057094,690.2325880100658
2011-07-05,604.25,618.25,603,614.25,,,0,0,,,,,,,,,,,618.25,603,614.25,76871,668.2734910960994,687.2528786763377
2011-07-06,614.5,618.5,606.75,607.5,,,0,0,,,,,,,,,,,618.5,606.75,607.5,65544,662.7486282691813,684.1253148066774
2011-07-07,606.75,622.25,604.75,613.75,,,0,0,,,,,,,,,,,622.25,604.75,613.75,52537,658.2942075174375,681.3654985397488
2011-07-08,614.75,635.25,614.75,631,,,0,0,,,,,,,,,,,635.25,614.75,631,59448,655.8129159249431,679.3903809499548
2011-07-11,632.75,633.75,620,631.75,,,0,0,,,,,,,,,,,633.75,620,631.75,52293,653.6253781135847,677.5221307166232
2011-07-12,631.75,658.5,612.5,652.75,,,0,0,,,,,,,,,,,658.5,612.5,652.75,80869,653.545798285077,676.550674610089
2011-07-13,653.5,682.75,650.25,675.5,,,0,0,,,,,,,,,,,682.75,650.25,675.5,82128,655.5416348046155,676.5094716842032
2011-07-14,675,683.75,662.5,679.5,,,0,0,,,,,,,,,,,683.75,662.5,679.5,61509,657.7196680041959,676.6267473044305
2011-07-15,679.5,699.75,675.5,690,,,0,0,,,,,,,,,,,699.75,675.5,690,72336,660.6542436401782,677.1511885866097
2011-07-18,690.5,692,671.75,685,,,0,0,,,,,,,,,,,692,671.75,685,54833,662.8674942183437,677.458985112625
2011-07-19,692,712.25,685.25,686.75,,,0,0,,,,,,,,,,,712.25,685.25,686.75,77845,665.0386311075852,677.82333863762
2011-07-20,687,697.5,674.5,676.75,,,0,0,,,,,,,,,,,697.5,674.5,676.75,55660,666.1033010068955,677.7812469263408
2011-07-21,676.25,679.25,659.5,668,,,0,0,,,,,,,,,,,679.25,659.5,668,59580,666.2757281880869,677.3976686155039
2011-07-22,668,679.25,661.5,678.75,,,0,0,,,,,,,,,,,679.25,661.5,678.75,70366,667.4097528982608,677.4507012188175
2011-07-25,667,672.5,660.5,667.5,,,0,0,,,,,,,,,,,672.5,660.5,667.5,44739,667.4179571802371,677.0604776416089
2011-07-26,671,679.25,664.25,678.5,,,0,0,,,,,,,,,,,679.25,664.25,678.5,56593,668.4254156183973,677.1169294988008
2011-07-27,678.25,681.75,665.75,680.25,,,0,0,,,,,,,,,,,681.75,665.75,680.25,70663,669.5003778349067,677.2397950086518
2011-07-28,679,679.25,668.75,671,,,0,0,,,,,,,,,,,679.25,668.75,671,80120,669.6367071226424,676.9950971651753
2011-07-29,672.75,673.25,651,654.25,,,0,0,,,,,,,,,,,673.25,651,654.25,78720,668.2379155660385,676.1031325704625
2011-08-01,657.25,672.75,654,670,,,0,0,,,,,,,,,,,672.75,654,670,70405,668.398105060035,675.8637940382876
2011-08-02,669,700,665.75,700,,,0,0,,,,,,,,,,,700,665.75,700,99777,671.2710046000319,676.810311919139
2011-08-03,699.75,703,689.25,694.75,,,0,0,,,,,,,,,,,703,689.25,694.75,88522,673.4054587273017,677.5138290987807
2011-08-04,694,694.75,670.5,682.5,,,0,0,,,,,,,,,,,694.75,670.5,682.5,84612,674.2322352066379,677.709365212554
2011-08-05,676.75,688.5,667.75,681.75,,,0,0,,,,,,,,,,,688.5,667.75,681.75,104989,674.9156683696708,677.8678214787283
2011-08-08,669.5,679.75,659.25,664,,,0,0,,,,,,,,,,,679.75,659.25,664,90009,673.9233348815189,677.3239853423075
2011-08-09,661.75,676.5,647.25,667,,,0,0,,,,,,,,,,,676.5,647.25,667,99674,673.2939408013808,676.9191231720209
2011-08-10,671.5,678,665,666.75,,,0,0,,,,,,,,,,,678,665,666.75,82997,672.6990370921644,676.5203340280201
2011-08-11,665.5,696.75,664.75,691.25,,,0,0,,,,,,,,,,,696.75,664.75,691.25,98668,674.3854882656041,677.0979679877056
2011-08-12,690.75,696.5,686.25,690.5,,,0,0,,,,,,,,,,,696.5,686.25,690.5,90191,675.8504438778219,677.6235378705406
2011-08-15,692.5,700.5,691.5,696,,,0,0,,,,,,,,,,,700.5,691.5,696,53443,677.6822217071109,678.3441834442449
2011-08-16,695.75,703.75,688.75,702.75,,,0,0,,,,,,,,,,,703.75,688.75,702.75,66021,679.9611106428281,679.3012742895686
2011-08-17,701.75,709.25,697,700.25,,,0,0,,,,,,,,,,,709.25,697,700.25,56827,681.8055551298437,680.1227929448796
2011-08-18,699.25,699.75,683.75,687.75,,,0,0,,,,,,,,,,,699.75,683.75,687.75,59927,682.3459592089488,680.4218991039039
2011-08-19,687.75,703,681.75,699.75,,,0,0,,,,,,,,,,,703,681.75,699.75,44839,683.928144735408,681.1798638449272
2011-08-22,704.25,711,700.25,709.25,,,0,0,,,,,,,,,,,711,700.25,709.25,61301,686.2301315776436,682.2806534980673
2011-08-23,712.25,719.75,708.75,719,,,0,0,,,,,,,,,,,719.75,708.75,719,61949,689.2092105251306,683.720627870692
2011-08-24,718.75,725.75,716.25,720.5,,,0,0,,,,,,,,,,,725.75,716.25,720.5,58960,692.0538277501188,685.1629561894885
2011-08-25,719.25,724.75,712.25,721,,,0,0,,,,,,,,,,,724.75,712.25,721,65830,694.6852979546535,686.5683304565673
2011-08-26,719.75,743.5,718,741.25,,,0,0,,,,,,,,,,,743.5,718,741.25,112298,698.9184526860487,688.7127096543489
2011-08-29,740.5,754.25,740.25,745,,,0,0,,,,,,,,,,,754.25,740.25,745,87513,703.1076842600443,690.9200543737862
2011-08-30,745.25,752.25,735.25,750.25,,,0,0,,,,,,,,,,,752.25,735.25,750.25,205254,707.393349327313,693.2467189081475
2011-08-31,749.5,750.5,742,742.5,,,0,0,,,,,,,,,,,750.5,742,742.5,157335,710.58486302483,695.1782201274358
2011-09-01,741,742.5,712.5,713.5,,,0,0,,,,,,,,,,,742.5,712.5,713.5,194118,710.8498754771182,695.8967212989089
2011-09-02,718.75,739.25,714.25,735,,,0,0,,,,,,,,,,,739.25,714.25,735,171539,713.0453413428347,697.4301832087556
2011-09-06,726,734,717.75,730.75,,,0,0,,,,,,,,,,,734,717.75,730.75,150940,714.6548557662134,698.7368426907651
2011-09-07,730.75,740,718.75,723,,,0,0,,,,,,,,,,,740,718.75,723,145627,715.4135052420121,699.6883390558331
2011-09-08,724,726.5,706.25,709,,,0,0,,,,,,,,,,,726.5,706.25,709,192161,714.8304593109201,700.0535022301142
2011-09-09,709,715.5,705.25,711.5,,,0,0,,,,,,,,,,,715.5,705.25,711.5,156547,714.5276902826546,700.5023844955999
2011-09-12,712,723.5,701.25,720.5,,,0,0,,,,,,,,,,,723.5,701.25,720.5,187996,715.070627529686,701.2866047114587
2011-09-13,721.25,724.25,691.75,698,,,0,0,,,,,,,,,,,724.25,691.75,698,227074,713.5187522997146,701.1577182521859
2011-09-14,699.5,703.5,691.5,699.25,,,0,0,,,,,,,,,,,703.5,691.5,699.25,145705,712.2215929997406,701.0829057717079
2011-09-15,700,700,675.25,676,,,0,0,,,,,,,,,,,700,675.25,676,197869,708.9287209088551,700.0992624081116
2011-09-16,676.75,682.25,666.75,667,,,0,0,,,,,,,,,,,682.25,666.75,667,170554,705.1170190080501,698.8012521175974
2011-09-19,666.5,669,651.5,667.25,,,0,0,,,,,,,,,,,669,651.5,667.25,195620,701.674562734591,697.5639481129857
2011-09-20,672.25,679.5,665.25,665.25,,,0,0,,,,,,,,,,,679.5,665.25,665.25,146461,698.3632388496281,696.296734461496
2011-09-21,665,672.5,660.25,660.75,,,0,0,,,,,,,,,,,672.5,660.25,660.75,122487,694.9438534996619,694.9027448747707
2011-09-22,657,657,622.5,625,,,0,0,,,,,,,,,,,657,622.5,625,244194,688.5853213633291,692.1614607620346
2011-09-23,627.75,633.75,613,613.5,,,0,0,,,,,,,,,,,633.75,613,613.5,197949,681.7593830575719,689.076697594896
2011-09-26,620.75,628.25,605,623,,,0,0,,,,,,,,,,,628.25,605,623,156891,676.417620961429,686.4854545519589
2011-09-27,628,641.25,621,627.25,,,0,0,,,,,,,,,,,641.25,621,627.25,187261,671.9478372376627,684.1624955499213
2011-09-28,625,625.75,603.75,605.75,,,0,0,,,,,,,,,,,625.75,603.75,605.75,193173,665.9298520342388,681.0874957244342
2011-09-29,606,613.25,598,607.5,,,0,0,,,,,,,,,,,613.25,598,607.5,163097,660.6180473038535,678.201711578378
2011-09-30,609.25,611,567.5,567.5,,,0,0,,,,,,,,,,,611,567.5,567.5,204007,652.1527702762304,673.860467987069
2011-10-03,565,573.5,547.25,567.5,,,0,0,,,,,,,,,,,573.5,547.25,567.5,236400,644.4570638874821,669.689469242478
2011-10-04,567.5,568.75,552,562.75,,,0,0,,,,,,,,,,,568.75,552,562.75,206074,637.0291489886201,665.4957645663025
2011-10-05,567.25,582.75,566,580.5,,,0,0,,,,,,,,,,,582.75,566,580.5,151220,631.8901354442002,662.1625973284082
2011-10-06,580.5,592,579,580.5,,,0,0,,,,,,,,,,,592,579,580.5,161053,627.2183049492729,658.9601425312158
2011-10-07,580.5,582.5,571.25,575,,,0,0,,,,,,,,,,,582.5,571.25,575,117653,622.4711863175208,655.6675879221484
2011-10-10,574.25,593.5,573.5,580,,,0,0,,,,,,,,,,,593.5,573.5,580,135540,618.6101693795644,652.7002315330445
2011-10-11,581.75,620,574.75,620,,,0,0,,,,,,,,,,,620,574.75,620,230412,618.7365176177858,651.4178695121408
2011-10-12,621.25,630,603.75,615.75,,,0,0,,,,,,,,,,,630,603.75,615.75,205606,618.4650160161689,650.0191295312725
2011-10-13,615.75,618,597,613.25,,,0,0,,,,,,,,,,,618,597,613.25,173039,617.9909236510626,648.5772028829873
2011-10-14,613,623.5,607.25,615,,,0,0,,,,,,,,,,,623.5,607.25,615,180765,617.719021500966,647.2604498287525
2011-10-17,616.75,622,610.25,615.5,,,0,0,,,,,,,,,,,622,610.25,615.5,139589,617.5172922736054,646.0149419923308
2011-10-18,614.75,621.75,605.25,619,,,0,0,,,,,,,,,,,621.75,605.25,619,181881,617.6520838850959,644.9555325024355
2011-10-19,620,626.25,612.5,613.5,,,0,0,,,,,,,,,,,626.25,612.5,613.5,164058,617.2746217137235,643.7219822082224
2011-10-20,613.25,626,607,624.5,,,0,0,,,,,,,,,,,626,607,624.5,161401,617.9314742852032,642.9681789843705
2011-10-21,624,640.5,623.5,624.25,,,0,0,,,,,,,,,,,640.5,623.5,624.25,190051,618.505885713821,642.2341327496894
2011-10-24,622,636.75,621.5,626,,,0,0,,,,,,,,,,,636.75,621.5,626,129057,619.1871688307464,641.5975000928388
2011-10-25,625,633.5,622,625.75,,,0,0,,,,,,,,,,,633.5,622,625.75,140103,619.7837898461331,640.9760295009628
2011-10-26,624.5,630.5,608,612.25,,,0,0,,,,,,,,,,,630.5,608,612.25,164234,619.098899860121,639.8495185401407
2011-10-27,612.75,632.5,612.75,626.5,,,0,0,,,,,,,,,,,632.5,612.75,626.5,167398,619.7717271455646,639.3260080091547
2011-10-28,626,632,620.25,630,,,0,0,,,,,,,,,,,632,620.25,630,154267,620.7015701323314,638.9602822048741
2011-10-31,628.75,630.75,613,622,,,0,0,,,,,,,,,,,630.75,613,622,144047,620.8196092112104,638.2951730988007
2011-11-01,621.25,635.25,606.5,629.25,,,0,0,,,,,,,,,,,635.25,606.5,629.25,211739,621.5860083738277,637.9404604282595
2011-11-02,628.25,634.5,615.5,620,,,0,0,,,,,,,,,,,634.5,615.5,620,190371,621.4418257943888,637.2369129604846
2011-11-03,619.75,633.5,615.75,628.5,,,0,0,,,,,,,,,,,633.5,615.75,628.5,152165,622.0834779948989,636.8942889228185
2011-11-04,628,632.5,619.5,630.75,,,0,0,,,,,,,,,,,632.5,619.5,630.75,155020,622.8713436317263,636.6533364160414
2011-11-07,630.75,631.5,623,628.25,,,0,0,,,,,,,,,,,631.5,623,628.25,206943,623.3603123924785,636.3237938114908
2011-11-08,628,639,627,635.5,,,0,0,,,,,,,,,,,639,627,635.5,229364,624.4639203567987,636.2914881718244
2011-11-09,635.25,641,621.75,631,,,0,0,,,,,,,,,,,641,621.75,631,328584,625.0581094152715,636.0839788317529
2011-11-10,629.5,637,620.25,620.5,,,0,0,,,,,,,,,,,637,620.25,620.5,243308,624.643735832065,635.4728424069783
2011-11-11,621,625.5,611.5,613.5,,,0,0,,,,,,,,,,,625.5,611.5,613.5,192167,623.6306689382409,634.611162312587
2011-11-14,613,619.75,605.25,608.5,,,0,0,,,,,,,,,,,619.75,605.25,608.5,191854,622.255153580219,633.5871951630738
2011-11-15,608.5,620.75,606.25,620.5,,,0,0,,,,,,,,,,,620.75,606.25,620.5,188177,622.0955941638355,633.0739718233455
2011-11-16,619.25,623,611.75,617.75,,,0,0,,,,,,,,,,,623,611.75,617.75,183215,621.7005401489413,632.4730317518417
2011-11-17,616,616.75,585.25,589.5,,,0,0,,,,,,,,,,,616.75,585.25,589.5,202446,618.7732183172194,630.787814820397
2011-11-18,589.5,592.25,576.5,585.25,,,0,0,,,,,,,,,,,592.25,576.5,585.25,189169,615.725653015654,629.0020181607736
2011-11-21,585,586.25,568.25,572.75,,,0,0,,,,,,,,,,,586.25,568.25,572.75,167109,611.8187754687764,626.7960566642727
2011-11-22,573.25,576.5,569.25,574,,,0,0,,,,,,,,,,,576.5,569.25,574,185101,608.3807049716149,624.7256230695953
2011-11-23,575,576.25,559.25,563.75,,,0,0,,,,,,,,,,,576.25,559.25,563.75,167576,604.3233681560135,622.3344221649053
2011-11-25,563.25,569.5,557,557.5,,,0,0,,,,,,,,,,,569.5,557,557.5,103202,600.0666983236487,619.7918958054972
2011-11-28,561,571.25,561,566.75,,,0,0,,,,,,,,,,,571.25,561,566.75,180763,597.0379075669533,617.7118214601836
2011-11-29,566.75,580.5,563.25,573,,,0,0,,,,,,,,,,,580.5,563.25,573,178800,594.8526432426848,615.9584166970392
2011-11-30,572.25,583.5,562.5,575.5,,,0,0,,,,,,,,,,,583.5,562.5,575.5,162674,593.0933120388044,614.3718121206847
2011-12-01,576.25,580,565,569,,,0,0,,,,,,,,,,,580,565,569,132332,590.9030109443676,612.5925253708539
2011-12-02,569.5,573.25,561.25,562.75,,,0,0,,,,,,,,,,,573.25,561.25,562.75,138262,588.3436463130614,610.6379165327812
2011-12-05,565,570.25,557,558.5,,,0,0,,,,,,,,,,,570.25,557,558.5,124213,585.6305875573286,608.5932923550251
2011-12-06,558.5,564.5,547.5,564,,,0,0,,,,,,,,,,,564.5,547.5,564,168419,583.6641705066623,606.844535792083
2011-12-07,564,567.5,555.75,560.25,,,0,0,,,,,,,,,,,567.5,555.75,560.25,105879,581.5356095515112,605.0172990943543
2011-12-08,559.25,569.5,552.5,567.75,,,0,0,,,,,,,,,,,569.5,552.5,567.75,132958,580.2823723195556,603.5558363847717
2011-12-09,567.5,570.75,552.75,561.75,,,0,0,,,,,,,,,,,570.75,552.75,561.75,155744,578.597611199596,601.9163918206631
2011-12-12,560.25,564.75,552.5,561.5,,,0,0,,,,,,,,,,,564.75,552.5,561.5,112129,577.0432829087237,600.3314352786763
2011-12-13,561.5,569,559,562,,,0,0,,,,,,,,,,,569,559,562,99802,575.6757117352033,598.828241738336
2011-12-14,561,565.5,547.75,548.25,,,0,0,,,,,,,,,,,565.5,547.75,548.25,140087,573.1824652138212,596.8447812780091
2011-12-15,548.25,551.5,543.75,546.5,,,0,0,,,,,,,,,,,551.5,543.75,546.5,131715,570.7567865580193,594.8704761298519
2011-12-16,546,555,545,550.5,,,0,0,,,,,,,,,,,555,545,550.5,115007,568.9152605072902,593.130457458093
2011-12-19,553.75,571.5,551.75,568.5,,,0,0,,,,,,,,,,,571.5,551.75,568.5,146066,568.877509552082,592.1645571656188
2011-12-20,567.5,576,563.75,574.5,,,0,0,,,,,,,,,,,576,563.75,574.5,108191,569.3886450473473,591.4718294336337
2011-12-21,573.5,586.5,568.5,584,,,0,0,,,,,,,,,,,586.5,568.5,584,116715,570.716950043043,591.1788165146677
2011-12-22,583,592.5,579,585,,,0,0,,,,,,,,,,,592.5,579,585,122666,572.0154091300391,590.9365099846807
2011-12-23,583.75,589.25,581.75,587,,,0,0,,,,,,,,,,,589.25,581.75,587,67761,573.3776446636718,590.782137044105
2011-12-27,592.5,604.25,592.25,600.75,,,0,0,,,,,,,,,,,604.25,592.25,600.75,91819,575.8660406033381,591.1730336306107
2011-12-28,599.5,613.75,597.75,610,,,0,0,,,,,,,,,,,613.75,597.75,610,117486,578.9691278212165,591.9113460372535
2011-12-29,607.5,613.25,602.75,605.5,,,0,0,,,,,,,,,,,613.25,602.75,605.5,99957,581.381025292015,592.4442344279494
2011-12-30,604.75,616,602.75,614,,,0,0,,,,,,,,,,,616,602.75,614,90619,584.3463866291046,593.2895585680297
2012-01-03,629.5,631.75,620.5,626,,,0,0,,,,,,,,,,,631.75,620.5,626,158650,588.1330787537314,594.5723209771267
2012-01-04,625.5,629.25,621,626,,,0,0,,,,,,,,,,,629.25,621,626,142010,591.5755261397559,595.8047789780236
2012-01-05,625.5,627.25,607,611,,,0,0,,,,,,,,,,,627.25,607,611,184873,593.3413873997781,596.4006699984933
2012-01-06,609.5,617,607.75,611,,,0,0,,,,,,,,,,,617,607.75,611,138311,594.9467158179801,596.9731927436504
2012-01-09,610.5,630.5,610.25,619.5,,,0,0,,,,,,,,,,,630.5,610.25,619.5,178662,597.1788325618002,597.8565969497818
2012-01-10,619,625,615.5,619.5,,,0,0,,,,,,,,,,,625,615.5,619.5,151815,599.2080296016366,598.7053578537119
2012-01-11,619,623,613.5,619,,,0,0,,,,,,,,,,,623,613.5,619,189874,601.0072996378514,599.5012261731742
2012-01-12,618.5,627,579,579,,,0,0,,,,,,,,,,,627,579,579,147198,599.0066360344103,598.6972565193242
2012-01-13,576,582.25,566,567,,,0,0,,,,,,,,,,,582.25,566,567,203505,596.096941849464,597.4542268518998
2012-01-17,568.75,579.25,568.75,571.5,,,0,0,,,,,,,,,,,579.25,568.75,571.5,169674,593.8608562267855,596.4364140341783
2012-01-18,572.75,574,560,561,,,0,0,,,,,,,,,,,574,560,561,196009,590.873505660714,595.0467507387203
2012-01-19,561.5,574.5,561.25,573.5,,,0,0,,,,,,,,,,,574.5,561.25,573.5,185393,589.2940960551946,594.2017801215156
2012-01-20,573.5,581.25,568.75,579,,,0,0,,,,,,,,,,,581.25,568.75,579,145652,588.358269141086,593.6056318814562
2012-01-23,581,588.75,579.5,587.5,,,0,0,,,,,,,,,,,588.75,579.5,587.5,163204,588.2802446737145,593.3661953370854
2012-01-24,587,603.5,582,597.75,,,0,0,,,,,,,,,,,603.5,582,597.75,218954,589.1411315215586,593.538109245435
2012-01-25,597,605.25,593,602,,,0,0,,,,,,,,,,,605.25,593,602,181597,590.3101195650532,593.8699480985551
2012-01-26,601.75,613.25,600.75,602,,,0,0,,,,,,,,,,,613.25,600.75,602,188121,591.3728359682302,594.1887736633176
2012-01-27,601,609.75,598.5,609.25,,,0,0,,,,,,,,,,,609.75,598.5,609.25,142337,592.9980326983911,594.7794099902463
2012-01-30,607,610.25,595,599.25,,,0,0,,,,,,,,,,,610.25,595,599.25,145759,593.5663933621737,594.9547272455308
2012-01-31,599.75,609.5,598.5,606.5,,,0,0,,,,,,,,,,,609.5,598.5,606.5,213385,594.7421757837943,595.4074830398237
2012-02-01,606.5,617.5,605.5,609.5,,,0,0,,,,,,,,,,,617.5,605.5,609.5,165558,596.0837961670858,595.9601307637521
2012-02-02,609.25,614.5,601.75,610.5,,,0,0,,,,,,,,,,,614.5,601.75,610.5,165100,597.3943601518962,596.5303217141932
2012-02-03,610,614,605.5,612,,,0,0,,,,,,,,,,,614,605.5,612,127335,598.722145592633,597.136975764617
2012-02-06,608.5,616,606.75,611.75,,,0,0,,,,,,,,,,,616,606.75,611.75,124194,599.9064959933027,597.7100355385536
2012-02-07,610.5,612.5,606.75,609.75,,,0,0,,,,,,,,,,,612.5,606.75,609.75,168539,600.8013599939115,598.18219100763
2012-02-08,609.5,616.25,599.5,610,,,0,0,,,,,,,,,,,616.25,599.5,610,226019,601.6375999944651,598.6456344975269
2012-02-09,609.25,619.5,600.25,604.5,,,0,0,,,,,,,,,,,619.5,600.25,604.5,249280,601.8978181767865,598.8752174584082
2012-02-10,604,606.25,595.75,599.25,,,0,0,,,,,,,,,,,606.25,595.75,599.25,162796,601.6571074334422,598.8899148129805
2012-02-13,602,611,600.25,607,,,0,0,,,,,,,,,,,611,600.25,607,220976,602.1428249394929,599.2079573693342
2012-02-14,606.5,608,599,601,,,0,0,,,,,,,,,,,608,599,601,193529,602.0389317631754,599.2782335509289
2012-02-15,601,606,592.75,594.5,,,0,0,,,,,,,,,,,606,592.75,594.5,171774,601.3535743301594,599.0908518430493
2012-02-16,594.5,604.5,589.25,603.75,,,0,0,,,,,,,,,,,604.5,589.25,603.75,185500,601.5714312092358,599.2735635354787
2012-02-17,603,614.25,602.75,609.25,,,0,0,,,,,,,,,,,614.25,602.75,609.25,148467,602.2694829174872,599.664796338009
2012-02-21,610.75,612.5,592.75,597,,,0,0,,,,,,,,,,,612.5,592.75,597,201444,601.7904390158974,599.5602945208321
2012-02-22,597.5,607,593.25,605.75,,,0,0,,,,,,,,,,,607,593.25,605.75,159547,602.1503991053613,599.8030280690348
2012-02-23,605.75,611,600.75,607,,,0,0,,,,,,,,,,,611,600.75,607,145321,602.5912719139649,600.085262262406
2012-02-24,606,609,602,608.25,,,0,0,,,,,,,,,,,609,602,608.25,116010,603.105701739968,600.4054480560371
2012-02-27,606,613.25,600.5,612,,,0,0,,,,,,,,,,,613.25,600.5,612,146780,603.9142743090619,600.8601363675651
2012-02-28,610,621.5,609.5,621,,,0,0,,,,,,,,,,,621.5,609.5,621,117496,605.4675220991471,601.6499349413862
2012-02-29,619.75,625.25,617,621.75,,,0,0,,,,,,,,,,,625.25,617,621.75,168396,606.947747362861,602.438172786822
2012-03-01,619.75,621.75,614.25,617.75,,,0,0,,,,,,,,,,,621.75,614.25,617.75,134440,607.9297703298737,603.0386365991035
2012-03-02,617,619.25,610.75,618.75,,,0,0,,,,,,,,,,,619.25,610.75,618.75,133148,608.9134275726125,603.6547684971779
2012-03-05,617.75,629,616,624.5,,,0,0,,,,,,,,,,,629,616,624.5,149425,610.330388702375,604.4722285561121
2012-03-06,622.75,623.5,613.25,617.75,,,0,0,,,,,,,,,,,623.5,613.25,617.75,141541,611.0048988203409,604.9929254754802
2012-03-07,617.25,619.75,601.25,602.5,,,0,0,,,,,,,,,,,619.75,601.25,602.5,183505,610.2317262003099,604.895163692128
2012-03-08,601.75,608.5,595.5,599.25,,,0,0,,,,,,,,,,,608.5,595.5,599.25,145890,609.2333874548273,604.6737847238093
2012-03-09,598.75,615.75,595.5,608.75,,,0,0,,,,,,,,,,,615.75,595.5,608.75,199967,609.189443140752,604.8336363032677
2012-03-12,608,625.25,605.5,623.25,,,0,0,,,,,,,,,,,625.25,605.5,623.25,167685,610.4676755825018,605.555846644316
2012-03-13,621.5,630.5,619.75,625.75,,,0,0,,,,,,,,,,,630.5,619.75,625.75,153845,611.8569778022744,606.3477742268918
2012-03-14,624.5,628.75,618,622.5,,,0,0,,,,,,,,,,,628.75,618,622.5,163822,612.824525274795,606.9811948454451
2012-03-15,622.5,636.75,621.75,632.75,,,0,0,,,,,,,,,,,636.75,621.75,632.75,171298,614.6359320679954,607.9917362240551
2012-03-16,631.75,637.5,629.5,636.75,,,0,0,,,,,,,,,,,637.5,629.5,636.75,124654,616.6463018799958,609.1195112740921
2012-03-19,636.75,639.5,625.75,627.25,,,0,0,,,,,,,,,,,639.5,625.75,627.25,114877,617.6102744363599,609.8305108319709
2012-03-20,627,627.25,607,611.25,,,0,0,,,,,,,,,,,627.25,607,611.25,188010,617.0320676694181,609.8861770738544
2012-03-21,611,614.75,605.25,605.75,,,0,0,,,,,,,,,,,614.75,605.25,605.75,135890,616.0064251540165,609.7239740513503
2012-03-22,607.25,611.25,600.5,608.25,,,0,0,,,,,,,,,,,611.25,600.5,608.25,127940,615.3012955945604,609.6661711473757
2012-03-23,609.25,615.75,606,610.25,,,0,0,,,,,,,,,,,615.75,606,610.25,102994,614.8420869041458,609.6890663964982
2012-03-26,610,619.75,601,601.5,,,0,0,,,,,,,,,,,619.75,601,601.5,178914,613.6291699128599,609.367926537812
2012-03-27,601.75,608.25,594.25,594.5,,,0,0,,,,,,,,,,,608.25,594.25,594.5,157245,611.8901544662363,608.7848705951527
2012-03-28,594.25,598.5,582.75,584,,,0,0,,,,,,,,,,,598.5,582.75,584,191250,609.3546858783966,607.8129148855389
2012-03-29,584,587.25,566.75,567.75,,,0,0,,,,,,,,,,,587.25,566.75,567.75,215043,605.5724417076333,606.2418201841452
2012-03-30,568.75,607.75,567.75,607.75,,,0,0,,,,,,,,,,,607.75,567.75,607.75,223679,605.7704015523939,606.3009644906493
2012-04-02,613.25,623.25,610.25,618.75,,,0,0,,,,,,,,,,,623.25,610.25,618.75,213267,606.9503650476308,606.7891619616042
2012-04-03,617.75,629.5,615.75,622,,,0,0,,,,,,,,,,,629.5,615.75,622,185188,608.3185136796644,607.3856654140903
2012-04-04,624.75,627.5,614.5,620.5,,,0,0,,,,,,,,,,,627.5,614.5,620.5,158821,609.4259215269676,607.8999530449104
2012-04-05,620.75,627,618.5,622,,,0,0,,,,,,,,,,,627,618.5,622,20,610.5690195699706,608.4528960627571
2012-04-09,619.75,628,612.25,612.75,,,0,0,,,,,,,,,,,628,612.25,612.75,150881,610.767290518155,608.6214099426489
2012-04-10,613.25,617.5,598.25,598.5,,,0,0,,,,,,,,,,,617.5,598.25,598.5,235172,609.6520822892319,608.2244919056823
2012-04-11,600.25,603.5,594.75,599.75,,,0,0,,,,,,,,,,,603.5,594.75,599.75,183534,608.7518929902108,607.8921588897732
2012-04-12,600.75,608.25,600.25,601.25,,,0,0,,,,,,,,,,,608.25,600.25,601.25,191727,608.0699027183734,607.6316820705664
2012-04-13,603.75,605.5,588,593,,,0,0,,,,,,,,,,,605.5,588,593,187477,606.6999115621577,607.0578906168187
2012-04-16,590.5,592.75,584.75,587,,,0,0,,,,,,,,,,,592.75,584.75,587,125988,604.9090105110524,606.2713066710611
2012-04-17,586.75,591.75,579.5,580.5,,,0,0,,,,,,,,,,,591.75,579.5,580.5,122019,602.6900095555022,605.2606671937646
2012-04-18,580.75,582,563.25,565.5,,,0,0,,,,,,,,,,,582,563.25,565.5,184234,599.3090995959111,603.7014253430287
2012-04-19,567.5,586.75,567.25,584.75,,,0,0,,,,,,,,,,,586.75,567.25,584.75,104316,597.9855450871919,602.9582321923217
2012-04-20,584.75,592.25,573.25,576.25,,,0,0,,,,,,,,,,,592.25,573.25,576.25,102915,596.0095864429018,601.9108505377209
2012-04-23,577,586.25,574,586.25,,,0,0,,,,,,,,,,,586.25,574,586.25,73631,595.1223513117288,601.2966995362416
2012-04-24,586,595.75,579.25,582,,,0,0,,,,,,,,,,,595.75,579.25,582,92630,593.9294102833899,600.5399662210949
2012-04-25,581,591,574.25,574.75,,,0,0,,,,,,,,,,,591,574.25,574.75,101004,592.1858275303545,599.5285949967382
2012-04-26,577.75,588.75,573.5,587.75,,,0,0,,,,,,,,,,,588.75,573.5,587.75,104596,591.7825704821404,599.0666893105916
2012-04-27,589,619.25,588,616.75,,,0,0,,,,,,,,,,,619.25,588,616.75,87996,594.0523368019458,599.7601524748821
2012-04-30,616.25,626,611.75,625.5,,,0,0,,,,,,,,,,,626,611.75,625.5,134365,596.9112152744962,600.7695582601809
2012-05-01,623.25,625.5,616.5,620.25,,,0,0,,,,,,,,,,,625.5,616.5,620.25,121572,599.0329229768147,601.5334971519385
2012-05-02,619,620.25,601.25,602.75,,,0,0,,,,,,,,,,,620.25,601.25,602.75,161264,599.3708390698315,601.5812031459801
2012-05-03,603,608,598.75,605.75,,,0,0,,,,,,,,,,,608,598.75,605.75,107794,599.9507627907559,601.7446853755495
2012-05-04,605.25,617.25,595.25,611.5,,,0,0,,,,,,,,,,,617.25,595.25,611.5,168582,601.0006934461418,602.1272467333711
2012-05-07,607,612.5,603.5,611.25,,,0,0,,,,,,,,,,,612.5,603.5,611.25,104055,601.9324485874016,602.485001763435
2012-05-08,611.75,623.25,609.75,614.25,,,0,0,,,,,,,,,,,623.25,609.75,614.25,164009,603.0522259885469,602.9463742433003
2012-05-09,613.75,614.25,596.75,598.5,,,0,0,,,,,,,,,,,614.25,596.75,598.5,143620,602.6383872623153,602.772006625916
2012-05-10,600.25,603.5,576.75,578.75,,,0,0,,,,,,,,,,,603.5,576.75,578.75,205193,600.466715693014,601.8299671503898
2012-05-11,580.75,583.75,563.5,572.25,,,0,0,,,,,,,,,,,583.75,563.5,572.25,180930,597.9015597209218,600.6699684386099
2012-05-14,573.25,578,567.5,574.25,,,0,0,,,,,,,,,,,578,567.5,574.25,106879,595.7514179281108,599.6338912449389
2012-05-15,573.75,589,572.75,588.5,,,0,0,,,,,,,,,,,589,572.75,588.5,113590,595.0921981164644,599.1972680588628
2012-05-16,588.25,612,582,611.25,,,0,0,,,,,,,,,,,612,582,611.25,153375,596.5610891967858,599.6699242134173
2012-05-17,610.25,617.75,607.5,616.25,,,0,0,,,,,,,,,,,617.75,607.5,616.25,131642,598.3509901788962,600.3201232638716
2012-05-18,614,629.75,610.75,626.75,,,0,0,,,,,,,,,,,629.75,610.75,626.75,167427,600.932718344451,601.3565890182296
2012-05-21,629.5,635.75,620,624.25,,,0,0,,,,,,,,,,,635.75,620,624.25,128305,603.0524712222282,602.2543698410441
2012-05-22,620.25,626,586.25,588.25,,,0,0,,,,,,,,,,,626,586.25,588.25,188940,601.7067920202074,601.7051788668855
2012-05-23,592.5,602.25,579.75,594.75,,,0,0,,,,,,,,,,,602.25,579.75,594.75,165565,601.0743563820067,601.4324267544586
2012-05-24,596.5,600.25,568,569.75,,,0,0,,,,,,,,,,,600.25,568,569.75,184176,598.2266876200061,600.1899786464405
2012-05-25,574.25,580.75,564.5,569.75,,,0,0,,,,,,,,,,,580.75,564.5,569.75,147037,595.6378978363692,598.9962539936389
2012-05-29,571.25,575,548.25,553.75,,,0,0,,,,,,,,,,,575,548.25,553.75,177673,591.829907123972,597.2218910919275
2012-05-30,555,559.5,544.75,550.75,,,0,0,,,,,,,,,,,559.5,544.75,550.75,148989,588.0953701127019,595.3994639902834
2012-05-31,551.25,555.25,545,546.5,,,0,0,,,,,,,,,,,555.25,545,546.5,153342,584.313972829729,593.4818379514487
2012-06-01,549,570.75,542.25,542.75,,,0,0,,,,,,,,,,,570.75,542.25,542.75,177025,580.5354298452081,591.4923541102154
2012-06-04,551.5,560.5,549,559.25,,,0,0,,,,,,,,,,,560.5,549,559.25,91835,578.600390768371,590.2279480666775
2012-06-05,559.25,567,551.75,558.75,,,0,0,,,,,,,,,,,567,551.75,558.75,155718,576.7958097894282,588.9935187307294
2012-06-06,560.5,577.75,560.25,577.5,,,0,0,,,,,,,,,,,577.75,560.25,577.5,129366,576.8598270812984,588.542792505995
2012-06-07,577,592.75,575.75,585.25,,,0,0,,,,,,,,,,,592.75,575.75,585.25,161002,577.6225700739076,588.4136633881128
2012-06-08,584.25,596.75,576.5,589.25,,,0,0,,,,,,,,,,,596.75,576.5,589.25,155163,578.6796091580978,588.4464609023045
2012-06-11,589.75,595,580,583.25,,,0,0,,,,,,,,,,,595,580,583.25,139081,579.0950992346344,588.2426781218219
2012-06-12,586.25,590.25,566.75,575.25,,,0,0,,,,,,,,,,,590.25,566.75,575.25,153108,578.7455447587586,587.7331613327308
2012-06-13,573.5,593,566.75,583.75,,,0,0,,,,,,,,,,,593,566.75,583.75,214591,579.200495235235,587.5769589275257
2012-06-14,583.25,599.75,583,592.75,,,0,0,,,,,,,,,,,599.75,583,592.75,144137,580.4322683956682,587.7798232833089
2012-06-15,591.25,596.25,570.5,570.75,,,0,0,,,,,,,,,,,596.25,570.5,570.75,153416,579.5520621778802,587.1119870761204
2012-06-18,576,598.5,567.5,590.75,,,0,0,,,,,,,,,,,598.5,567.5,590.75,136335,580.5700565253456,587.2546542496059
2012-06-19,594,608.25,591.5,603.75,,,0,0,,,,,,,,,,,608.25,591.5,603.75,140797,582.6773241139506,587.9015305535429
2012-06-20,601.75,608,596.25,603,,,0,0,,,,,,,,,,,608,596.25,603,112767,584.5248401035915,588.4936273945805
2012-06-21,601.25,602.75,577.75,577.75,,,0,0,,,,,,,,,,,602.75,577.75,577.75,159272,583.9089455487195,588.0723086732244
2012-06-22,580.25,591.75,579.25,582.25,,,0,0,,,,,,,,,,,591.75,579.25,582.25,110744,583.7581323170177,587.8439828429018
2012-06-25,594,622.25,594,622.25,,,0,0,,,,,,,,,,,622.25,594,622.25,113321,587.2573930154707,589.1932384176899
2012-06-26,625,643.5,620.75,637.25,,,0,0,,,,,,,,,,,643.5,620.75,637.25,115942,591.8021754686098,591.0778173032708
2012-06-27,636.75,661.25,632.5,640.75,,,0,0,,,,,,,,,,,661.25,632.5,640.75,84505,596.2519776987361,593.0257460364759
2012-06-28,640.25,656,633.5,639.5,,,0,0,,,,,,,,,,,656,633.5,639.5,116501,600.1836160897601,594.8482657997513
2012-06-29,639.25,661.25,628.75,641.75,,,0,0,,,,,,,,,,,661.25,628.75,641.75,124862,603.9623782634183,596.6875494938787
2012-07-02,655.75,670.75,654,665.5,,,0,0,,,,,,,,,,,670.75,654,665.5,88527,609.5567075121984,599.386076964707
2012-07-03,678.25,688.5,670.5,687.25,,,0,0,,,,,,,,,,,688.5,670.5,687.25,78294,616.6197341019986,602.8317210053067
2012-07-05,703.25,727.25,700.25,722,,,0,0,,,,,,,,,,,727.25,700.25,722,127706,626.1997582745441,607.5049868482358
2012-07-06,721.25,721.25,702.5,708.5,,,0,0,,,,,,,,,,,721.25,702.5,708.5,72797,633.6815984314038,611.4655755992854
2012-07-09,722.75,748.5,722.75,745.25,,,0,0,,,,,,,,,,,748.5,722.75,745.25,84013,643.8241803921853,616.7120236149998
2012-07-10,744.25,747.25,726.75,731.75,,,0,0,,,,,,,,,,,747.25,726.75,731.75,88755,651.8174367201685,621.2233168065684
2012-07-11,731.25,762.25,698.75,717.25,,,0,0,,,,,,,,,,,762.25,698.75,717.25,144584,657.7658515637896,624.9890690886638
2012-07-12,722.75,751.75,717.75,744.5,,,0,0,,,,,,,,,,,751.75,717.75,744.5,78493,665.6507741488997,629.6757722616574
2012-07-13,743.25,761.25,739.75,753.75,,,0,0,,,,,,,,,,,761.25,739.75,753.75,87033,673.6597946808179,634.5414282513963
2012-07-16,763.25,793.5,762.5,790,,,0,0,,,,,,,,,,,793.5,762.5,790,86532,684.2361769825617,640.6378428297729
2012-07-17,803.25,809.75,780.25,792.75,,,0,0,,,,,,,,,,,809.75,780.25,792.75,86968,694.101069984147,646.6030254638995
2012-07-18,793.25,810.25,776.75,808.25,,,0,0,,,,,,,,,,,810.25,776.75,808.25,91953,704.4782454401336,652.9421225045309
2012-07-19,806.25,830,803.5,821,,,0,0,,,,,,,,,,,830,803.5,821,104662,715.0711322183033,659.5326275043532
2012-07-20,820,842,812.75,837.75,,,0,0,,,,,,,,,,,842,812.75,837.75,112767,726.223756562094,666.5215440728099
2012-07-23,836.25,837.25,808.5,827.25,,,0,0,,,,,,,,,,,837.25,808.5,827.25,74137,735.4079605109945,672.8246207758369
2012-07-24,827.25,828.75,787.25,803.25,,,0,0,,,,,,,,,,,828.75,787.25,803.25,83135,741.5754186463586,677.9393415297257
2012-07-25,803.25,819,795,807.75,,,0,0,,,,,,,,,,,819,795,807.75,76018,747.5912896785078,683.0299555873835
2012-07-26,803.75,812.75,789.5,794.5,,,0,0,,,,,,,,,,,812.75,789.5,794.5,67835,751.8557178895526,687.4013298780743
2012-07-27,794.5,814.25,789.75,811.75,,,0,0,,,,,,,,,,,814.25,789.75,811.75,61017,757.3006526268659,692.2777483142282
2012-07-30,814.25,836.25,813,833.25,,,0,0,,,,,,,,,,,836.25,813,833.25,65043,764.2051387516963,697.8060719097487
2012-07-31,832.25,838.25,818.5,819.75,,,0,0,,,,,,,,,,,838.25,818.5,819.75,76761,769.2546715924511,702.5881867368173
2012-08-01,819.75,831.25,795.5,813.75,,,0,0,,,,,,,,,,,831.25,795.5,813.75,84270,773.2997014476829,706.9474735314519
2012-08-02,816.25,821.75,797.5,807.25,,,0,0,,,,,,,,,,,821.75,797.5,807.25,68543,776.3860922251663,710.8809059419832
2012-08-03,807.25,830.75,800.25,823.25,,,0,0,,,,,,,,,,,830.75,800.25,823.25,61332,780.6464474774239,715.2875370815133
2012-08-06,816.5,821,806.25,816.25,,,0,0,,,,,,,,,,,821,806.25,816.25,58540,783.8831340703854,719.2468493528265
2012-08-07,814.25,820.5,805.5,809.25,,,0,0,,,,,,,,,,,820.5,805.5,809.25,82504,786.1892127912595,722.7763846723235
2012-08-08,808.5,825,801,824,,,0,0,,,,,,,,,,,825,801,824,99517,789.6265570829631,726.7459382145853
2012-08-09,823.25,839.25,823.25,831.5,,,0,0,,,,,,,,,,,839.25,823.25,831.5,113783,793.4332337117846,730.8539406375427
2012-08-10,830.75,857,812.5,813.25,,,0,0,,,,,,,,,,,857,812.5,813.25,138198,795.2347579198042,734.0851586517567
2012-08-13,812.25,817.75,790,796,,,0,0,,,,,,,,,,,817.75,790,796,122370,795.3043253816402,736.5131916458055
2012-08-14,798,803.75,791,793,,,0,0,,,,,,,,,,,803.75,791,793,53704,795.0948412560365,738.728360600872
2012-08-15,793.25,809.5,791.25,807.25,,,0,0,,,,,,,,,,,809.5,791.25,807.25,83101,796.1998556873059,741.4154837145633
2012-08-16,806.75,814.25,802.75,811,,,0,0,,,,,,,,,,,814.25,802.75,811,53110,797.5453233520963,744.1442882747765
2012-08-17,809.25,817.75,806.75,811.75,,,0,0,,,,,,,,,,,817.75,806.75,811.75,57493,798.8366575928147,746.7954926561578
2012-08-20,812.25,830.75,812,828.5,,,0,0,,,,,,,,,,,830.75,812,828.5,65493,801.533325084377,749.9995909833673
2012-08-21,828,845.75,826.75,844.5,,,0,0,,,,,,,,,,,845.75,826.75,844.5,56270,805.4393864403427,753.7054893761764
2012-08-22,843.5,847.25,836,843.5,,,0,0,,,,,,,,,,,847.25,836,843.5,59188,808.8994422184934,757.2268427339734
2012-08-23,842.75,847,818.25,822,,,0,0,,,,,,,,,,,847,818.25,822,71175,810.0904020168122,759.7669665483273
2012-08-24,821.75,830.25,813.25,815.5,,,0,0,,,,,,,,,,,830.25,813.25,815.5,56731,810.5821836516474,761.9525757032949
2012-08-27,819.5,824.25,807.25,807.75,,,0,0,,,,,,,,,,,824.25,807.25,807.75,40553,810.3247124105885,763.7485531266951
2012-08-28,808.25,812,801.5,802.75,,,0,0,,,,,,,,,,,812,801.5,802.75,57011,809.6361021914441,765.2780216315306
2012-08-29,803,825.25,801,823.5,,,0,0,,,,,,,,,,,825.25,801,823.5,53933,810.8964565376765,767.5612364695098
2012-08-30,823.75,827.5,817.5,818.5,,,0,0,,,,,,,,,,,827.5,817.5,818.5,136110,811.5876877615241,769.558835039333
2012-08-31,818,819.75,803.25,809.75,,,0,0,,,,,,,,,,,819.75,803.25,809.75,132273,811.4206252377492,771.1349591554375
2012-09-04,812.75,825,807,815,,,0,0,,,,,,,,,,,825,807,815,149834,811.7460229434083,772.8551568356164
2012-09-05,814.75,816.5,799.5,800.75,,,0,0,,,,,,,,,,,816.5,799.5,800.75,130880,810.7463844940075,773.9490722538276
2012-09-06,802.5,812,798,808.5,,,0,0,,,,,,,,,,,812,798,808.5,126284,810.5421677218251,775.3040105968147
2012-09-07,807.5,814.75,802.25,809.5,,,0,0,,,,,,,,,,,814.75,802.25,809.5,107911,810.4474252016591,776.6450297890965
2012-09-10,808.25,816.5,791,793.25,,,0,0,,,,,,,,,,,816.5,791,793.25,179801,808.8840229105992,777.2962050914849
2012-09-11,793.5,798.5,785.25,787.75,,,0,0,,,,,,,,,,,798.5,785.25,787.75,148390,806.9627481005448,777.7061578329954
2012-09-12,787.75,795,769.25,779.5,,,0,0,,,,,,,,,,,795,769.25,779.5,239332,804.4661346368589,777.7765045846426
2012-09-13,780,785,774.25,783.75,,,0,0,,,,,,,,,,,785,774.25,783.75,109082,802.5828496698717,778.0107593068135
2012-09-14,783.75,799.5,782.5,792,,,0,0,,,,,,,,,,,799.5,782.5,792,142075,801.6207724271561,778.5593569810561
2012-09-17,790.75,791,757,758,,,0,0,,,,,,,,,,,791,757,758,160250,797.655247661051,777.7531076876813
2012-09-18,758.25,764,749,750,,,0,0,,,,,,,,,,,764,749,750,172645,793.3229524191373,776.6647505234586
2012-09-19,750.25,769.25,749.5,766.5,,,0,0,,,,,,,,,,,769.25,749.5,766.5,141542,790.8845021992157,776.266132855872
2012-09-20,765,767.5,749,756,,,0,0,,,,,,,,,,,767.5,749,756,161680,787.7131838174688,775.4713825477986
2012-09-21,755.5,764.5,754.5,758.25,,,0,0,,,,,,,,,,,764.5,754.5,758.25,128160,785.0347125613353,774.7960342125908
2012-09-24,756.75,761.25,746.5,754.75,,,0,0,,,,,,,,,,,761.25,746.5,754.75,118906,782.2815568739411,774.0099152238618
2012-09-25,753.5,759.25,749,753.75,,,0,0,,,,,,,,,,,759.25,749,753.75,89281,779.6877789763101,773.2154087444947
2012-09-26,753.25,754.75,732.5,734.75,,,0,0,,,,,,,,,,,754.75,732.5,734.75,167917,775.6025263421001,771.7069613427498
2012-09-27,735,736.75,721.75,726.25,,,0,0,,,,,,,,,,,736.75,721.75,726.25,166276,771.1159330382728,769.9243354077399
2012-09-28,726.5,766.25,715,766.25,,,0,0,,,,,,,,,,,766.25,715,766.25,220632,770.673575489339,769.7802438231226
2012-10-01,770.25,778.5,761.5,766.75,,,0,0,,,,,,,,,,,778.5,761.5,766.75,169212,770.31688680849,769.6614107320198
2012-10-02,766.5,770,756,768.25,,,0,0,,,,,,,,,,,770,756,768.25,132144,770.1289880077182,769.6060612915485
2012-10-03,767.75,773.5,757,766.75,,,0,0,,,,,,,,,,,773.5,757,766.75,172279,769.8218072797439,769.4940588879583
2012-10-04,766.5,777.5,763,767,,,0,0,,,,,,,,,,,777.5,763,767,115898,769.5652793452217,769.396252657058
2012-10-05,766.5,768.25,756.25,758,,,0,0,,,,,,,,,,,768.25,756.25,758,107830,768.5138903138379,768.9493407881538
2012-10-08,757,758,750,752,,,0,0,,,,,,,,,,,758,750,752,93168,767.0126275580345,768.2846607572458
2012-10-09,751.75,758.5,750.25,752,,,0,0,,,,,,,,,,,758.5,750.25,752,94819,765.6478432345768,767.6460466099028
2012-10-10,752,753.5,742.25,746.75,,,0,0,,,,,,,,,,,753.5,742.25,746.75,120747,763.9298574859789,766.8265938016713
2012-10-11,746.5,786,743.75,783.25,,,0,0,,,,,,,,,,,786,743.75,783.25,249946,765.6862340781627,767.4706489467038
2012-10-12,782,782.75,759.5,762.75,,,0,0,,,,,,,,,,,782.75,759.5,762.75,148846,765.4193037074206,767.2855254585978
2012-10-15,761.5,761.5,742.5,747.25,,,0,0,,,,,,,,,,,761.5,742.5,747.25,123034,763.7675488249278,766.4998185778685
2012-10-16,747.75,755.25,745.25,748.25,,,0,0,,,,,,,,,,,755.25,745.25,748.25,105944,762.3568625681162,765.7841394179521
2012-10-17,748,756.25,746.25,755.5,,,0,0,,,,,,,,,,,756.25,746.25,755.5,81080,761.7335114255602,765.3808398329344
2012-10-18,755.25,772,754.5,770.75,,,0,0,,,,,,,,,,,772,754.5,770.75,141242,762.5531922050548,765.5913951336037
2012-10-19,770.75,779,768.25,771.5,,,0,0,,,,,,,,,,,779,768.25,771.5,138751,763.3665383682315,765.8231051283643
2012-10-22,771,777,768.75,771.25,,,0,0,,,,,,,,,,,777,768.75,771.25,81096,764.0832166983923,766.0359245350951
2012-10-23,771,772.5,759.5,766,,,0,0,,,,,,,,,,,772.5,759.5,766,130327,764.2574697258112,766.0345157297972
2012-10-24,766,773.5,761.5,764.5,,,0,0,,,,,,,,,,,773.5,761.5,764.5,157205,764.2795179325557,765.9743386423543
2012-10-25,763.5,767.5,750.75,752,,,0,0,,,,,,,,,,,767.5,750.75,752,147414,763.1631981205052,765.426325362262
2012-10-26,752,754.75,747,747.75,,,0,0,,,,,,,,,,,754.75,747,747.75,112039,761.7619982913683,764.7331361323694
2012-10-29,747,756,742.5,747,,,0,0,,,,,,,,,,,756,742.5,747,86078,760.4199984466984,764.0377190291392
2012-10-30,747.25,753.75,746,751.75,,,0,0,,,,,,,,,,,753.75,746,751.75,105872,759.6318167697258,763.5558476946632
2012-10-31,751.75,767.75,751.75,765.75,,,0,0,,,,,,,,,,,767.75,751.75,765.75,180255,760.1880152452053,763.6418928831077
2012-11-01,765.5,773.25,760,761,,,0,0,,,,,,,,,,,773.25,760,761,161175,760.2618320410958,763.5382892406329
2012-11-02,760,761.5,746,749.5,,,0,0,,,,,,,,,,,761.5,746,749.5,175125,759.2834836737235,762.9877680939414
2012-11-05,747.5,755,743,745.5,,,0,0,,,,,,,,,,,755,743,745.5,123788,758.030439703385,762.301973266728
2012-11-06,745.5,751.5,745.5,751,,,0,0,,,,,,,,,,,751.5,745.5,751,118109,757.3913088212591,761.8587586288171
2012-11-07,750.5,761.75,744,754.25,,,0,0,,,,,,,,,,,761.75,744,754.25,179049,757.1057352920537,761.5603759374909
2012-11-08,754.5,758,750.5,751.25,,,0,0,,,,,,,,,,,758,750.5,751.25,154253,756.5733957200489,761.156047469354
2012-11-09,751,765,743.5,748.75,,,0,0,,,,,,,,,,,765,743.5,748.75,260266,755.8621779273171,760.6695358038892
2012-11-12,746.75,753.5,722.5,728,,,0,0,,,,,,,,,,,753.5,722.5,728,260971,753.3292526611974,759.38837753707
2012-11-13,727.5,735.75,720.5,733.5,,,0,0,,,,,,,,,,,735.75,720.5,733.5,232439,751.5265933283613,758.3731470454202
2012-11-14,733,739.25,730.25,735.75,,,0,0,,,,,,,,,,,739.25,730.25,735.75,153645,750.0923575712376,757.4859648083449
2012-11-15,735.75,737.75,730.25,731.25,,,0,0,,,,,,,,,,,737.75,730.25,731.25,112562,748.3794159738524,756.4571034433118
2012-11-16,731.25,739.75,721,737,,,0,0,,,,,,,,,,,739.75,721,737,162450,747.3449236125931,755.6940797788682
2012-11-19,736.5,751.25,736.25,748.75,,,0,0,,,,,,,,,,,751.25,736.25,748.75,156748,747.4726578296301,755.421762924795
2012-11-20,748.75,757.25,744.25,753.25,,,0,0,,,,,,,,,,,757.25,744.25,753.25,145852,747.9978707542092,755.3365957512735
2012-11-21,753,757,748,751,,,0,0,,,,,,,,,,,757,748,751,108007,748.2707915947357,755.1665331727922
2012-11-23,756.25,759,753.25,755.5,,,0,0,,,,,,,,,,,759,753.25,755.5,62192,748.9279923588506,755.179610303271
2012-11-26,754.75,763,751.75,757.25,,,0,0,,,,,,,,,,,763,751.75,757.25,133413,749.684538508046,755.2608020560839
2012-11-27,756.5,770.25,756.5,770,,,0,0,,,,,,,,,,,770.25,756.5,770,142387,751.5313986436781,755.8388098185904
2012-11-28,768.75,773.25,764.75,770.25,,,0,0,,,,,,,,,,,773.25,764.75,770.25,111668,753.233089676071,756.4039545315869
2012-11-29,769,773,761,761.5,,,0,0,,,,,,,,,,,773,761,761.5,128067,753.9846269782464,756.6037994519169
2012-11-30,761.5,761.5,750.75,755.5,,,0,0,,,,,,,,,,,761.5,750.75,755.5,140954,754.1223881620422,756.5605131989005
2012-12-03,759,766.75,752.25,757.5,,,0,0,,,,,,,,,,,766.75,752.25,757.5,110701,754.4294437836747,756.5973558185515
2012-12-04,757.25,759.75,749.5,754.75,,,0,0,,,,,,,,,,,759.75,749.5,754.75,146786,754.4585852578862,756.5249104923338
2012-12-05,754.75,762,753,760.5,,,0,0,,,,,,,,,,,762,753,760.5,119785,755.0078047798966,756.6807963553795
2012-12-06,759.75,761.75,750.75,754.25,,,0,0,,,,,,,,,,,761.75,750.75,754.25,97192,754.9389134362696,756.5854710081097
2012-12-07,753.75,755.5,737.75,740,,,0,0,,,,,,,,,,,755.5,737.75,740,167054,753.5808303966087,755.9350603803407
2012-12-10,737.75,739,728,732.75,,,0,0,,,,,,,,,,,739,728,732.75,127961,751.6871185423715,755.0258423262097
2012-12-11,732.75,737.5,726.5,730.75,,,0,0,,,,,,,,,,,737.5,726.5,730.75,139550,749.7837441294287,754.0738485094956
2012-12-12,730.75,734.5,721.75,728.25,,,0,0,,,,,,,,,,,734.5,721.75,728.25,132778,747.8261310267534,753.0611485679468
2012-12-13,727.75,730.75,717.75,723,,,0,0,,,,,,,,,,,730.75,717.75,723,147742,745.5692100243213,751.8822799966548
2012-12-14,722.25,734.5,720.5,733.5,,,0,0,,,,,,,,,,,734.5,720.5,733.5,110147,744.4720091130193,751.1614062712958
2012-12-17,734.75,737.5,724,726.75,,,0,0,,,,,,,,,,,737.5,724,726.75,85027,742.8609173754721,750.2040962214411
2012-12-18,726.75,728.5,718,722.75,,,0,0,,,,,,,,,,,728.5,718,722.75,83591,741.0326521595201,749.1274649970709
2012-12-19,724,725.75,704.25,705.75,,,0,0,,,,,,,,,,,725.75,704.25,705.75,158527,737.8251383268365,747.4263879383623
2012-12-20,706.75,707.75,690.25,699.25,,,0,0,,,,,,,,,,,707.75,690.25,699.25,160185,734.3183075698514,745.5371178231323
2012-12-21,699.75,707.5,699.5,704.75,,,0,0,,,,,,,,,,,707.5,699.5,704.75,67201,731.6302796089558,743.937623006539
2012-12-24,705.75,710,703.25,707,,,0,0,,,,,,,,,,,710,703.25,707,21068,729.3911632808689,742.4890887709884
2012-12-26,707.75,709,695,696,,,0,0,,,,,,,,,,,709,695,696,59316,726.355602982608,740.6659872505575
2012-12-27,696,698.25,692,694.25,,,0,0,,,,,,,,,,,698.25,692,694.25,64279,723.4369118023709,738.8457524564179
2012-12-28,694.5,699,691.5,696.75,,,0,0,,,,,,,,,,,699,691.5,696.75,62755,721.0108289112462,737.1949386345976
2012-12-31,696.75,702.75,692,701,,,0,0,,,,,,,,,,,702.75,692,701,62119,719.1916626465875,735.7755292763782
2013-01-02,709,710,690.5,693.5,,,0,0,,,,,,,,,,,710,690.5,693.5,110788,716.8560569514432,734.1176653831868
2013-01-03,693.5,697.5,687.75,692,,,0,0,,,,,,,,,,,697.5,687.75,692,108074,714.5964154104029,732.4659922309049
2013-01-04,690.75,695,682.25,683,,,0,0,,,,,,,,,,,695,682.25,683,126506,711.7240140094572,730.5261493983204
2013-01-07,683.25,692.75,680.75,688.25,,,0,0,,,,,,,,,,,692.75,680.75,688.25,116838,709.5900127358701,728.8682611866216
2013-01-08,688.25,697.25,686.5,691.5,,,0,0,,,,,,,,,,,697.25,686.5,691.5,122407,707.9454661235183,727.4028391793031
2013-01-09,690.75,698.75,689.25,697,,,0,0,,,,,,,,,,,698.75,689.25,697,115574,706.950423748653,726.2105709761931
2013-01-10,697.5,703.25,697.25,701.5,,,0,0,,,,,,,,,,,703.25,697.25,701.5,134030,706.4549306805936,725.2415289771268
2013-01-11,701.25,726.5,689,711.5,,,0,0,,,,,,,,,,,726.5,689,711.5,305608,706.9135733459942,724.7026454878277
2013-01-14,716.5,729.5,715.75,726.75,,,0,0,,,,,,,,,,,729.5,715.75,726.75,173515,708.7168848599947,724.7829339000697
2013-01-15,726.25,737.25,724.75,733.25,,,0,0,,,,,,,,,,,737.25,724.75,733.25,175272,710.9471680545406,725.11497570791
2013-01-16,732.75,737.75,727.25,734,,,0,0,,,,,,,,,,,737.75,727.25,734,155128,713.0428800495823,725.46340803309
2013-01-17,734,736.75,725.25,727.25,,,0,0,,,,,,,,,,,736.75,725.25,727.25,114277,714.3344364087112,725.5334704631649
2013-01-18,727.25,732.25,725.75,730.25,,,0,0,,,,,,,,,,,732.25,725.75,730.25,134681,715.7813058261011,725.7184324057858
2013-01-22,733,737.5,729,731.25,,,0,0,,,,,,,,,,,737.5,729,731.25,104383,717.1875507510009,725.9353566251668
2013-01-23,730.75,733.25,722,723.5,,,0,0,,,,,,,,,,,733.25,722,723.5,118851,717.7614097736372,725.8398524437878
2013-01-24,723,728.75,717.25,727,,,0,0,,,,,,,,,,,728.75,717.25,727,128864,718.6012816123974,725.8853484263843
2013-01-25,727.75,730.25,720.25,723.5,,,0,0,,,,,,,,,,,730.25,720.25,723.5,110652,719.046619647634,725.7918053508398
2013-01-28,725.5,732.5,721.75,732,,,0,0,,,,,,,,,,,732.5,721.75,732,101032,720.2241996796672,726.0352639645324
2013-01-29,731.25,735.25,730.25,732.25,,,0,0,,,,,,,,,,,735.25,730.25,732.25,109083,721.3174542542429,726.2789791031782
2013-01-30,731.75,743.75,728.25,743,,,0,0,,,,,,,,,,,743.75,728.25,743,152247,723.2885947765844,726.9347054128575
2013-01-31,742,747.25,737,743.25,,,0,0,,,,,,,,,,,747.25,737,743.25,163800,725.1032679787131,727.5745208868631
2013-02-01,743,749,737.75,738.75,,,0,0,,,,,,,,,,,749,737.75,738.75,159080,726.3438799806482,728.0127749697311
2013-02-04,741.25,744.5,733.5,737,,,0,0,,,,,,,,,,,744.5,733.5,737,102032,727.3126181642257,728.3652151669966
2013-02-05,736.75,737.75,726.75,731.75,,,0,0,,,,,,,,,,,737.75,726.75,731.75,138896,727.7160165129325,728.4979518271143
2013-02-06,732,732.25,723.25,725.25,,,0,0,,,,,,,,,,,732.25,723.25,725.25,117529,727.491833193575,728.3705811672274
2013-02-07,724,725,712.75,713.5,,,0,0,,,,,,,,,,,725,712.75,713.5,182487,726.2198483577954,727.7874211214538
2013-02-08,713.25,723.5,709.5,711.75,,,0,0,,,,,,,,,,,723.5,709.5,711.75,244566,724.9044075979958,727.1585026461026
2013-02-11,711.75,716.5,703.75,705,,,0,0,,,,,,,,,,,716.5,703.75,705,185558,723.0949159981781,726.2895417580202
2013-02-12,705,706,694.25,699,,,0,0,,,,,,,,,,,706,694.25,699,202092,720.9044690892528,725.2193636498625
2013-02-13,699.25,703.75,690,698.25,,,0,0,,,,,,,,,,,703.75,690,698.25,187129,718.8449718993207,724.1617415459464
2013-02-14,698.5,702,692.75,697.5,,,0,0,,,,,,,,,,,702,692.75,697.5,133467,716.9045199084734,723.1161830539485
2013-02-15,697.75,706,696.75,701.5,,,0,0,,,,,,,,,,,706,696.75,701.5,126664,715.504109007703,722.2684896008525
2013-02-19,703.75,706,693.75,698,,,0,0,,,,,,,,,,,706,693.75,698,126555,713.9128263706391,721.3167841263092
2013-02-20,699.5,704.25,696,703.25,,,0,0,,,,,,,,,,,704.25,696,703.25,140765,712.9434785187628,720.6082827880226
2013-02-21,702.75,704,692.75,693.5,,,0,0,,,,,,,,,,,704,692.75,693.5,137028,711.1758895625117,719.5452128747668
2013-02-22,694.75,700.5,692.75,693,,,0,0,,,,,,,,,,,700.5,692.75,693,121671,709.5235359659197,718.5042241345799
2013-02-25,692.75,698.25,690.25,696.25,,,0,0,,,,,,,,,,,698.25,690.25,696.25,110974,708.3168508781088,717.6315094626356
2013-02-26,696.25,708.5,694.5,707.75,,,0,0,,,,,,,,,,,708.5,694.5,707.75,125539,708.2653189800989,717.2439992876302
2013-02-27,707.75,714,705.25,712.25,,,0,0,,,,,,,,,,,714,705.25,712.25,117894,708.6275627091808,717.0481561783114
2013-02-28,712,723,710.5,720.5,,,0,0,,,,,,,,,,,723,710.5,720.5,161021,709.7068751901644,717.1835226026914
2013-03-01,720.5,726.75,716.25,725.5,,,0,0,,,,,,,,,,,726.75,716.25,725.5,115810,711.1426138092404,717.5096589712133
2013-03-04,724.5,729.75,712.25,720.25,,,0,0,,,,,,,,,,,729.75,712.25,720.25,129192,711.9705580084004,717.6171233252834
2013-03-05,720,728.25,719.5,726,,,0,0,,,,,,,,,,,728.25,719.5,726,108976,713.2459618258185,717.945863587037
2013-03-06,726,726.75,705,705.5,,,0,0,,,,,,,,,,,726.75,705,705.5,171133,712.5417834780169,717.4577905051924
2013-03-07,705.75,710,699,708.25,,,0,0,,,,,,,,,,,710,699,708.25,128829,712.1516213436518,717.0967006814594
2013-03-08,708,722,706.75,720.5,,,0,0,,,,,,,,,,,722,706.75,720.5,137186,712.9105648578652,717.2301633998336
2013-03-11,720,733.25,719.5,728.25,,,0,0,,,,,,,,,,,733.25,719.5,728.25,139790,714.3050589616956,717.6623138547421
2013-03-12,727,734.75,725.75,731.25,,,0,0,,,,,,,,,,,734.75,725.75,731.25,115805,715.845508146996,718.1951642918111
2013-03-13,730.75,734.75,717.5,727.25,,,0,0,,,,,,,,,,,734.75,717.5,727.25,144583,716.8822801336328,718.5502558882107
2013-03-14,727.75,734,725.25,733.5,,,0,0,,,,,,,,,,,734,725.25,733.5,103856,718.3929819396661,719.1365203631829
2013-03-15,733,736.75,729.25,734,,,0,0,,,,,,,,,,,736.75,729.25,734,100018,719.8118017633328,719.7194019175679
2013-03-18,732.5,738,727,737,,,0,0,,,,,,,,,,,738,727,737,92674,721.3743652393935,720.3970724306045
2013-03-19,736,745.75,735.5,745.5,,,0,0,,,,,,,,,,,745.75,735.5,745.5,131277,723.567604763085,721.3815009627376
2013-03-20,744,750,741.5,749.5,,,0,0,,,,,,,,,,,750,741.5,749.5,121847,725.9250952391682,722.484187199493
2013-03-21,748.25,751.5,743.5,750,,,0,0,,,,,,,,,,,751.5,743.5,750,96276,728.1137229446983,723.5632386818659
2013-03-22,749.25,750,737,743.25,,,0,0,,,,,,,,,,,750,737,743.25,117973,729.4897481315439,724.335268537479
2013-03-25,742.5,751,738.5,750.25,,,0,0,,,,,,,,,,,751,738.5,750.25,94637,731.377043755949,725.3515325164014
2013-03-26,748.5,749.75,742.5,747.25,,,0,0,,,,,,,,,,,749.75,742.5,747.25,94362,732.8200397781354,726.2102959471308
2013-03-27,747,754.75,744.75,752.25,,,0,0,,,,,,,,,,,754.75,744.75,752.25,115147,734.5863997983049,727.2314608119492
2013-03-28,751,753.25,712.25,712.25,,,0,0,,,,,,,,,,,753.25,712.25,712.25,207050,732.555817998459,726.6439525448139
2013-04-01,696,696,653.5,659.25,,,0,0,,,,,,,,,,,696,653.5,659.25,273482,725.8916527258718,724.0010524450173
2013-04-02,664,670.75,651,657.5,,,0,0,,,,,,,,,,,670.75,651,657.5,197041,719.6742297507926,721.3931680354087
2013-04-03,658.5,664,652.75,658.5,,,0,0,,,,,,,,,,,664,652.75,658.5,165636,714.1129361370841,718.9267692889222
2013-04-04,659.5,661,644,647,,,0,0,,,,,,,,,,,661,644,647,169841,708.0117601246219,716.1061116697488
2013-04-05,647,652.75,643.5,646,,,0,0,,,,,,,,,,,652.75,643.5,646,152288,702.3743273860199,713.3568523885822
2013-04-08,644.5,652.5,644.5,650.5,,,0,0,,,,,,,,,,,652.5,644.5,650.5,127966,697.6584794418362,710.8918777851084
2013-04-09,651.25,663,651,661.25,,,0,0,,,,,,,,,,,663,651,661.25,157851,694.3486176743966,708.94513747981
2013-04-10,661,683.75,651.25,666,,,0,0,,,,,,,,,,,683.75,651.25,666,195455,691.7714706130878,707.2610144413861
2013-04-11,666,678.5,664,668.25,,,0,0,,,,,,,,,,,678.5,664,668.25,140556,689.6331551028071,705.7311707378024
2013-04-12,668.25,676.75,668.25,675.5,,,0,0,,,,,,,,,,,676.75,668.25,675.5,93743,688.3483228207338,704.5456346304376
2013-04-15,677.5,678,661.5,663.75,,,0,0,,,,,,,,,,,678,661.5,663.75,96370,686.1121116552125,702.9458058214008
2013-04-16,662,681,658,680.25,,,0,0,,,,,,,,,,,681,658,680.25,112622,685.5791924138296,702.0557742205615
2013-04-17,679.75,682.25,673.5,677.5,,,0,0,,,,,,,,,,,682.25,673.5,677.5,99184,684.8447203762087,701.0928026825003
2013-04-18,676,681.5,660,661.5,,,0,0,,,,,,,,,,,681.5,660,661.5,124212,682.7224730692806,699.5401437537748
2013-04-19,662.25,669.75,659.75,669,,,0,0,,,,,,,,,,,669.75,659.75,669,67425,681.4749755175278,698.3424910575484
2013-04-22,666.5,666.5,657.5,662.75,,,0,0,,,,,,,,,,,666.5,657.5,662.75,66975,679.7727050159343,696.9467070945072
2013-04-23,664.5,664.5,655,655.5,,,0,0,,,,,,,,,,,664.5,655,655.5,91749,677.5660954690312,695.3213460319776
2013-04-24,655.5,661.75,653,656.5,,,0,0,,,,,,,,,,,661.75,653,656.5,84141,675.6509958809374,693.7989403052334
2013-04-25,656.5,664,655.5,662.25,,,0,0,,,,,,,,,,,664,655.5,662.25,53896,674.4327235281249,692.5617269599301
2013-04-26,662,662,655.5,661,,,0,0,,,,,,,,,,,662,655.5,661,78524,673.2115668437499,691.3240121771877
2013-04-29,666,705.75,666,701,,,0,0,,,,,,,,,,,705.75,666,701,93276,675.7377880397727,691.7034626800431
2013-04-30,701.25,710.25,689,691.25,,,0,0,,,,,,,,,,,710.25,689,691.25,151674,677.1479891270661,691.6856798298453
2013-05-01,688.25,694,680.75,688,,,0,0,,,,,,,,,,,694,680.75,688,88189,678.1345355700602,691.5411433659298
2013-05-02,687.25,703.75,686.25,703.25,,,0,0,,,,,,,,,,,703.75,686.25,703.25,92577,680.4177596091456,692.0003142143247
2013-05-03,701.75,708.25,699,702.5,,,0,0,,,,,,,,,,,708.25,699,702.5,77797,682.4252360083142,692.4120665980766
2013-05-06,691.75,693.25,674.5,677.75,,,0,0,,,,,,,,,,,693.25,674.5,677.75,99012,682.0002145530129,691.8370835942305
2013-05-07,679.75,687,675,681.25,,,0,0,,,,,,,,,,,687,675,681.25,85539,681.9320132300118,691.4219038454372
2013-05-08,680.25,684.25,667.75,674.25,,,0,0,,,,,,,,,,,684.25,667.75,674.25,75405,681.2336483909198,690.7484958514985
2013-05-09,674.25,693.75,670.25,690,,,0,0,,,,,,,,,,,693.75,670.25,690,99396,682.0305894462907,690.7191430730084
2013-05-10,688.5,689.75,666.25,677.5,,,0,0,,,,,,,,,,,689.75,666.25,677.5,115706,681.6187176784462,690.2007453054395
2013-05-13,673.75,702.25,673.75,696.75,,,0,0,,,,,,,,,,,702.25,673.75,696.75,134779,682.9942887985874,690.4575788228732
2013-05-14,696.25,699,687.75,693.75,,,0,0,,,,,,,,,,,699,687.75,693.75,64384,683.9720807259886,690.586693378839
2013-05-15,693.25,701,686.25,692,,,0,0,,,,,,,,,,,701,686.25,692,78502,684.7018915690805,690.6421171679041
2013-05-16,691.5,693.25,681.5,682.75,,,0,0,,,,,,,,,,,693.25,681.5,682.75,72057,684.5244468809823,690.3326223770059
2013-05-17,683,697.25,679.5,694,,,0,0,,,,,,,,,,,697.25,679.5,694,98929,685.3858608008929,690.4764411073194
2013-05-20,693.25,702,684,690.75,,,0,0,,,,,,,,,,,702,684,690.75,88236,685.8735098189936,690.4871689070324
2013-05-21,686,688.25,673.75,681.25,,,0,0,,,,,,,,,,,688.25,673.75,681.25,101487,685.4531907445397,690.1249269891096
2013-05-22,681.5,700.5,679,699.75,,,0,0,,,,,,,,,,,700.5,679,699.75,119109,686.7529006768543,690.5023808326739
2013-05-23,699.25,711,694.25,703.25,,,0,0,,,,,,,,,,,711,694.25,703.25,115606,688.2526369789584,691.0022874666867
2013-05-24,701.75,706,696.75,698.5,,,0,0,,,,,,,,,,,706,696.75,698.5,83484,689.1842154354167,691.2963154091696
2013-05-28,700.25,710.75,696.25,707.75,,,0,0,,,,,,,,,,,710.75,696.25,707.75,85496,690.8720140321971,691.9415579421433
2013-05-29,707.25,709.5,692.75,706.25,,,0,0,,,,,,,,,,,709.5,692.75,706.25,135982,692.2700127565428,692.5026733169611
2013-05-30,705,708.5,690.75,695.5,,,0,0,,,,,,,,,,,708.5,690.75,695.5,103450,692.5636479604934,692.6202155398254
2013-05-31,695.25,707,693.5,703.25,,,0,0,,,,,,,,,,,707,693.5,703.25,97577,693.5351345095395,693.0370698323812
2013-06-03,702.5,710.25,685,697,,,0,0,,,,,,,,,,,710.25,685,697,119563,693.8501222813995,693.1924788585624
2013-06-04,696.75,705.5,689.25,701.75,,,0,0,,,,,,,,,,,705.5,689.25,701.75,90516,694.5682929830905,693.5280679229325
2013-06-05,702,708.25,699.75,702,,,0,0,,,,,,,,,,,708.25,699.75,702,99328,695.2439027119004,693.8603005534056
2013-06-06,701.25,705.75,696.75,704.5,,,0,0,,,,,,,,,,,705.75,696.75,704.5,73049,696.0853661017277,694.2775436689584
2013-06-07,704,715.25,700.75,707.5,,,0,0,,,,,,,,,,,715.25,700.75,707.5,122077,697.1230600924797,694.7960713682149
2013-06-10,702.5,705.75,689.75,691.25,,,0,0,,,,,,,,,,,705.75,689.75,691.25,122282,696.5891455386179,694.657009745932
2013-06-11,691.75,702.5,688.5,700.75,,,0,0,,,,,,,,,,,702.5,688.5,700.75,111234,696.9674050351072,694.8959505402091
2013-06-12,700.25,703.25,687.5,692,,,0,0,,,,,,,,,,,703.25,687.5,692,138800,696.5158227591884,694.7823838523578
2013-06-13,693.25,694.25,681.75,684.75,,,0,0,,,,,,,,,,,694.25,681.75,684.75,125191,695.446202508353,694.3889570346183
2013-06-14,685.25,699.25,685,696.25,,,0,0,,,,,,,,,,,699.25,685,696.25,97377,695.5192750075937,694.4619391116921
2013-06-17,693.75,713.25,692.75,709.75,,,0,0,,,,,,,,,,,713.25,692.75,709.75,122002,696.8129772796307,695.0614709112336
2013-06-18,709,718.5,703.75,714.5,,,0,0,,,,,,,,,,,718.5,703.75,714.5,160579,698.4208884360279,695.8237661696166
2013-06-19,713.25,724.75,706.5,723.5,,,0,0,,,,,,,,,,,724.75,706.5,723.5,145518,700.7008076691162,696.909108672769
2013-06-20,721,721,708.75,714.5,,,0,0,,,,,,,,,,,721,708.75,714.5,81189,701.9552796991966,697.5989475483467
2013-06-21,714.25,715,701.5,703,,,0,0,,,,,,,,,,,715,701.5,703,90417,702.0502542719969,697.8107535268429
2013-06-24,701.25,701.5,691.75,694.5,,,0,0,,,,,,,,,,,701.5,691.75,694.5,63780,701.3638675199971,697.6809200552019
2013-06-25,695.25,702,693.25,698,,,0,0,,,,,,,,,,,702,693.25,698,76136,701.0580613818156,697.6934329942136
2013-06-26,699.75,708.25,699.75,705.75,,,0,0,,,,,,,,,,,708.25,699.75,705.75,84387,701.484601256196,698.009376798362
2013-06-27,706.75,707,701.75,704,,,0,0,,,,,,,,,,,707,701.75,704,98323,701.7132738692691,698.2443031984262
2013-06-28,703.5,706,672.25,679,,,0,0,,,,,,,,,,,706,672.25,679,128001,699.6484307902446,697.4896246416251
2013-07-01,677.75,677.75,662.75,663.25,,,0,0,,,,,,,,,,,677.75,662.75,663.25,90633,696.3394825365859,696.1468942635222
2013-07-02,663.75,667,659,664.75,,,0,0,,,,,,,,,,,667,659,664.75,75571,693.4677113968963,694.9156435080899
2013-07-03,666.75,671,659.25,664,,,0,0,,,,,,,,,,,671,659.25,664,59879,690.788828542633,693.7032653313021
2013-07-05,665.75,670.75,657.25,657.5,,,0,0,,,,,,,,,,,670.75,657.25,657.5,45934,687.7625714023936,692.2835294359569
2013-07-08,657.5,667.75,656.75,665,,,0,0,,,,,,,,,,,667.75,656.75,665,46343,685.6932467294488,691.213587105135
2013-07-09,666.5,686.5,666.25,683.5,,,0,0,,,,,,,,,,,686.5,666.25,683.5,71327,685.4938606631353,690.911093493169
2013-07-10,682.75,689.75,680,685.5,,,0,0,,,,,,,,,,,689.75,680,685.5,62905,685.4944187846684,690.6988937483388
2013-07-11,685.5,695.25,677.25,692.5,,,0,0,,,,,,,,,,,695.25,677.25,692.5,71818,686.1312898042439,690.7695253660511
2013-07-12,691.75,692.5,675.25,677.25,,,0,0,,,,,,,,,,,692.5,675.25,677.25,59827,685.32389982204,690.2393479007158
2013-07-15,674.25,675.5,666.25,668,,,0,0,,,,,,,,,,,675.5,666.25,668,50492,683.7489998382181,689.3672166104916
2013-07-16,671.75,681.5,670.75,677,,,0,0,,,,,,,,,,,681.5,670.75,677,55368,683.13545439838,688.8822277238056
2013-07-17,678,680.75,669.5,670.25,,,0,0,,,,,,,,,,,680.75,669.5,670.25,45385,681.9640494530728,688.1515521267936
2013-07-18,669.25,674.25,663.75,672.75,,,0,0,,,,,,,,,,,674.25,663.75,672.75,69576,681.1264085937025,687.5475696904488
2013-07-19,671.5,677.25,668.5,675.75,,,0,0,,,,,,,,,,,677.25,668.5,675.75,77722,680.6376441760932,687.0849198986665
2013-07-22,676,676.75,668,672.5,,,0,0,,,,,,,,,,,676.75,668,672.5,49041,679.8978583419029,686.5129622555816
2013-07-23,671,671,653.25,654.25,,,0,0,,,,,,,,,,,671,653.25,654.25,92858,677.5662348562753,685.2477480494803
2013-07-24,654.25,656,639.5,640,,,0,0,,,,,,,,,,,656,639.5,640,103138,674.1511225966138,683.4733265573437
2013-07-25,640.25,642.5,624,627.75,,,0,0,,,,,,,,,,,642.5,624,627.75,126368,669.9328387241944,681.2880980648989
2013-07-26,627,631.5,622.5,623.75,,,0,0,,,,,,,,,,,631.5,622.5,623.75,65924,665.7343988401767,679.0317020623538
2013-07-29,623.75,629.25,620,621,,,0,0,,,,,,,,,,,629.25,620,621,64514,661.6676353092515,676.7559490403007
2013-07-30,621.5,629,621.25,627.25,,,0,0,,,,,,,,,,,629,621.25,627.25,64592,658.5387593720468,674.8145392740145
2013-07-31,627.25,631.25,624.75,630.75,,,0,0,,,,,,,,,,,631.25,624.75,630.75,76256,656.0125085200425,673.0865181260139
2013-08-01,630.75,631.5,618.25,619.25,,,0,0,,,,,,,,,,,631.5,618.25,619.25,68277,652.6704622909477,670.9752821210722
2013-08-02,619.25,621,607,607.75,,,0,0,,,,,,,,,,,621,607,607.75,83417,648.5867839008616,668.4958592927948
2013-08-05,604.75,606.75,597.25,601,,,0,0,,,,,,,,,,,606.75,597.25,601,74631,644.260712637147,665.8489628499401
2013-08-06,600.75,607.25,597.25,604,,,0,0,,,,,,,,,,,607.25,597.25,604,70677,640.6006478519517,663.4235133264131
2013-08-07,603.75,608,599,600,,,0,0,,,,,,,,,,,608,599,600,90363,636.9096798654107,660.9363167253772
2013-08-08,599.75,607.25,599.75,605.25,,,0,0,,,,,,,,,,,607.25,599.75,605.25,90623,634.0315271503733,658.7525395988919
2013-08-09,604.75,608.5,595.75,597.5,,,0,0,,,,,,,,,,,608.5,595.75,597.5,80179,630.7104792276122,656.3504792224647
2013-08-12,597.25,611.75,588.75,603.75,,,0,0,,,,,,,,,,,611.75,588.75,603.75,110053,628.2595265705565,654.2877153313877
2013-08-13,603.75,608.25,585.5,587,,,0,0,,,,,,,,,,,608.25,585.5,587,112285,624.5086605186877,651.6489813968235
2013-08-14,587,597.5,586.75,596.5,,,0,0,,,,,,,,,,,597.5,586.75,596.5,80627,621.9624186533525,649.486276244007
2013-08-15,596.75,616.75,596,613.25,,,0,0,,,,,,,,,,,616.75,596,613.25,81198,621.1703805939568,648.0652458030655
2013-08-16,612.75,615.5,600.25,605.5,,,0,0,,,,,,,,,,,615.5,600.25,605.5,62894,619.7458005399607,646.3960204774551
2013-08-19,615,625.5,610,625,,,0,0,,,,,,,,,,,625.5,610,625,55413,620.2234550363279,645.5569608508882
2013-08-20,624.5,626,614.25,615.5,,,0,0,,,,,,,,,,,626,614.25,615.5,46399,619.7940500330253,644.3782565037945
2013-08-21,615.25,631.25,613.75,629.75,,,0,0,,,,,,,,,,,631.25,613.75,629.75,74947,620.6991363936594,643.8045993859987
2013-08-22,629,630.5,618.25,619.25,,,0,0,,,,,,,,,,,630.5,618.25,619.25,67915,620.5673967215085,642.8416739198811
2013-08-23,619.25,631.75,618.75,627.25,,,0,0,,,,,,,,,,,631.75,618.75,627.25,73982,621.1749061104623,642.2302357269447
2013-08-26,632.5,654.5,632.5,647.5,,,0,0,,,,,,,,,,,654.5,632.5,647.5,72379,623.5680964640567,642.4368931494174
2013-08-27,646.75,651,630.5,631.5,,,0,0,,,,,,,,,,,651,630.5,631.5,61666,624.2891786036879,642.007995378852
2013-08-28,631.75,638.5,627.25,636,,,0,0,,,,,,,,,,,638.5,627.25,636,62695,625.3537987306254,641.7723877169362
2013-08-29,637,639,632.25,636.75,,,0,0,,,,,,,,,,,639,632.25,636.75,124245,626.3898170278412,641.5754313358799
2013-08-30,635.5,639.25,631.5,637.25,,,0,0,,,,,,,,,,,639.25,631.5,637.25,102569,627.3771063889466,641.4058065776101
2013-09-03,646.25,649,625.5,630.5,,,0,0,,,,,,,,,,,649,625.5,630.5,170017,627.6610058081333,640.9781278882921
2013-09-04,630.5,630.5,621.5,624.75,,,0,0,,,,,,,,,,,630.5,621.5,624.75,116675,627.3963689164848,640.3417307162022
2013-09-05,624.25,624.5,612.25,616.25,,,0,0,,,,,,,,,,,624.5,612.25,616.25,128939,626.3830626513499,639.3969569626256
2013-09-06,616.25,624.25,615.5,623.5,,,0,0,,,,,,,,,,,624.25,615.5,623.5,96575,626.1209660466817,638.7735468856599
2013-09-09,623.75,626.25,617,618.75,,,0,0,,,,,,,,,,,626.25,617,618.75,93541,625.4508782242561,637.988309752889
2013-09-10,617.5,624.75,616,624.25,,,0,0,,,,,,,,,,,624.75,616,624.25,112857,625.3417074765965,637.4495525076777
2013-09-11,624,628.75,621.5,627.75,,,0,0,,,,,,,,,,,628.75,621.5,627.75,110477,625.5606431605423,637.0691778995334
2013-09-12,627.25,628,611.5,621.5,,,0,0,,,,,,,,,,,628,611.5,621.5,201302,625.1914937823112,636.4586219034733
2013-09-13,620,621,613.25,614.25,,,0,0,,,,,,,,,,,621,613.25,614.25,95246,624.1968125293738,635.5876955543174
2013-09-16,612.75,617.25,609.25,611.75,,,0,0,,,,,,,,,,,617.25,609.25,611.75,96537,623.0652841176126,634.652883963952
2013-09-17,612.25,623.75,608.5,609.25,,,0,0,,,,,,,,,,,623.75,608.5,609.25,142922,621.8093491978296,633.6566924359539
2013-09-18,609.25,612.25,607.25,611.5,,,0,0,,,,,,,,,,,612.25,607.25,611.5,98955,620.8721356343906,632.7878025365047
2013-09-19,612.25,618.5,610.75,614.75,,,0,0,,,,,,,,,,,618.5,610.75,614.75,118125,620.315577849446,632.0804377311516
2013-09-20,614.75,615.25,605.75,606.25,,,0,0,,,,,,,,,,,615.25,605.75,606.25,117384,619.0368889540417,631.0674793887536
2013-09-23,605.25,610.25,603.5,608.5,,,0,0,,,,,,,,,,,610.25,603.5,608.5,85790,618.0789899582197,630.1824801970378
2013-09-24,607.75,612.25,603.25,604,,,0,0,,,,,,,,,,,612.25,603.25,604,102415,616.7990817801998,629.1557162677422
2013-09-25,603.5,612,603.5,610,,,0,0,,,,,,,,,,,612,603.5,610,102257,616.1809834365453,628.4045117082228
2013-09-26,609.75,613,606.25,612,,,0,0,,,,,,,,,,,613,606.25,612,81835,615.800894033223,627.7611975235866
2013-09-27,611.75,614.25,608.25,609.25,,,0,0,,,,,,,,,,,614.25,608.25,609.25,96327,615.2053582120209,627.0352682089361
2013-09-30,607.75,617.25,596,596.75,,,0,0,,,,,,,,,,,617.25,596,596.75,231380,613.5275983745645,625.8476106321151
2013-10-01,596.5,600,590.5,594.25,,,0,0,,,,,,,,,,,600,590.5,594.25,162610,611.7750894314223,624.608488646542
2013-10-02,594,596.25,590.25,594.25,,,0,0,,,,,,,,,,,596.25,590.25,594.25,110682,610.1818994831112,623.417959680011
2013-10-03,594,599,593.25,594.5,,,0,0,,,,,,,,,,,599,593.25,594.5,97170,608.7562722573739,622.2839220455007
2013-10-04,594.75,599,594,598.5,,,0,0,,,,,,,,,,,599,594,598.5,80706,607.82388387034,621.351219220187
2013-10-07,598,604.75,596.75,604.5,,,0,0,,,,,,,,,,,604.75,596.75,604.5,148378,607.5217126094,620.6903870939051
2013-10-08,603.75,605,595,597,,,0,0,,,,,,,,,,,605,595,597,127958,606.5651932812727,619.7613523059088
2013-10-09,596.75,602.25,595.75,598.75,,,0,0,,,,,,,,,,,602.25,595.75,598.75,106370,605.8547211647934,618.937377705677
2013-10-10,598.25,601.75,591.75,593.5,,,0,0,,,,,,,,,,,601.75,591.75,593.5,110458,604.7315646952668,617.939833481925
2013-10-11,591.75,592.25,587.75,588.5,,,0,0,,,,,,,,,,,592.25,587.75,588.5,95879,603.255967904788,616.785330208124
2013-10-14,588,592.75,587.25,592.25,,,0,0,,,,,,,,,,,592.75,587.25,592.25,87547,602.2554253679891,615.8231603960407
2013-10-15,591.75,599.25,591.25,598.75,,,0,0,,,,,,,,,,,599.25,591.25,598.75,132993,601.9367503345355,615.1536246942352
2013-10-16,598.25,601.25,594.25,598,,,0,0,,,,,,,,,,,601.25,594.25,598,120313,601.5788639404868,614.4809335297554
2013-10-17,597.25,601.75,596.75,598.25,,,0,0,,,,,,,,,,,601.75,596.75,598.25,109641,601.2762399458971,613.84442633251
2013-10-18,597.75,603,596,596.75,,,0,0,,,,,,,,,,,603,596,596.75,113287,600.8647635871793,613.1740566724116
2013-10-21,595.75,599.75,593.25,599.25,,,0,0,,,,,,,,,,,599.75,593.25,599.25,105735,600.7179668974356,612.6280152342778
2013-10-22,598.5,599.75,592.75,593.5,,,0,0,,,,,,,,,,,599.75,592.75,593.5,94419,600.0617880885778,611.8778969897963
2013-10-23,593.25,601.5,592.75,598,,,0,0,,,,,,,,,,,601.5,592.75,598,154657,599.874352807798,611.3336657352945
2013-10-24,597.25,599.75,593.75,595.5,,,0,0,,,,,,,,,,,599.75,593.75,595.5,145523,599.4766843707255,610.7127376672438
2013-10-25,595.25,597.25,594.75,595.25,,,0,0,,,,,,,,,,,597.25,594.75,595.25,114537,599.0924403370232,610.1063557979401
2013-10-28,594.25,595.25,585.5,586,,,0,0,,,,,,,,,,,595.25,585.5,586,197956,597.9022184882028,609.1610085117463
2013-10-29,585.5,589.25,583.5,587.25,,,0,0,,,,,,,,,,,589.25,583.5,587.25,160427,596.9338349892753,608.3017532759916
2013-10-30,586.75,590.25,584.75,585.5,,,0,0,,,,,,,,,,,590.25,584.75,585.5,145107,595.8943954447957,607.4075668730115
2013-10-31,585.25,591.5,582.25,583.5,,,0,0,,,,,,,,,,,591.5,582.25,583.5,226896,594.7676322225416,606.4700152309326
2013-11-01,583,585,581,582.5,,,0,0,,,,,,,,,,,585,581,582.5,175603,593.6523929295832,605.5300146336411
2013-11-04,581.5,584,580.5,581.5,,,0,0,,,,,,,,,,,584,580.5,581.5,154961,592.5476299359848,604.5876611185964
2013-11-05,580.75,582.25,579.25,580.25,,,0,0,,,,,,,,,,,582.25,579.25,580.25,173087,591.429663578168,603.6332430355142
2013-11-06,579.75,581.25,576,576.5,,,0,0,,,,,,,,,,,581.25,576,576.5,203384,590.0724214346982,602.5691942890235
2013-11-07,576.25,579.5,575.25,575.75,,,0,0,,,,,,,,,,,579.5,575.25,575.75,240006,588.7703831224529,601.51746117965
2013-11-08,574.75,584.75,570.75,582,,,0,0,,,,,,,,,,,584.75,570.75,582,367855,588.1548937476845,600.752070545154
2013-11-11,582.5,592.5,582.5,590,,,0,0,,,,,,,,,,,592.5,582.5,590,256555,588.3226306797131,600.3304207198538
2013-11-12,589.5,593.25,585.5,587.5,,,0,0,,,,,,,,,,,593.25,585.5,587.5,176527,588.2478460724665,599.8272669661341
2013-11-13,587.25,589.75,584,585,,,0,0,,,,,,,,,,,589.75,584,585,226433,587.9525873386059,599.2458055164817
2013-11-14,585,586.5,580.75,581.75,,,0,0,,,,,,,,,,,586.5,580.75,581.75,166631,587.388715762369,598.5596954962275
2013-11-15,581.25,585.25,576.75,577.25,,,0,0,,,,,,,,,,,585.25,576.75,577.25,215387,586.4670143294263,597.7240211630422
2013-11-18,576.75,577.75,566.75,567.25,,,0,0,,,,,,,,,,,577.75,566.75,567.25,251099,584.7200130267512,596.5289615095895
2013-11-19,567,574.25,566,573,,,0,0,,,,,,,,,,,574.25,566,573,184949,583.6545572970465,595.6062571366645
2013-11-20,572.75,574.25,570.25,572.25,,,0,0,,,,,,,,,,,574.25,570.25,572.25,146175,582.6177793609513,594.6903254842463
2013-11-21,572.25,579.25,572,578.25,,,0,0,,,,,,,,,,,579.25,572,578.25,184359,582.2207085099558,594.0456068378053
2013-11-22,577.5,582,575.75,577.5,,,0,0,,,,,,,,,,,582,575.75,577.5,191252,581.7915531908689,593.3967595108326
2013-11-25,577.75,581.75,577.5,580,,,0,0,,,,,,,,,,,581.75,577.5,580,122502,581.6286847189717,592.8713963927607
2013-11-26,580,580.25,571,573.75,,,0,0,,,,,,,,,,,580.25,571,573.75,134287,580.9124406536107,592.1215377106917
2013-11-27,573.25,577.5,571.5,572.5,,,0,0,,,,,,,,,,,577.5,571.5,572.5,132013,580.1476733214643,591.3520656436057
2013-11-29,572.5,573,567.75,570.5,,,0,0,,,,,,,,,,,573,567.75,570.5,68987,579.270612110422,590.5343375791506
2013-12-02,568.75,571,564.5,570.5,,,0,0,,,,,,,,,,,571,564.5,570.5,105345,578.4732837367472,589.748677281929
2013-12-03,570.5,578.25,569,577.25,,,0,0,,,,,,,,,,,578.25,569,577.25,116954,578.3620761243156,589.2585330747945
2013-12-04,576.75,585.5,572.5,582.5,,,0,0,,,,,,,,,,,585.5,572.5,582.5,154192,578.7382510221051,588.9934925620574
2013-12-05,581.75,583.75,577,579.5,,,0,0,,,,,,,,,,,583.75,577,579.5,101066,578.8075009291865,588.6211987360944
2013-12-06,579.25,582.75,576,580.25,,,0,0,,,,,,,,,,,582.75,576,580.25,94021,578.9386372083513,588.2929164327181
2013-12-09,579.75,584.5,578.5,584,,,0,0,,,,,,,,,,,584.5,578.5,584,83193,579.3987610985013,588.12456676869
2013-12-10,583,586.75,576.75,582,,,0,0,,,,,,,,,,,586.75,576.75,582,137773,579.6352373622739,587.8843876797217
2013-12-11,582,585.75,580.25,585.25,,,0,0,,,,,,,,,,,585.75,580.25,585.25,75536,580.1456703293399,587.7810783589483
2013-12-12,584.5,585,574,580.25,,,0,0,,,,,,,,,,,585,574,580.25,146406,580.1551548448545,587.4857419527151
2013-12-13,579.5,581,571,571.5,,,0,0,,,,,,,,,,,581,571,571.5,106098,579.3683225862313,586.8588501114322
2013-12-16,571.75,572.5,566.5,569.25,,,0,0,,,,,,,,,,,572.5,566.5,569.25,114420,578.4484750783921,586.1683069698074
2013-12-17,569,575,568,572.75,,,0,0,,,,,,,,,,,575,568,572.75,89620,577.9304318894474,585.6420988533444
2013-12-18,572,575.75,569,571,,,0,0,,,,,,,,,,,575.75,569,571,81535,577.3003926267703,585.0678988983112
2013-12-19,571,577,570.25,576.5,,,0,0,,,,,,,,,,,577,570.25,576.5,99370,577.2276296607002,584.7319028630833
2013-12-20,575.75,580.25,573.5,579.25,,,0,0,,,,,,,,,,,580.25,573.5,579.25,92615,577.4114815097275,584.5169262802173
2013-12-23,579,582,577.75,580.25,,,0,0,,,,,,,,,,,582,577.75,580.25,65971,577.6695286452068,584.3495958378558
2013-12-24,579.5,581.75,577.75,580.5,,,0,0,,,,,,,,,,,581.75,577.75,580.5,28452,577.9268442229153,584.1986312951948
2013-12-26,579,579,572,572.25,,,0,0,,,,,,,,,,,579,572,572.25,72950,577.4107674753775,583.7300575189126
2013-12-27,572.25,575,572,573.5,,,0,0,,,,,,,,,,,575,572,573.5,52403,577.0552431594341,583.3288787926808
2013-12-30,572.5,572.75,569,569.5,,,0,0,,,,,,,,,,,572.75,569,569.5,60441,576.3684028722129,582.7865698204188
2013-12-31,569.5,569.5,567.25,568,,,0,0,,,,,,,,,,,569.5,567.25,568,77092,575.607638974739,582.2067043372651
2014-01-02,568,573.25,564.5,566.5,,,0,0,,,,,,,,,,,573.25,564.5,566.5,136284,574.7796717952173,581.5907551475684
2014-01-03,566.5,570,563,569.5,,,0,0,,,,,,,,,,,570,563,569.5,110192,574.2997016320157,581.1166078868795
2014-01-06,569.5,574,569.5,573.75,,,0,0,,,,,,,,,,,574,569.5,573.75,96635,574.249728756378,580.8277213030802
2014-01-07,573,576,571.25,572,,,0,0,,,,,,,,,,,576,571.25,572,124441,574.0452079603436,580.4815361539398
2014-01-08,571.25,573.75,560.75,563,,,0,0,,,,,,,,,,,573.75,560.75,563,221233,573.0410981457669,579.7959857165304
2014-01-09,562,562.75,554,558,,,0,0,,,,,,,,,,,562.75,554,558,228114,571.6737255870609,578.9412411786273
2014-01-10,557.5,579,552.25,578.75,,,0,0,,,,,,,,,,,579,552.25,578.75,365581,572.3170232609644,578.9337415245634
2014-01-13,577.75,581.5,576.5,580.5,,,0,0,,,,,,,,,,,581.5,576.5,580.5,219138,573.0609302372404,578.9951634255609
2014-01-14,579.5,580,573.25,577.5,,,0,0,,,,,,,,,,,580,573.25,577.5,156818,573.4644820338549,578.936529565735
2014-01-15,577,577.5,571.5,571.75,,,0,0,,,,,,,,,,,577.5,571.5,571.75,118783,573.3086200307772,578.6547048768826
2014-01-16,571.75,576,571,574,,,0,0,,,,,,,,,,,576,571,574,131695,573.3714727552521,578.4721674307303
2014-01-17,573,574,568.25,570,,,0,0,,,,,,,,,,,574,568.25,570,95493,573.0649752320473,578.1399255707017
2014-01-21,570,571.75,567,571,,,0,0,,,,,,,,,,,571.75,567,571,134010,572.8772502109522,577.8599284894977
2014-01-22,571,575,570.5,572.25,,,0,0,,,,,,,,,,,575,570.5,572.25,114794,572.820227464502,577.6399312938312
2014-01-23,572,577.25,571.75,575,,,0,0,,,,,,,,,,,577.25,571.75,575,157783,573.0183886040927,577.5364045764261
2014-01-24,574.5,576.25,571.5,575.5,,,0,0,,,,,,,,,,,576.25,571.5,575.5,126819,573.2439896400842,577.456545573429
2014-01-27,574.75,578.75,573,577.75,,,0,0,,,,,,,,,,,578.75,573,577.75,132838,573.6536269455311,577.4680535901573
2014-01-28,577,579.75,576.75,578,,,0,0,,,,,,,,,,,579.75,576.75,578,118856,574.0487517686646,577.4889142336806
2014-01-29,577.25,577.75,573,573.5,,,0,0,,,,,,,,,,,577.75,573,573.5,147425,573.9988652442405,577.3324862245166
2014-01-30,573.5,580.5,573.25,579.5,,,0,0,,,,,,,,,,,580.5,573.25,579.5,174534,574.498968403855,577.4174867647316
2014-01-31,578.5,580.5,577.25,580,,,0,0,,,,,,,,,,,580.5,577.25,580,135050,574.9990621853227,577.5187617935657
2014-02-03,579.5,584.75,579.25,581.75,,,0,0,,,,,,,,,,,584.75,579.25,581.75,167839,575.6127838048388,577.6846927036219
2014-02-04,581.5,588,580.5,587.75,,,0,0,,,,,,,,,,,588,580.5,587.75,179800,576.716167095308,578.0794106368131
2014-02-05,587,590,585,589.25,,,0,0,,,,,,,,,,,590,585,589.25,169908,577.85560645028,578.5174729647813
2014-02-06,588.5,593.25,587.25,589,,,0,0,,,,,,,,,,,593.25,587.25,589,191086,578.8687331366182,578.9285524563585
2014-02-07,588.5,591,586.5,590.25,,,0,0,,,,,,,,,,,591,586.5,590.25,171623,579.9033937605619,579.3725307914033
2014-02-10,588.75,595,586,589,,,0,0,,,,,,,,,,,595,586,589,252408,580.7303579641472,579.7500786035051
2014-02-11,588.75,590,583.25,587.5,,,0,0,,,,,,,,,,,590,583.25,587.5,221223,581.3457799674065,580.0539970896422
2014-02-12,586.75,591.75,585.25,586,,,0,0,,,,,,,,,,,591.75,585.25,586,209920,581.7688908794605,580.2871736743621
2014-02-13,585.75,588,585,586.5,,,0,0,,,,,,,,,,,588,585,586.5,174150,582.1989917086005,580.5308139224263
2014-02-14,586.25,592,584,591.25,,,0,0,,,,,,,,,,,592,584,591.25,177419,583.0218106441822,580.9511741607625
2014-02-18,591,596,590.5,595.5,,,0,0,,,,,,,,,,,596,590.5,595.5,140683,584.1561914947112,581.5217163505366
2014-02-19,594.5,600.5,594.25,599.75,,,0,0,,,,,,,,,,,600.5,594.25,599.75,243325,585.5738104497374,582.2365510034567
2014-02-20,599.25,602.5,597,601.75,,,0,0,,,,,,,,,,,602.5,597,601.75,191961,587.0443731361249,583.0017842974388
2014-02-21,601.5,602.5,596.25,599,,,0,0,,,,,,,,,,,602.5,596.25,599,145576,588.1312483055681,583.6291653053823
2014-02-24,597.5,598.75,591.5,597.5,,,0,0,,,,,,,,,,,598.75,591.5,597.5,141751,588.9829530050619,584.1731196071321
2014-02-25,597,602.25,594.25,601.75,,,0,0,,,,,,,,,,,602.25,594.25,601.75,123589,590.1435936409654,584.8624090343034
2014-02-26,600.75,605,599.75,601.5,,,0,0,,,,,,,,,,,605,599.75,601.5,113291,591.1759942190595,585.5148635819777
2014-02-27,601,604,593,594,,,0,0,,,,,,,,,,,604,593,594,140676,591.4327220173268,585.8476140297432
2014-02-28,593.5,604.5,593,603,,,0,0,,,,,,,,,,,604.5,593,603,159577,592.4842927430244,586.5202566168122
2014-03-03,604.25,622.25,603.5,610,,,0,0,,,,,,,,,,,622.25,603.5,610,264339,594.0766297663858,587.4410308671332
2014-03-04,609,624.5,604.75,623.75,,,0,0,,,,,,,,,,,624.5,604.75,623.75,201252,596.7742088785326,588.8649120095986
2014-03-05,622.5,627.5,618.75,621.5,,,0,0,,,,,,,,,,,627.5,618.75,621.5,191223,599.0220080713933,590.1447193817712
2014-03-06,619.75,632,618,630.5,,,0,0,,,,,,,,,,,632,618,630.5,166431,601.8836437012667,591.7272794060154
2014-03-07,629.5,642,624,628.5,,,0,0,,,,,,,,,,,642,624,628.5,197208,604.303312455697,593.1693468802894
2014-03-10,626,627.25,615,617.75,,,0,0,,,,,,,,,,,627.25,615,617.75,178317,605.5257385960882,594.1332940614545
2014-03-11,616.5,624.5,612.75,622.75,,,0,0,,,,,,,,,,,624.5,612.75,622.75,147231,607.0915805418983,595.2555178237504
2014-03-12,622.5,628.5,616,628,,,0,0,,,,,,,,,,,628.5,616,628,131585,608.9923459471803,596.5396151639956
2014-03-13,626.5,632.75,621.75,624.5,,,0,0,,,,,,,,,,,632.75,621.75,624.5,119831,610.4021326792548,597.6361008438389
2014-03-14,623.5,628.5,618,625.5,,,0,0,,,,,,,,,,,628.5,618,625.5,109124,611.7746660720499,598.7288027715315
2014-03-17,624,627,616,618.5,,,0,0,,,,,,,,,,,627,616,618.5,85187,612.3860600654999,599.5041438393146
2014-03-18,617.75,626.5,616.5,625.75,,,0,0,,,,,,,,,,,626.5,616.5,625.75,90577,613.6009636959091,600.533393100518
2014-03-19,625.25,631.25,621.75,627.25,,,0,0,,,,,,,,,,,631.25,621.75,627.25,113870,614.8417851780991,601.5811031750075
2014-03-20,626.5,627,617.5,618,,,0,0,,,,,,,,,,,627,617.5,618,102863,615.1288956164537,602.2249814818699
2014-03-21,618,620.5,615.5,618.5,,,0,0,,,,,,,,,,,620.5,615.5,618.5,86237,615.4353596513216,602.8632175021887
2014-03-24,618.5,630.5,618,629.5,,,0,0,,,,,,,,,,,630.5,618,629.5,110121,616.7139633193833,603.9077972079853
2014-03-25,629,629.5,624.5,626,,,0,0,,,,,,,,,,,629.5,624.5,626,84748,617.5581484721666,604.7741581017898
2014-03-26,625.5,627.25,622,624,,,0,0,,,,,,,,,,,627.25,622,624,79966,618.1437713383333,605.5281126860333
2014-03-27,623.5,632.25,621.5,631.5,,,0,0,,,,,,,,,,,632.25,621.5,631.5,132271,619.3579739439393,606.5466180708947
2014-03-28,630.5,635.75,628.5,631.5,,,0,0,,,,,,,,,,,635.75,628.5,631.5,118113,620.4617944944903,607.5251820681145
2014-03-31,629.75,643.25,615,641.5,,,0,0,,,,,,,,,,,643.25,615,641.5,283223,622.3743586313548,608.857527869365
2014-04-01,641,652,640.75,647,,,0,0,,,,,,,,,,,652,640.75,647,172036,624.6130533012316,610.3533110901742
2014-04-02,646.25,647,630,635.25,,,0,0,,,,,,,,,,,647,630,635.25,159001,625.5800484556651,611.329651831736
2014-04-03,636.5,640.5,633.5,639.5,,,0,0,,,,,,,,,,,640.5,633.5,639.5,107969,626.8454985960592,612.4343713677464
2014-04-04,638,642,632.25,641.25,,,0,0,,,,,,,,,,,642,632.25,641.25,102928,628.1549987236901,613.5643960199916
2014-04-07,639.75,642,634,638.75,,,0,0,,,,,,,,,,,642,634,638.75,156859,629.1181806579001,614.5520667643057
2014-04-08,638,647,635.75,646.5,,,0,0,,,,,,,,,,,647,635.75,646.5,131388,630.6983460526365,615.8049268911957
2014-04-09,645.75,658.5,639.5,641.75,,,0,0,,,,,,,,,,,658.5,639.5,641.75,266121,631.7030418660331,616.8223807385998
2014-04-10,641.5,642.5,633.5,640.75,,,0,0,,,,,,,,,,,642.5,633.5,640.75,152750,632.5254926054846,617.7607187488508
2014-04-11,638.5,644.75,637,638,,,0,0,,,,,,,,,,,644.75,637,638,147245,633.0231750958951,618.5544160528174
2014-04-14,637.75,646.5,637,642.5,,,0,0,,,,,,,,,,,646.5,637,642.5,113216,633.884704632632,619.49345856055
2014-04-15,642.25,646.25,637,643.25,,,0,0,,,,,,,,,,,646.25,637,643.25,134416,634.7360951205745,620.4250876366069
2014-04-16,642,644.5,634.75,637,,,0,0,,,,,,,,,,,644.5,634.75,637,103705,634.9419046550678,621.0750841998772
2014-04-17,637,640.75,632.5,634.25,,,0,0,,,,,,,,,,,640.75,632.5,634.25,102322,634.8790042318798,621.5917475645879
2014-04-21,633.5,633.5,625,628,,,0,0,,,,,,,,,,,633.5,625,628,115411,634.2536402107997,621.8430515816628
2014-04-22,628.5,639.5,626.75,635.75,,,0,0,,,,,,,,,,,639.5,626.75,635.75,162634,634.3896729189089,622.3884221078722
2014-04-23,635.25,643.75,634,643,,,0,0,,,,,,,,,,,643.75,634,643,107481,635.1724299262809,623.1967192801125
2014-04-24,642.25,647,639,640.75,,,0,0,,,,,,,,,,,647,639,640.75,111415,635.6794817511644,623.885083229912
2014-04-25,640.75,650.25,640.25,646.5,,,0,0,,,,,,,,,,,650.25,640.25,646.5,90449,636.6631652283313,624.7719427110919
2014-04-28,645.75,652,644.75,647.25,,,0,0,,,,,,,,,,,652,644.75,647.25,99351,637.6256047530285,625.6534351537942
2014-04-29,648.5,655.5,647.75,655.25,,,0,0,,,,,,,,,,,655.5,647.75,655.25,87219,639.2278225027532,626.8140847556062
2014-04-30,654.5,655.25,648.25,652.75,,,0,0,,,,,,,,,,,655.25,648.25,652.75,112742,640.4571113661392,627.8311794710727
2014-05-01,651.75,654.75,638.25,640.75,,,0,0,,,,,,,,,,,654.75,638.25,640.75,151051,640.483737605581,628.3377998839718
2014-05-02,640.75,643.5,631.5,633.25,,,0,0,,,,,,,,,,,643.5,631.5,633.25,125005,639.8261250959828,628.5304351826396
2014-05-05,632.75,643.25,631.25,641.75,,,0,0,,,,,,,,,,,643.25,631.25,641.75,109905,640.0010228145298,629.0488494892028
2014-05-06,641,652.75,635.75,651.25,,,0,0,,,,,,,,,,,652.75,635.75,651.25,118389,641.023657104118,629.9194828425674
2014-05-07,650,652.75,644,647.75,,,0,0,,,,,,,,,,,652.75,644,647.75,115711,641.6351428219255,630.6187188095255
2014-05-08,647.5,650.75,641.75,650.25,,,0,0,,,,,,,,,,,650.75,641.75,650.25,106988,642.4183116562958,631.3885729738578
2014-05-09,649.25,656.5,639.5,641.25,,,0,0,,,,,,,,,,,656.5,639.5,641.25,219709,642.3121015057235,631.7752956023339
2014-05-12,639,640,632.25,633.25,,,0,0,,,,,,,,,,,640,632.25,633.25,98611,641.4882740961123,631.8331271473404
2014-05-13,632.75,637.25,631.25,636.5,,,0,0,,,,,,,,,,,637.25,631.25,636.5,95487,641.0347946328293,632.0161417690133
2014-05-14,635.75,638.25,629,629.25,,,0,0,,,,,,,,,,,638.25,629,629.25,105785,639.9634496662085,631.9076656212088
2014-05-15,629.25,631,615.5,618,,,0,0,,,,,,,,,,,631,615.5,618,138763,637.9667724238259,631.3622669693967
2014-05-16,618.25,620.75,614,617.25,,,0,0,,,,,,,,,,,620.75,614,617.25,92663,636.0834294762053,630.8088447353027
2014-05-19,615.5,616.25,610,611,,,0,0,,,,,,,,,,,616.25,610,611,119746,633.8031177056412,630.0320272947026
2014-05-20,611.5,615,606.75,607.25,,,0,0,,,,,,,,,,,615,606.75,607.25,113173,631.3891979142193,629.1386144596163
2014-05-21,607.25,609.75,606.25,608.25,,,0,0,,,,,,,,,,,609.75,606.25,608.25,96480,629.285634467472,628.3194531082588
2014-05-22,608.25,616.25,606.25,610.5,,,0,0,,,,,,,,,,,616.25,606.25,610.5,110932,627.5778495158837,627.620651025582
2014-05-23,611.25,614.25,609.25,611.75,,,0,0,,,,,,,,,,,614.25,609.25,611.75,85635,626.1389541053488,626.9982725539905
2014-05-27,608.25,608.75,603,603.5,,,0,0,,,,,,,,,,,608.75,603,603.5,101114,624.080867368499,626.0767716695203
2014-05-28,603.5,606.75,600.25,606.25,,,0,0,,,,,,,,,,,606.75,600.25,606.25,102757,622.4598794259082,625.299251211892
2014-05-29,606.25,606.5,601,603.25,,,0,0,,,,,,,,,,,606.5,601,603.25,131247,620.7135267508256,624.4345746937786
2014-05-30,603.5,607.25,598.75,599.5,,,0,0,,,,,,,,,,,607.25,598.75,599.5,128747,618.7850243189324,623.456748235199
2014-06-02,598.75,604.25,594,599.25,,,0,0,,,,,,,,,,,604.25,594,599.25,160531,617.0091130172112,622.5074639906815
2014-06-03,597,598.75,589.75,592,,,0,0,,,,,,,,,,,598.75,589.75,592,118132,614.7355572883738,621.3110928537919
2014-06-04,592.25,594.25,588,590,,,0,0,,,,,,,,,,,594.25,588,590,93357,612.486870262158,620.0832068595256
2014-06-05,590.75,591.75,582.25,582.75,,,0,0,,,,,,,,,,,591.75,582.25,582.75,113818,609.7835184201437,618.619159531701
2014-06-06,582.75,593.5,580.75,592.75,,,0,0,,,,,,,,,,,593.5,580.75,592.75,163777,608.2350167455851,617.6046826873206
2014-06-09,590.75,591.25,579.25,584.75,,,0,0,,,,,,,,,,,591.25,579.25,584.75,158202,606.1000152232592,616.3162637584061
2014-06-10,584.25,588.75,578.5,579.25,,,0,0,,,,,,,,,,,588.75,578.5,579.25,142517,603.6591047484175,614.8626847874882
2014-06-11,579.25,583.5,573,574.75,,,0,0,,,,,,,,,,,583.5,573,574.75,185493,601.0310043167432,613.2896383252338
2014-06-12,574.25,578.75,573.25,577.75,,,0,0,,,,,,,,,,,578.75,573.25,577.75,157865,598.9145493788575,611.8959270183619
2014-06-13,577.75,583.5,577.5,580.75,,,0,0,,,,,,,,,,,583.5,577.5,580.75,127960,597.2632267080522,610.674518115681
2014-06-16,578,583.25,574,574.75,,,0,0,,,,,,,,,,,583.25,574,574.75,128964,595.2165697345929,609.2657134836936
2014-06-17,574.5,575.25,569.25,572.5,,,0,0,,,,,,,,,,,575.25,569.25,572.5,109891,593.1514270314481,607.8239207980586
2014-06-18,572.25,577.5,572.25,575.25,,,0,0,,,,,,,,,,,577.5,572.25,575.25,95337,591.5240245740437,606.5465121393112
2014-06-19,574.75,584.5,574.75,584.25,,,0,0,,,,,,,,,,,584.5,574.75,584.25,117242,590.862749612767,605.6721391142402
2014-06-20,583.5,587.5,580,587,,,0,0,,,,,,,,,,,587.5,580,587,112310,590.5115905570609,604.9398983646621
2014-06-23,586.75,591.5,577.75,578.25,,,0,0,,,,,,,,,,,591.5,577.75,578.25,113223,589.396900506419,603.8932356836949
2014-06-24,578.5,578.75,573.25,576.75,,,0,0,,,,,,,,,,,578.75,573.25,576.75,108660,588.2471822785627,602.8287950686481
2014-06-25,576.75,576.75,573.75,574.75,,,0,0,,,,,,,,,,,576.75,573.75,574.75,135829,587.0201657077843,601.7276658502698
2014-06-26,575.25,579.75,574.5,576.5,,,0,0,,,,,,,,,,,579.75,574.5,576.5,121751,586.0637870070766,600.7383456208474
2014-06-27,575.75,580,573.75,579.75,,,0,0,,,,,,,,,,,580,573.75,579.75,120706,585.4898063700697,599.9152732435593
2014-06-30,579.25,579.25,554.5,556.25,,,0,0,,,,,,,,,,,579.25,554.5,556.25,174734,582.8316421546089,598.2029095869492
2014-07-01,555.5,556,547.75,553.5,,,0,0,,,,,,,,,,,556,547.75,553.5,96304,580.1651292314626,596.4498543090297
2014-07-02,553.5,554,547.5,549.75,,,0,0,,,,,,,,,,,554,547.5,549.75,63538,577.4001174831478,594.6184874733815
2014-07-03,550,551.5,546.5,547,,,0,0,,,,,,,,,,,551.5,546.5,547,47654,574.6364704392253,592.7510958077587
2014-07-07,543.25,543.5,534.5,538,,,0,0,,,,,,,,,,,543.5,534.5,538,107401,571.3058822174775,590.603994011376
2014-07-08,538,539.75,534.25,535.75,,,0,0,,,,,,,,,,,539.75,534.25,535.75,91909,568.0735292886159,588.452856991322
2014-07-09,535.25,535.5,526,528.75,,,0,0,,,,,,,,,,,535.5,526,528.75,90427,564.4986629896508,586.1115684818584
2014-07-10,527.75,531.75,522.75,523.75,,,0,0,,,,,,,,,,,531.75,522.75,523.75,93870,560.7942390815008,583.6660167766875
2014-07-11,523.5,526,513.25,515.75,,,0,0,,,,,,,,,,,526,513.25,515.75,99779,556.6993082559098,581.0026435697586
2014-07-14,514.75,520.25,511.5,519,,,0,0,,,,,,,,,,,520.25,511.5,519,63853,553.2720984144635,578.5711673513366
2014-07-15,518.5,518.75,508.5,511.5,,,0,0,,,,,,,,,,,518.75,508.5,511.5,104821,549.4746349222395,575.9409254944214
2014-07-16,511.5,523.75,511.25,515.75,,,0,0,,,,,,,,,,,523.75,511.25,515.75,87367,546.4087590202178,573.5804970436598
2014-07-17,515.5,525.25,512,517,,,0,0,,,,,,,,,,,525.25,512,517,99242,543.7352354729252,571.3616540223397
2014-07-18,516.5,518.75,508.25,508.75,,,0,0,,,,,,,,,,,518.75,508.25,508.75,63661,540.5547595208411,568.9062950410715
2014-07-21,506.5,506.5,500.5,501.5,,,0,0,,,,,,,,,,,506.5,500.5,501.5,80268,537.0043268371282,566.2629109218138
2014-07-22,501,504.5,497.5,497.75,,,0,0,,,,,,,,,,,504.5,497.5,497.75,56738,533.4357516701166,563.5761301013506
2014-07-23,497.5,501,495,500,,,0,0,,,,,,,,,,,501,495,500,59923,530.3961378819241,561.0829485287486
2014-07-24,499.25,506.5,494,499,,,0,0,,,,,,,,,,,506.5,494,499,80591,527.541943529022,558.6483230962486
2014-07-25,498.5,501,494.5,500.5,,,0,0,,,,,,,,,,,501,494.5,500.5,76154,525.0835850263836,556.3679967003173
2014-07-28,500.5,506.75,500.5,505.25,,,0,0,,,,,,,,,,,506.75,500.5,505.25,62888,523.280531842167,554.3633693787363
2014-07-29,505,506,496,499,,,0,0,,,,,,,,,,,506,496,499,76338,521.0732107656063,552.1922568540799
2014-07-30,498.5,501.75,495.25,499.25,,,0,0,,,,,,,,,,,501.75,495.25,499.25,78868,519.0892825141875,550.1160899186258
2014-07-31,498,499,494.25,494.5,,,0,0,,,,,,,,,,,499,494.25,494.5,68927,516.853893194716,547.9350667845621
2014-08-01,494.5,496.25,489,490,,,0,0,,,,,,,,,,,496.25,489,490,73337,514.4126301770145,545.663103381246
2014-08-04,489,498.75,489,496.25,,,0,0,,,,,,,,,,,498.75,489,496.25,75699,512.7614819791041,543.7253346211971
2014-08-05,495.5,495.75,490.5,493.75,,,0,0,,,,,,,,,,,495.75,490.5,493.75,65793,511.0331654355492,541.7655175772286
2014-08-06,493.25,501.5,493,500.75,,,0,0,,,,,,,,,,,501.5,493,500.75,75358,510.09833221413567,540.1570659075334
2014-08-07,499.5,500.25,493.25,497,,,0,0,,,,,,,,,,,500.25,493.25,497,133125,508.9075747401233,538.4646319503752
2014-08-08,496.25,497,488.75,489.25,,,0,0,,,,,,,,,,,497,488.75,489.25,123611,507.1205224910212,536.5346463836938
2014-08-11,488.5,495.25,488,494.25,,,0,0,,,,,,,,,,,495.25,488,494.25,165303,505.95047499183744,534.8764249568823
2014-08-12,493,499.5,485.25,496,,,0,0,,,,,,,,,,,499.5,485.25,496,194070,505.0458863562159,533.3518592722986
2014-08-13,495.5,498.5,492,495.5,,,0,0,,,,,,,,,,,498.5,492,495.5,110215,504.1780785056508,531.8674726341693
2014-08-14,495.25,500.25,492.5,499.5,,,0,0,,,,,,,,,,,500.25,492.5,499.5,68506,503.7527986415007,530.598159981849
2014-08-15,498.5,505.5,498,503.25,,,0,0,,,,,,,,,,,505.5,498,503.25,74813,503.70708967409155,529.5256831198157
2014-08-18,503,507.5,497.25,498.25,,,0,0,,,,,,,,,,,507.5,497.25,498.25,78822,503.2109906128105,528.2991857425679
2014-08-19,497.5,500.75,494,500,,,0,0,,,,,,,,,,,500.75,494,500,80142,502.9190823752823,527.1894137526633
2014-08-20,499,499.5,493.75,497,,,0,0,,,,,,,,,,,499.5,493.75,497,95879,502.38098397752935,526.0055151741275
2014-08-21,496.25,503.5,495.5,499.75,,,0,0,,,,,,,,,,,503.5,495.5,499.75,98455,502.14180361593577,524.9758871280833
2014-08-22,498.75,504.5,498.75,503,,,0,0,,,,,,,,,,,504.5,498.75,503,107057,502.2198214690325,524.1140876328643
2014-08-25,501,501.75,496.25,497.5,,,0,0,,,,,,,,,,,501.75,496.25,497.5,78751,501.7907467900296,523.0703979217716
2014-08-26,496.5,497,491,493.5,,,0,0,,,,,,,,,,,497,491,493.5,86304,501.0370425363905,521.910774473859
2014-08-27,492.5,494,490,493.5,,,0,0,,,,,,,,,,,494,490,493.5,72872,500.35185685126413,520.7966264552763
2014-08-28,492.75,498.5,492,497.75,,,0,0,,,,,,,,,,,498.5,492,497.75,145741,500.11532441024013,519.8928371825203
2014-08-29,496.5,497.5,491,493.25,,,0,0,,,,,,,,,,,497.5,491,493.25,108160,499.49120400930923,518.8480200381077
2014-09-02,491.75,496,490.75,492.25,,,0,0,,,,,,,,,,,496,490.75,492.25,90534,498.83291273573565,517.8049604287702
2014-09-03,491.25,491.25,479.75,480.5,,,0,0,,,,,,,,,,,491.25,479.75,480.5,176838,497.1662843052142,516.3420208041125
2014-09-04,480.5,481.75,472.25,475,,,0,0,,,,,,,,,,,481.75,472.25,475,154579,495.15116755019477,514.7207650863041
2014-09-05,475.25,486,475.25,484.5,,,0,0,,,,,,,,,,,486,475.25,484.5,153539,494.18287959108613,513.535637043704
2014-09-08,483,486.5,474.75,476.75,,,0,0,,,,,,,,,,,486.5,474.75,476.75,113536,492.59807235553285,512.0930630419901
2014-09-09,476.75,476.75,471.5,472.75,,,0,0,,,,,,,,,,,476.75,471.5,472.75,96221,490.7937021413935,510.5501978246572
2014-09-10,472.5,475.75,471.5,474.25,,,0,0,,,,,,,,,,,475.75,471.5,474.25,101232,489.28972921944865,509.1266606550628
2014-09-11,474,474,464.25,469.5,,,0,0,,,,,,,,,,,474,464.25,469.5,171481,487.4906629267715,507.57267396270737
2014-09-12,469.5,472.5,465.75,467,,,0,0,,,,,,,,,,,472.5,465.75,467,106215,485.6278753879741,505.98158870926784
2014-09-15,465.5,472,464.25,471.5,,,0,0,,,,,,,,,,,472,464.25,471.5,102671,484.3435230799764,504.62936954419854
2014-09-16,471,479,467.25,472.25,,,0,0,,,,,,,,,,,479,467.25,472.25,144551,483.24411189088767,503.3595903463868
2014-09-17,471.75,472.75,467.75,470.25,,,0,0,,,,,,,,,,,472.75,467.75,470.25,83632,482.06282899171606,502.0611750386854
2014-09-18,469.5,470.25,466.5,466.75,,,0,0,,,,,,,,,,,470.25,466.5,466.75,100943,480.67075362883276,500.676423076384
2014-09-19,466.5,466.75,460,460,,,0,0,,,,,,,,,,,466.75,460,460,107635,478.7915942080298,499.08126923025134
2014-09-22,459.5,460,455.25,458.75,,,0,0,,,,,,,,,,,460,455.25,458.75,131674,476.9696310982089,497.499650829065
2014-09-23,458,459.5,453.75,454,,,0,0,,,,,,,,,,,459.5,453.75,454,125167,474.8814828165535,495.79378216910163
2014-09-24,454,458.5,453.25,458,,,0,0,,,,,,,,,,,458.5,453.25,458,132651,473.3468025605032,494.311673064431
2014-09-25,457.75,459.25,453.75,454.5,,,0,0,,,,,,,,,,,459.25,453.75,454.5,107743,471.63345687318474,492.7504309834729
2014-09-26,454.5,455.5,451.25,451.5,,,0,0,,,,,,,,,,,455.5,451.25,451.5,86605,469.8031426119861,491.13276702333667
2014-09-29,450.75,455,450.5,454.25,,,0,0,,,,,,,,,,,455,450.5,454.25,104805,468.389220556351,489.68638400281367
2014-09-30,454,454.75,448,449.25,,,0,0,,,,,,,,,,,454.75,448,449.25,173979,466.64929141486454,488.10064345368374
2014-10-01,448.75,452,446.75,449.75,,,0,0,,,,,,,,,,,452,446.75,449.75,121907,465.1129921953314,486.5966966515785
2014-10-02,449,451.75,447.75,451.25,,,0,0,,,,,,,,,,,451.75,447.75,451.25,123125,463.852720177574,485.2105516848499
2014-10-03,451.25,454.25,449.5,451.75,,,0,0,,,,,,,,,,,454.25,449.5,451.75,92118,462.7524728887036,483.89837318740484
2014-10-06,451.75,461.25,451.75,461,,,0,0,,,,,,,,,,,461.25,451.75,461,134901,462.59315717154874,483.00039776829095
2014-10-07,460.25,470.75,459,469,,,0,0,,,,,,,,,,,470.75,459,469,218114,463.17559742868065,482.4513625616913
2014-10-08,468.5,472,466,471.75,,,0,0,,,,,,,,,,,472,466,471.75,127485,463.9550885715279,482.0317012847623
2014-10-09,471,476.5,469.25,473.25,,,0,0,,,,,,,,,,,476.5,469.25,473.25,174549,464.8000805195708,481.68732084222256
2014-10-10,471.75,477,461,462.5,,,0,0,,,,,,,,,,,477,461,462.5,234751,464.5909822905189,480.9348768876256
2014-10-13,462,476,459,474.5,,,0,0,,,,,,,,,,,476,459,474.5,142097,465.49180208228995,480.6825287743854
2014-10-14,474,486,471.5,485.5,,,0,0,,,,,,,,,,,486,471.5,485.5,194804,467.31072916571816,480.87144921460555
2014-10-15,484.5,486.75,475,476,,,0,0,,,,,,,,,,,486.75,475,476,183378,468.1006628779256,480.6804119905034
2014-10-16,476.25,481.5,473.5,480.75,,,0,0,,,,,,,,,,,481.5,473.5,480.75,138242,469.25060261629596,480.68314093205225
2014-10-17,480.25,484.25,475,476.5,,,0,0,,,,,,,,,,,484.25,475,476.5,127179,469.9096387420872,480.51909618961884
2014-10-20,473.75,477.5,470.5,476.75,,,0,0,,,,,,,,,,,477.5,470.5,476.75,140828,470.5314897655338,480.3712884959083
2014-10-21,476,487.25,475.5,484.5,,,0,0,,,,,,,,,,,487.25,475.5,484.5,159476,471.80135433230345,480.5331987509707
2014-10-22,484,489.5,480.75,481.5,,,0,0,,,,,,,,,,,489.5,480.75,481.5,174942,472.68304939300316,480.57111252544246
2014-10-23,480.5,488.75,479.5,488.25,,,0,0,,,,,,,,,,,488.75,479.5,488.25,144314,474.09822672091195,480.87224536758197
2014-10-24,487.75,493.5,480.75,481.5,,,0,0,,,,,,,,,,,493.5,480.75,481.5,162470,474.77111520082906,480.89686319630425
2014-10-27,480.25,492.25,477,491.5,,,0,0,,,,,,,,,,,492.25,477,491.5,172966,476.2919229098446,481.3126724827237
2014-10-28,491,500.25,489.75,493,,,0,0,,,,,,,,,,,500.25,489.75,493,222302,477.8108390089496,481.7709990520287
2014-10-29,492.75,504.5,491,503.75,,,0,0,,,,,,,,,,,504.5,491,503.75,217048,480.1689445535905,482.6329206578315
2014-10-30,503.25,509.5,500,502.5,,,0,0,,,,,,,,,,,509.5,500,502.5,203146,482.1990405032641,483.4120218085048
2014-10-31,501.25,506.5,496.5,505.25,,,0,0,,,,,,,,,,,506.5,496.5,505.25,190821,484.2945822756946,484.26841311013203
2014-11-03,503,503.75,499,502,,,0,0,,,,,,,,,,,503.75,499,502,157753,485.9041657051769,484.9637694587543
2014-11-04,501,501,492.5,493,,,0,0,,,,,,,,,,,501,492.5,493,178121,486.54924155016084,485.27891575448945
2014-11-05,492.5,500.25,487.5,498.75,,,0,0,,,,,,,,,,,500.25,487.5,498.75,213921,487.6584014092371,485.8071935680389
2014-11-06,498,503,495,499.75,,,0,0,,,,,,,,,,,503,495,499.75,173692,488.757637644761,486.3539702908609
2014-11-07,498.5,500.25,492.75,496,,,0,0,,,,,,,,,,,500.25,492.75,496,207974,489.41603422251,486.7322459657291
2014-11-10,494.5,507.25,493.25,497.75,,,0,0,,,,,,,,,,,507.25,493.25,497.75,308187,490.1736674750091,487.16431475138677
2014-11-11,496.75,503,494,502.25,,,0,0,,,,,,,,,,,503,494,502.25,225095,491.2715158863719,487.7559102513324
2014-11-12,502,513.5,501.25,506.25,,,0,0,,,,,,,,,,,513.5,501.25,506.25,337611,492.6331962603381,488.4811686728488
2014-11-13,505.5,517.5,505.5,514.75,,,0,0,,,,,,,,,,,517.5,505.5,514.75,299508,494.6438147821255,489.51131892097237
2014-11-14,514,515.5,509,510.25,,,0,0,,,,,,,,,,,515.5,509,510.25,160958,496.06255889284137,490.32460053191465
2014-11-17,510,512.75,502.75,506,,,0,0,,,,,,,,,,,512.75,502.75,506,166794,496.96596262985577,490.9393220796827
2014-11-18,506,507.25,499.75,500.5,,,0,0,,,,,,,,,,,507.25,499.75,500.5,165776,497.2872387544143,491.31425062557753
2014-11-19,500.25,500.5,491.25,491.75,,,0,0,,,,,,,,,,,500.5,491.25,491.75,203634,496.78385341310394,491.33133883633917
2014-11-20,491.5,503.25,491,501.75,,,0,0,,,,,,,,,,,503.25,491,501.75,192317,497.23532128463995,491.73991378393373
2014-11-21,501.25,510,498.25,501.25,,,0,0,,,,,,,,,,,510,498.25,501.25,208536,497.60029207694544,492.11285834142654
2014-11-24,500.75,501.25,494,496,,,0,0,,,,,,,,,,,501.25,494,496,159589,497.4548109790413,492.26529526921377
2014-11-25,496,503.75,494.75,502.75,,,0,0,,,,,,,,,,,503.75,494.75,502.75,153228,497.9361917991285,492.6764601606171
2014-11-26,502.5,507.25,502.25,506.75,,,0,0,,,,,,,,,,,507.25,502.25,506.75,163797,498.7374470901168,493.22836368373015
2014-11-28,505.25,509,498,504,,,0,0,,,,,,,,,,,509,498,504,120749,499.2158609910153,493.6507807941721
2014-12-01,501.25,506.75,498.25,505,,,0,0,,,,,,,,,,,506.75,498.25,505,151229,499.7416918100139,494.09584821400847
2014-12-02,504.25,506.25,496.25,496.5,,,0,0,,,,,,,,,,,506.25,496.25,496.5,154906,499.4469925545581,494.1901286762042
2014-12-03,496.75,497.75,492.5,497.25,,,0,0,,,,,,,,,,,497.75,492.5,497.25,93855,499.2472659586892,494.3101236300786
2014-12-04,497,505.75,495.5,505,,,0,0,,,,,,,,,,,505.75,495.5,505,158951,499.7702417806265,494.7293344681147
2014-12-05,504,511.25,501.25,510.25,,,0,0,,,,,,,,,,,511.25,501.25,510.25,140572,500.72294707329684,495.3379880183847
2014-12-08,509.25,515,504.75,505.5,,,0,0,,,,,,,,,,,515,504.75,505.5,142761,501.15722461208804,495.7364982921735
2014-12-09,504.75,511.25,502.75,510.5,,,0,0,,,,,,,,,,,511.25,502.75,510.5,107696,502.00656782917093,496.3154591434608
2014-12-10,509.5,513.5,504.5,509,,,0,0,,,,,,,,,,,513.5,504.5,509,134064,502.6423343901554,496.81289211822707
2014-12-11,509,516.25,507.5,513.75,,,0,0,,,,,,,,,,,516.25,507.5,513.75,156151,503.65212217286853,497.4770924273162
2014-12-12,512.5,525.25,512.5,522.75,,,0,0,,,,,,,,,,,525.25,512.5,522.75,194045,505.38829288442594,498.4681868419313
2014-12-15,522.75,527.75,520.25,523.75,,,0,0,,,,,,,,,,,527.75,520.25,523.75,162942,507.05753898584175,499.4596304951889
2014-12-16,523,526.75,519.25,521.25,,,0,0,,,,,,,,,,,526.75,519.25,521.25,172142,508.3477627144016,500.3141547894952
2014-12-17,521,525.25,518.75,523.5,,,0,0,,,,,,,,,,,525.25,518.75,523.5,120238,509.72523883127417,501.2234036212797
2014-12-18,523.25,529.25,522.25,526.25,,,0,0,,,,,,,,,,,529.25,522.25,526.25,125321,511.22748984661285,502.20483877338637
2014-12-19,526,526.5,520.25,525.75,,,0,0,,,,,,,,,,,526.5,520.25,525.75,117608,512.5477180423753,503.128178429332
2014-12-22,525,529.5,523.75,527,,,0,0,,,,,,,,,,,529.5,523.75,527,90601,513.8615618567048,504.0643282948484
2014-12-23,526.25,531,525.75,529.25,,,0,0,,,,,,,,,,,531,525.75,529.25,90856,515.2605107788225,505.0520016950504
2014-12-24,528.75,530.25,521,523,,,0,0,,,,,,,,,,,530.25,521,523,68812,515.9641007080205,505.75584476583276
2014-12-26,525.5,530.25,521,530,,,0,0,,,,,,,,,,,530.25,521,530,52280,517.2400915527459,506.7065959514864
2014-12-29,529.25,532.25,526,528,,,0,0,,,,,,,,,,,532.25,526,528,86310,518.2182650479508,507.5416314043693
2014-12-30,527,528,521.25,521.75,,,0,0,,,,,,,,,,,528,521.25,521.75,95776,518.5393318617735,508.0988223296882
2014-12-31,521.25,521.75,511.25,512.25,,,0,0,,,,,,,,,,,521.75,511.25,512.25,119262,517.967574419794,508.26161361087685
2015-01-02,511.5,513.75,506.75,511,,,0,0,,,,,,,,,,,513.75,506.75,511,88774,517.3341585634491,508.3690013124111
2015-01-05,511,522,509.75,521.25,,,0,0,,,,,,,,,,,522,509.75,521.25,140391,517.6901441485901,508.87413851584597
2015-01-06,520.75,524.75,517.5,520.25,,,0,0,,,,,,,,,,,524.75,517.5,520.25,138314,517.9228583169,509.32025073091086
2015-01-07,520,522.5,511.25,511.5,,,0,0,,,,,,,,,,,522.5,511.25,511.5,131694,517.3389621062728,509.40573109440453
2015-01-08,511.75,514,508,509.5,,,0,0,,,,,,,,,,,514,508,509.5,118969,516.6263291875207,509.4094279142318
2015-01-09,510,516.75,508.25,515.5,,,0,0,,,,,,,,,,,516.75,508.25,515.5,154553,516.5239356250188,509.6482738783796
2015-01-12,514.25,522.25,505.25,517.25,,,0,0,,,,,,,,,,,522.25,505.25,517.25,269589,516.5899414772898,509.9463807851098
2015-01-13,517.25,521.75,499.75,501,,,0,0,,,,,,,,,,,521.75,499.75,501,250523,515.1726740702635,509.59554232294863
2015-01-14,501.25,501.5,491.25,496.25,,,0,0,,,,,,,,,,,501.5,491.25,496.25,236408,513.4524309729668,509.0721877220487
2015-01-15,498,503.25,491.25,495.25,,,0,0,,,,,,,,,,,503.25,491.25,495.25,189766,511.7976645208789,508.5301411447134
2015-01-16,495.75,503.25,494.75,502.25,,,0,0,,,,,,,,,,,503.25,494.75,502.25,142829,510.92969501898085,508.2838610998227
2015-01-20,500.5,506.25,497.5,505.5,,,0,0,,,,,,,,,,,506.25,497.5,505.5,138122,510.4360863808917,508.17469007630024
2015-01-21,505.25,507.75,501.5,503.25,,,0,0,,,,,,,,,,,507.75,501.5,503.25,114626,509.78280580081065,507.98156497526884
2015-01-22,503,505.75,497.75,499,,,0,0,,,,,,,,,,,505.75,497.75,499,139782,508.8025507280097,507.6293467409446
2015-01-23,499.25,503.75,497.25,502,,,0,0,,,,,,,,,,,503.75,497.25,502,169566,508.1841370254634,507.4085880452213
2015-01-26,501,503.5,497.5,499.25,,,0,0,,,,,,,,,,,503.5,497.5,499.25,102852,507.3719427504212,507.0886434159969
2015-01-27,498.75,501.25,495.25,496.5,,,0,0,,,,,,,,,,,501.25,495.25,496.5,108698,506.3835843185648,506.6734024977225
2015-01-28,496,496.75,488.25,488.5,,,0,0,,,,,,,,,,,496.75,488.25,488.5,167615,504.75780392596795,505.96072004683145
2015-01-29,488.75,488.75,483.25,486.75,,,0,0,,,,,,,,,,,488.75,483.25,486.75,192836,503.12073084178905,505.20735847636746
2015-01-30,488,488.25,481,485.25,,,0,0,,,,,,,,,,,488.25,481,485.25,194631,501.49611894708096,504.4247169674903
2015-02-02,485,493.75,482.75,485,,,0,0,,,,,,,,,,,493.75,482.75,485,154763,499.9964717700736,503.6629633609221
2015-02-03,485.25,503.75,485.25,501,,,0,0,,,,,,,,,,,503.75,485.25,501,238534,500.0877016091578,503.5585334251997
2015-02-04,500.25,503.5,494.75,498.75,,,0,0,,,,,,,,,,,503.5,494.75,498.75,178698,499.9660923719617,503.3699634869566
2015-02-05,497.75,502.75,496.75,500.5,,,0,0,,,,,,,,,,,502.75,496.75,500.5,136397,500.0146294290561,503.2574158992328
2015-02-06,500.25,504.75,495.25,501,,,0,0,,,,,,,,,,,504.75,495.25,501,202343,500.10420857186915,503.1688897855374
2015-02-09,500.5,507,498.75,506.5,,,0,0,,,,,,,,,,,507,498.75,506.5,217638,500.6856441562447,503.29952155865357
2015-02-10,506,506.75,499.75,503.25,,,0,0,,,,,,,,,,,506.75,499.75,503.25,209348,500.9187674147679,503.29757953674556
2015-02-11,503.25,505,499.25,501,,,0,0,,,,,,,,,,,505,499.25,501,178879,500.92615219524356,503.2074783784418
2015-02-12,500.5,503,496.5,498.25,,,0,0,,,,,,,,,,,503,496.5,498.25,169376,500.6828656320396,503.01306746164016
2015-02-13,498.25,503.75,497.5,502.5,,,0,0,,,,,,,,,,,503.75,497.5,502.5,167269,500.84805966549055,502.9929471690268
2015-02-17,502.25,506.25,500.25,504.75,,,0,0,,,,,,,,,,,506.25,500.25,504.75,164635,501.20278151408235,503.061851201614
2015-02-18,504.25,505.75,498.25,499,,,0,0,,,,,,,,,,,505.75,498.25,499,162322,501.00252864916575,502.90256291919775
2015-02-19,499,506.5,497.5,505,,,0,0,,,,,,,,,,,506.5,497.5,505,176132,501.36593513560524,502.984815353739
2015-02-20,504.25,504.75,498.75,500.5,,,0,0,,,,,,,,,,,504.75,498.75,500.5,131258,501.28721375964113,502.8873716143767
2015-02-23,500.5,501.25,492.75,494,,,0,0,,,,,,,,,,,501.25,492.75,494,142798,500.62473978149194,502.53884723734234
2015-02-24,494.25,502.25,492.75,492.75,,,0,0,,,,,,,,,,,502.25,492.75,492.75,207228,499.90885434681087,502.1549708750936
2015-02-25,493.25,494.75,486.75,491,,,0,0,,,,,,,,,,,494.75,486.75,491,115836,499.0989584971008,501.71752103685463
2015-02-26,491.25,497.5,490.25,495.25,,,0,0,,,,,,,,,,,497.5,490.25,495.25,95565,498.74905317918257,501.46389276089957
2015-02-27,494.25,503,492.25,500,,,0,0,,,,,,,,,,,503,492.25,500,187701,498.8627756174387,501.4064852016486
2015-03-02,499,501.75,493.25,494.75,,,0,0,,,,,,,,,,,501.75,493.25,494.75,132305,498.48888692494427,501.1454465662898
2015-03-03,495.25,498.5,491.25,497.75,,,0,0,,,,,,,,,,,498.5,491.25,497.75,142644,498.421715386313,501.01229179898434
2015-03-04,497.25,498.75,493,496.25,,,0,0,,,,,,,,,,,498.75,493,496.25,108593,498.22428671483,500.8255352578477
2015-03-05,495.75,499.75,494.5,497.25,,,0,0,,,,,,,,,,,499.75,494.5,497.25,117022,498.1357151953,500.6853181889125
2015-03-06,495.75,496.5,490,492.75,,,0,0,,,,,,,,,,,496.5,490,492.75,132890,497.646104723,500.3741292403277
2015-03-09,492.75,498.25,492.5,495.5,,,0,0,,,,,,,,,,,498.25,492.5,495.5,122596,497.45100429363634,500.1829869171776
2015-03-10,494.75,498,490,494.75,,,0,0,,,,,,,,,,,498,490,494.75,172856,497.20545844876034,499.9699286067
2015-03-11,494.25,500.5,493.25,497.75,,,0,0,,,,,,,,,,,500.5,493.25,497.75,136493,497.2549622261458,499.88287258290785
2015-03-12,497.25,498.75,493,495.25,,,0,0,,,,,,,,,,,498.75,493,495.25,142152,497.0726929328598,499.7011913051468
2015-03-13,495.25,496.5,487,487.25,,,0,0,,,,,,,,,,,496.5,487,487.25,155266,496.1797208480544,499.21290929318025
2015-03-16,487.5,489,482.25,485.75,,,0,0,,,,,,,,,,,489,482.25,485.75,145231,495.2315644073222,498.6849520659967
2015-03-17,485.75,486.5,476.75,477.75,,,0,0,,,,,,,,,,,486.5,476.75,477.75,175673,493.6423312793838,497.8639735536047
2015-03-18,478.25,482,473.75,481.5,,,0,0,,,,,,,,,,,482,473.75,481.5,146488,492.538482981258,497.22224910052216
2015-03-19,484.25,487.25,477.25,480.25,,,0,0,,,,,,,,,,,487.25,477.25,480.25,152285,491.42134816478,496.55667070442325
2015-03-20,480.25,494.25,479.5,491.75,,,0,0,,,,,,,,,,,494.25,479.5,491.75,211230,491.45122560434544,496.3681738140537
2015-03-23,491.75,498.5,491.75,497,,,0,0,,,,,,,,,,,498.5,491.75,497,160884,491.955659640314,496.3929513115418
2015-03-24,496,500.5,495.25,500,,,0,0,,,,,,,,,,,500.5,495.25,500,135276,492.6869633093764,496.53440420128527
2015-03-25,499.5,502.5,498.25,501.75,,,0,0,,,,,,,,,,,502.5,498.25,501.75,150274,493.51087573579673,496.7389373698623
2015-03-26,500.75,503.75,496,498,,,0,0,,,,,,,,,,,503.75,496,498,156056,493.9189779416334,496.78839080633827
2015-03-27,497.75,500.25,496,497.75,,,0,0,,,,,,,,,,,500.25,496,497.75,136749,494.26725267421216,496.8261009707956
2015-03-30,498.25,501.75,496.75,501.25,,,0,0,,,,,,,,,,,501.75,496.75,501.25,175824,494.9020478856474,496.999587207235
2015-03-31,500.75,505.25,482.25,483,,,0,0,,,,,,,,,,,505.25,482.25,483,349246,493.8200435324067,496.4505837873434
2015-04-01,483.75,489,480.75,488.5,,,0,0,,,,,,,,,,,489,480.75,488.5,221060,493.3364032112788,496.1387961878398
2015-04-02,488.5,495.25,485,493.25,,,0,0,,,,,,,,,,,495.25,485,493.25,177882,493.3285483738898,496.02551006282647
2015-04-06,493,496.75,490.25,491.75,,,0,0,,,,,,,,,,,496.75,490.25,491.75,84776,493.18504397626344,495.85784300153915
2015-04-07,491.75,494,488.75,489.75,,,0,0,,,,,,,,,,,494,488.75,489.75,99163,492.87276725114856,495.61831974657684
2015-04-08,490,491.75,483.5,486,,,0,0,,,,,,,,,,,491.75,483.5,486,214355,492.2479702283169,495.24113073690717
2015-04-09,485.75,486.75,481.75,484.75,,,0,0,,,,,,,,,,,486.75,481.75,484.75,198132,491.56633657119716,494.82971384526377
2015-04-10,485,486.25,481,483.75,,,0,0,,,,,,,,,,,486.25,481,483.75,196231,490.8557605192701,494.3952152630966
2015-04-13,481.75,482.75,477,477.25,,,0,0,,,,,,,,,,,482.75,477,477.25,184709,489.61887319933646,493.72285388023005
2015-04-14,477.75,481.5,476.75,480.25,,,0,0,,,,,,,,,,,481.5,476.75,480.25,173032,488.7671574539422,493.19450666924064
2015-04-15,479.5,485.75,477.25,482.75,,,0,0,,,,,,,,,,,485.75,477.25,482.75,220497,488.2201431399475,492.7849181724077
2015-04-16,482.5,484.5,479.75,483,,,0,0,,,,,,,,,,,484.5,479.75,483,122447,487.7455846726795,492.4011958911368
2015-04-17,483,487.5,481.75,486.5,,,0,0,,,,,,,,,,,487.5,481.75,486.5,152395,487.63234970243593,492.16977644442557
2015-04-20,486.25,488.5,482.5,484.75,,,0,0,,,,,,,,,,,488.5,482.5,484.75,133450,487.3703179113054,491.87880481915397
2015-04-21,483.75,483.75,478,479.75,,,0,0,,,,,,,,,,,483.75,478,479.75,179367,486.6775617375504,491.4031654144813
2015-04-22,479.75,480.75,476,479.25,,,0,0,,,,,,,,,,,480.75,476,479.25,141185,486.0023288523185,490.9265706923448
2015-04-23,479.25,484.75,477,477.5,,,0,0,,,,,,,,,,,484.75,477,477.5,191785,485.2293898657441,490.40003850833125
2015-04-24,477.75,478,470.5,471.25,,,0,0,,,,,,,,,,,478,470.5,471.25,145306,483.95853624158553,489.64905660604376
2015-04-27,470.5,472,467.25,467.5,,,0,0,,,,,,,,,,,472,467.25,467.5,139207,482.46230567416865,488.7804661509048
2015-04-28,467.25,470.25,465.75,467.75,,,0,0,,,,,,,,,,,470.25,465.75,467.75,116765,481.12482334015334,487.9557419881242
2015-04-29,467.75,471.25,466.25,470.5,,,0,0,,,,,,,,,,,471.25,466.25,470.5,79151,480.1589303092303,487.27120308662916
2015-04-30,470.75,472.75,466.75,469,,,0,0,,,,,,,,,,,472.75,466.75,469,199069,479.14448209930026,486.554685318526
2015-05-01,468.75,469.25,463.5,465.75,,,0,0,,,,,,,,,,,469.25,463.5,465.75,127735,477.92680190845476,485.73881530603484
2015-05-04,464.75,466.25,462.75,464,,,0,0,,,,,,,,,,,466.25,462.75,464,115613,476.66072900768614,484.88631274501387
2015-05-05,462.75,465.75,458.5,465.5,,,0,0,,,,,,,,,,,465.75,458.5,465.5,159000,475.6461172797147,484.12606518638586
2015-05-06,465.75,472.25,465.5,469.5,,,0,0,,,,,,,,,,,472.25,465.5,469.5,177630,475.0873793451952,483.552494002606
2015-05-07,469.25,469.5,463.25,464.25,,,0,0,,,,,,,,,,,469.5,463.25,464.25,143405,474.10216304108656,482.7955334534842
2015-05-08,463.75,467.25,462.25,465.75,,,0,0,,,,,,,,,,,467.25,462.25,465.75,132740,473.34287549189685,482.1270811611907
2015-05-11,465.5,467.25,461.75,463.25,,,0,0,,,,,,,,,,,467.25,461.75,463.25,107873,472.4253413562699,481.38680346859496
2015-05-12,462.25,468.5,460,463.75,,,0,0,,,,,,,,,,,468.5,460,463.75,211470,471.63667396024533,480.69516411688534
2015-05-13,463,466.5,460,465,,,0,0,,,,,,,,,,,466.5,460,465,210777,471.0333399638594,480.07966748485063
2015-05-14,464.5,471.25,464,470.75,,,0,0,,,,,,,,,,,471.25,464,470.75,198520,471.00758178532675,479.71379817171925
2015-05-15,470.5,474.25,464.75,468.25,,,0,0,,,,,,,,,,,474.25,464.75,468.25,171130,470.7568925321152,479.2642374591028
2015-05-18,468,474,466.75,470.75,,,0,0,,,,,,,,,,,474,466.75,470.75,155820,470.75626593828656,478.9303457940399
2015-05-19,470,471.25,463,464.75,,,0,0,,,,,,,,,,,471.25,463,464.75,175468,470.2102417620787,478.37425380211675
2015-05-20,465,465.25,461.25,462.75,,,0,0,,,,,,,,,,,465.25,461.25,462.75,152947,469.53203796552606,477.76153796673964
2015-05-21,462.75,469.25,462.5,467.75,,,0,0,,,,,,,,,,,469.25,462.5,467.75,170412,469.3700345141146,477.36892863471064
2015-05-22,466.75,470.5,462.5,462.75,,,0,0,,,,,,,,,,,470.5,462.5,462.75,155675,468.7682131946496,476.7956373157024
2015-05-26,463.75,465.25,456.75,457.75,,,0,0,,,,,,,,,,,465.25,456.75,457.75,172180,467.76655744968144,476.0487495778317
2015-05-27,457.75,459.25,451.5,452.25,,,0,0,,,,,,,,,,,459.25,451.5,452.25,180699,466.3559613178922,475.11546528066185
2015-05-28,452.25,457.75,451,456.25,,,0,0,,,,,,,,,,,457.75,451,456.25,163613,465.43723756172017,474.3756431127928
2015-05-29,456,459.75,452.75,454.25,,,0,0,,,,,,,,,,,459.75,452.75,454.25,141539,464.42021596520016,473.58640220640876
2015-06-01,453.25,457,451,455,,,0,0,,,,,,,,,,,457,451,455,140812,463.5638326956365,472.85752368851035
2015-06-02,454.75,462.25,454.5,461.75,,,0,0,,,,,,,,,,,462.25,454.5,461.75,180406,463.398938814215,472.42193452425505
2015-06-03,461.75,466.75,459.75,461.75,,,0,0,,,,,,,,,,,466.75,459.75,461.75,222940,463.24903528565,472.00342728800973
2015-06-04,461.25,467.25,459.25,466.25,,,0,0,,,,,,,,,,,467.25,459.25,466.25,146468,463.5218502596818,471.77780268847994
2015-06-05,465.5,470,462.5,463.25,,,0,0,,,,,,,,,,,470,462.5,463.25,209282,463.4971365997107,471.4433790536376
2015-06-08,463.25,469,463.25,468,,,0,0,,,,,,,,,,,469,463.25,468,174596,463.90648781791884,471.30834458094597
2015-06-09,467.5,471.25,465.25,467.75,,,0,0,,,,,,,,,,,471.25,465.25,467.75,230801,464.25589801628985,471.168801656203
2015-06-10,467.5,469.25,459.5,460,,,0,0,,,,,,,,,,,469.25,459.5,460,349011,463.86899819662716,470.7308094343911
2015-06-11,460.25,462.75,457.25,459.25,,,0,0,,,,,,,,,,,462.75,457.25,459.25,256052,463.44908926966104,470.2805816134346
2015-06-12,458.75,459.5,455,455.75,,,0,0,,,,,,,,,,,459.5,455,455.75,223042,462.7491720633282,469.710754883496
2015-06-15,455.75,456,449.5,451,,,0,0,,,,,,,,,,,456,449.5,451,261742,461.68106551211656,468.97699979002556
2015-06-16,451.75,457,450.25,456.75,,,0,0,,,,,,,,,,,457,450.25,456.75,253135,461.23278682919687,468.4975096021814
2015-06-17,456.5,464,456.5,462,,,0,0,,,,,,,,,,,464,456.5,462,197540,461.30253348108806,468.24270530405664
2015-06-18,461.75,464,458.75,460.75,,,0,0,,,,,,,,,,,464,458.75,460.75,180245,461.2523031646255,467.9488737235054
2015-06-19,460.5,460.75,454.5,456,,,0,0,,,,,,,,,,,460.75,454.5,456,164909,460.7748210587505,467.4802904402307
2015-06-22,455.5,463.25,453.25,462.75,,,0,0,,,,,,,,,,,463.25,453.25,462.75,179336,460.95438278068224,467.2947888543393
2015-06-23,463.75,471.5,463.25,470.25,,,0,0,,,,,,,,,,,471.5,463.25,470.25,202628,461.7994388915293,467.4106794875025
2015-06-24,469.75,473.75,466,469.25,,,0,0,,,,,,,,,,,473.75,466,469.25,210672,462.476762628663,467.48280970367887
2015-06-25,468.75,479.75,466.25,479.25,,,0,0,,,,,,,,,,,479.75,466.25,479.25,176632,464.00160238969363,467.94426814667185
2015-06-26,478.75,492.75,478.25,487.75,,,0,0,,,,,,,,,,,492.75,478.25,487.75,191984,466.16054762699423,468.72096351346903
2015-06-29,485.75,494.75,485.75,487.25,,,0,0,,,,,,,,,,,494.75,485.75,487.25,218110,468.07777056999475,469.4475923952938
2015-06-30,486.75,517.25,485.75,517.25,,,0,0,,,,,,,,,,,517.25,485.75,517.25,295941,472.5479732454498,471.32219661508617
2015-07-01,515.25,521.75,507.25,517.75,,,0,0,,,,,,,,,,,521.75,507.25,517.75,249030,476.6572484049544,473.1428947870436
2015-07-02,517.25,526,513.75,523.75,,,0,0,,,,,,,,,,,526,513.75,523.75,161776,480.93840764086764,475.127487148336
2015-07-06,522.25,523.25,512.25,521.75,,,0,0,,,,,,,,,,,523.25,512.25,521.75,137003,484.6485524007888,476.95582098565615
2015-07-07,515.5,519.75,510.25,518.5,,,0,0,,,,,,,,,,,519.75,510.25,518.5,205660,487.7259567279898,478.5850044764147
2015-07-08,517.75,524.25,513.75,519.75,,,0,0,,,,,,,,,,,524.25,513.75,519.75,127542,490.63723338908164,480.19931802635926
2015-07-09,519.75,528.25,519.25,524,,,0,0,,,,,,,,,,,528.25,519.25,524,151617,493.6702121718924,481.91699182924714
2015-07-10,523.25,534.5,519.5,530,,,0,0,,,,,,,,,,,534.5,519.5,530,168707,496.9729201562658,483.80259999280605
2015-07-13,530,537.25,526.25,536,,,0,0,,,,,,,,,,,537.25,526.25,536,129761,500.5208365056962,485.84955685583327
2015-07-14,535.25,538.5,522.5,523.5,,,0,0,,,,,,,,,,,538.5,522.5,523.5,157441,502.6098513688147,487.3260448222712
2015-07-15,522.25,527,516.25,524.75,,,0,0,,,,,,,,,,,527,516.25,524.75,155160,504.6225921534679,488.7936509076723
2015-07-16,525.5,534,523.5,525.25,,,0,0,,,,,,,,,,,534,523.5,525.25,144241,506.49781104860716,490.22331165639105
2015-07-17,523.25,524.75,513.5,515.5,,,0,0,,,,,,,,,,,524.75,513.5,515.5,108363,507.31619186237015,491.21455433653256
2015-07-20,513.75,513.75,499.75,500.25,,,0,0,,,,,,,,,,,513.75,499.75,500.25,115539,506.67381078397284,491.5688855390215
2015-07-21,501.75,505.5,497.75,501.75,,,0,0,,,,,,,,,,,505.5,497.75,501.75,99828,506.2261916217935,491.9681449296481
2015-07-22,502.5,502.75,495,498,,,0,0,,,,,,,,,,,502.75,495,498,102950,505.4783560198122,492.2046882657403
2015-07-23,498.75,500.5,493.75,498.5,,,0,0,,,,,,,,,,,500.5,493.75,498.5,91749,504.8439600180111,492.45156323571126
2015-07-24,498.5,498.75,487.25,487.75,,,0,0,,,,,,,,,,,498.75,487.25,487.75,95623,503.28996365273736,492.2671882068598
2015-07-27,484.25,484.5,467.75,468.25,,,0,0,,,,,,,,,,,484.5,467.75,468.25,168643,500.10451241157944,491.32533768894376
2015-07-28,468.75,471.25,465.25,470.25,,,0,0,,,,,,,,,,,471.25,465.25,470.25,90252,497.39046582870856,490.4988538580048
2015-07-29,472.75,473,462.25,463,,,0,0,,,,,,,,,,,473,462.25,463,102337,494.2640598442805,489.42046743220067
2015-07-30,463,469.75,461,468.5,,,0,0,,,,,,,,,,,469.75,461,468.5,122979,491.92187258570954,488.6000569446634
2015-07-31,470,472.75,464.5,466.25,,,0,0,,,,,,,,,,,472.75,464.5,466.25,108953,489.5880659870087,487.723584123304
2015-08-03,465.25,465.75,460.25,461.75,,,0,0,,,,,,,,,,,465.75,460.25,461.75,87164,487.05733271546245,486.70501219689993
2015-08-04,463.25,468,462,464,,,0,0,,,,,,,,,,,468,462,464,84695,484.9612115595113,485.8146195617274
2015-08-05,464,469,462.75,468,,,0,0,,,,,,,,,,,469,462.75,468,124085,483.41928323591935,485.11600702989494
2015-08-06,467.75,470.25,464.5,465,,,0,0,,,,,,,,,,,470.25,464.5,465,90804,481.74480294174487,484.32714400911476
2015-08-07,465.25,470.25,461.75,468,,,0,0,,,,,,,,,,,470.25,461.75,468,135952,480.49527540158624,483.6868638518946
2015-08-10,469.25,486.75,469,485.5,,,0,0,,,,,,,,,,,486.75,469,485.5,179127,480.9502503650784,483.75796723025167
2015-08-11,483.75,483.75,471.25,471.75,,,0,0,,,,,,,,,,,483.75,471.25,471.75,150143,480.11386396825304,483.2870665545555
2015-08-12,472.25,478,441.75,452.5,,,0,0,,,,,,,,,,,478,441.75,452.5,213756,477.60351269841186,482.0797306112396
2015-08-13,453.5,460,450.5,459,,,0,0,,,,,,,,,,,460,450.5,459,171458,475.9122842712835,481.17464313628903
2015-08-14,459,461,455,459.25,,,0,0,,,,,,,,,,,461,455,459.25,121627,474.3975311557123,480.3148532093757
2015-08-17,458.75,463.25,456.5,458.5,,,0,0,,,,,,,,,,,463.25,456.5,458.5,96021,472.9523010506475,479.4593687697924
2015-08-18,458.25,463.5,457,461.5,,,0,0,,,,,,,,,,,463.5,457,461.5,92424,471.91118277331594,478.75507979842797
2015-08-19,461.25,467.25,461,462.5,,,0,0,,,,,,,,,,,467.25,461,462.5,95765,471.0556207030145,478.1176256886857
2015-08-20,462.25,467,462.25,466.25,,,0,0,,,,,,,,,,,467,462.25,466.25,106836,470.6187460936495,477.65222860285485
2015-08-21,465.5,467.75,459.25,460.5,,,0,0,,,,,,,,,,,467.75,459.25,460.5,96220,469.69886008513595,476.9795921870566
2015-08-24,460.25,465.5,449.25,464,,,0,0,,,,,,,,,,,465.5,449.25,464,157282,469.18078189557815,476.4705885718779
2015-08-25,463.25,470.25,459,460.75,,,0,0,,,,,,,,,,,470.25,459,460.75,110032,468.41434717779833,475.8540949023925
2015-08-26,460.5,464.25,456.75,457,,,0,0,,,,,,,,,,,464.25,456.75,457,82911,467.37667925254397,475.11471863171045
2015-08-27,457.75,462.5,455.5,459,,,0,0,,,,,,,,,,,462.5,455.5,459,128432,466.61516295685817,474.48276888144727
2015-08-28,458.25,464,458,459,,,0,0,,,,,,,,,,,464,458,459,185265,465.9228754153256,473.8756014743317
2015-08-31,457.5,461,454.5,459.25,,,0,0,,,,,,,,,,,461,454.5,459.25,153096,465.31625037756874,473.30204847533827
2015-09-01,458.5,458.5,451.5,453,,,0,0,,,,,,,,,,,458.5,451.5,453,156357,464.1965912523352,472.50588971159954
2015-09-02,453,455.5,448.25,451.5,,,0,0,,,,,,,,,,,455.5,448.25,451.5,189950,463.04235568394114,471.6821293307525
2015-09-03,451.25,452,445.25,445.5,,,0,0,,,,,,,,,,,452,445.25,445.5,170054,461.4475960763101,470.6553791609191
2015-09-04,445.75,448.75,444.5,447,,,0,0,,,,,,,,,,,448.75,444.5,447,108647,460.13417825119103,469.7277172330399
2015-09-08,448.75,452.5,448,452.25,,,0,0,,,,,,,,,,,452.5,448,452.25,129776,459.41743477381004,469.0423165572344
2015-09-09,451.5,456.5,450,453,,,0,0,,,,,,,,,,,456.5,450,453,148446,458.8340316125546,468.41320610400953
2015-09-10,452.75,458.75,450.75,458.25,,,0,0,,,,,,,,,,,458.75,450.75,458.25,145190,458.7809378295951,468.0146490018915
2015-09-11,458,471.5,448.5,471,,,0,0,,,,,,,,,,,471.5,448.5,471,306067,459.89176166326826,468.1317215900526
2015-09-14,471,478,470.25,477.5,,,0,0,,,,,,,,,,,478,470.25,477.5,191326,461.49251060297115,468.4991050571094
2015-09-15,476.75,479,472.75,474.5,,,0,0,,,,,,,,,,,479,472.75,474.5,137584,462.6750096390647,468.73443427055605
2015-09-16,474,475,467,470,,,0,0,,,,,,,,,,,475,467,470,136515,463.34091785369515,468.7840642991617
2015-09-17,469.25,469.5,463.25,463.75,,,0,0,,,,,,,,,,,469.5,463.25,463.75,100749,463.3781071397229,468.5866500129201
2015-09-18,464,466.5,460.5,461.25,,,0,0,,,,,,,,,,,466.5,460.5,461.25,122700,463.18464285429354,468.2989382477075
2015-09-21,460.5,469.5,459,468.5,,,0,0,,,,,,,,,,,469.5,459,468.5,148745,463.66785714026685,468.3068230223072
2015-09-22,468,468.5,461.25,464.5,,,0,0,,,,,,,,,,,468.5,461.25,464.5,125418,463.74350649115166,468.1575358449618
2015-09-23,463.5,468.5,463,467.25,,,0,0,,,,,,,,,,,468.5,463,467.25,99196,464.0622786283197,468.1219462039829
2015-09-24,466.75,468,463.25,465.5,,,0,0,,,,,,,,,,,468,463.25,465.5,106335,464.1929805711997,468.01912478421883
2015-09-25,465.25,473.5,465,473,,,0,0,,,,,,,,,,,473.5,465,473,143043,464.99361870109067,468.2144532240534
2015-09-28,472.75,476.5,467.75,470.75,,,0,0,,,,,,,,,,,476.5,467.75,470.75,143666,465.5169260919006,468.31388643095323
2015-09-29,471.25,473.5,469,473,,,0,0,,,,,,,,,,,473.5,469,473,128653,466.19720553809145,468.4976555905237
2015-09-30,473,478.5,467.5,471.75,,,0,0,,,,,,,,,,,478.5,467.5,471.75,268863,466.7020050346286,468.6251985085424
2015-10-01,471.75,477,469,472.75,,,0,0,,,,,,,,,,,477,469,472.75,136427,467.2518227587533,468.786955429776
2015-10-02,472,475.5,468,473.25,,,0,0,,,,,,,,,,,475.5,468,473.25,164402,467.79711159886665,468.96197678547105
2015-10-05,473.25,478,472.75,477.5,,,0,0,,,,,,,,,,,478,472.75,477.5,113450,468.67919236260605,469.2968012252565
2015-10-06,476.75,483,475.75,482.25,,,0,0,,,,,,,,,,,483,475.75,482.25,190309,469.9129021478237,469.80476980465824
2015-10-07,481.5,483.75,477.75,479.75,,,0,0,,,,,,,,,,,483.75,477.75,479.75,146387,470.8071837707488,470.19477883192656
2015-10-08,478.75,479.75,474.5,475.25,,,0,0,,,,,,,,,,,479.75,474.5,475.25,131351,471.2110761552262,470.393022799302
2015-10-09,475,478.25,465.5,466.75,,,0,0,,,,,,,,,,,478.25,465.5,466.75,262772,470.80552377747836,470.2501591601137
2015-10-12,465.5,469.25,464.25,464.75,,,0,0,,,,,,,,,,,469.25,464.25,464.75,134597,470.2550216158894,470.03446664403083
2015-10-13,465,468.75,463,468.5,,,0,0,,,,,,,,,,,468.75,463,468.5,148065,470.09547419626307,469.9742914815198
2015-10-14,468.5,470.75,462.5,463,,,0,0,,,,,,,,,,,470.75,462.5,463,137517,469.4504310875119,469.7007898547935
2015-10-15,462.75,463.5,459,459.5,,,0,0,,,,,,,,,,,463.5,459,459.5,123418,468.54584644319266,469.3007588800957
2015-10-16,459.5,462,456.5,460.75,,,0,0,,,,,,,,,,,462,456.5,460.75,142264,467.8371331301751,468.9654350024449
2015-10-19,461.25,461.5,456.5,457,,,0,0,,,,,,,,,,,461.5,456.5,457,120046,466.85193920925013,468.496202257251
2015-10-20,456.75,461.75,456,460.75,,,0,0,,,,,,,,,,,461.75,456,460.75,169213,466.2972174629547,468.19242961971173
2015-10-21,461,465,459.5,464.75,,,0,0,,,,,,,,,,,465,459.5,464.75,215666,466.1565613299588,468.057432379723
2015-10-22,464.25,467.5,461.5,462.25,,,0,0,,,,,,,,,,,467.5,461.5,462.25,132712,465.8014193908716,467.82968993345935
2015-10-23,461.75,464,459,463.75,,,0,0,,,,,,,,,,,464,459,463.75,171647,465.6149267189742,467.6697020929315
2015-10-26,464,469.75,462,468.5,,,0,0,,,,,,,,,,,469.75,462,468.5,200132,465.87720610815836,467.7022627951695
2015-10-27,468,471.5,463,464,,,0,0,,,,,,,,,,,471.5,463,464,205737,465.7065510074167,467.5570760188883
2015-10-28,463.75,464.75,459.75,460,,,0,0,,,,,,,,,,,464.75,459.75,460,153094,465.1877736431061,467.26072009657895
2015-10-29,460,464.5,459.5,464,,,0,0,,,,,,,,,,,464.5,459.5,464,146184,465.07979422100556,467.1328487202425
2015-10-30,463.75,467.75,462.75,466.25,,,0,0,,,,,,,,,,,467.75,462.75,466.25,152847,465.1861765645505,467.09822720180165
2015-11-02,465.25,465.75,460,460.5,,,0,0,,,,,,,,,,,465.75,460,460.5,173276,464.76016051322773,466.83947319388784
2015-11-03,460.5,466.25,459.75,464.5,,,0,0,,,,,,,,,,,466.25,459.75,464.5,247284,464.73650955747974,466.7477291470687
2015-11-04,463.5,467.5,460.5,464.5,,,0,0,,,,,,,,,,,467.5,460.5,464.5,245045,464.71500868861796,466.6595829060072
2015-11-05,463.5,463.75,457.75,458.5,,,0,0,,,,,,,,,,,463.75,457.75,458.5,241092,464.1500078987436,466.33959926263435
2015-11-06,458.75,459.25,454,457,,,0,0,,,,,,,,,,,459.25,454,457,218103,463.500007180676,465.97334046802126
2015-11-09,456.75,459.5,450.5,450.75,,,0,0,,,,,,,,,,,459.5,450.5,450.75,295989,462.3409156187964,465.37634672417727
2015-11-10,451,451.75,440,443,,,0,0,,,,,,,,,,,451.75,440,443,428758,460.58265056254214,464.49884293107226
2015-11-11,444.5,447.5,443.5,446.25,,,0,0,,,,,,,,,,,447.5,443.5,446.25,274519,459.27968232958375,463.78320203181454
2015-11-12,445.75,447.5,443.25,446,,,0,0,,,,,,,,,,,447.5,443.25,446,264486,458.07243848143975,463.0858215599787
2015-11-13,445.5,446.25,442,442.25,,,0,0,,,,,,,,,,,446.25,442,442.25,165822,456.63403498312704,462.2687305184109
2015-11-16,442.25,444.75,441.25,444,,,0,0,,,,,,,,,,,444.75,441.25,444,139156,455.4854863482973,461.55230971376733
2015-11-17,444,446.5,442.25,446,,,0,0,,,,,,,,,,,446.5,442.25,446,195761,454.623169407543,460.9424152151882
2015-11-18,446,448.25,442.5,445.75,,,0,0,,,,,,,,,,,448.25,442.5,445.75,245397,453.8165176432209,460.3466342263573
2015-11-19,445.75,449.5,444.25,448.25,,,0,0,,,,,,,,,,,449.5,444.25,448.25,175839,453.31047058474627,459.872256413559
2015-11-20,447.5,450.5,446,447.25,,,0,0,,,,,,,,,,,450.5,446,447.25,188672,452.7595187134057,459.37726596596843
2015-11-23,446.5,451.5,444,451.25,,,0,0,,,,,,,,,,,451.5,444,451.25,177566,452.62228973945975,459.05854965357753
2015-11-24,451,451.25,448,448.25,,,0,0,,,,,,,,,,,451.25,448,448.25,163371,452.2248088540543,458.63468496128036
2015-11-25,448.25,450.5,448,450,,,0,0,,,,,,,,,,,450.5,448,450,147246,452.02255350368574,458.29606986475954
2015-11-27,449.25,449.75,442.75,443.25,,,0,0,,,,,,,,,,,449.75,442.75,443.25,73101,451.2250486397143,457.70602790927876
2015-11-30,443,450,442.25,448.25,,,0,0,,,,,,,,,,,450,442.25,448.25,181745,450.95458967246753,457.3352032853855
2015-12-01,448.25,451.5,447,449.75,,,0,0,,,,,,,,,,,451.5,447,449.75,149027,450.845081520425,457.03774433301743
2015-12-02,449.5,449.75,446,446.25,,,0,0,,,,,,,,,,,449.75,446,446.25,118110,450.42734683675,456.6146955356442
2015-12-03,446,454,443.75,453,,,0,0,,,,,,,,,,,454,443.75,453,183894,450.6612243970455,456.4729427695405
2015-12-04,452.75,457.75,452.25,457.5,,,0,0,,,,,,,,,,,457.75,452.25,457.5,140312,451.28293127004133,456.5132195236762
2015-12-07,456.75,458,448.5,449,,,0,0,,,,,,,,,,,458,448.5,449,154264,451.0753920636739,456.2185834639242
2015-12-08,449.25,451.25,448.5,449.5,,,0,0,,,,,,,,,,,451.25,448.5,449.5,114580,450.93217460333994,455.95510960259384
2015-12-09,449.5,455.25,446.25,449.75,,,0,0,,,,,,,,,,,455.25,446.25,449.75,179986,450.8247041848545,455.71177197111956
2015-12-10,449.75,455.75,448.25,455.25,,,0,0,,,,,,,,,,,455.75,448.25,455.25,155867,451.2270038044132,455.69366326636975
2015-12-11,454.75,456.25,450.5,451.25,,,0,0,,,,,,,,,,,456.25,450.5,451.25,132554,451.2290943676484,455.51940196180624
2015-12-14,451,455.75,450.25,455,,,0,0,,,,,,,,,,,455.75,450.25,455,128249,451.5719039705894,455.4990332574217
2015-12-15,454.25,455.5,451.75,453.25,,,0,0,,,,,,,,,,,455.5,451.75,453.25,103753,451.72445815508127,455.41083587477766
2015-12-16,453,453.75,445.25,445.75,,,0,0,,,,,,,,,,,453.75,445.25,445.75,159022,451.18132559552845,455.03197956596284
2015-12-17,446.25,451,438.5,450.25,,,0,0,,,,,,,,,,,451,438.5,450.25,269285,451.0966596322986,454.8444509555329
2015-12-18,450.25,455.5,448.75,450.5,,,0,0,,,,,,,,,,,455.5,448.75,450.5,180303,451.0424178475442,454.67408032982576
2015-12-21,450,453,445.75,448,,,0,0,,,,,,,,,,,453,445.75,448,129720,450.76583440685835,454.4123516894404
2015-12-22,448,450.5,442,442.25,,,0,0,,,,,,,,,,,450.5,442,442.25,124216,449.9916676425985,453.93539672122705
2015-12-23,442.5,443.75,440.5,441.5,,,0,0,,,,,,,,,,,443.75,440.5,441.5,95523,449.2196978569077,453.44773410470833
2015-12-24,441,441.75,439.5,440.5,,,0,0,,,,,,,,,,,441.75,439.5,440.5,57476,448.4269980517343,452.9399798260923
2015-12-28,439.75,441.5,436.5,437,,,0,0,,,,,,,,,,,441.5,436.5,437,101006,447.3881800470312,452.31488257801027
2015-12-29,437,439,433,438.5,,,0,0,,,,,,,,,,,439,433,438.5,123500,446.58016367911927,451.77312247691185
2015-12-30,438.5,440,434,435,,,0,0,,,,,,,,,,,440,434,435,102103,445.52742152647204,451.1153529680133
2015-12-31,434.5,436.25,433.5,434.75,,,0,0,,,,,,,,,,,436.25,433.5,434.75,77003,444.5476559331564,450.4735744202481
2016-01-04,435.5,436,426.5,427.5,,,0,0,,,,,,,,,,,436,426.5,427.5,188747,442.9978690301422,449.57264993317955
2016-01-05,428.75,432,427.75,429,,,0,0,,,,,,,,,,,432,427.75,429,147255,441.72533548194747,448.7658793475647
2016-01-06,429.5,430.75,426.25,429.25,,,0,0,,,,,,,,,,,430.75,426.25,429.25,138855,440.5912140744977,448.0005507456994
2016-01-07,429.25,430.25,424.5,429,,,0,0,,,,,,,,,,,430.25,424.5,429,151656,439.53746734045245,447.25543110861315
2016-01-08,429,433.75,428.75,433,,,0,0,,,,,,,,,,,433.75,428.75,433,178645,438.9431521276841,446.6963945945499
2016-01-11,433,433.25,425.5,427.75,,,0,0,,,,,,,,,,,433.25,425.5,427.75,174492,437.92559284334914,445.95339872809694
2016-01-12,428,439.75,425.5,432.75,,,0,0,,,,,,,,,,,439.75,425.5,432.75,298175,437.4550844030447,445.43561838581866
2016-01-13,432,436.75,431.5,434,,,0,0,,,,,,,,,,,436.75,431.5,434,216869,437.1409858209497,444.9871627628454
2016-01-14,433.75,436.25,431.5,434,,,0,0,,,,,,,,,,,436.25,431.5,434,163853,436.8554416554088,444.55629363489066
2016-01-15,434,439.5,432,439.25,,,0,0,,,,,,,,,,,439.5,432,439.25,179659,437.0731287776444,444.34820368842435
2016-01-19,440,445.5,440,443.75,,,0,0,,,,,,,,,,,445.5,440,443.75,227108,437.6801170705858,444.32474472025086
2016-01-20,443.5,445.25,441.25,444.75,,,0,0,,,,,,,,,,,445.25,441.25,444.75,193968,438.32283370053256,444.3414213978881
2016-01-21,444.75,448,441.5,443,,,0,0,,,,,,,,,,,448,441.5,443,245065,438.7480306368478,444.2888166371866
2016-01-22,442.75,447.5,442.5,446.25,,,0,0,,,,,,,,,,,447.5,442.5,446.25,163779,439.43002785167977,444.36572578866947
2016-01-25,446,448.5,444,445.75,,,0,0,,,,,,,,,,,448.5,444,445.75,153213,440.0045707742543,444.4200110518589
2016-01-26,445.25,448,443,445.25,,,0,0,,,,,,,,,,,448,443,445.25,167690,440.48142797659483,444.4525596380605
2016-01-27,444.75,447,443.5,445.25,,,0,0,,,,,,,,,,,447,443.5,445.25,176387,440.9149345241771,444.48383180911696
2016-01-28,444.75,446.25,441,441.5,,,0,0,,,,,,,,,,,446.25,441,441.5,180821,440.96812229470646,444.3668187969947
2016-01-29,441.25,448.5,441,448,,,0,0,,,,,,,,,,,448.5,441,448,220973,441.6073839042786,444.5092964912302
2016-02-01,447,447.75,443.75,447.25,,,0,0,,,,,,,,,,,447.75,443.75,447.25,144223,442.12034900388966,444.6167750602016
2016-02-02,447.25,449.75,445,448.5,,,0,0,,,,,,,,,,,449.75,445,448.5,203481,442.7003172762633,444.76905839117404
2016-02-03,448,449.25,446.25,447,,,0,0,,,,,,,,,,,449.25,446.25,447,156546,443.09119752387573,444.85654629740253
2016-02-04,447,449.5,444,444.5,,,0,0,,,,,,,,,,,449.5,444,444.5,181870,443.21927047625064,444.84256408966127
2016-02-05,445,445.5,441.5,441.75,,,0,0,,,,,,,,,,,445.5,441.5,441.75,232059,443.08570043295515,444.7212870665373
2016-02-08,442,443,437.5,438.25,,,0,0,,,,,,,,,,,443,437.5,438.25,222967,442.6460913026865,444.4675111031437
2016-02-09,438.25,438.75,435.25,437,,,0,0,,,,,,,,,,,438.75,435.25,437,262404,442.13281027516956,444.17466753047137
2016-02-10,437,437.75,435.25,436.25,,,0,0,,,,,,,,,,,437.75,435.25,436.25,148373,441.59800934106323,443.8638962547666
2016-02-11,436,439.25,434.5,436.25,,,0,0,,,,,,,,,,,439.25,434.5,436.25,219260,441.1118266736938,443.565312087913
2016-02-12,437,438,434.25,434.75,,,0,0,,,,,,,,,,,438,434.25,434.75,183832,440.5334787942671,443.21961357466154
2016-02-16,435.75,439.5,435,439,,,0,0,,,,,,,,,,,439.5,435,439,213497,440.3940716311519,443.0541385325179
2016-02-17,438.75,443.5,438,443.25,,,0,0,,,,,,,,,,,443.5,438,443.25,174335,440.65370148286536,443.06181937438
2016-02-18,443,444,441.25,441.5,,,0,0,,,,,,,,,,,444,441.25,441.5,231650,440.7306377116958,443.00057155577684
2016-02-19,441.25,443.5,440.75,441.5,,,0,0,,,,,,,,,,,443.5,440.75,441.5,197441,440.80057973790525,442.94172561241305
2016-02-22,442.5,445.25,442.25,443.5,,,0,0,,,,,,,,,,,445.25,442.25,443.5,218973,441.04598157991387,442.96361872565177
2016-02-23,443,443.25,437.5,438,,,0,0,,,,,,,,,,,443.25,437.5,438,127839,440.76907416355806,442.76896701092033
2016-02-24,438,438.75,434.75,435.75,,,0,0,,,,,,,,,,,438.75,434.75,435.75,170408,440.3127946941437,442.49371340264895
2016-02-25,435.75,437.5,431,431.5,,,0,0,,,,,,,,,,,437.5,431,431.5,147056,439.5116315401306,442.0625873868588
2016-02-26,431.5,432.25,428.5,430.5,,,0,0,,,,,,,,,,,432.25,428.5,430.5,120564,438.69239230920965,441.6091525873741
2016-02-29,431,432.75,427.75,428,,,0,0,,,,,,,,,,,432.75,427.75,428,144696,437.72035664473606,441.0754603290457
2016-03-01,428,429.75,426.75,426.75,,,0,0,,,,,,,,,,,429.75,426.75,426.75,162159,436.7230514952146,440.5136775710439
2016-03-02,426.75,428.5,426,427.25,,,0,0,,,,,,,,,,,428.5,426,427.25,140807,435.8618649956496,439.9935333525716
2016-03-03,427,428.5,425.5,427.5,,,0,0,,,,,,,,,,,428.5,425.5,427.5,148797,435.10169545059057,439.503590868157
2016-03-04,427.5,431.75,427,429.25,,,0,0,,,,,,,,,,,431.75,427,429.25,181243,434.5697231369005,439.1014892654842
2016-03-07,432,433.25,429.25,430,,,0,0,,,,,,,,,,,433.25,429.25,430,163451,434.15429376081863,438.7445681178181
2016-03-08,429.5,433.5,427,431.5,,,0,0,,,,,,,,,,,433.5,427,431.5,172933,433.91299432801696,438.46046740731543
2016-03-09,431,432.5,428.25,430.5,,,0,0,,,,,,,,,,,432.5,428.25,430.5,159734,433.6027221163791,438.1482922148717
2016-03-10,430,434.5,429,433.75,,,0,0,,,,,,,,,,,434.5,429,433.75,184890,433.61611101489007,437.97581016722967
2016-03-11,433,436.25,433,436,,,0,0,,,,,,,,,,,436.25,433,436,127321,433.8328281953546,437.8983274155736
2016-03-14,437,440.25,436.5,439.75,,,0,0,,,,,,,,,,,440.25,436.5,439.75,159819,434.3707529048678,437.9709420267276
2016-03-15,438.75,440.25,437.25,439.5,,,0,0,,,,,,,,,,,440.25,437.25,439.5,111210,434.83704809533435,438.030905084503
2016-03-16,438.75,439.5,437,439.25,,,0,0,,,,,,,,,,,439.5,437,439.25,104231,435.23822554121307,438.078712728248
2016-03-17,439.25,443,437.5,439.5,,,0,0,,,,,,,,,,,443,437.5,439.5,197301,435.62565958292095,438.13444948400297
2016-03-18,439,440.25,437,438,,,0,0,,,,,,,,,,,440.25,437,438,96097,435.8415087117463,438.12917695521855
2016-03-21,437.5,441,436.75,440.5,,,0,0,,,,,,,,,,,441,436.75,440.5,109502,436.2650079197694,438.2221504079551
2016-03-22,440,442.75,439.75,441,,,0,0,,,,,,,,,,,442.75,439.75,441,148114,436.6954617452449,438.3310856860745
2016-03-23,440.75,441,437,439.5,,,0,0,,,,,,,,,,,441,437,439.5,126700,436.95041976840446,438.3769254630912
2016-03-24,439.75,441.25,438.25,441,,,0,0,,,,,,,,,,,441.25,438.25,441,146167,437.3185634258222,438.4797911312053
2016-03-28,440.5,443,438.75,441.5,,,0,0,,,,,,,,,,,443,438.75,441.5,127556,437.69869402347473,438.5982306946874
2016-03-29,441.5,444,439.5,444,,,0,0,,,,,,,,,,,444,439.5,444,174314,438.2715400213407,438.8100647850918
2016-03-30,443.5,445,437.75,438,,,0,0,,,,,,,,,,,445,437.75,438,214614,438.24685456485514,438.7782975386176
2016-03-31,437.75,438.25,418.5,422.5,,,0,0,,,,,,,,,,,438.25,418.5,422.5,522428,436.8153223316865,438.13993292926006
2016-04-01,422.75,425.5,418.25,425,,,0,0,,,,,,,,,,,425.5,418.25,425,268649,435.741202119715,437.6246414418381
2016-04-04,424.75,426,421.75,425.5,,,0,0,,,,,,,,,,,426,421.75,425.5,183736,434.81018374519545,437.14916530686406
2016-04-05,425.5,428,424.5,427.75,,,0,0,,,,,,,,,,,428,424.5,427.75,208622,434.1683488592686,436.78057058894785
2016-04-06,427.75,430,426,429,,,0,0,,,,,,,,,,,430,426,429,174258,433.6984989629714,436.475450173695
2016-04-07,428.75,433,428.5,432.5,,,0,0,,,,,,,,,,,433,428.5,432.5,281791,433.5895445117922,436.3195501668834
2016-04-08,432.5,433.75,430,433.25,,,0,0,,,,,,,,,,,433.75,430,433.25,227920,433.55867682890204,436.19917565053504
2016-04-11,433,433.25,427,427.75,,,0,0,,,,,,,,,,,433.25,427,427.75,249689,433.03061529900185,435.86783542894545
2016-04-12,428,436.5,427.75,433.75,,,0,0,,,,,,,,,,,436.5,427.75,433.75,341615,433.0960139081835,435.78478305918287
2016-04-13,434,445.75,434,444.5,,,0,0,,,,,,,,,,,445.75,434,444.5,392883,434.13273991653045,436.12655627254827
2016-04-14,444,445.5,440.75,445,,,0,0,,,,,,,,,,,445.5,440.75,445,296749,435.1206726513913,436.47453445793855
2016-04-15,444.5,451.5,443,449.5,,,0,0,,,,,,,,,,,451.5,443,449.5,295448,436.42788422853755,436.98533702821544
2016-04-18,446.25,455,446,452,,,0,0,,,,,,,,,,,455,446,452,222137,437.8435311168523,437.57414734083443
2016-04-19,451,457,451,455.5,,,0,0,,,,,,,,,,,457,451,455.5,280508,439.44866465168394,438.2771219549194
2016-04-20,455.5,466.5,454.25,465.75,,,0,0,,,,,,,,,,,466.5,454.25,465.75,217781,441.83969513789447,439.3544897213931
2016-04-21,465,473,454.25,455.5,,,0,0,,,,,,,,,,,473,454.25,455.5,191428,443.0815410344495,439.98764698722084
2016-04-22,455.25,455.25,441.5,442.75,,,0,0,,,,,,,,,,,455.25,441.5,442.75,174983,443.05140094040866,440.09597455634946
2016-04-25,442.25,456,439.5,448,,,0,0,,,,,,,,,,,456,439.5,448,123098,443.5012735821897,440.4059363384534
2016-04-26,448.25,454,445,453.25,,,0,0,,,,,,,,,,,454,445,453.25,110843,444.38752143835427,440.9096251094944
2016-04-27,453,453.75,448,451.75,,,0,0,,,,,,,,,,,453.75,448,451.75,89197,445.05683767123116,441.33473785029855
2016-04-28,450.75,461.75,449.75,458,,,0,0,,,,,,,,,,,461.75,449.75,458,74352,446.2334887920283,441.9882775424437
2016-04-29,457.5,462,455,458.5,,,0,0,,,,,,,,,,,462,455,458.5,127658,447.34862617457117,442.635796070191
2016-05-02,457,459,452,458.5,,,0,0,,,,,,,,,,,459,452,458.5,150457,448.3623874314283,443.25792171449723
2016-05-03,458.5,461.75,443.75,446.5,,,0,0,,,,,,,,,,,461.75,443.75,446.5,245576,448.19307948311666,443.3850620394189
2016-05-04,446.5,448.75,443,443.5,,,0,0,,,,,,,,,,,448.75,443,443.5,187471,447.7664358937424,443.3895694104221
2016-05-05,443.5,446.25,438,440.5,,,0,0,,,,,,,,,,,446.25,438,440.5,173498,447.1058508124931,443.2762529629546
2016-05-06,440.5,445.75,440.25,444.25,,,0,0,,,,,,,,,,,445.75,440.25,444.25,122379,446.84622801135737,443.3144391212701
2016-05-09,445,447.75,435,435.75,,,0,0,,,,,,,,,,,447.75,435,435.75,172172,445.8374800103249,443.0177944498477
2016-05-10,435.5,452.75,434.75,447.75,,,0,0,,,,,,,,,,,452.75,434.75,447.75,270546,446.0113454639317,443.203371138089
2016-05-11,447.5,450,442,444.25,,,0,0,,,,,,,,,,,450,442,444.25,171698,445.85122314902884,443.2444154071835
2016-05-12,444.75,456,444.25,455.75,,,0,0,,,,,,,,,,,456,444.25,455.75,191899,446.7511119536626,443.73483048925476
2016-05-13,455.25,458,452,457.5,,,0,0,,,,,,,,,,,458,452,457.5,155078,447.7282835942387,444.2746410583036
2016-05-16,457,461,453,460.75,,,0,0,,,,,,,,,,,461,453,460.75,161780,448.91207599476246,444.9207335658211
2016-05-17,459.25,464.75,458.5,463.75,,,0,0,,,,,,,,,,,464.75,458.5,463.75,193693,450.26097817705676,445.659136171083
2016-05-18,463.75,467.25,460.75,466.25,,,0,0,,,,,,,,,,,467.25,460.75,466.25,184087,451.71452561550615,446.46662102711895
2016-05-19,464.25,464.5,452.25,456.75,,,0,0,,,,,,,,,,,464.5,452.25,456.75,229117,452.1722960140965,446.86989079076136
2016-05-20,456.75,463.5,455.75,461.25,,,0,0,,,,,,,,,,,463.5,455.75,461.25,177947,452.9975418309968,447.43381664210403
2016-05-23,460.75,466,457.75,464.5,,,0,0,,,,,,,,,,,466,457.75,464.5,156434,454.0432198463607,448.10307873457054
2016-05-24,464,470,461.25,464.25,,,0,0,,,,,,,,,,,470,461.25,464.25,160508,454.971108951237,448.73629133321487
2016-05-25,463.25,471.75,462.5,471.5,,,0,0,,,,,,,,,,,471.75,462.5,471.5,170814,456.47373541021545,449.62898579073584
2016-05-26,470.75,476,466.75,475,,,0,0,,,,,,,,,,,476,466.75,475,223709,458.15794128201406,450.6239275244325
2016-05-27,474.75,480.25,473.25,479.5,,,0,0,,,,,,,,,,,480.25,473.25,479.5,174313,460.0981284381946,451.75632252347435
2016-05-31,479.25,479.75,470.75,471.5,,,0,0,,,,,,,,,,,479.75,470.75,471.5,205686,461.1346622165405,452.5305843852989
2016-06-01,471,480.75,467.75,480.5,,,0,0,,,,,,,,,,,480.75,467.75,480.5,213032,462.8951474695823,453.6274242133264
2016-06-02,480.5,486.25,479.25,482,,,0,0,,,,,,,,,,,486.25,479.25,482,223629,464.63195224507484,454.7400742441763
2016-06-03,480.75,486,477.25,485,,,0,0,,,,,,,,,,,486,477.25,485,183279,466.48359295006804,455.9267379993066
2016-06-06,486.5,494.25,486,494,,,0,0,,,,,,,,,,,494.25,486,494,223124,468.9850845000619,457.41980709737305
2016-06-07,493,494.75,489.25,494.5,,,0,0,,,,,,,,,,,494.75,489.25,494.5,273076,471.30462227278355,458.8739323092408
2016-06-08,494,506,493.25,498,,,0,0,,,,,,,,,,,506,493.25,498,342762,473.7314747934396,460.4082879049568
2016-06-09,497,497,490,493.25,,,0,0,,,,,,,,,,,497,490,493.25,262525,475.5058861758542,461.6961981831938
2016-06-10,493.25,503.75,486.75,489.75,,,0,0,,,,,,,,,,,503.75,486.75,489.75,291065,476.8008056144129,462.79634727404897
2016-06-13,494.25,504.75,494.25,496.75,,,0,0,,,,,,,,,,,504.75,494.25,496.75,304087,478.61436874037537,464.12786306722353
2016-06-14,496.25,503.5,490.25,503.25,,,0,0,,,,,,,,,,,503.5,490.25,503.25,236330,480.85397158215943,465.6620645155677
2016-06-15,502.5,505.75,495.25,495.75,,,0,0,,,,,,,,,,,505.75,495.25,495.75,186442,482.2081559837813,466.8419835541729
2016-06-16,493,496.5,487.25,492,,,0,0,,,,,,,,,,,496.5,487.25,492,196401,483.0983236216194,467.8285724344014
2016-06-17,491.75,505,490.25,504.5,,,0,0,,,,,,,,,,,505,490.25,504.5,179118,485.04393056510855,469.2666676330523
2016-06-20,502.25,502.5,487.25,488,,,0,0,,,,,,,,,,,502.5,487.25,488,204937,485.31266415009867,470.00130811803064
2016-06-21,487.25,489,463,463,,,0,0,,,,,,,,,,,489,463,463,292416,483.2842401364533,469.7267470153628
2016-06-22,463.25,467.75,459,459.75,,,0,0,,,,,,,,,,,467.75,459,459.75,211875,481.1447637604121,469.3355020343682
2016-06-23,458.75,459.5,450.75,454,,,0,0,,,,,,,,,,,459.5,450.75,454,164756,478.677057964011,468.73410979772626
2016-06-24,454.25,456.75,440.25,451.25,,,0,0,,,,,,,,,,,456.75,440.25,451.25,180562,476.1836890581918,468.04845843310954
2016-06-27,451,458.75,449.75,452,,,0,0,,,,,,,,,,,458.75,449.75,452,123573,473.9851718710835,467.41910712200723
2016-06-28,449.75,465,449.25,452,,,0,0,,,,,,,,,,,465,449.25,452,121380,471.9865198828032,466.8144362544775
2016-06-29,452.25,454,439,439.5,,,0,0,,,,,,,,,,,454,439,439.5,99434,469.03319989345744,465.7432818915568
2016-06-30,441.5,444,422,427.25,,,0,0,,,,,,,,,,,444,422,427.25,186180,465.2347271758704,464.23374142522124
2016-07-01,429.25,430.5,420.5,421.75,,,0,0,,,,,,,,,,,430.5,420.5,421.75,115113,461.28157015988216,462.56771234972234
2016-07-05,418,418.25,402.75,412.5,,,0,0,,,,,,,,,,,418.25,402.75,412.5,142162,456.84688196352926,460.6042726497332
2016-07-06,412.5,414.25,400.75,403.25,,,0,0,,,,,,,,,,,414.25,400.75,403.25,118331,451.97443814866295,458.3550854869986
2016-07-07,404.5,415.5,402.25,403.5,,,0,0,,,,,,,,,,,415.5,402.25,403.5,105738,447.56767104423903,456.203905663979
2016-07-08,404.75,417.5,403.75,416.75,,,0,0,,,,,,,,,,,417.5,403.75,416.75,99203,444.76606458567187,454.6566936771563
2016-07-11,421.75,422.5,405.75,410,,,0,0,,,,,,,,,,,422.5,405.75,410,97469,441.6055132597017,452.905450787856
2016-07-12,410.75,416.75,404.25,414,,,0,0,,,,,,,,,,,416.75,404.25,414,128648,439.09592114518335,451.3797468353911
2016-07-13,415,429.25,413.75,423.75,,,0,0,,,,,,,,,,,429.25,413.75,423.75,124882,437.70083740471216,450.29622735165026
2016-07-14,423.75,434.75,417.25,419.5,,,0,0,,,,,,,,,,,434.75,417.25,419.5,108690,436.0462158224656,449.0885321613895
2016-07-15,418.25,422.75,404.75,414,,,0,0,,,,,,,,,,,422.75,404.75,414,104622,434.04201438405966,447.71251129231536
2016-07-18,414,419.25,410,418.75,,,0,0,,,,,,,,,,,419.25,410,418.75,84620,432.65183125823603,446.57672653575395
2016-07-19,418.25,418.25,403.25,403.5,,,0,0,,,,,,,,,,,418.25,403.25,403.5,88392,430.0016647802146,444.88744314219497
2016-07-20,406,408.25,396.75,399.25,,,0,0,,,,,,,,,,,408.25,396.75,399.25,111929,427.2060588911042,443.0977394895599
2016-07-21,399.5,403.5,394.5,396,,,0,0,,,,,,,,,,,403.5,394.5,396,92502,424.36914444645834,441.2507693134987
2016-07-22,396.25,398.5,388.5,396.75,,,0,0,,,,,,,,,,,398.5,388.5,396.75,101545,421.85831313314395,439.50564110512624
2016-07-25,396.75,400,392,396.5,,,0,0,,,,,,,,,,,400,392,396.5,92724,419.5530119392218,437.8191453755135
2016-07-26,395.25,398.25,392.75,394.25,,,0,0,,,,,,,,,,,398.25,392.75,394.25,95060,417.25273812656525,436.11055143921885
2016-07-27,394.25,399.75,393.5,397.5,,,0,0,,,,,,,,,,,399.75,393.5,397.5,81045,415.45703466051384,434.59641216709264
2016-07-28,397.5,400.25,390.75,393,,,0,0,,,,,,,,,,,400.25,390.75,393,88777,413.4154860550126,432.9651803174027
2016-07-29,393,396.75,390.5,396.25,,,0,0,,,,,,,,,,,396.75,390.5,396.25,102314,411.85498732273874,431.52536932456337
2016-08-01,394,395.5,387.25,387.5,,,0,0,,,,,,,,,,,395.5,387.25,387.5,83565,409.6408975661261,429.79888425301186
2016-08-02,387,389.25,381.25,386,,,0,0,,,,,,,,,,,389.25,381.25,386,120083,407.4917250601147,428.08128094897216
2016-08-03,385.5,390.5,384,386.75,,,0,0,,,,,,,,,,,390.5,384,386.75,91696,405.6061136910133,426.4604464019537
2016-08-04,386.75,388.5,382.25,382.5,,,0,0,,,,,,,,,,,388.5,382.25,382.5,83083,403.5055579009212,424.73650732736724
2016-08-05,382.25,386.75,381.75,386,,,0,0,,,,,,,,,,,386.75,381.75,386,139530,401.914143546292,423.21742860864697
2016-08-08,386,389.75,384.25,387,,,0,0,,,,,,,,,,,389.75,384.25,387,148916,400.5583123148109,421.7971372906608
2016-08-09,387,388.5,383.75,384,,,0,0,,,,,,,,,,,388.5,383.75,384,121417,399.05301119528264,420.3148966125957
2016-08-10,383.75,387.25,383,384.25,,,0,0,,,,,,,,,,,387.25,383,384.25,148918,397.7072829048024,418.9005869415135
2016-08-11,384,385.5,382.25,382.75,,,0,0,,,,,,,,,,,385.5,382.25,382.75,125764,396.34752991345675,417.4829168653757
2016-08-12,382.25,384.75,373.75,384,,,0,0,,,,,,,,,,,384.75,373.75,384,146083,395.2250271940516,416.16986130202764
2016-08-15,383,390.75,382.75,388.25,,,0,0,,,,,,,,,,,390.75,382.75,388.25,75700,394.5909338127742,415.0749647803795
2016-08-16,388.5,390.75,386,389.25,,,0,0,,,,,,,,,,,390.75,386,389.25,78795,394.10539437524926,414.06222106350185
2016-08-17,389,392.5,388.75,392,,,0,0,,,,,,,,,,,392.5,388.75,392,103659,393.9139948865902,413.1970359237567
2016-08-18,391.75,394.75,388.25,393.75,,,0,0,,,,,,,,,,,394.75,388.25,393.75,72273,393.89908626053654,412.4344070640015
2016-08-19,394,396.5,391.75,396,,,0,0,,,,,,,,,,,396.5,391.75,396,85600,394.0900784186696,411.789920512472
2016-08-22,395.5,396.25,392.25,395,,,0,0,,,,,,,,,,,396.25,392.25,395,71837,394.17279856242686,411.13149225708094
2016-08-23,394.75,394.75,388.25,390.25,,,0,0,,,,,,,,,,,394.75,388.25,390.25,90241,393.81618051129715,410.3126102077836
2016-08-24,390,392.25,387.25,389.25,,,0,0,,,,,,,,,,,392.25,387.25,389.25,77905,393.4010731920883,409.4866254937529
2016-08-25,388.75,390.25,384,385.25,,,0,0,,,,,,,,,,,390.25,384,385.25,94419,392.6600665382621,408.5361695920371
2016-08-26,385.25,387,377.5,378,,,0,0,,,,,,,,,,,387,377.5,378,98576,391.32733321660186,407.3386727452905
2016-08-29,378,380.5,372.5,373.5,,,0,0,,,,,,,,,,,380.5,372.5,373.5,128342,389.70666656054715,406.0116659709654
2016-08-30,373.5,374.75,368.25,368.5,,,0,0,,,,,,,,,,,374.75,368.25,368.5,257650,387.7787877823156,404.5406202466138
2016-08-31,368.5,372.25,367.5,368.25,,,0,0,,,,,,,,,,,372.25,367.5,368.25,193762,386.0034434384687,403.11745866831524
2016-09-01,368.25,377.75,367.75,376.5,,,0,0,,,,,,,,,,,377.75,367.75,376.5,194384,385.13949403497156,402.07363675975387
2016-09-02,376.5,382.5,376.25,381.25,,,0,0,,,,,,,,,,,382.5,376.25,381.25,161183,384.785903668156,401.25702355348903
2016-09-06,380.5,382.25,376,381.25,,,0,0,,,,,,,,,,,382.25,376,381.25,148008,384.4644578801418,400.4724343945287
2016-09-07,380.25,386.75,379,386,,,0,0,,,,,,,,,,,386.75,379,386,150821,384.60405261831073,399.9048879476844
2016-09-08,386.25,391.5,385.25,391.25,,,0,0,,,,,,,,,,,391.5,385.25,391.25,149368,385.20822965300977,399.565480577187
2016-09-09,390.75,394.75,387.25,393.75,,,0,0,,,,,,,,,,,394.75,387.25,393.75,146593,385.9847542300089,399.3374225153365
2016-09-12,393.25,396,388.25,392.25,,,0,0,,,,,,,,,,,396,388.25,392.25,194428,386.5543220272808,399.0594843774802
2016-09-13,392,394.25,382.25,382.75,,,0,0,,,,,,,,,,,394.25,382.25,382.75,167394,386.2084745702553,398.4198967548339
2016-09-14,382.75,385,379.25,384.5,,,0,0,,,,,,,,,,,385,379.25,384.5,129673,386.0531587002321,397.8740184507228
2016-09-15,384.25,387.5,380.25,382.75,,,0,0,,,,,,,,,,,387.5,380.25,382.75,131018,385.7528715456655,397.2809196879494
2016-09-16,381.75,391,380.25,389.75,,,0,0,,,,,,,,,,,391,380.25,389.75,165288,386.11624685969593,396.98558950410825
2016-09-19,390,392.75,385,390,,,0,0,,,,,,,,,,,392.75,385,390,139737,386.4693153269963,396.7116448176726
2016-09-20,388.75,395,387.75,393.25,,,0,0,,,,,,,,,,,395,387.75,393.25,127944,387.0857412063603,396.57589404050896
2016-09-21,391.75,393.75,390.75,392.75,,,0,0,,,,,,,,,,,393.75,390.75,392.75,101255,387.6006738239639,396.42585898009685
2016-09-22,392,394.25,387.5,389.5,,,0,0,,,,,,,,,,,394.25,387.5,389.5,122257,387.7733398399672,396.15425666715186
2016-09-23,388.75,391.25,386.5,389.25,,,0,0,,,,,,,,,,,391.25,386.5,389.25,150668,387.90758167269746,395.8835015037341
2016-09-26,386.75,389.25,381.25,381.75,,,0,0,,,,,,,,,,,389.25,381.25,381.75,160536,387.34780152063405,395.3292465428034
2016-09-27,382,385.25,380,384.5,,,0,0,,,,,,,,,,,385.25,380,384.5,147073,387.08891047330366,394.9045702077915
2016-09-28,384.5,385.25,381.5,382,,,0,0,,,,,,,,,,,385.25,381.5,382,107525,386.62628224845787,394.3985086310154
2016-09-29,382.5,386.25,380.75,382,,,0,0,,,,,,,,,,,386.25,380.75,382,119728,386.2057111349617,393.91229260626966
2016-09-30,381.75,390.25,377.75,389.5,,,0,0,,,,,,,,,,,390.25,377.75,389.5,258970,386.5051919408743,393.73926152367085
2016-10-03,389,400.5,388,398.75,,,0,0,,,,,,,,,,,400.5,388,398.75,234811,387.6183563098857,393.9357610717622
2016-10-04,397.75,401.75,396.25,401,,,0,0,,,,,,,,,,,401.75,396.25,401,158042,388.83486937262336,394.2127900493402
2016-10-05,400.5,402,398,400.5,,,0,0,,,,,,,,,,,402,398,400.5,142713,389.89533579329395,394.45934730230726
2016-10-06,400,400.5,391.25,393.25,,,0,0,,,,,,,,,,,400.5,391.25,393.25,178132,390.2003052666309,394.41192191790304
2016-10-07,393.5,397.5,392.25,392.5,,,0,0,,,,,,,,,,,397.5,392.25,392.5,173884,390.4093684242099,394.3369445877892
2016-10-10,392.25,397,392,396,,,0,0,,,,,,,,,,,397,392,396,112526,390.9176076583726,394.4021624470916
2016-10-11,395.75,399.75,393.75,398.25,,,0,0,,,,,,,,,,,399.75,393.75,398.25,148301,391.58418878033876,394.55305803740174
2016-10-12,397.75,401.25,389.25,389.75,,,0,0,,,,,,,,,,,401.25,389.25,389.75,219044,391.41744434576253,394.36470282024874
2016-10-13,390.25,402.5,390,402.25,,,0,0,,,,,,,,,,,402.5,390,402.25,216225,392.4022221325114,394.67393016063113
2016-10-14,402.25,411.5,401.5,407,,,0,0,,,,,,,,,,,411.5,401.5,407,275680,393.7292928477376,395.1573054484495
2016-10-17,405.75,410.5,403,406.75,,,0,0,,,,,,,,,,,410.5,403,406.75,150351,394.91299349794326,395.6119209210593
2016-10-18,407,410.25,404.25,406.5,,,0,0,,,,,,,,,,,410.25,404.25,406.5,140470,395.966357725403,396.0389044143511
2016-10-19,406.25,410.75,403.75,410.25,,,0,0,,,,,,,,,,,410.75,403.75,410.25,168837,397.26487065945724,396.596202280455
2016-10-20,410.25,412,402,403.75,,,0,0,,,,,,,,,,,412,402,403.75,173299,397.8544278722339,396.876743367496
2016-10-21,404,407,403.25,405.25,,,0,0,,,,,,,,,,,407,403.25,405.25,115808,398.5267526111217,397.2051063726922
2016-10-24,404.25,407.25,399,401,,,0,0,,,,,,,,,,,407.25,399,401,152704,398.7515932828379,397.35392573062586
2016-10-25,401,405,400,402,,,0,0,,,,,,,,,,,405,400,402,127783,399.0469029843981,397.5361247215817
2016-10-26,402,408.5,401.75,406.75,,,0,0,,,,,,,,,,,408.5,401.75,406.75,170676,399.747184531271,397.8974531638726
2016-10-27,406.5,411.25,405,410.25,,,0,0,,,,,,,,,,,411.25,405,410.25,197466,400.70198593751905,398.3818667652894
2016-10-28,410.25,411,407,407.75,,,0,0,,,,,,,,,,,411,407,407.75,122846,401.3427144886537,398.7492445391996
2016-10-31,407.75,410.75,405,407.5,,,0,0,,,,,,,,,,,410.75,405,407.5,171941,401.9024677169579,399.0924114200153
2016-11-01,407.5,407.5,400,401.75,,,0,0,,,,,,,,,,,407.5,400,401.75,219271,401.8886070154163,399.1966305800147
2016-11-02,401.5,403.25,397,399,,,0,0,,,,,,,,,,,403.25,397,399,217593,401.6260063776512,399.18891957687686
2016-11-03,399,401.5,397.75,400.75,,,0,0,,,,,,,,,,,401.5,397.75,400.75,138695,401.5463694342284,399.25013841699933
2016-11-04,400.75,402.5,398.25,401.5,,,0,0,,,,,,,,,,,402.5,398.25,401.5,126191,401.5421540311167,399.33836828299934
2016-11-07,400.75,402.25,397.75,399,,,0,0,,,,,,,,,,,402.25,397.75,399,200743,401.311049119197,399.325098938568
2016-11-08,398.75,409.25,397.75,407,,,0,0,,,,,,,,,,,409.25,397.75,407,351911,401.82822647199725,399.626075450781
2016-11-09,405.75,407.75,393.25,393.5,,,0,0,,,,,,,,,,,407.75,393.25,393.5,323409,401.071114974543,399.3858371978092
2016-11-10,394.25,399.25,393,396.25,,,0,0,,,,,,,,,,,399.25,393,396.25,261282,400.63283179503907,399.262863190052
2016-11-11,396,397.75,391.75,393,,,0,0,,,,,,,,,,,397.75,391.75,393,212977,399.93893799549005,399.01726071201074
2016-11-14,393.25,393.75,388.25,390,,,0,0,,,,,,,,,,,393.75,388.25,390,181713,399.0353981777182,398.66364264487305
2016-11-15,389.75,395,388.5,394.25,,,0,0,,,,,,,,,,,395,388.5,394.25,190521,398.6003619797438,398.4905586195839
2016-11-16,394.25,396.25,391.25,391.25,,,0,0,,,,,,,,,,,396.25,391.25,391.25,145238,397.93214725431255,398.2066151443061
2016-11-17,391.75,396.25,391,394.75,,,0,0,,,,,,,,,,,396.25,391,394.75,192488,397.64286114028414,398.0710616092353
2016-11-18,394.75,399.5,393.25,398.25,,,0,0,,,,,,,,,,,399.5,393.25,398.25,171451,397.6980555820765,398.07807880103
2016-11-21,398,402.75,397.5,402.5,,,0,0,,,,,,,,,,,402.75,397.5,402.5,169047,398.13459598370594,398.2514874754994
2016-11-22,402.25,404.5,398.75,403.75,,,0,0,,,,,,,,,,,404.5,398.75,403.75,197454,398.6450872579145,398.4671154176367
2016-11-23,403,403.75,399.25,403.5,,,0,0,,,,,,,,,,,403.75,399.25,403.5,190746,399.08644296174043,398.6644834404745
2016-11-25,402.5,403.5,401.25,402,,,0,0,,,,,,,,,,,403.5,401.25,402,176197,399.3513117834004,398.7952880114363
2016-11-28,402,405.75,399.5,401.25,,,0,0,,,,,,,,,,,405.75,399.5,401.25,208947,399.52391980309125,398.8915512266741
2016-11-29,400.75,401,388.25,389.5,,,0,0,,,,,,,,,,,401,388.25,389.5,190795,398.6126543664466,398.5232551001379
2016-11-30,389.5,393.5,388.25,389,,,0,0,,,,,,,,,,,393.5,388.25,389,157211,397.7387766967696,398.14979411581874
2016-12-01,389,390.25,382.25,383,,,0,0,,,,,,,,,,,390.25,382.25,383,181796,396.3988879061542,397.5556845426494
2016-12-02,384.5,388.25,383.5,387.75,,,0,0,,,,,,,,,,,388.25,383.5,387.75,126397,395.61262536923107,397.17114789391803
2016-12-05,387.5,400.25,387.5,399.75,,,0,0,,,,,,,,,,,400.25,387.5,399.75,212072,395.98875033566463,397.2722793490585
2016-12-06,398.5,404.5,398,401,,,0,0,,,,,,,,,,,404.5,398,401,179332,396.44431848696786,397.41846447262486
2016-12-07,399.75,401,396.5,398.5,,,0,0,,,,,,,,,,,401,396.5,398.5,125852,396.63119862451623,397.46087763056113
2016-12-08,398.25,400.5,390.75,394,,,0,0,,,,,,,,,,,400.5,390.75,394,186345,396.39199874956023,397.32515693916656
2016-12-09,394.5,400.25,391.75,400,,,0,0,,,,,,,,,,,400.25,391.75,400,131549,396.7199988632366,397.43005274547374
2016-12-12,399.5,401.5,396.5,401,,,0,0,,,,,,,,,,,401.5,396.5,401,129638,397.1090898756696,397.5700506770238
2016-12-13,400.5,405.25,399.75,401.5,,,0,0,,,,,,,,,,,405.25,399.75,401.5,138070,397.508263523336,397.72416633674834
2016-12-14,401.25,402.5,398.75,402.5,,,0,0,,,,,,,,,,,402.5,398.75,402.5,88567,397.96205774848727,397.91145393138567
2016-12-15,402,403.5,396.75,397,,,0,0,,,,,,,,,,,403.5,396.75,397,136198,397.8745979531702,397.87571063995875
2016-12-16,396.5,399.5,394,396.75,,,0,0,,,,,,,,,,,399.5,394,396.75,113012,397.7723617756093,397.83156512466627
2016-12-19,396.5,397.25,392,393.75,,,0,0,,,,,,,,,,,397.25,392,393.75,93939,397.40669252328115,397.67150374722837
2016-12-20,393.75,394.25,389.75,390.75,,,0,0,,,,,,,,,,,394.25,389.75,390.75,103799,396.80153865752834,397.4000722277292
2016-12-21,390.5,391.75,387.25,387.75,,,0,0,,,,,,,,,,,391.75,387.25,387.75,105211,395.97867150684397,397.0216380227202
2016-12-22,387.75,388.5,386.5,387.75,,,0,0,,,,,,,,,,,388.5,386.5,387.75,97049,395.23061046076725,396.6580443747704
2016-12-23,387.5,388.25,386,386.25,,,0,0,,,,,,,,,,,388.25,386,386.25,79909,394.41419132797023,396.2498857718382
2016-12-27,387,396.5,386.75,395.5,,,0,0,,,,,,,,,,,396.5,386.75,395.5,132722,394.51290120724565,396.22047848666807
2016-12-28,394.75,395.25,387.75,388.75,,,0,0,,,,,,,,,,,395.25,387.75,388.75,122291,393.98900109749604,395.9275185460144
2016-12-29,388.75,391.5,388,390.25,,,0,0,,,,,,,,,,,391.5,388,390.25,92596,393.6490919068146,395.7048707598962
2016-12-30,390,393.5,388.25,392.5,,,0,0,,,,,,,,,,,393.5,388.25,392.5,112011,393.54462900619507,395.5791895536258
2017-01-03,392.5,399,392,396.25,,,0,0,,,,,,,,,,,399,392,396.25,174702,393.7905718238137,395.60549584564046
2017-01-04,395.5,400.5,395.25,400.25,,,0,0,,,,,,,,,,,400.5,395.25,400.25,171286,394.37779256710337,395.7876332634585
2017-01-05,400,403.25,399,401.75,,,0,0,,,,,,,,,,,403.25,399,401.75,194539,395.04799324282124,396.02145156685225
2017-01-06,401.25,403,397.25,398.5,,,0,0,,,,,,,,,,,403,397.25,398.5,166335,395.3618120389284,396.11864954462277
2017-01-09,399.5,401.25,395.75,400.5,,,0,0,,,,,,,,,,,401.25,395.75,400.5,185761,395.82892003538944,396.29046720953954
2017-01-10,399.75,400,397.75,398.75,,,0,0,,,,,,,,,,,400,397.75,398.75,134078,396.09447275944495,396.3869194758321
2017-01-11,398.25,398.75,392.5,397.75,,,0,0,,,,,,,,,,,398.75,392.5,397.75,209456,396.24497523585904,396.44037361403474
2017-01-12,397.5,400.5,393.5,398.75,,,0,0,,,,,,,,,,,400.5,393.5,398.75,256246,396.4727047598719,396.53094719779807
2017-01-13,398,400,395.75,399,,,0,0,,,,,,,,,,,400,395.75,399,168019,396.7024588726108,396.6277727978844
2017-01-17,399.5,407,399,406,,,0,0,,,,,,,,,,,407,399,406,317614,397.54768988419164,396.995311119536
2017-01-18,405,408.25,403.25,405.5,,,0,0,,,,,,,,,,,408.25,403.25,405.5,210570,398.27062716744695,397.3288283305346
2017-01-19,404.5,408,403.25,406.75,,,0,0,,,,,,,,,,,408,403.25,406.75,167428,399.0414792431336,397.69828604306264
2017-01-20,406.5,410.5,405.5,410.25,,,0,0,,,,,,,,,,,410.5,405.5,410.25,199859,400.060435675576,398.19051011980525
2017-01-23,410,410.5,408,410,,,0,0,,,,,,,,,,,410.5,408,410,145747,400.9640324323418,398.65362737000896
2017-01-24,409.75,411.5,402.75,403.75,,,0,0,,,,,,,,,,,411.5,402.75,403.75,198152,401.2173022112198,398.8534851202047
2017-01-25,403.75,407.25,401.5,406.75,,,0,0,,,,,,,,,,,407.25,401.5,406.75,144569,401.72027473747255,399.16315237039277
2017-01-26,406.5,407.25,402.5,404.25,,,0,0,,,,,,,,,,,407.25,402.5,404.25,115941,401.9502497613387,399.3626365911617
2017-01-27,403.75,404.75,401,403,,,0,0,,,,,,,,,,,404.75,401,403,131330,402.045681601217,399.5052782934691
2017-01-30,402,402.25,396.25,398.25,,,0,0,,,,,,,,,,,402.25,396.25,398.25,185498,401.70061963746997,399.4560516937252
2017-01-31,399,401.75,398.25,400.25,,,0,0,,,,,,,,,,,401.75,398.25,400.25,144840,401.5687451249727,399.4871869214223
2017-02-01,400.5,409,398.5,408.75,,,0,0,,,,,,,,,,,409,398.5,408.75,238049,402.2215864772479,399.8504344931312
2017-02-02,408,410.25,406.75,408,,,0,0,,,,,,,,,,,410.25,406.75,408,161840,402.7468967974981,400.1700252973221
2017-02-03,406.25,408.25,404.5,405.75,,,0,0,,,,,,,,,,,408.25,404.5,405.75,131487,403.01990617954374,400.38884783468205
2017-02-06,404.5,409.25,403,404.25,,,0,0,,,,,,,,,,,409.25,403,404.25,123030,403.13173289049433,400.5402655666553
2017-02-07,404.25,409.5,403,409,,,0,0,,,,,,,,,,,409.5,403,409,201065,403.6652117186312,400.87201985815904
2017-02-08,408.5,411.5,407,411.25,,,0,0,,,,,,,,,,,411.5,407,411.25,215522,404.35473792602835,401.2789994715646
2017-02-09,410,413.25,408,410,,,0,0,,,,,,,,,,,413.25,408,410,302879,404.8679435691167,401.6209994922875
2017-02-10,409,416,409,415,,,0,0,,,,,,,,,,,416,409,415,258226,405.7890396082879,402.1456661788645
2017-02-13,414,417.25,412.25,416,,,0,0,,,,,,,,,,,417.25,412.25,416,243363,406.7173087348072,402.68897338753646
2017-02-14,415.5,415.75,413.5,414.75,,,0,0,,,,,,,,,,,415.75,413.5,414.75,182589,407.4475533952793,403.1619548233193
2017-02-15,414.5,419.5,412.25,419.25,,,0,0,,,,,,,,,,,419.5,412.25,419.25,234393,408.5205030866175,403.7928585557382
2017-02-16,418.5,420.5,413.5,414,,,0,0,,,,,,,,,,,420.5,413.5,414,202506,409.01863916965226,404.1931386123759
2017-02-17,413.75,413.75,408.5,408.75,,,0,0,,,,,,,,,,,413.75,408.5,408.75,190289,408.9942174269566,404.3718390589494
2017-02-21,409,411.25,407,409.75,,,0,0,,,,,,,,,,,411.25,407,409.75,192463,409.0629249335969,404.58274733114746
2017-02-22,409.75,413.25,409.75,411.5,,,0,0,,,,,,,,,,,413.25,409.75,411.5,167704,409.2844772123608,404.8540121416907
2017-02-23,411,412.25,405.75,406,,,0,0,,,,,,,,,,,412.25,405.75,406,176305,408.98588837487347,404.89895284201657
2017-02-24,406.25,407.25,403,404.5,,,0,0,,,,,,,,,,,407.25,403,404.5,217648,408.5780803407941,404.8833076325257
2017-02-27,404.75,406,400,400.75,,,0,0,,,,,,,,,,,406,400,400.75,227526,407.8664366734492,404.72121713713256
2017-02-28,401.25,418.75,401,406.25,,,0,0,,,,,,,,,,,418.75,401,406.25,366417,407.7194878849538,404.7811694062646
2017-03-01,405.5,414.75,404.75,414.5,,,0,0,,,,,,,,,,,414.75,404.75,414.5,172351,408.33589807723075,405.16230001778365
2017-03-02,414,414.75,409.25,412,,,0,0,,,,,,,,,,,414.75,409.25,412,144904,408.66899825202796,405.43044511512545
2017-03-03,410.5,414.25,410,413.25,,,0,0,,,,,,,,,,,414.25,410,413.25,116924,409.0854529563891,405.737094326297
2017-03-06,413,415.5,409,411,,,0,0,,,,,,,,,,,415.5,409,411,136062,409.2595026876264,405.94348278408927
2017-03-07,411,412.25,405.75,408.5,,,0,0,,,,,,,,,,,412.25,405.75,408.5,155491,409.1904569887513,406.0437383611838
2017-03-08,408.5,409,404.25,404.75,,,0,0,,,,,,,,,,,409,404.25,404.75,129913,408.786779080683,405.9930035234903
2017-03-09,405.25,406.5,398.5,399.5,,,0,0,,,,,,,,,,,406.5,398.5,399.5,200743,407.94252643698456,405.7383759343338
2017-03-10,399.75,400.25,395,396.75,,,0,0,,,,,,,,,,,400.25,395,396.75,175763,406.9250240336223,405.3858906035756
2017-03-13,396.5,397.5,393,393.5,,,0,0,,,,,,,,,,,397.5,393,393.5,133899,405.704567303293,404.91977724657266
2017-03-14,393.5,397,392.5,394.75,,,0,0,,,,,,,,,,,397,392.5,394.75,205479,404.7086975484482,404.5209624525894
2017-03-15,394.75,397.25,394.5,396,,,0,0,,,,,,,,,,,397.25,394.5,396,107404,403.9169977713165,404.1868070622918
2017-03-16,396,399.5,396,398.5,,,0,0,,,,,,,,,,,399.5,396,398.5,111741,403.4245434284696,403.9637950206333
2017-03-17,398.75,400.25,397,400,,,0,0,,,,,,,,,,,400.25,397,400,94241,403.1132212986087,403.8083520786477
2017-03-20,401.5,403.25,395.5,396,,,0,0,,,,,,,,,,,403.25,395.5,396,146668,402.466564816917,403.50214219321055
2017-03-21,396,396.5,391.75,393.75,,,0,0,,,,,,,,,,,396.5,391.75,393.75,153614,401.67414983356093,403.1197052444572
2017-03-22,393.75,394.25,390.75,391.25,,,0,0,,,,,,,,,,,394.25,390.75,391.25,135915,400.72649984869173,402.6542266074196
2017-03-23,391,392.25,388.75,389.25,,,0,0,,,,,,,,,,,392.25,388.75,389.25,125353,399.6831816806288,402.1285706620306
2017-03-24,389.5,390.5,387.75,388.75,,,0,0,,,,,,,,,,,390.5,387.75,388.75,114283,398.6892560732989,401.603920832147
2017-03-27,389.25,390.75,386.75,388.25,,,0,0,,,,,,,,,,,390.75,386.75,388.25,146440,397.7402327939081,401.0802376622589
2017-03-28,388.5,391.25,388.25,390.25,,,0,0,,,,,,,,,,,391.25,388.25,390.25,126483,397.0593025399165,400.6555224598174
2017-03-29,389.75,393.25,389,391,,,0,0,,,,,,,,,,,393.25,389,391,140216,396.5084568544695,400.2768745202167
2017-03-30,390.75,391.25,389.25,390,,,0,0,,,,,,,,,,,391.25,389.25,390,105348,395.91677895860863,399.8738598331494
2017-03-31,390.5,399.25,387.5,396.75,,,0,0,,,,,,,,,,,399.25,387.5,396.75,302099,395.99252632600786,399.7513555259671
2017-04-03,398.25,404.25,398,400.25,,,0,0,,,,,,,,,,,404.25,398,400.25,230407,396.3795693872799,399.7709102112233
2017-04-04,399.5,402.25,395.25,395.5,,,0,0,,,,,,,,,,,402.25,395.25,395.5,157420,396.2996085338908,399.60342353627334
2017-04-05,395.5,398.25,394,397.25,,,0,0,,,,,,,,,,,398.25,394,397.25,143411,396.38600775808254,399.5111324172038
2017-04-06,396.75,398,392.5,393.25,,,0,0,,,,,,,,,,,398,392.5,393.25,137979,396.1009161437114,399.26559781260755
2017-04-07,393,394.25,389.75,392,,,0,0,,,,,,,,,,,394.25,389.75,392,233393,395.72810558519217,398.9806724081916
2017-04-10,392.5,399.5,391.5,399.5,,,0,0,,,,,,,,,,,399.5,391.5,399.5,222752,396.0710050774474,399.00103819610564
2017-04-11,398.5,401.5,394.75,399,,,0,0,,,,,,,,,,,401.5,394.75,399,254157,396.337277343134,399.00099748253285
2017-04-12,399,404,398.75,401.5,,,0,0,,,,,,,,,,,404,398.75,401.5,237717,396.8066157664855,399.09899758125704
2017-04-13,401.25,405.5,401,403.5,,,0,0,,,,,,,,,,,405.5,401,403.5,267053,397.41510524225953,399.2715859114038
2017-04-17,403.5,404.5,398,399,,,0,0,,,,,,,,,,,404.5,398,399,146560,397.5591865838723,399.2609354835056
2017-04-18,399,400.5,393.25,394.25,,,0,0,,,,,,,,,,,400.5,393.25,394.25,200181,397.25835143988394,399.06442820964264
2017-04-19,393.75,397.75,393,394.25,,,0,0,,,,,,,,,,,397.75,393,394.25,188302,396.98486494534905,398.87562710338216
2017-04-20,394.25,396.25,389.75,390.25,,,0,0,,,,,,,,,,,396.25,389.75,390.25,176900,396.37260449577184,398.53736721697504
2017-04-21,390,391.25,386.75,389.5,,,0,0,,,,,,,,,,,391.25,386.75,389.5,181734,395.7478222688835,398.1829606594466
2017-04-24,390.5,393,388.75,391.75,,,0,0,,,,,,,,,,,393,388.75,391.75,159113,395.38438388080317,397.9306876924095
2017-04-25,391.75,400.75,388.75,397.5,,,0,0,,,,,,,,,,,400.75,388.75,397.5,180778,395.576712618912,397.9137979789817
2017-04-26,397.5,399.75,390.75,391.5,,,0,0,,,,,,,,,,,399.75,390.75,391.5,199686,395.20610238082907,397.66227648960984
2017-04-27,391.25,396.5,391,394.5,,,0,0,,,,,,,,,,,396.5,391,394.5,148983,395.14191125529914,397.53826564688006
2017-04-28,393,394.25,388.75,391.75,,,0,0,,,,,,,,,,,394.25,388.75,391.75,197958,394.8335556866356,397.3112748371985
2017-05-01,396.75,404.25,394.75,402.75,,,0,0,,,,,,,,,,,404.25,394.75,402.75,315785,395.553232442396,397.5245581769162
2017-05-02,402,403.5,395.5,397.5,,,0,0,,,,,,,,,,,403.5,395.5,397.5,213540,395.7302113112691,397.52359511115475
2017-05-03,397.25,401,395.25,400,,,0,0,,,,,,,,,,,401,395.25,400,160950,396.11837391933557,397.6207090283644
2017-05-04,399.5,401.25,391.25,391.75,,,0,0,,,,,,,,,,,401.25,391.25,391.75,223621,395.7212490175778,397.3904851448991
2017-05-05,392.75,399,392,396,,,0,0,,,,,,,,,,,399,392,396,185809,395.74659001597985,397.3359563156874
2017-05-08,394.5,396.5,390.25,391.25,,,0,0,,,,,,,,,,,396.5,390.25,391.25,156532,395.33780910543624,397.097291362131
2017-05-09,391.25,394.75,391,391.75,,,0,0,,,,,,,,,,,394.75,391,391.75,139423,395.0116446413057,396.8875936616553
2017-05-10,391.75,399.25,391.25,399,,,0,0,,,,,,,,,,,399.25,391.25,399,251580,395.37422240118696,396.9704331259041
2017-05-11,398.25,399,394,394.5,,,0,0,,,,,,,,,,,399,394,394.5,132707,395.2947476374427,396.8735533954765
2017-05-12,394.5,396.75,393.25,396.25,,,0,0,,,,,,,,,,,396.75,393.25,396.25,92519,395.38158876131155,396.8491003211441
2017-05-15,395.75,397,392.5,393,,,0,0,,,,,,,,,,,397,392.5,393,116961,395.1650806921014,396.698155210511
2017-05-16,392.5,394,390.5,393,,,0,0,,,,,,,,,,,394,390.5,393,115028,394.96825517463765,396.55312951598114
2017-05-17,392.25,397.5,391.5,396.75,,,0,0,,,,,,,,,,,397.5,391.5,396.75,140847,395.1302319769433,396.56084992711914
2017-05-18,396.75,396.75,389.5,391.25,,,0,0,,,,,,,,,,,396.75,389.5,391.25,194694,394.777483615403,396.35258130252623
2017-05-19,391.25,398.25,391.25,397.75,,,0,0,,,,,,,,,,,398.25,391.25,397.75,201665,395.04771237763913,396.4073820357605
2017-05-22,398,402.75,397,400.25,,,0,0,,,,,,,,,,,402.75,397,400.25,170819,395.52064761603555,396.5580729363189
2017-05-23,400,401,394.25,394.75,,,0,0,,,,,,,,,,,401,394.25,394.75,178136,395.4505887418505,396.4871681152868
2017-05-24,395.25,396.75,394,396.5,,,0,0,,,,,,,,,,,396.75,394,396.5,108549,395.5459897653186,396.487671326452
2017-05-25,396.25,398.25,394,394.5,,,0,0,,,,,,,,,,,398.25,394,394.5,110606,395.4508997866533,396.40972343129704
2017-05-26,394.5,400,394,399.5,,,0,0,,,,,,,,,,,400,394,399.5,130479,395.81899980604845,396.53091074771675
2017-05-30,398.75,399,391.5,392.25,,,0,0,,,,,,,,,,,399,391.5,392.25,208777,395.49454527822587,396.3630318948651
2017-05-31,395.5,401.75,394.25,397.25,,,0,0,,,,,,,,,,,401.75,394.25,397.25,263402,395.6541320711144,396.3978149578116
2017-06-01,396.75,399,392.75,395.75,,,0,0,,,,,,,,,,,399,392.75,395.75,177074,395.6628473373767,396.37241044966214
2017-06-02,395.75,400,394.75,398,,,0,0,,,,,,,,,,,400,394.75,398,131232,395.87531576125156,396.43623749085185
2017-06-05,399,400.75,397.25,398.25,,,0,0,,,,,,,,,,,400.75,397.25,398.25,196484,396.0911961465923,396.5073654323871
2017-06-06,397.25,405,396.5,402.5,,,0,0,,,,,,,,,,,405,396.5,402.5,255149,396.6738146787203,396.74237070954837
2017-06-07,403.5,412.25,403.5,410,,,0,0,,,,,,,,,,,412.25,403.5,410,523849,397.88528607156394,397.2622777405465
2017-06-08,410.25,417,409.5,411,,,0,0,,,,,,,,,,,417,409.5,411,398378,399.0775327923308,397.8010119467996
2017-06-09,409.5,414.75,406,413,,,0,0,,,,,,,,,,,414.75,406,413,268361,400.34321162939165,398.3970506939839
2017-06-12,411.25,412.5,401.5,402.5,,,0,0,,,,,,,,,,,412.5,401.5,402.5,371345,400.53928329944694,398.5579506667688
2017-06-13,404.5,409,402.75,406.25,,,0,0,,,,,,,,,,,409,402.75,406.25,247971,401.0584393631336,398.85959966022887
2017-06-14,406.25,410.25,402,402.25,,,0,0,,,,,,,,,,,410.25,402,402.25,199409,401.1667630573942,398.9925565362983
2017-06-15,402,407.25,395.25,404.75,,,0,0,,,,,,,,,,,407.25,395.25,404.75,266276,401.4925118703583,399.2183386329141
2017-06-16,404,409.75,402.25,409.25,,,0,0,,,,,,,,,,,409.75,402.25,409.25,206387,402.1977380639621,399.61173711789786
2017-06-19,403.5,406.75,400.5,400.5,,,0,0,,,,,,,,,,,406.75,400.5,400.5,237056,402.04339823996554,399.64657095641167
2017-06-20,401.5,402.75,394.5,395.25,,,0,0,,,,,,,,,,,402.75,394.5,395.25,203110,401.4258165817869,399.4741564091014
2017-06-21,394.75,398.75,393.5,394,,,0,0,,,,,,,,,,,398.75,393.5,394,164652,400.750742347079,399.25948360874446
2017-06-22,394,394.5,387.75,388,,,0,0,,,,,,,,,,,394.5,387.75,388,178704,399.59158395188996,398.81793523193096
2017-06-23,388,390,381.75,383,,,0,0,,,,,,,,,,,390,381.75,383,250374,398.08325813808176,398.19762404636504
2017-06-26,383.75,387,382.5,384.25,,,0,0,,,,,,,,,,,387,382.5,384.25,212562,396.825689216438,397.650658397488
2017-06-27,386.5,389.5,384.5,384.5,,,0,0,,,,,,,,,,,389.5,384.5,384.5,208879,395.7051720149436,397.13494630346884
2017-06-28,384.75,385.75,382,382,,,0,0,,,,,,,,,,,385.75,382,382,219540,394.4592472863124,396.5414189974505
2017-06-29,382,387.5,381.5,385,,,0,0,,,,,,,,,,,387.5,381.5,385,169166,393.59931571482946,396.0888143308838
2017-06-30,385.5,398.5,385,396.5,,,0,0,,,,,,,,,,,398.5,385,396.5,269474,393.8630142862086,396.1049392590844
2017-07-03,399.5,411.5,398.75,404,,,0,0,,,,,,,,,,,411.5,398.75,404,193235,394.78455844200784,396.41454948421836
2017-07-05,405.5,409.75,400.75,407.5,,,0,0,,,,,,,,,,,409.75,400.75,407.5,184005,395.9405076745526,396.84927303385683
2017-07-06,405.75,407,397.5,406,,,0,0,,,,,,,,,,,407,397.5,406,166180,396.855006976866,397.2081250717448
2017-07-07,405,412.5,403.75,408,,,0,0,,,,,,,,,,,412.5,403.75,408,178356,397.86818816078727,397.631335853245
2017-07-10,412.5,418,412,417.5,,,0,0,,,,,,,,,,,418,412,417.5,222864,399.65289832798845,398.4104991531177
2017-07-11,418.5,420.25,410,417.25,,,0,0,,,,,,,,,,,420.25,410,417.25,180953,401.25263484362586,399.1493031078974
2017-07-12,415.5,416.25,400,401,,,0,0,,,,,,,,,,,416.25,400,401,215092,401.2296680396599,399.2218794566073
2017-07-13,400.5,400.75,384,385.25,,,0,0,,,,,,,,,,,400.75,384,385.25,224223,399.77697094514537,398.6739626151717
2017-07-14,385.75,394,385.5,391.75,,,0,0,,,,,,,,,,,394,385.5,391.75,147685,399.04724631376854,398.40243466947874
2017-07-17,391.25,394.25,386,390.5,,,0,0,,,,,,,,,,,394.25,386,390.5,113702,398.27022392160774,398.0925352706756
2017-07-18,396.25,404.25,390.75,392.5,,,0,0,,,,,,,,,,,404.25,390.75,392.5,154626,397.7456581105525,397.87322016202165
2017-07-19,392,404.5,389.75,398,,,0,0,,,,,,,,,,,404.5,389.75,398,139735,397.7687801005023,397.87819192037375
2017-07-20,398,408.75,396,406.5,,,0,0,,,,,,,,,,,408.75,396,406.5,139461,398.562527364093,398.2163020411434
2017-07-21,406,406.5,394,395.25,,,0,0,,,,,,,,,,,406.5,394,395.25,147014,398.26138851281183,398.0999764709025
2017-07-24,391,393,386.5,392.75,,,0,0,,,,,,,,,,,393,386.5,392.75,124948,397.7603531934653,397.89017347204356
2017-07-25,397.5,399.25,384,384.25,,,0,0,,,,,,,,,,,399.25,384,384.25,123047,396.5321392667866,397.355264708434
2017-07-26,384,388.75,381.5,388.25,,,0,0,,,,,,,,,,,388.75,381.5,388.25,102552,395.77921751526054,396.9981955041817
2017-07-27,389.5,392.75,388.5,389.75,,,0,0,,,,,,,,,,,392.75,388.5,389.75,77171,395.23110683205505,396.7139525432334
2017-07-28,389.25,392.5,388.5,389.75,,,0,0,,,,,,,,,,,392.5,388.5,389.75,71011,394.73282439277733,396.44085636506736
2017-07-31,386.5,387.75,383,386.25,,,0,0,,,,,,,,,,,387.75,383,386.25,81956,393.96165853888846,396.0412149389863
2017-08-01,384.75,387,377.5,378,,,0,0,,,,,,,,,,,387,377.5,378,108461,392.51059867171676,395.333716313928
2017-08-02,380,382.75,379.25,380.5,,,0,0,,,,,,,,,,,382.75,379.25,380.5,93630,391.41872606519706,394.7520019486759
2017-08-03,380.5,382.75,376.75,379,,,0,0,,,,,,,,,,,382.75,376.75,379,156604,390.289750968361,394.13427638206116
2017-08-04,379,383.5,378.75,382,,,0,0,,,,,,,,,,,383.5,378.75,382,101335,389.5361372439645,393.65842240629405
2017-08-07,384.25,388,383.75,387.75,,,0,0,,,,,,,,,,,388,383.75,387.75,150029,389.3737611308768,393.42671956683154
2017-08-08,388,389.75,383.75,385.25,,,0,0,,,,,,,,,,,389.75,383.75,385.25,185789,388.9988737553426,393.106063897544
2017-08-09,384.5,388,384.25,387.75,,,0,0,,,,,,,,,,,388,384.25,387.75,182886,388.88533977758414,392.8960221760717
2017-08-10,387.25,391,372,372.75,,,0,0,,,,,,,,,,,391,372,372.75,316364,387.41849070689466,392.10598209073555
2017-08-11,374.25,377,372.75,376.25,,,0,0,,,,,,,,,,,377,372.75,376.25,130807,386.4031733699042,391.484178871491
2017-08-14,374.25,378.5,371.5,378.25,,,0,0,,,,,,,,,,,378.5,371.5,378.25,95281,385.661975790822,390.96519146476584
2017-08-15,376.5,376.5,369.5,370.75,,,0,0,,,,,,,,,,,376.5,369.5,370.75,112629,384.30634162802,390.1724388583044
2017-08-16,370.5,372.25,364.75,368,,,0,0,,,,,,,,,,,372.25,364.75,368,159752,382.82394693456365,389.3029314520964
2017-08-17,368,369.25,365,366,,,0,0,,,,,,,,,,,369.25,365,366,84675,381.2944972132397,388.3890910029946
2017-08-18,365.5,368,365.25,367.5,,,0,0,,,,,,,,,,,368,365.25,367.5,132653,380.0404520120361,387.56991096366147
2017-08-21,366,366.25,362,364.5,,,0,0,,,,,,,,,,,366.25,362,364.5,97326,378.62768364730556,386.66520857292966
2017-08-22,364.5,366.5,361.5,361.5,,,0,0,,,,,,,,,,,366.5,361.5,361.5,119934,377.0706214975505,385.67833764850104
2017-08-23,361.75,364.25,357,357.5,,,0,0,,,,,,,,,,,364.25,357,357.5,87530,375.29147408868226,384.5733047995402
2017-08-24,357,358.25,355.75,357.5,,,0,0,,,,,,,,,,,358.25,355.75,357.5,107368,373.67406735334754,383.51160657210727
2017-08-25,357.5,358.25,353.5,354.25,,,0,0,,,,,,,,,,,358.25,353.5,354.25,124314,371.90824304849775,382.3640925888874
2017-08-28,354.25,355.75,351,351.5,,,0,0,,,,,,,,,,,355.75,351,351.5,113739,370.0529482259071,381.15373601677413
2017-08-29,351,351.5,347.5,349,,,0,0,,,,,,,,,,,351.5,347.5,349,130105,368.1390438417337,379.89280519258693
2017-08-30,348.5,349.5,345.25,345.75,,,0,0,,,,,,,,,,,349.5,345.25,345.75,238522,366.1036762197579,378.55387165562274
2017-08-31,345.25,358.75,344.5,358,,,0,0,,,,,,,,,,,358.75,344.5,358,281176,365.36697838159813,377.7478374730493
2017-09-01,357.25,361,353.5,355.5,,,0,0,,,,,,,,,,,361,353.5,355.5,184320,364.4699803469074,376.8753732584199
2017-09-05,355,360.75,355,358.75,,,0,0,,,,,,,,,,,360.75,355,358.75,145622,363.94998213355217,376.1645743071093
2017-09-06,357.75,362.25,356.25,361.25,,,0,0,,,,,,,,,,,362.25,356.25,361.25,131593,363.70452921232015,375.5796890401638
2017-09-07,360.25,360.5,355,355.5,,,0,0,,,,,,,,,,,360.5,355,355.5,124159,362.95866292029103,374.7922502542751
2017-09-08,355.5,359,355.25,357,,,0,0,,,,,,,,,,,359,355.25,357,117811,362.41696629117365,374.09451495018584
2017-09-11,356.75,359.5,355,357.75,,,0,0,,,,,,,,,,,359.5,355,357.75,129969,361.9926966283397,373.45355357959033
2017-09-12,357.25,357.5,345.75,351.75,,,0,0,,,,,,,,,,,357.5,345.75,351.75,273098,361.0615423893997,372.6024338313711
2017-09-13,351.25,357,350.5,351.75,,,0,0,,,,,,,,,,,357,350.5,351.75,156117,360.2150385358179,371.7846913281801
2017-09-14,353.25,356.5,352.75,354.5,,,0,0,,,,,,,,,,,356.5,352.75,354.5,108639,359.69548957801624,371.10686029570246
2017-09-15,353.75,355.75,352.75,355,,,0,0,,,,,,,,,,,355.75,352.75,355,117683,359.2686268891057,370.47521871547883
2017-09-18,353.5,355.75,350.75,351.75,,,0,0,,,,,,,,,,,355.75,350.75,351.75,113073,358.5851153537324,369.740896412911
2017-09-19,351.25,353.5,346.75,348.5,,,0,0,,,,,,,,,,,353.5,346.75,348.5,159676,357.6682866852113,368.9079200829929
2017-09-20,348.25,351.75,347.5,350.25,,,0,0,,,,,,,,,,,351.75,347.5,350.25,112067,356.99389698655574,368.1762369424834
2017-09-21,349.75,351.5,348.75,350.5,,,0,0,,,,,,,,,,,351.5,348.75,350.5,93436,356.40354271505066,367.48305118003304
2017-09-22,350,356.5,349.75,353.75,,,0,0,,,,,,,,,,,356.5,349.75,353.75,138975,356.162311559137,366.9445001533651
2017-09-25,353,355.25,351.5,354,,,0,0,,,,,,,,,,,355.25,351.5,354,109525,355.9657377810336,366.43687269637036
2017-09-26,353,355.75,351.75,352.5,,,0,0,,,,,,,,,,,355.75,351.75,352.5,176191,355.65067071003057,365.8903286690617
2017-09-27,352.25,354.75,348.75,354.25,,,0,0,,,,,,,,,,,354.75,348.75,354.25,186064,355.5233370091187,365.4338451918436
2017-09-28,353.5,354,350.75,352.75,,,0,0,,,,,,,,,,,354,350.75,352.75,134798,355.2712154628352,364.9364394980458
2017-09-29,352.5,358.25,350.25,355.5,,,0,0,,,,,,,,,,,358.25,350.25,355.5,241959,355.2920140571229,364.56638304714204
2017-10-02,355,356.5,351.25,351.75,,,0,0,,,,,,,,,,,356.5,351.25,351.75,187887,354.97001277920265,364.0637797903914
2017-10-03,351.75,351.75,349,349.75,,,0,0,,,,,,,,,,,351.75,349,349.75,191401,354.4954661629115,363.50245509272895
2017-10-04,349.5,349.75,346.25,348.5,,,0,0,,,,,,,,,,,349.75,346.25,348.5,168210,353.950423784465,362.91412352046507
2017-10-05,348.5,351.5,347.75,349.75,,,0,0,,,,,,,,,,,351.5,347.75,349.75,112667,353.56856707678634,362.3978833824076
2017-10-06,349.5,351.25,348.75,350.25,,,0,0,,,,,,,,,,,351.25,348.75,350.25,140440,353.26687916071484,361.9214957987838
2017-10-09,350.75,352,348.25,349.75,,,0,0,,,,,,,,,,,352,348.25,349.75,111794,352.9471628733771,361.4441822380472
2017-10-10,349.25,351.5,348.5,349.5,,,0,0,,,,,,,,,,,351.5,348.5,349.5,113927,352.6337844303428,360.97578293459435
2017-10-11,349,349.25,345.75,346.25,,,0,0,,,,,,,,,,,349.25,345.75,346.25,164712,352.05344039122076,360.39830125088474
2017-10-12,346.25,354.25,342.75,349.25,,,0,0,,,,,,,,,,,354.25,342.75,349.25,332718,351.7985821738371,359.96111296653635
2017-10-13,348.75,353.75,348.5,353,,,0,0,,,,,,,,,,,353.75,348.5,353,155337,351.9078019762155,359.68812814431925
2017-10-16,353,353.5,350,350.75,,,0,0,,,,,,,,,,,353.5,350,350.75,142217,351.802547251105,359.3376133151303
2017-10-17,350.5,352,348.75,350.25,,,0,0,,,,,,,,,,,352,348.75,350.25,137777,351.66140659191365,358.9812363223801
2017-10-18,350.5,350.75,348,348.75,,,0,0,,,,,,,,,,,350.75,348,348.75,132775,351.39673326537604,358.58001136856126
2017-10-19,349,351.75,348.75,349.25,,,0,0,,,,,,,,,,,351.75,348.75,349.25,128707,351.2015756957964,358.2141285697941
2017-10-20,349.25,350.25,344.5,344.75,,,0,0,,,,,,,,,,,350.25,344.5,344.75,192805,350.61506881436037,357.6861235278414
2017-10-23,344.5,352,343.25,351.5,,,0,0,,,,,,,,,,,352,343.25,351.5,256748,350.695517103964,357.4435304483182
2017-10-24,351.25,353.25,349.75,353,,,0,0,,,,,,,,,,,353.25,349.75,353,214405,350.9050155490582,357.26927435230573
2017-10-25,352.75,355.5,350.75,351.25,,,0,0,,,,,,,,,,,355.5,350.75,351.25,200921,350.9363777718711,357.0332243777055
2017-10-26,351,352.25,349.75,350.75,,,0,0,,,,,,,,,,,352.25,349.75,350.75,148533,350.9194343380646,356.78682342171703
2017-10-27,350.5,350.5,347.75,349,,,0,0,,,,,,,,,,,350.5,347.75,349,171571,350.74494030733143,356.48145779733596
2017-10-30,348.75,350,347.5,349,,,0,0,,,,,,,,,,,350,347.5,349,122255,350.5863093703013,356.18806729547964
2017-10-31,348.25,349,345.75,346,,,0,0,,,,,,,,,,,349,345.75,346,174825,350.16937215481937,355.7885352446765
2017-11-01,346,349.5,345.5,348.5,,,0,0,,,,,,,,,,,349.5,345.5,348.5,213757,350.0176110498358,355.50271033312055
2017-11-02,348,352.25,347.75,350.75,,,0,0,,,,,,,,,,,352.25,347.75,350.75,162576,350.0841918634871,355.31632953574325
2017-11-03,350.5,351.25,347.75,348.5,,,0,0,,,,,,,,,,,351.25,347.75,348.5,200476,349.9401744213519,355.0490224951259
2017-11-06,348.75,350.5,348,348.25,,,0,0,,,,,,,,,,,350.5,348,348.25,204475,349.786522201229,354.7823941619837
2017-11-07,348,348.5,346.5,348,,,0,0,,,,,,,,,,,348.5,346.5,348,297238,349.62411109202634,354.5164179203373
2017-11-08,347.75,349.25,346,348.5,,,0,0,,,,,,,,,,,349.25,346,348.5,219586,349.5219191745694,354.280479962677
2017-11-09,347.75,350,341,341.75,,,0,0,,,,,,,,,,,350,341,341.75,475087,348.8153810677904,353.7890885915916
2017-11-10,342,344.25,341.25,343.75,,,0,0,,,,,,,,,,,344.25,341.25,343.75,349164,348.35489187980943,353.3953988429017
2017-11-13,343.75,344.25,341.75,342.5,,,0,0,,,,,,,,,,,344.25,341.75,342.5,289722,347.8226289816449,352.96812830004285
2017-11-14,342.25,342.5,337.5,337.75,,,0,0,,,,,,,,,,,342.5,337.5,337.75,220983,346.90693543785903,352.37133895494316
2017-11-15,337.5,339.25,337.25,338.5,,,0,0,,,,,,,,,,,339.25,337.25,338.5,217010,346.14266857987184,351.82736487827873
2017-11-16,338.5,339.25,336.5,336.75,,,0,0,,,,,,,,,,,339.25,336.5,336.75,186656,345.2887896180653,351.2360956673658
2017-11-17,336.75,343.75,336.75,343.25,,,0,0,,,,,,,,,,,343.75,336.75,343.25,352932,345.1034451073321,350.9229154451162
2017-11-20,342.75,345.5,341.75,345.25,,,0,0,,,,,,,,,,,345.5,341.75,345.25,289331,345.11676827939283,350.7004481727587
2017-11-21,344.25,346,343,345.25,,,0,0,,,,,,,,,,,346,343,345.25,257461,345.1288802539935,350.4867051071603
2017-11-22,344.5,347.25,344.25,345.5,,,0,0,,,,,,,,,,,347.25,344.25,345.5,138793,345.1626184127214,350.2911480441344
2017-11-24,344.5,346,340,342.5,,,0,0,,,,,,,,,,,346,340,342.5,163454,344.9205621933831,349.98561282671733
2017-11-27,342.75,342.75,338.75,339,,,0,0,,,,,,,,,,,342.75,338.75,339,281557,344.3823292667119,349.55480448057153
2017-11-28,339.25,339.75,336,336.5,,,0,0,,,,,,,,,,,339.75,336,336.5,183164,343.665753878829,349.0428513636864
2017-11-29,336,340.25,335.75,339.25,,,0,0,,,,,,,,,,,340.25,335.75,339.25,234591,343.26432170802633,348.6588179768752
2017-11-30,339.25,342.75,337.75,341.5,,,0,0,,,,,,,,,,,342.75,337.75,341.5,191628,343.1039288254785,348.3780800169977
2017-12-01,341.25,345.25,340.5,344.5,,,0,0,,,,,,,,,,,345.25,340.5,344.5,156065,343.2308443867986,348.2259984477037
2017-12-04,344.75,346.25,338.25,339.25,,,0,0,,,,,,,,,,,346.25,338.25,339.25,239235,342.8689494425442,347.8739985085781
2017-12-05,339.25,342.75,338.5,339.5,,,0,0,,,,,,,,,,,342.75,338.5,339.5,166895,342.5626813114038,347.5456064102025
2017-12-06,338.75,341.75,336.75,338.5,,,0,0,,,,,,,,,,,341.75,336.75,338.5,160524,342.19334664673073,347.1908767470573
2017-12-07,338,339.25,336.25,337.25,,,0,0,,,,,,,,,,,339.25,336.25,337.25,134820,341.7439514970279,346.8010384432511
2017-12-08,337.25,339.75,337,338.5,,,0,0,,,,,,,,,,,339.75,337,338.5,110009,341.4490468154799,346.47550752390794
2017-12-11,337.75,338,334,334.75,,,0,0,,,,,,,,,,,338,334,334.75,156457,340.8400425595272,346.01568369944096
2017-12-12,335,338.75,333.25,333.5,,,0,0,,,,,,,,,,,338.75,333.25,333.5,187491,340.17276596320653,345.5248725739727
2017-12-13,333.75,335.75,333.5,334.75,,,0,0,,,,,,,,,,,335.75,333.5,334.75,85020,339.67978723927865,345.1023285514639
2017-12-14,334.75,336.5,333.75,334.25,,,0,0,,,,,,,,,,,336.5,333.75,334.25,105792,339.18617021752607,344.67674703964184
2017-12-15,334.5,336.5,332.25,333.25,,,0,0,,,,,,,,,,,336.5,332.25,333.25,133622,338.64651837956916,344.22863931259707
2017-12-18,333,334.5,332.25,332.75,,,0,0,,,,,,,,,,,334.5,332.25,332.75,97579,338.11047125415377,343.778496594456
2017-12-19,332.5,334.5,332.25,333.25,,,0,0,,,,,,,,,,,334.5,332.25,333.25,82265,337.6686102310489,343.36561437506555
2017-12-20,333.25,335.5,333,335,,,0,0,,,,,,,,,,,335.5,333,335,110058,337.4260093009535,343.0375510662395
2017-12-21,334.75,337.5,334.25,337,,,0,0,,,,,,,,,,,337.5,334.25,337,110469,337.387281182685,342.8007843577595
2017-12-22,336.5,338.25,336.25,337.75,,,0,0,,,,,,,,,,,338.25,336.25,337.75,54881,337.42025562062275,342.6027143829454
2017-12-26,337.75,339,336.75,338.5,,,0,0,,,,,,,,,,,339,336.75,338.5,65864,337.51841420056616,342.44182362282993
2017-12-27,337.75,340,337.5,339.5,,,0,0,,,,,,,,,,,340,337.5,339.5,93748,337.69855836415104,342.32645799056206
2017-12-28,338.75,339.25,335.75,337.75,,,0,0,,,,,,,,,,,339.25,335.75,337.75,102485,337.70323487650097,342.1469890497557
2017-12-29,337,337.25,336,336.5,,,0,0,,,,,,,,,,,337.25,336,336.5,100183,337.59384988772814,341.9255384987849
2018-01-02,337,339.75,336.25,339,,,0,0,,,,,,,,,,,339.75,336.25,339,150143,337.7216817161165,341.81081149883255
2018-01-03,338.75,340.5,338,338.75,,,0,0,,,,,,,,,,,340.5,338,338.75,138593,337.81516519646954,341.6907796753489
2018-01-04,338.75,339.25,336,336.75,,,0,0,,,,,,,,,,,339.25,336,336.75,179965,337.7183319967905,341.4970236096489
2018-01-05,336.5,338,336,337,,,0,0,,,,,,,,,,,338,336,337,143914,337.65302908799134,341.32066974260385
2018-01-08,336.5,337.25,332.5,333,,,0,0,,,,,,,,,,,337.25,332.5,333,274879,337.2300264436285,340.9943689683841
2018-01-09,333.25,335.75,333,334.75,,,0,0,,,,,,,,,,,335.75,333,334.75,150408,337.0045694942077,340.74949175393766
2018-01-10,334.5,335.75,333.75,334.75,,,0,0,,,,,,,,,,,335.75,333.75,334.75,145554,336.7996086310979,340.51421756750875
2018-01-11,334.75,336.25,333.75,334.5,,,0,0,,,,,,,,,,,336.25,333.75,334.5,159177,336.59055330099807,340.2783658981947
2018-01-12,334.5,335.75,331.25,332,,,0,0,,,,,,,,,,,335.75,331.25,332,216386,336.1732302736346,339.95372409826547
2018-01-16,333,335,331.75,334,,,0,0,,,,,,,,,,,335,331.75,334,179429,335.97566388512234,339.7202447218629
2018-01-17,334.25,339,334,338.75,,,0,0,,,,,,,,,,,339,334,338.75,236713,336.2278762592021,339.6821959092408
2018-01-18,338.25,339.75,336.25,337.25,,,0,0,,,,,,,,,,,339.75,336.25,337.25,186650,336.3207965992746,339.5868156775059
2018-01-19,337.25,339.75,337,338.25,,,0,0,,,,,,,,,,,339.75,337,338.25,145953,336.49617872661327,339.53439153329
2018-01-22,339.25,340.25,337,337.75,,,0,0,,,,,,,,,,,340.25,337,337.75,177588,336.6101624787393,339.4644153947296
2018-01-23,337.5,337.75,335.25,337,,,0,0,,,,,,,,,,,337.75,335.25,337,204570,336.6456022533994,339.3677716537598
2018-01-24,337,342.75,335.5,342.25,,,0,0,,,,,,,,,,,342.75,335.5,342.25,326298,337.1550929576358,339.48080021635747
2018-01-25,341.75,343.75,340.25,341,,,0,0,,,,,,,,,,,343.75,340.25,341,223613,337.5046299614871,339.5403766784611
2018-01-26,340.75,342.75,340.25,342.25,,,0,0,,,,,,,,,,,342.75,340.25,342.25,140790,337.93602723771556,339.6466364165606
2018-01-29,342.5,345,342.5,344.5,,,0,0,,,,,,,,,,,345,342.5,344.5,179933,338.5327520342869,339.83696440022493
2018-01-30,345.25,348,344.75,347.25,,,0,0,,,,,,,,,,,348,344.75,347.25,223192,339.325229122079,340.12767167864746
2018-01-31,347.25,347.75,345.25,347.25,,,0,0,,,,,,,,,,,347.75,345.25,347.25,180487,340.04566283825363,340.4069786716417
2018-02-01,346.5,347.75,344.25,347.5,,,0,0,,,,,,,,,,,347.75,344.25,347.5,254881,340.7233298529579,340.685136370793
2018-02-02,346.75,348.25,345.25,347.25,,,0,0,,,,,,,,,,,348.25,345.25,347.25,198988,341.316663502689,340.9425820033109
2018-02-05,345.25,346.5,343,344.5,,,0,0,,,,,,,,,,,346.5,343,344.5,260346,341.60605772971724,341.0820885914164
2018-02-06,344.5,349.75,342,349.25,,,0,0,,,,,,,,,,,349.75,342,349.25,236192,342.3009615724702,341.40239884273336
2018-02-07,349.5,351.5,348.25,351,,,0,0,,,,,,,,,,,351.5,348.25,351,478330,343.0917832477002,341.7787753587046
2018-02-08,350.75,353.5,350.25,351.5,,,0,0,,,,,,,,,,,353.5,350.25,351.5,341483,343.8561665888184,342.15999985444165
2018-02-09,350.5,351.25,347.25,347.75,,,0,0,,,,,,,,,,,351.25,347.25,347.75,254699,344.21015144438036,342.37921554642435
2018-02-12,350.75,352.75,350,352.75,,,0,0,,,,,,,,,,,352.75,350,352.75,264077,344.98650131307306,342.7859129759763
2018-02-13,352.25,354.25,351.75,352.5,,,0,0,,,,,,,,,,,354.25,351.75,352.5,257669,345.66954664824823,343.1668575651537
2018-02-14,352.25,354.25,350.5,353,,,0,0,,,,,,,,,,,354.25,350.5,353,173640,346.3359514984075,343.5524709939712
2018-02-15,352.75,354.5,351.25,353.5,,,0,0,,,,,,,,,,,354.5,351.25,353.5,193482,346.9872286349159,343.9425701706782
2018-02-16,353.75,354.25,352.25,353.25,,,0,0,,,,,,,,,,,354.25,352.25,353.25,185255,347.55657148628717,344.3075674188869
2018-02-20,354.75,355.75,351,351.25,,,0,0,,,,,,,,,,,355.75,351,351.25,319315,347.8923377148065,344.57981967696975
2018-02-21,351.5,354.25,350,351.5,,,0,0,,,,,,,,,,,354.25,350,351.5,266655,348.22030701346046,344.8511992974807
2018-02-22,351.25,352.75,350,352.5,,,0,0,,,,,,,,,,,352.75,350,352.5,229122,348.60937001223675,345.15115226620696
2018-02-23,352,353.5,351,352,,,0,0,,,,,,,,,,,353.5,351,352,229122,348.9176091020334,345.41973453027725
2018-02-26,352.25,355.75,352.25,354.25,,,0,0,,,,,,,,,,,355.75,352.25,354.25,318905,349.40237191093945,345.7660194506585
2018-02-27,354,356.75,353.5,356.25,,,0,0,,,,,,,,,,,356.75,353.5,356.25,240115,350.0248835553995,346.17715594278957
2018-02-28,356,361.75,355.25,359,,,0,0,,,,,,,,,,,361.75,355.25,359,296769,350.8408032321814,346.6800125724841
2018-03-01,358.5,363.5,356.5,363.25,,,0,0,,,,,,,,,,,363.5,356.5,363.25,278165,351.9689120292558,347.32981600101414
2018-03-02,362.75,365,360.5,362.25,,,0,0,,,,,,,,,,,365,360.5,362.25,248147,352.90355639023255,347.9149212558763
2018-03-05,362,364.5,361,364.25,,,0,0,,,,,,,,,,,364.5,361,364.25,146033,353.93505126384775,348.5555125791753
2018-03-06,363.5,365.5,362.5,365.25,,,0,0,,,,,,,,,,,365.5,362.5,365.25,156175,354.96368296713433,349.2101983603841
2018-03-07,364.75,366,363.75,364.25,,,0,0,,,,,,,,,,,366,363.75,364.25,172117,355.8078936064858,349.79999450311414
2018-03-08,363.25,370.75,362.75,370.5,,,0,0,,,,,,,,,,,370.75,362.75,370.5,264258,357.1435396422598,350.61175942456066
2018-03-09,369.75,370.25,366.75,367.5,,,0,0,,,,,,,,,,,370.25,366.75,367.5,256335,358.08503603841797,351.2740433686955
2018-03-12,366.5,368.25,364,367.75,,,0,0,,,,,,,,,,,368.25,364,367.75,188043,358.96366912583454,351.9201593150212
2018-03-13,367,372.25,366.75,368.75,,,0,0,,,,,,,,,,,372.25,366.75,368.75,203433,359.8533355689405,352.5801530673733
2018-03-14,368,370.25,365,365.75,,,0,0,,,,,,,,,,,370.25,365,365.75,184323,360.3893959717641,353.09661765296653
2018-03-15,365.25,367.75,362.5,363.75,,,0,0,,,,,,,,,,,367.75,362.5,363.75,182448,360.69490542887644,353.5143973528502
2018-03-16,363.25,364.5,359.5,359.75,,,0,0,,,,,,,,,,,364.5,359.5,359.75,150929,360.6090049353422,353.7589307899933
2018-03-19,359,359,351.75,352,,,0,0,,,,,,,,,,,359,351.75,352,245783,359.8263681230384,353.68995311195437
2018-03-20,352.25,354,350.25,351.5,,,0,0,,,,,,,,,,,354,350.25,351.5,204617,359.06942556639854,353.6040725977601
2018-03-21,352,352.75,350.75,352,,,0,0,,,,,,,,,,,352.75,350.75,352,149269,358.4267505149078,353.5411677900048
2018-03-22,352.5,354.5,351,353,,,0,0,,,,,,,,,,,354.5,351,353,161683,357.9334095590071,353.5199455237301
2018-03-23,353.25,355.25,346.25,354.25,,,0,0,,,,,,,,,,,355.25,346.25,354.25,279202,357.5985541445519,353.5485751110348
2018-03-26,355.5,357.75,350.5,351,,,0,0,,,,,,,,,,,357.75,350.5,351,183534,356.99868558595625,353.4486309890334
2018-03-27,351,353,349.25,351,,,0,0,,,,,,,,,,,353,349.25,351,134332,356.4533505326875,353.3526062443654
2018-03-28,351.25,352,349,350.5,,,0,0,,,,,,,,,,,352,349,350.5,173538,355.9121368478977,353.24073933282165
2018-03-29,350.75,366.25,350.75,364.75,,,0,0,,,,,,,,,,,366.25,350.75,364.75,377913,356.7155789526343,353.6920828883973
2018-04-02,366.25,369.5,364,364.25,,,0,0,,,,,,,,,,,369.5,364,364.25,207532,357.40052632057666,354.1061188535582
2018-04-03,364,369,363.75,365.5,,,0,0,,,,,,,,,,,369,363.75,365.5,211498,358.13684210961515,354.5529377220461
2018-04-04,365,366,349,358,,,0,0,,,,,,,,,,,366,349,358,367003,358.12440191783196,354.68811663490703
2018-04-05,359,366.5,357.75,366.5,,,0,0,,,,,,,,,,,366.5,357.75,366.5,263910,358.8858199253018,355.1513277472636
2018-04-06,359,367,359,365.5,,,0,0,,,,,,,,,,,367,359,365.5,309023,359.48710902300166,355.55715803168465
2018-04-09,366.75,369.5,365.75,367.75,,,0,0,,,,,,,,,,,369.5,365.75,367.75,215394,360.2382809300015,356.0353086971088
2018-04-10,367,369.25,365.5,366.25,,,0,0,,,,,,,,,,,369.25,365.5,366.25,272796,360.7848008454559,356.4358848266339
2018-04-11,366.25,367.5,362.75,364,,,0,0,,,,,,,,,,,367.5,362.75,364,158051,361.0770916776872,356.7325167942169
2018-04-12,363.5,366.25,362,365.75,,,0,0,,,,,,,,,,,366.25,362,365.75,201798,361.5019015251702,357.08614358660054
2018-04-13,365.5,366.25,362,363.25,,,0,0,,,,,,,,,,,366.25,362,363.25,233785,361.66081956833654,357.32786344594956
2018-04-16,362,363.25,359,359.5,,,0,0,,,,,,,,,,,363.25,359,359.5,175612,361.4643814257605,357.4130452715986
2018-04-17,360,361.5,356.75,357.25,,,0,0,,,,,,,,,,,361.5,356.75,357.25,239865,361.08125584160047,357.40665133937904
2018-04-18,357.75,360.5,357,360,,,0,0,,,,,,,,,,,360.5,357,360,142846,360.98295985600043,357.50835128685435
2018-04-19,359.75,360.5,357.75,359,,,0,0,,,,,,,,,,,360.5,357.75,359,113015,360.80269077818224,357.56684731482085
2018-04-20,358.25,358.75,353.25,353.5,,,0,0,,,,,,,,,,,358.75,353.25,353.5,156689,360.1388097983475,357.4073631063965
2018-04-23,353.5,356.25,353.25,355.5,,,0,0,,,,,,,,,,,356.25,353.25,355.5,151348,359.71709981667954,357.33256455320446
2018-04-24,355.5,358.5,354,358.25,,,0,0,,,,,,,,,,,358.5,354,358.25,115021,359.58372710607233,357.3685424138631
2018-04-25,358,364.25,357.5,363.5,,,0,0,,,,,,,,,,,364.25,357.5,363.5,148787,359.93975191461124,357.6089917309665
2018-04-26,363,364,361,363,,,0,0,,,,,,,,,,,364,361,363,132000,360.21795628601024,357.82040381994824
2018-04-27,362.25,367.5,362.25,366.5,,,0,0,,,,,,,,,,,367.5,362.25,366.5,165578,360.7890511691002,358.1607801407346
2018-04-30,367.25,372,367,368.75,,,0,0,,,,,,,,,,,372,367,368.75,266514,361.5127737900911,358.5760436646273
2018-05-01,369,374,367.75,373.75,,,0,0,,,,,,,,,,,374,367.75,373.75,251745,362.6252489000828,359.1711007758184
2018-05-02,373,374.25,371.75,373,,,0,0,,,,,,,,,,,374.25,371.75,373,173616,363.56840809098435,359.7134105493157
2018-05-03,372.75,376.25,371.25,376,,,0,0,,,,,,,,,,,376.25,371.25,376,169614,364.69855280998576,360.3521003316955
2018-05-04,375.75,376.25,373.5,374.25,,,0,0,,,,,,,,,,,376.25,373.5,374.25,152913,365.5668661908961,360.89711600496236
2018-05-07,373,373.75,368.25,368.75,,,0,0,,,,,,,,,,,373.75,368.25,368.75,159903,365.8562419917237,361.2050722400619
2018-05-08,368.5,372,367.25,371.25,,,0,0,,,,,,,,,,,372,367.25,371.25,165767,366.34658362883977,361.5989909757457
2018-05-09,371.75,372.75,370,370.75,,,0,0,,,,,,,,,,,372.75,370,370.75,146728,366.74689420803617,361.9578540747361
2018-05-10,371,375,368,370,,,0,0,,,,,,,,,,,375,368,370,273832,367.0426310982147,362.27323234631507
2018-05-11,369.25,369.75,363.75,364.5,,,0,0,,,,,,,,,,,369.75,363.75,364.5,221424,366.81148281655885,362.3605565680282
2018-05-14,364.25,365.5,362.25,364.5,,,0,0,,,,,,,,,,,365.5,362.25,364.5,132488,366.6013480150535,362.44445631045846
2018-05-15,364.25,370.5,364,370.25,,,0,0,,,,,,,,,,,370.5,364,370.25,190991,366.9330436500486,362.7505560629895
2018-05-16,369.75,372.75,366,367.25,,,0,0,,,,,,,,,,,372.75,366,367.25,171919,366.96185786368056,362.92700484483305
2018-05-17,367,370,363,363.25,,,0,0,,,,,,,,,,,370,363,363.25,147539,366.6244162397096,362.93967132150624
2018-05-18,363.25,371.5,363,370.5,,,0,0,,,,,,,,,,,371.5,363,370.5,181910,366.97674203609967,363.2361547990942
2018-05-21,373.5,375.5,369.25,370.75,,,0,0,,,,,,,,,,,375.5,369.25,370.75,181093,367.3197654873633,363.53081539520815
2018-05-22,370.25,375,369,372.75,,,0,0,,,,,,,,,,,375,369,372.75,166303,367.8134231703303,363.89235204637646
2018-05-23,372.5,377,371,376.5,,,0,0,,,,,,,,,,,377,371,376.5,163375,368.6031119730275,364.3867696131852
2018-05-24,376.25,380.25,371.75,372.25,,,0,0,,,,,,,,,,,380.25,371.75,372.25,236840,368.93464724820683,364.6951315891387
2018-05-25,372,374.75,371.25,374,,,0,0,,,,,,,,,,,374.75,371.25,374,129412,369.3951338620062,365.06002838956465
2018-05-29,376.75,378,365.5,368,,,0,0,,,,,,,,,,,378,365.5,368,242706,369.26830351091473,365.17532139389544
2018-05-30,366.25,366.5,358.75,361.5,,,0,0,,,,,,,,,,,366.5,358.75,361.5,292996,368.5620941008316,365.03119114315444
2018-05-31,361.5,366.5,361.25,362,,,0,0,,,,,,,,,,,366.5,361.25,362,195810,367.9655400916651,364.91232090224645
2018-06-01,361.75,365,358.75,359.5,,,0,0,,,,,,,,,,,365,358.75,359.5,172116,367.1959455378774,364.700073023727
2018-06-04,357.75,357.75,348.5,348.75,,,0,0,,,,,,,,,,,357.75,348.5,348.75,266554,365.5190413980703,364.074579963973
2018-06-05,348.75,353.25,348,351.75,,,0,0,,,,,,,,,,,353.25,348,351.75,212436,364.2673103618821,363.5912631026407
2018-06-06,352.25,354.5,346,346.25,,,0,0,,,,,,,,,,,354.5,346,346.25,227304,362.62937305625644,362.9112135692038
2018-06-07,347,350,342.25,344.25,,,0,0,,,,,,,,,,,350,342.25,344.25,300589,360.9585209602331,362.1794012723723
2018-06-08,344.25,347,341.5,345.75,,,0,0,,,,,,,,,,,347,341.5,345.75,177413,359.57592814566647,361.5351110263969
2018-06-11,344.5,347,334.75,335.25,,,0,0,,,,,,,,,,,347,334.75,335.25,294907,357.36448013242403,360.5043223586951
2018-06-12,336,347.5,335.25,345.5,,,0,0,,,,,,,,,,,347.5,335.25,345.5,310105,356.2858910294764,359.9159175603149
2018-06-13,345.5,347.75,341.25,344,,,0,0,,,,,,,,,,,347.75,341.25,344,227652,355.1689918449785,359.29176393049863
2018-06-14,342,342.75,330.5,331,,,0,0,,,,,,,,,,,342.75,330.5,331,357600,352.9718107681623,358.1822829920477
2018-06-15,342,342.75,323.25,329.25,,,0,0,,,,,,,,,,,342.75,323.25,329.25,297484,350.81528251651116,357.04768365902623
2018-06-18,327.5,330,322,324,,,0,0,,,,,,,,,,,330,322,324,177747,348.37752956046467,355.7516960645546
2018-06-19,323.75,325.75,306.75,321.75,,,0,0,,,,,,,,,,,325.75,306.75,321.75,334335,345.95684505496786,354.4182962188858
2018-06-20,322,325,315.5,322.25,,,0,0,,,,,,,,,,,325,315.5,322.25,200174,343.801677322698,353.15679440638047
2018-06-21,322.25,327,317.25,325,,,0,0,,,,,,,,,,,327,317.25,325,168570,342.0924339297255,352.052606390444
2018-06-22,326,327.75,323,325.25,,,0,0,,,,,,,,,,,327.75,323,325.25,141682,340.5613035724777,351.00152378689717
2018-06-25,326.5,327.5,317.25,318.5,,,0,0,,,,,,,,,,,327.5,317.25,318.5,203156,338.5557305204343,349.7269542266267
2018-06-26,318.5,323.5,316,320.5,,,0,0,,,,,,,,,,,323.5,316,320.5,227152,336.91430047312207,348.58079915891585
2018-06-27,320,324.5,319.5,320.5,,,0,0,,,,,,,,,,,324.5,319.5,320.5,163319,335.42209133920187,347.4795913487623
2018-06-28,319.25,320.5,312.75,313,,,0,0,,,,,,,,,,,320.5,312.75,313,183936,333.3837193992744,346.12745051155594
2018-06-29,314,323.75,313.5,318.25,,,0,0,,,,,,,,,,,323.75,313.5,318.25,186901,332.0079267266131,345.0342171581616
2018-07-02,319.5,321,305.5,305.75,,,0,0,,,,,,,,,,,321,305.5,305.75,156584,329.6208424787392,343.4936596225474
2018-07-03,307.75,313.25,306.75,310.75,,,0,0,,,,,,,,,,,313.25,306.75,310.75,0,327.90531134430836,342.2095945393102
2018-07-05,312.75,316.5,309,311,,,0,0,,,,,,,,,,,316.5,309,311,103882,326.3684648584621,340.98568887110196
2018-07-06,309.25,320,308.25,319,,,0,0,,,,,,,,,,,320,308.25,319,114530,325.6986044167837,340.12350499380386
2018-07-09,318,318,309.25,312.75,,,0,0,,,,,,,,,,,318,309.25,312.75,93018,324.52145856071246,339.0500342097331
2018-07-10,311.25,312.75,303,306.5,,,0,0,,,,,,,,,,,312.75,303,306.5,121498,322.8831441461022,337.77356227993965
2018-07-11,304,306.25,298.5,298.75,,,0,0,,,,,,,,,,,306.25,298.5,298.75,145277,320.689221951002,336.24322650425574
2018-07-12,300.75,308.5,296,304.5,,,0,0,,,,,,,,,,,308.5,296,304.5,151697,319.21747450091095,334.99839409232413
2018-07-13,304.25,305.25,297.75,300,,,0,0,,,,,,,,,,,305.25,297.75,300,109316,317.4704313644645,333.6259080494879
2018-07-16,298.75,304.5,297.5,300.5,,,0,0,,,,,,,,,,,304.5,297.5,300.5,95293,315.9276648767859,332.32685283186095
2018-07-17,303.75,307.5,303,305,,,0,0,,,,,,,,,,,307.5,303,305,100115,314.9342407970781,331.255211544337
2018-07-18,305,307.75,304.75,306,,,0,0,,,,,,,,,,,307.75,304.75,306,81867,314.1220370882528,330.2648110916179
2018-07-19,305.75,310.75,303.75,310,,,0,0,,,,,,,,,,,310.75,303.75,310,81407,313.7473064438662,329.4701126174368
2018-07-20,310,314.5,308.5,314,,,0,0,,,,,,,,,,,314.5,308.5,314,69609,313.7702785853329,328.86344153440007
2018-07-23,314.75,317.25,313.25,316,,,0,0,,,,,,,,,,,317.25,313.25,316,75399,313.9729805321208,328.3589928467765
2018-07-24,314,315.25,310.25,310.75,,,0,0,,,,,,,,,,,315.25,310.25,310.75,105606,313.679982301928,327.66844410768726
2018-07-25,311,318.75,310.75,318,,,0,0,,,,,,,,,,,318.75,310.75,318,121593,314.0727111835709,327.28928943679756
2018-07-26,319.75,324.5,319,320.25,,,0,0,,,,,,,,,,,324.5,319,320.25,146376,314.6342828941554,327.01323887064865
2018-07-27,319.75,322.5,318.25,320.75,,,0,0,,,,,,,,,,,322.5,318.25,320.75,133494,315.1902571765049,326.767621660035
2018-07-30,322.75,328,322.25,326,,,0,0,,,,,,,,,,,328,322.25,326,127462,316.1729610695499,326.73751884983756
2018-07-31,325.75,333,325,331,,,0,0,,,,,,,,,,,333,325,331,141808,317.5208736995908,326.90467497337335
2018-08-01,330.75,331.75,322.75,323.75,,,0,0,,,,,,,,,,,331.75,322.75,323.75,120054,318.08715790871895,326.78096222931947
2018-08-02,323.75,331.5,323.5,325.5,,,0,0,,,,,,,,,,,331.5,323.5,325.5,161081,318.76105264429,326.730728416405
2018-08-03,325.5,330,323.5,328.5,,,0,0,,,,,,,,,,,330,323.5,328.5,77985,319.64641149480906,326.80011161576164
2018-08-06,328.75,330.5,327,329.75,,,0,0,,,,,,,,,,,330.5,327,329.75,80946,320.5649195407355,326.91579351318273
2018-08-07,329.75,332,327.5,329.5,,,0,0,,,,,,,,,,,332,327.5,329.5,167092,321.3771995824868,327.01713494403833
2018-08-08,329.25,332.5,328.75,330,,,0,0,,,,,,,,,,,332.5,328.75,330,123366,322.16109052953345,327.1341100442721
2018-08-09,329.75,331.5,325.25,328,,,0,0,,,,,,,,,,,331.5,325.25,328,148239,322.69190048139404,327.1680665131242
2018-08-10,327.25,328.5,315.75,316.5,,,0,0,,,,,,,,,,,328.5,315.75,316.5,182404,322.12900043763096,326.7497109635899
2018-08-13,316.25,316.75,311,315.25,,,0,0,,,,,,,,,,,316.75,311,315.25,178694,321.5036367614827,326.2987419061942
2018-08-14,315.25,321.75,315.25,321,,,0,0,,,,,,,,,,,321.75,315.25,321,101207,321.4578516013479,326.0909481059513
2018-08-15,321,322.25,317.75,320.25,,,0,0,,,,,,,,,,,322.25,317.75,320.25,102535,321.34804691031627,325.8618913174827
2018-08-16,320.25,326.25,319.25,324,,,0,0,,,,,,,,,,,326.25,319.25,324,79361,321.589133554833,325.78887597169904
2018-08-17,323.75,326.5,320.5,323,,,0,0,,,,,,,,,,,326.5,320.5,323,82450,321.7173941407573,325.67950828653437
2018-08-20,324,324.75,318.25,320.75,,,0,0,,,,,,,,,,,324.75,318.25,320.75,88310,321.62944921887026,325.48619423608204
2018-08-21,321.5,322.5,317.25,318.5,,,0,0,,,,,,,,,,,322.5,317.25,318.5,98587,321.3449538353366,325.21222583466704
2018-08-22,318,318,311,311.25,,,0,0,,,,,,,,,,,318,311,311.25,102514,320.4272307593969,324.6646875666409
2018-08-23,311.75,313.75,305,305.5,,,0,0,,,,,,,,,,,313.75,305,305.5,144613,319.0702097812699,323.9131311914785
2018-08-24,305.25,308.75,305,307.25,,,0,0,,,,,,,,,,,308.75,305,307.25,124751,317.9956452556999,323.2596750663225
2018-08-27,307.25,307.5,301.75,305.5,,,0,0,,,,,,,,,,,307.5,301.75,305.5,139285,316.85967750518176,322.56321722058436
2018-08-28,304.5,306.5,299.5,299.75,,,0,0,,,,,,,,,,,306.5,299.5,299.75,143197,315.30425227743797,321.6685812511497
2018-08-29,299.75,302.75,299,300,,,0,0,,,,,,,,,,,302.75,299,300,113195,313.9129566158527,320.81883296679086
2018-08-30,300,302.5,299.5,300,,,0,0,,,,,,,,,,,302.5,299.5,300,219168,312.6481423780479,320.0024081445638
2018-08-31,299.5,309.5,299.5,308.5,,,0,0,,,,,,,,,,,309.5,299.5,308.5,0,312.2710385254981,319.5513333153652
2018-09-04,309,312.25,304.5,311.75,,,0,0,,,,,,,,,,,312.25,304.5,311.75,201788,312.2236713868165,319.24539867554694
2018-09-05,312,313.25,307.5,308.75,,,0,0,,,,,,,,,,,313.25,307.5,308.75,161686,311.90788307892404,318.83381441376076
2018-09-06,309,311.25,307,309.75,,,0,0,,,,,,,,,,,311.25,307,309.75,118113,311.71171188993094,318.4775863975349
2018-09-07,309.75,312,307,310.5,,,0,0,,,,,,,,,,,312,307,310.5,113241,311.60155626357357,318.16473987214135
2018-09-10,310.25,311.5,307.75,310.75,,,0,0,,,,,,,,,,,311.5,307.75,310.75,120087,311.52414205779417,317.87396575950834
2018-09-11,310.75,312.5,309,310.25,,,0,0,,,,,,,,,,,312.5,309,310.25,109822,311.40831096163106,317.57498671011587
2018-09-12,309.75,309.75,294.25,296,,,0,0,,,,,,,,,,,309.75,294.25,296,412447,310.0075554196646,316.72890879991525
2018-09-13,298,299.25,292.25,294,,,0,0,,,,,,,,,,,299.25,292.25,294,232234,308.55232310878597,315.8375790430558
2018-09-14,294.25,296,293,295.25,,,0,0,,,,,,,,,,,296,293,295.25,138241,307.34302100798726,315.0302230021517
2018-09-17,294.5,295.25,291.25,291.5,,,0,0,,,,,,,,,,,295.25,291.25,291.5,145271,305.9027463708975,314.10746915893003
2018-09-18,291.5,292.25,286,286.75,,,0,0,,,,,,,,,,,292.25,286,286.75,199080,304.1615876099068,313.03462723112887
2018-09-19,286.5,290.25,286.5,289.25,,,0,0,,,,,,,,,,,290.25,286.5,289.25,151074,302.8059887362789,312.1018967514768
2018-09-20,288.75,299.75,288.25,296,,,0,0,,,,,,,,,,,299.75,288.25,296,266804,302.18726248752625,311.4704498200463
2018-09-21,296,301.25,295.75,300.75,,,0,0,,,,,,,,,,,301.25,295.75,300.75,156113,302.0566022613875,311.05004002318174
2018-09-24,300.75,305.5,299.25,304,,,0,0,,,,,,,,,,,305.5,299.25,304,148370,302.2332747830796,310.7735678654099
2018-09-25,303.75,307.75,301,307.25,,,0,0,,,,,,,,,,,307.75,301,307.25,187874,302.68934071189057,310.63538873343305
2018-09-26,307,308.25,304.75,306.5,,,0,0,,,,,,,,,,,308.25,304.75,306.5,137900,303.0357642835369,310.4732166262396
2018-09-27,306.5,309.25,304.75,308.25,,,0,0,,,,,,,,,,,309.25,304.75,308.25,113909,303.50978571230627,310.3860316605047
2018-09-28,308,310.25,298,299.75,,,0,0,,,,,,,,,,,310.25,298,299.75,237213,303.1679870111875,309.9689323797006
2018-10-01,300.25,310,300,309.25,,,0,0,,,,,,,,,,,310,300,309.25,214369,303.72089728289774,309.9407389530457
2018-10-02,308.5,312.5,306.75,311,,,0,0,,,,,,,,,,,312.5,306.75,311,206146,304.3826338935434,309.98227860194584
2018-10-03,311.25,312.5,308,308.25,,,0,0,,,,,,,,,,,312.5,308,308.25,139279,304.734212630494,309.9143461077519
2018-10-04,308.25,312,308.25,311,,,0,0,,,,,,,,,,,312,308.25,311,130828,305.30382966408547,309.956920770193
2018-10-05,311,313,306.5,311.75,,,0,0,,,,,,,,,,,313,306.5,311.75,204815,305.8898451491686,310.02723760273443
2018-10-08,312,313,307.75,310,,,0,0,,,,,,,,,,,313,307.75,310,122012,306.26349559015324,310.0261694614507
2018-10-09,310,311.5,307.25,308,,,0,0,,,,,,,,,,,311.5,307.25,308,119567,306.421359627412,309.94671183551145
2018-10-10,308,308.75,305.5,306.25,,,0,0,,,,,,,,,,,308.75,305.5,306.25,121039,306.4057814794655,309.8017427439228
2018-10-11,305.5,316.5,303.75,312.75,,,0,0,,,,,,,,,,,316.5,303.75,312.75,233116,306.9825286176959,309.91736067553364
2018-10-12,312.5,317.5,312,317.25,,,0,0,,,,,,,,,,,317.5,312,317.25,185821,307.91593510699624,310.20491515884606
2018-10-15,316.5,322,315.25,321.75,,,0,0,,,,,,,,,,,322,315.25,321.75,227938,309.17357736999656,310.65766358398935
2018-10-16,320.75,321,317,318.75,,,0,0,,,,,,,,,,,321,317,318.75,185899,310.04416124545145,310.9750101101074
2018-10-17,318.5,319.75,316.75,317.75,,,0,0,,,,,,,,,,,319.75,316.75,317.75,106446,310.7446920413195,311.2406959881424
2018-10-18,316.5,316.75,313,314.25,,,0,0,,,,,,,,,,,316.75,313,314.25,137274,311.06335640119954,311.35870791017607
2018-10-19,314,314.5,309.5,310.5,,,0,0,,,,,,,,,,,314.5,309.5,310.5,165329,311.0121421829087,311.32503309016914
2018-10-22,309,314,309,313,,,0,0,,,,,,,,,,,314,309,313,140542,311.192856529917,311.39071806702526
2018-10-23,312.75,316,311.5,313.75,,,0,0,,,,,,,,,,,316,311.5,313.75,136626,311.42532411810635,311.48323892714194
2018-10-24,313,313.25,311.25,311.75,,,0,0,,,,,,,,,,,313.25,311.25,311.75,114262,311.4548401073694,311.4937001456854
2018-10-25,311.25,311.75,304,304.5,,,0,0,,,,,,,,,,,311.75,304,304.5,262813,310.8225819157904,311.2194373948742
2018-10-26,305.25,313.25,305.25,311.25,,,0,0,,,,,,,,,,,313.25,305.25,311.25,220034,310.861438105264,311.22063592840857
2018-10-29,311.5,315,309,310.25,,,0,0,,,,,,,,,,,315,309,310.25,142746,310.8058528229673,311.18257177435333
2018-10-30,310.25,311.5,307.75,308.25,,,0,0,,,,,,,,,,,311.5,307.75,308.25,137331,310.57350256633396,311.0675689596728
2018-10-31,308.25,308.75,306,306.75,,,0,0,,,,,,,,,,,308.75,306,306.75,163231,310.22591142394,310.89825252988174
2018-11-01,306.75,314.5,306.5,310.25,,,0,0,,,,,,,,,,,314.5,306.5,310.25,304754,310.2281012944909,310.87283086204326
2018-11-02,309.75,316.5,308.75,314.75,,,0,0,,,,,,,,,,,316.5,308.75,314.75,242629,310.6391829949917,311.0248767105906
2018-11-05,314.5,317.75,313,317.5,,,0,0,,,,,,,,,,,317.75,313,317.5,191618,311.26289363181064,311.27880311409683
2018-11-06,317.25,318,315.5,316.75,,,0,0,,,,,,,,,,,318,315.5,316.75,206076,311.7617214834642,311.4933598547205
2018-11-07,315.75,316.75,314.5,315.75,,,0,0,,,,,,,,,,,316.75,314.5,315.75,233522,312.1242922576947,311.6602869192413
2018-11-08,315.5,322.5,309.5,317,,,0,0,,,,,,,,,,,322.5,309.5,317,432338,312.5675384160861,311.86968743221223
2018-11-09,316.25,317.5,311.75,313.25,,,0,0,,,,,,,,,,,317.5,311.75,313.25,212422,312.6295803782601,311.92381733683135
2018-11-12,312.5,316,311.5,314.75,,,0,0,,,,,,,,,,,316,311.5,314.75,176017,312.82234579841827,312.03464802950464
2018-11-13,313,314.25,309,310,,,0,0,,,,,,,,,,,314.25,309,310,178859,312.56576890765297,311.9548579107005
2018-11-14,309.5,311.5,309.25,310.5,,,0,0,,,,,,,,,,,311.5,309.25,310.5,121770,312.37797173422996,311.8978046593005
2018-11-15,310.25,315.25,310,311,,,0,0,,,,,,,,,,,315.25,310,311,182150,312.2527015765727,311.8625966334456
2018-11-16,310.75,312.25,306.75,308.25,,,0,0,,,,,,,,,,,312.25,306.75,308.25,180968,311.8888196150661,311.72092617723206
2018-11-19,308.25,309.75,304.75,305.75,,,0,0,,,,,,,,,,,309.75,304.75,305.75,179457,311.33074510460557,311.4867722094975
2018-11-20,306.25,307,304.75,304.75,,,0,0,,,,,,,,,,,307,304.75,304.75,146930,310.73249554964144,311.222585064027
2018-11-21,304.75,306.75,303.5,305.25,,,0,0,,,,,,,,,,,306.75,303.5,305.25,184082,310.2340868633104,310.9883660419083
2018-11-23,304.5,305.25,302.25,302.5,,,0,0,,,,,,,,,,,305.25,302.25,302.5,174044,309.5309880575549,310.65548894222565
2018-11-26,303,304,298.75,299.5,,,0,0,,,,,,,,,,,304,298.75,299.5,331200,308.61908005232266,310.2180187876286
2018-11-27,299.5,302,299,300,,,0,0,,,,,,,,,,,302,299,300,248125,307.83552732029335,309.8173121685059
2018-11-28,299.75,305,299.5,304,,,0,0,,,,,,,,,,,305,299.5,304,221952,307.4868430184485,309.5891822795449
2018-11-29,304,306.5,302.5,303.75,,,0,0,,,,,,,,,,,306.5,302.5,303.75,186618,307.14713001677137,309.3601947391706
2018-11-30,303.5,308.5,303.25,308.25,,,0,0,,,,,,,,,,,308.5,303.25,308.25,206177,307.2473909243376,309.31665769057565
2018-12-03,314,315.75,311.25,312.5,,,0,0,,,,,,,,,,,315.75,311.25,312.5,186631,307.72490084030693,309.4414946438864
2018-12-04,311.5,315.25,310.5,315.25,,,0,0,,,,,,,,,,,315.25,310.5,315.25,144965,308.4090007639154,309.6692791676556
2018-12-05,314.25,317.25,313.25,314.75,,,0,0,,,,,,,,,,,317.25,313.25,314.75,145283,308.9854552399231,309.86852312186517
2018-12-06,314.75,315.25,310.5,313.25,,,0,0,,,,,,,,,,,315.25,310.5,313.25,178902,309.3731411272028,310.0011300582626
2018-12-07,313,316.25,312.75,316,,,0,0,,,,,,,,,,,316.25,312.75,316,113297,309.97558284291165,310.2363798598994
2018-12-10,315,316.5,313.75,314.5,,,0,0,,,,,,,,,,,316.5,313.75,314.5,128718,310.38689349355604,310.40358064970724
2018-12-11,313.75,316.5,311.75,315.25,,,0,0,,,,,,,,,,,316.5,311.75,315.25,151447,310.82899408505097,310.59363631050303
2018-12-12,315.25,318.25,314.75,315.75,,,0,0,,,,,,,,,,,318.25,314.75,315.75,185150,311.2763582591372,310.7958466512676
2018-12-13,315,316.75,313.25,314.75,,,0,0,,,,,,,,,,,316.75,313.25,314.75,145487,311.59214387194294,310.9509114884728
2018-12-14,314.25,318,313.5,315.25,,,0,0,,,,,,,,,,,318,313.5,315.25,154366,311.9246762472209,311.1195031948072
2018-12-17,314.75,316.5,313.75,314.5,,,0,0,,,,,,,,,,,316.5,313.75,314.5,97615,312.1587965883826,311.2520716969716
2018-12-18,314.25,317,313.75,316,,,0,0,,,,,,,,,,,317,313.75,316,131884,312.5079968985296,311.43826496375704
2018-12-19,315.5,315.75,312,312.25,,,0,0,,,,,,,,,,,315.75,312,312.25,107244,312.4845426350269,311.4700977102764
2018-12-20,312.25,313.25,305.5,305.75,,,0,0,,,,,,,,,,,313.25,305.5,305.75,205496,311.8723114863881,311.2457801530106
2018-12-21,306,310,305.25,309,,,0,0,,,,,,,,,,,310,305.25,309,138729,311.6111922603528,311.15771034308864
2018-12-24,308.75,309.5,305.75,308.25,,,0,0,,,,,,,,,,,309.5,305.75,308.25,54836,311.30562932759346,311.04368248649695
2018-12-26,308.75,309.75,303,303.75,,,0,0,,,,,,,,,,,309.75,303,303.75,97146,310.61875393417586,310.7576557223206
2018-12-27,303.75,307,303.75,305,,,0,0,,,,,,,,,,,307,303.75,305,96243,310.1079581219781,310.5318653018374
2018-12-28,305,308,305,306,,,0,0,,,,,,,,,,,308,305,306,89172,309.7345073836164,310.3541450939222
2018-12-31,306,307.5,303.25,305.5,,,0,0,,,,,,,,,,,307.5,303.25,305.5,91126,309.349552166924,310.16378646278804
2019-01-02,305.75,308.25,304.5,306.25,,,0,0,,,,,,,,,,,308.25,304.5,306.25,104724,309.0677746972037,310.01030464071795
2019-01-03,306,311,305.25,310.25,,,0,0,,,,,,,,,,,311,305.25,310.25,101460,309.17524972473063,310.019704458729
2019-01-04,310.5,314,310.25,313.5,,,0,0,,,,,,,,,,,314,310.25,313.5,178171,309.56840884066423,310.15618663681806
2019-01-07,312.75,314.5,312.25,312.75,,,0,0,,,,,,,,,,,314.5,312.25,312.75,110623,309.8576444006039,310.25790480792324
2019-01-08,313,315,309.5,310.5,,,0,0,,,,,,,,,,,315,309.5,310.5,172291,309.91604036418533,310.2673987370243
2019-01-09,311,314,311,312.5,,,0,0,,,,,,,,,,,314,311,312.5,192055,310.15094578562304,310.3549517277292
2019-01-10,312,313.25,306.5,306.75,,,0,0,,,,,,,,,,,313.25,306.5,306.75,181392,309.84176889602094,310.21358107173984
2019-01-11,307.5,309.75,307.25,308.75,,,0,0,,,,,,,,,,,309.75,307.25,308.75,131815,309.74251717820084,310.15618573559317
2019-01-14,309,311.5,307.5,309,,,0,0,,,,,,,,,,,311.5,307.5,309,144739,309.6750156165462,310.11084511851107
2019-01-15,310,311.5,301.5,301.75,,,0,0,,,,,,,,,,,311.5,301.5,301.75,251255,308.95455965140565,309.78296883935377
2019-01-16,303.25,305.5,303,304.5,,,0,0,,,,,,,,,,,305.5,303,304.5,164719,308.54959968309606,309.5757935907517
2019-01-17,304.5,312,304.25,310.5,,,0,0,,,,,,,,,,,312,304.25,310.5,207625,308.7269088028146,309.6120369793497
2019-01-18,310.25,313.5,308.25,312.25,,,0,0,,,,,,,,,,,313.5,308.25,312.25,191033,309.0471898207405,309.71548650957124
2019-01-22,311.25,312.75,307.25,309.5,,,0,0,,,,,,,,,,,312.75,307.25,309.5,211433,309.0883543824914,309.7070360582155
2019-01-23,310,312.25,308.5,309.25,,,0,0,,,,,,,,,,,312.25,308.5,309.25,127605,309.10304943862855,309.6891130755404
2019-01-24,309.25,310.25,306.25,307.5,,,0,0,,,,,,,,,,,310.25,306.25,307.5,124108,308.9573176714805,309.6032655039506
2019-01-25,307.5,311,306.5,310.75,,,0,0,,,,,,,,,,,311,306.5,310.75,134094,309.120288792255,309.6482354841878
2019-01-28,310,311.5,308.5,310.25,,,0,0,,,,,,,,,,,311.5,308.5,310.25,102144,309.2229898111409,309.671834092651
2019-01-29,310.25,311.25,306.5,307.75,,,0,0,,,,,,,,,,,311.25,306.5,307.75,187023,309.0890816464917,309.59646804980196
2019-01-30,308.25,312,308,311.75,,,0,0,,,,,,,,,,,312,308,311.75,198900,309.33098331499247,309.68092028314305
2019-01-31,311.5,312,306.25,307,,,0,0,,,,,,,,,,,312,306.25,307,205750,309.11907574090225,309.57578615439235
2019-02-01,307,311.25,307,308.75,,,0,0,,,,,,,,,,,311.25,307,308.75,151472,309.08552340082025,309.54340238363187
2019-02-04,308.25,310.25,307,309.75,,,0,0,,,,,,,,,,,310.25,307,309.75,145834,309.145930364382,309.5515042509404
2019-02-05,310,311.75,307.5,311.25,,,0,0,,,,,,,,,,,311.75,307.5,311.25,171954,309.3372094221655,309.6181119273741
2019-02-06,311,311.25,309.5,310.5,,,0,0,,,,,,,,,,,311.25,309.5,310.5,145154,309.44291765651406,309.6526957733594
2019-02-07,310.25,310.75,306.75,307,,,0,0,,,,,,,,,,,310.75,306.75,307,259742,309.2208342331946,309.54866848812964
2019-02-08,307,312.25,304.5,304.75,,,0,0,,,,,,,,,,,312.25,304.5,304.75,340779,308.81439475744963,309.3604854101638
2019-02-11,305,305.5,302.25,303.25,,,0,0,,,,,,,,,,,305.5,302.25,303.25,309359,308.3085406885906,309.12085853133385
2019-02-12,304,309.25,303.5,308.75,,,0,0,,,,,,,,,,,309.25,303.5,308.75,291257,308.3486733532642,309.1063150595168
2019-02-13,308,309.5,306.75,309.25,,,0,0,,,,,,,,,,,309.5,306.75,309.25,243883,308.43061213933106,309.1119497630652
2019-02-14,309.25,309.5,304.5,305.25,,,0,0,,,,,,,,,,,309.5,304.5,305.25,225289,308.14146558121007,308.9605007527489
2019-02-15,305.25,307,303.5,305.25,,,0,0,,,,,,,,,,,307,303.5,305.25,209096,307.8786050738273,308.8149909193078
2019-02-19,304.75,306.75,299.5,300.25,,,0,0,,,,,,,,,,,306.75,299.5,300.25,230708,307.1850955216612,308.47910892247216
2019-02-20,302,304,299,301.25,,,0,0,,,,,,,,,,,304,299,301.25,310666,306.64554138332835,308.1956144549242
2019-02-21,301.5,309,301,306,,,0,0,,,,,,,,,,,309,301,306,257188,306.5868558030258,308.10951192728015
2019-02-22,305.25,308.25,305,305.75,,,0,0,,,,,,,,,,,308.25,305,305.75,316659,306.5107780027507,308.016982047779
2019-02-25,308.25,309,300.5,301,,,0,0,,,,,,,,,,,309,300.5,301,344712,306.00979818431887,307.7418062811994
2019-02-26,301.25,301.75,296,296.75,,,0,0,,,,,,,,,,,301.75,296,296.75,242769,305.1679983493808,307.3107550544857
2019-02-27,296.5,298.75,293,294.25,,,0,0,,,,,,,,,,,298.75,293,294.25,189224,304.17545304489164,306.7985685817608
2019-02-28,294,295,290.5,291.25,,,0,0,,,,,,,,,,,295,290.5,291.25,170806,303.0004118589924,306.18882079424077
2019-03-01,291.25,294,286.5,293.5,,,0,0,,,,,,,,,,,294,286.5,293.5,214457,302.1367380536294,305.69121997878034
2019-03-04,294,298.25,294,295.25,,,0,0,,,,,,,,,,,298.25,294,295.25,139754,301.5106709578449,305.28176037176934
2019-03-05,296,297.75,294.25,296.25,,,0,0,,,,,,,,,,,297.75,294.25,296.25,101996,301.0324281434954,304.9275736905235
2019-03-06,296.5,297,291,293,,,0,0,,,,,,,,,,,297,291,293,133655,300.30220740317765,304.4598257026598
2019-03-07,292.25,292.5,285,285.75,,,0,0,,,,,,,,,,,292.5,285,285.75,254904,298.97927945743425,303.72610704765356
2019-03-08,285.75,288,282.75,284.75,,,0,0,,,,,,,,,,,288,282.75,284.75,206279,297.6857085976675,302.98194598696125
2019-03-11,286.5,287.75,282,282.5,,,0,0,,,,,,,,,,,287.75,282,282.5,156383,296.30518963424316,302.17873241884513
2019-03-12,282.5,288,281.5,286.25,,,0,0,,,,,,,,,,,288,281.5,286.25,263214,295.3910814856756,301.5540762455571
2019-03-13,286,290.5,283.75,287,,,0,0,,,,,,,,,,,290.5,283.75,287,174017,294.62825589606877,300.98332815749603
2019-03-14,287.25,292.75,286.75,290.75,,,0,0,,,,,,,,,,,292.75,286.75,290.75,183857,294.2756871782443,300.58202117092753
2019-03-15,289.75,294.25,289.5,293.75,,,0,0,,,,,,,,,,,294.25,289.5,293.75,197270,294.22789743476756,300.3140987720676
2019-03-18,294.5,296,290.75,292,,,0,0,,,,,,,,,,,296,290.75,292,169237,294.0253613043341,299.98805568296694
2019-03-19,292.5,294.25,288.25,291.75,,,0,0,,,,,,,,,,,294.25,288.25,291.75,159377,293.8185102766674,299.6649946757918
2019-03-20,292,293,289.25,292,,,0,0,,,,,,,,,,,293,289.25,292,101477,293.6531911606067,299.3644066492901
2019-03-21,291.5,298,291,296.75,,,0,0,,,,,,,,,,,298,291,296.75,220227,293.93471923691516,299.26188089833755
2019-03-22,296.25,301.25,296,298.75,,,0,0,,,,,,,,,,,301.25,296,298.75,222578,294.37247203355923,299.2418071376184
2019-03-25,299.25,301.25,297.25,300.25,,,0,0,,,,,,,,,,,301.25,297.25,300.25,155849,294.90679275778115,299.2813441126138
2019-03-26,299.75,301,296,297.75,,,0,0,,,,,,,,,,,301,296,297.75,165178,295.1652661434374,299.2212914023152
2019-03-27,297.25,297.5,292.5,294.25,,,0,0,,,,,,,,,,,297.5,292.5,294.25,127919,295.0820601303976,299.02633879830285
2019-03-28,294.25,295.25,292.5,294.5,,,0,0,,,,,,,,,,,295.25,292.5,294.5,105825,295.0291455730887,298.84883531601645
2019-03-29,294.25,295.5,276.5,277,,,0,0,,,,,,,,,,,295.5,276.5,277,441012,293.39013233917154,297.99201824480014
2019-04-01,277,283.5,277,282.25,,,0,0,,,,,,,,,,,283.5,277,282.25,239354,292.3773930356105,297.37468419598446
2019-04-02,282.75,284,279.75,282,,,0,0,,,,,,,,,,,284,279.75,282,117194,291.43399366873683,296.7717554039851
2019-04-03,281.75,285.25,281,283.25,,,0,0,,,,,,,,,,,285.25,281,283.25,135849,290.6899942443062,296.24149048618176
2019-04-04,283.25,286.75,283.25,285.75,,,0,0,,,,,,,,,,,286.75,283.25,285.75,159329,290.2409038584602,295.83005948672366
2019-04-05,285,285.25,281,283,,,0,0,,,,,,,,,,,285.25,281,283,273057,289.58263987132744,295.326919899009
2019-04-08,282.75,284,280,280.5,,,0,0,,,,,,,,,,,284,280,280.5,269564,288.7569453375704,294.7454720598322
2019-04-09,280.25,282.75,275.75,280.5,,,0,0,,,,,,,,,,,282.75,275.75,280.5,275445,288.00631394324586,294.1868260967015
2019-04-10,280.75,283.25,280.5,282.25,,,0,0,,,,,,,,,,,283.25,280.5,282.25,253300,287.483012675678,293.71871526937986
2019-04-11,281.75,283.5,279,280.5,,,0,0,,,,,,,,,,,283.5,279,280.5,264730,286.8481933415255,293.2003342784238
2019-04-12,280.75,282,279,281.5,,,0,0,,,,,,,,,,,282,279,281.5,95871,286.3619939468413,292.7414976400542
2019-04-15,281.75,284.75,281.5,283.25,,,0,0,,,,,,,,,,,284.75,281.5,283.25,208541,286.0790854062194,292.3692820463266
2019-04-16,283,283,277.75,279.5,,,0,0,,,,,,,,,,,283,277.75,279.5,192351,285.48098673292674,291.8646043190197
2019-04-17,278.75,280.5,277.25,278.75,,,0,0,,,,,,,,,,,280.5,277.25,278.75,148184,284.86907884811524,291.35030611043067
2019-04-18,278.5,279.75,277.5,279,,,0,0,,,,,,,,,,,279.75,277.5,279,102302,284.3355262255593,290.86598038060987
2019-04-22,279.5,279.5,274.75,275.25,,,0,0,,,,,,,,,,,279.5,274.75,275.25,144705,283.509569295963,290.253588993135
2019-04-23,275.25,275.5,270.75,271.75,,,0,0,,,,,,,,,,,275.5,270.75,271.75,194770,282.4405175417845,289.52795805222775
2019-04-24,271.5,273,266,267.25,,,0,0,,,,,,,,,,,273,266,267.25,241386,281.05956140162226,288.65431263841486
2019-04-25,266.5,271.5,262.75,268,,,0,0,,,,,,,,,,,271.5,262.75,268,236880,279.87232854692934,287.84433959377117
2019-04-26,267.75,274,267.5,271.75,,,0,0,,,,,,,,,,,274,267.5,271.75,166752,279.13393504266304,287.2131890214664
2019-04-29,273.75,276.5,271.75,272.5,,,0,0,,,,,,,,,,,276.5,271.75,272.5,250771,278.5308500387846,286.636201216703
2019-04-30,272,274,269.25,273.25,,,0,0,,,,,,,,,,,274,269.25,273.25,177019,278.05077276253144,286.1112521493813
2019-05-01,273.25,279.75,273.25,279.25,,,0,0,,,,,,,,,,,279.75,273.25,279.25,187350,278.15979342048314,285.84218343764087
2019-05-02,280,281.75,277.25,281.25,,,0,0,,,,,,,,,,,281.75,277.25,281.25,201233,278.4407212913483,285.66209781263535
2019-05-03,281,282.5,276.75,281.5,,,0,0,,,,,,,,,,,282.5,276.75,281.5,142124,278.71883753758937,285.4988782905712
2019-05-06,270.25,275.75,266.25,275,,,0,0,,,,,,,,,,,275.75,266.25,275,236700,278.3807613978085,285.0871575732939
2019-05-07,276,279,273.75,277.25,,,0,0,,,,,,,,,,,279,273.75,277.25,154884,278.27796490709864,284.7798180606157
2019-05-08,277.75,279,272.25,275,,,0,0,,,,,,,,,,,279,272.25,275,172276,277.9799680973624,284.3962957837288
2019-05-09,273.25,273.75,263.25,264,,,0,0,,,,,,,,,,,273.75,263.25,264,287094,276.7090619066931,283.596441047112
2019-05-10,264.75,266.25,256.25,262.5,,,0,0,,,,,,,,,,,266.25,256.25,262.5,295355,275.4173290060846,282.7691296334998
2019-05-13,261.75,268,253.75,267.25,,,0,0,,,,,,,,,,,268,253.75,267.25,281888,274.67484455098605,282.160536314539
2019-05-14,271.25,281.5,271,279.5,,,0,0,,,,,,,,,,,281.5,271,279.5,429399,275.113495046351,282.0562015571061
2019-05-15,279.75,290.75,278.75,280.25,,,0,0,,,,,,,,,,,290.75,278.75,280.25,336989,275.5804500421373,281.9853701234941
2019-05-16,279.5,291.5,279.5,289.75,,,0,0,,,,,,,,,,,291.5,279.5,289.75,248510,276.86859094739754,282.28986541276885
2019-05-17,290.75,295.5,290.75,294,,,0,0,,,,,,,,,,,295.5,290.75,294,319503,278.4259917703614,282.749086376974
2019-05-20,296.75,302.25,296.5,299.75,,,0,0,,,,,,,,,,,302.25,296.5,299.75,358734,280.3645379730558,283.4157888719946
2019-05-21,304,309.75,302,305,,,0,0,,,,,,,,,,,309.75,302,305,451260,282.6041254300507,284.26222852407324
2019-05-22,304,307.25,297,305.25,,,0,0,,,,,,,,,,,307.25,297,305.25,291262,284.6628413000461,285.0852783858743
2019-05-23,304.75,309.75,297.75,300.5,,,0,0,,,,,,,,,,,309.75,297.75,300.5,340117,286.10258300004193,285.68977727270277
2019-05-24,301.25,315.5,300.5,315,,,0,0,,,,,,,,,,,315.5,300.5,315,299952,288.72962090912904,286.83919777181245
2019-05-28,318.75,331.75,318.25,331,,,0,0,,,,,,,,,,,331.75,318.25,331,417683,292.57238264466275,288.5709939376237
2019-05-29,340,348.75,323,329.5,,,0,0,,,,,,,,,,,348.75,323,329.5,484436,295.92943876787524,290.1760529988934
2019-05-30,327.25,347.5,324,347,,,0,0,,,,,,,,,,,347.5,324,347,324914,300.57221706170475,292.40444307736817
2019-05-31,345.75,348.25,334,337.75,,,0,0,,,,,,,,,,,348.25,334,337.75,302171,303.9520155106407,294.182700211589
2019-06-03,337,341.5,329,335,,,0,0,,,,,,,,,,,341.5,329,335,288442,306.7745595551279,295.78337863466396
2019-06-04,345.75,346.75,332,336,,,0,0,,,,,,,,,,,346.75,332,336,306703,309.431417777389,297.3605010411477
2019-06-05,335,335.5,323,325.5,,,0,0,,,,,,,,,,,335.5,323,325.5,231859,310.8921979794446,298.46401080423993
2019-06-06,325.25,332.25,317.75,331.25,,,0,0,,,,,,,,,,,332.25,317.75,331.25,279006,312.7429072540405,299.7497358707403
2019-06-07,331.75,334.25,325.75,326.5,,,0,0,,,,,,,,,,,334.25,325.75,326.5,227751,313.99355204912774,300.79876583659365
2019-06-10,323.75,327.25,319.75,326.5,,,0,0,,,,,,,,,,,327.25,319.75,326.5,279949,315.1305018628434,301.8066573724135
2019-06-11,325.75,341,319,338.5,,,0,0,,,,,,,,,,,341,319,338.5,360317,317.255001693494,303.24561198526004
2019-06-12,338.5,345.25,334.75,340.75,,,0,0,,,,,,,,,,,345.25,334.75,340.75,331360,319.3909106304491,304.71637229956355
2019-06-13,340.5,353.5,340.25,352.75,,,0,0,,,,,,,,,,,353.5,340.25,352.75,402152,322.4235551185901,306.60004397409045
2019-06-14,352.75,368,352.5,363.75,,,0,0,,,,,,,,,,,368,352.5,363.75,312814,326.18050465326377,308.84121872020455
2019-06-17,369,375,361.25,365.5,,,0,0,,,,,,,,,,,375,361.25,365.5,279480,329.75500423023976,311.0631317115691
2019-06-18,366.25,368.75,353.5,360.5,,,0,0,,,,,,,,,,,368.75,353.5,360.5,221471,332.5500038456725,313.00183242876244
2019-06-19,360.5,362.5,349,351.75,,,0,0,,,,,,,,,,,362.5,349,351.75,193331,334.2954580415205,314.52136841194823
2019-06-20,352.25,361.5,347.25,360.75,,,0,0,,,,,,,,,,,361.5,347.25,360.75,198628,336.70041640138226,316.3342559252052
2019-06-21,362.75,364.75,352.5,353,,,0,0,,,,,,,,,,,364.75,352.5,353,251093,338.18219672852933,317.7721282418638
2019-06-24,353,358.5,351,357.5,,,0,0,,,,,,,,,,,358.5,351,357.5,172094,339.9383606622994,319.33008399708484
2019-06-25,361.75,363.75,357.25,358.25,,,0,0,,,,,,,,,,,363.75,357.25,358.25,158426,341.60305514754486,320.85635521288543
2019-06-26,357.75,358,351.5,354,,,0,0,,,,,,,,,,,358,351.5,354,158878,342.7300501341317,322.1561059888507
2019-06-27,353.75,356,349.75,350.25,,,0,0,,,,,,,,,,,356,349.75,350.25,189515,343.4136819401197,323.25782732262127
2019-06-28,350,364.5,325.25,329.25,,,0,0,,,,,,,,,,,364.5,325.25,329.25,336012,342.1260744910179,323.49281448644007
2019-07-01,333.5,334,318,320,,,0,0,,,,,,,,,,,334,318,320,195250,340.11461317365263,323.35584136932476
2019-07-02,320.5,325.5,317.75,323.5,,,0,0,,,,,,,,,,,325.5,317.75,323.5,126907,338.6041937942297,323.3614946489591
2019-07-03,324.75,341.5,324.25,341.25,,,0,0,,,,,,,,,,,341.5,324.25,341.25,127925,338.84472163111786,324.0630046627254
2019-07-05,341,344.25,334.5,343.25,,,0,0,,,,,,,,,,,344.25,334.5,343.25,81724,339.24520148283443,324.81543585242247
2019-07-08,348,349.75,338,344,,,0,0,,,,,,,,,,,349.75,338,344,151867,339.67745589348584,325.56777170134706
2019-07-09,343.75,344,333.5,337,,,0,0,,,,,,,,,,,344,333.5,337,116877,339.43405081225984,326.0160943797256
2019-07-10,336.5,341,331.5,339.5,,,0,0,,,,,,,,,,,341,331.5,339.5,106088,339.4400461929635,326.5448749922854
2019-07-11,338.75,349.25,331,348.75,,,0,0,,,,,,,,,,,349.25,331,348.75,160468,340.28640562996685,327.41566420827417
2019-07-12,348.5,360.25,346.25,358.75,,,0,0,,,,,,,,,,,360.25,346.25,358.75,169365,341.9649142090608,328.64446169030265
2019-07-15,363.75,364.5,344.25,345.5,,,0,0,,,,,,,,,,,364.5,344.25,345.5,164465,342.2862856446007,329.30546319264374
2019-07-16,342.25,345.25,333.5,339.75,,,0,0,,,,,,,,,,,345.25,333.5,339.75,144486,342.05571422236426,329.7150528713636
2019-07-17,339.75,346,336,340.5,,,0,0,,,,,,,,,,,346,336,340.5,125868,341.9142856566948,330.13799197444735
2019-07-18,339.5,340.5,327.75,329,,,0,0,,,,,,,,,,,340.5,327.75,329,156004,340.74025968790437,330.09336483819453
2019-07-19,330,338.5,328.25,335.25,,,0,0,,,,,,,,,,,338.5,328.25,335.25,114521,340.24114517082216,330.295585824932
2019-07-22,335.25,336.75,325.5,326.75,,,0,0,,,,,,,,,,,336.75,325.5,326.75,110947,339.01467742802015,330.1565432435621
2019-07-23,328.25,331,322.75,330,,,0,0,,,,,,,,,,,331,322.75,330,131110,338.19516129820016,330.1504042928342
2019-07-24,329.5,335,326,328.5,,,0,0,,,,,,,,,,,335,326,328.5,93160,337.31378299836376,330.08568255586033
2019-07-25,328.5,330.25,322.5,323,,,0,0,,,,,,,,,,,330.25,322.5,323,172277,336.0125299985125,329.80781265170896
2019-07-26,322.75,324,317.5,319,,,0,0,,,,,,,,,,,324,317.5,319,120749,334.4659363622841,329.3839768614459
2019-07-29,317.75,324,316.5,321.5,,,0,0,,,,,,,,,,,324,316.5,321.5,90112,333.28721487480374,329.07480129825194
2019-07-30,321.5,321.5,314.75,315.75,,,0,0,,,,,,,,,,,321.5,314.75,315.75,81026,331.69292261345794,328.5522600708695
2019-07-31,315.25,318.25,304.5,304.75,,,0,0,,,,,,,,,,,318.25,304.5,304.75,151787,329.2435660122345,327.61883810730603
2019-08-01,306.25,307.5,291.75,297.25,,,0,0,,,,,,,,,,,307.5,291.75,297.25,145330,326.33506001112227,326.42790327956857
2019-08-02,299.25,304.5,298,304,,,0,0,,,,,,,,,,,304.5,298,304,90361,324.30460001011113,325.54837766076196
2019-08-05,304.5,311.25,295.5,309.75,,,0,0,,,,,,,,,,,311.25,295.5,309.75,109686,322.98145455464646,324.9288334387713
2019-08-06,310.25,312.5,305.25,308.5,,,0,0,,,,,,,,,,,312.5,305.25,308.5,113069,321.6649586860422,324.28456546078024
2019-08-07,309.25,312,305,311,,,0,0,,,,,,,,,,,312,305,311,167530,320.6954169873111,323.7636021093771
2019-08-08,311.75,316.5,310,315.5,,,0,0,,,,,,,,,,,316.5,310,315.5,184792,320.223106352101,323.4395392815584
2019-08-09,315.25,321.5,311.75,314.75,,,0,0,,,,,,,,,,,321.5,311.75,314.75,185366,319.7255512291827,323.09877303522273
2019-08-12,314.25,314.5,289.75,289.75,,,0,0,,,,,,,,,,,314.5,289.75,289.75,248125,317.00050111743883,321.7909780142336
2019-08-13,283.5,283.5,270,270.5,,,0,0,,,,,,,,,,,283.5,270,270.5,312969,312.7731828340353,319.77956711171464
2019-08-14,270.75,275,263,263.5,,,0,0,,,,,,,,,,,275,263,263.5,185092,308.29380257639576,317.57252526419643
2019-08-15,264.75,268.25,262.75,265.25,,,0,0,,,,,,,,,,,268.25,262.75,265.25,108781,304.38072961490525,315.5206615283456
2019-08-16,266,275.75,265.75,275.5,,,0,0,,,,,,,,,,,275.75,265.75,275.5,104806,301.755208740823,313.9512238213517
2019-08-19,271.75,272.75,267.75,269.5,,,0,0,,,,,,,,,,,272.75,267.75,269.5,78542,298.8229170371118,312.20803857345555
2019-08-20,271,274.75,263.75,264,,,0,0,,,,,,,,,,,274.75,263.75,264,89474,295.65719730646526,310.3175272568495
2019-08-21,264.5,268.5,261.5,267,,,0,0,,,,,,,,,,,268.5,261.5,267,125855,293.0519975513321,308.61880069775737
2019-08-22,267.5,271,263.5,267.75,,,0,0,,,,,,,,,,,271,263.5,267.75,99247,290.75181595575646,307.0161026311786
2019-08-23,267.25,267.5,262,264.25,,,0,0,,,,,,,,,,,267.5,262,264.25,169868,288.3425599597786,305.33900056721086
2019-08-26,262.5,266.5,261.5,263,,,0,0,,,,,,,,,,,266.5,261.5,263,122537,286.038690872526,303.6786476037908
2019-08-27,263.5,264.5,261.25,261.5,,,0,0,,,,,,,,,,,264.5,261.25,261.5,129886,283.8079007932054,302.0245829918774
2019-08-28,261.75,270,259.75,267.25,,,0,0,,,,,,,,,,,270,259.75,267.25,172927,282.3026370847322,300.66087385494103
2019-08-29,267.75,273.25,266.25,267.5,,,0,0,,,,,,,,,,,273.25,266.25,267.5,255872,280.956942804302,299.3604474292571
2019-08-30,267,270.75,265,266,,,0,0,,,,,,,,,,,270.75,265,266,162934,279.59722073118365,298.05219458889405
2019-09-03,265.75,266.25,256.75,257.25,,,0,0,,,,,,,,,,,266.25,256.75,257.25,204262,277.56565521016694,296.4521085265845
2019-09-04,257.25,259.25,252.75,254.75,,,0,0,,,,,,,,,,,259.25,252.75,254.75,204307,275.4915047365154,294.8167317216204
2019-09-05,254.75,259,254.5,255,,,0,0,,,,,,,,,,,259,254.5,255,142572,273.6286406695595,293.255291261949
2019-09-06,255.75,256.5,249.25,251.75,,,0,0,,,,,,,,,,,256.5,249.25,251.75,157815,271.6396733359632,291.62763278108827
2019-09-09,251,254,248.5,250.5,,,0,0,,,,,,,,,,,254,248.5,250.5,161790,269.71788485087563,290.0147844367319
2019-09-10,252.25,258.75,252,257.75,,,0,0,,,,,,,,,,,258.75,252,257.75,164888,268.62989531897784,288.7494987725463
2019-09-11,259,259.75,253,256.25,,,0,0,,,,,,,,,,,259.75,253,256.25,177888,267.50445028997984,287.47500862460333
2019-09-12,257,263.75,249.5,263.5,,,0,0,,,,,,,,,,,263.75,249.5,263.5,293125,267.14040935452715,286.5348122079522
2019-09-13,263.75,268.5,261.75,265,,,0,0,,,,,,,,,,,268.5,261.75,265,145836,266.94582668593375,285.69030976842464
2019-09-16,268.25,271,263.75,270.25,,,0,0,,,,,,,,,,,271,263.75,270.25,133444,267.2462060781216,285.0848074245649
2019-09-17,270.25,270.5,262.25,264.25,,,0,0,,,,,,,,,,,270.5,262.25,264.25,154625,266.97382370738325,284.2677561530133
2019-09-18,264,268.25,262,267.5,,,0,0,,,,,,,,,,,268.25,262,267.5,126832,267.02165791580296,283.61019708818924
2019-09-19,267.75,270,265.75,269,,,0,0,,,,,,,,,,,270,265.75,269,117069,267.20150719618454,283.03724818277004
2019-09-20,269,270.75,265.75,267,,,0,0,,,,,,,,,,,270.75,265.75,267,132998,267.1831883601678,282.40833648932806
2019-09-23,267.5,270.75,267.25,269.5,,,0,0,,,,,,,,,,,270.75,267.25,269.5,100443,267.3938076001525,281.90212721523676
2019-09-24,268.25,272.25,266.5,271,,,0,0,,,,,,,,,,,272.25,266.5,271,144294,267.72164327286595,281.47459281463927
2019-09-25,271.5,273.75,268.5,270.5,,,0,0,,,,,,,,,,,273.75,268.5,270.5,119189,267.97422115715085,281.0442166258299
2019-09-26,269.75,272,264.5,268.75,,,0,0,,,,,,,,,,,272,264.5,268.75,175419,268.04474650650076,280.5620904836405
2019-09-27,267.5,269.25,266,267.75,,,0,0,,,,,,,,,,,269.25,266,267.75,90796,268.01795136954615,280.0596555627134
2019-09-30,268.25,284.5,267.75,284.25,,,0,0,,,,,,,,,,,284.5,267.75,284.25,337247,269.49359215413284,280.2239827955481
2019-10-01,283,289,281.5,288.75,,,0,0,,,,,,,,,,,289,281.5,288.75,227065,271.24417468557533,280.55833641140896
2019-10-02,286.75,288,281.75,284,,,0,0,,,,,,,,,,,288,281.75,284,158921,272.40379516870485,280.69330361096155
2019-10-03,283.25,287,281.75,285,,,0,0,,,,,,,,,,,287,281.75,285,125489,273.5489046988226,280.86219366543367
2019-10-04,284.25,285.25,280,281,,,0,0,,,,,,,,,,,285.25,280,281,116336,274.2262769989296,280.86759783541663
2019-10-07,283.75,284,281.25,283.25,,,0,0,,,,,,,,,,,284,281.25,283.25,100421,275.0466154535724,280.96102537128263
2019-10-08,283.75,292.75,282.25,292,,,0,0,,,,,,,,,,,292.75,282.25,292,200460,276.58783223052035,281.3939263371147
2019-10-09,291.75,293.5,289.25,290.5,,,0,0,,,,,,,,,,,293.5,289.25,290.5,140853,277.8525747550185,281.751027265071
2019-10-10,289,291.25,274.5,276.5,,,0,0,,,,,,,,,,,291.25,274.5,276.5,297046,277.72961341365317,281.5451046272251
2019-10-11,277,295,276.75,294,,,0,0,,,,,,,,,,,295,276.75,294,272436,279.2087394669574,282.03353189674567
2019-10-14,297.5,298.75,289.5,294,,,0,0,,,,,,,,,,,298.75,289.5,294,170713,280.55339951541583,282.5028051556968
2019-10-15,293.25,294.75,288.75,289.5,,,0,0,,,,,,,,,,,294.75,288.75,289.5,143675,281.3667268321962,282.77720495351264
2019-10-16,288.25,289,283.75,288,,,0,0,,,,,,,,,,,289,283.75,288,139675,281.96975166563294,282.98202044553176
2019-10-17,288,293.5,287.75,291,,,0,0,,,,,,,,,,,293.5,287.75,291,141532,282.7906833323936,283.29645101629524
2019-10-18,290.25,292,286,287.25,,,0,0,,,,,,,,,,,292,286,287.25,122010,283.1960757567214,283.4514921529111
2019-10-21,286.25,290,282.75,283.5,,,0,0,,,,,,,,,,,290,282.75,283.5,150187,283.2237052333831,283.4533944214244
2019-10-22,283.25,288.75,281.25,284.25,,,0,0,,,,,,,,,,,288.75,281.25,284.25,136694,283.317004757621,283.4846338558783
2019-10-23,284,285.75,280.25,284,,,0,0,,,,,,,,,,,285.75,280.25,284,117561,283.3790952342009,283.5048442929027
2019-10-24,284.75,287,281.5,283,,,0,0,,,,,,,,,,,287,281.5,283,130664,283.34463203109175,283.48504647749473
2019-10-25,283.25,286.25,282,283,,,0,0,,,,,,,,,,,286.25,282,283,131677,283.313301846447,283.46602504700473
2019-10-28,282.25,282.75,279.5,280.25,,,0,0,,,,,,,,,,,282.75,279.5,280.25,122790,283.0348198604064,283.33990641771044
2019-10-29,279.75,283.75,278.25,282.5,,,0,0,,,,,,,,,,,283.75,278.25,282.5,153732,282.9861998730967,283.30696891113354
2019-10-30,282,287.5,281.5,287,,,0,0,,,,,,,,,,,287.5,281.5,287,177034,283.35109079372427,283.45179365971654
2019-10-31,286.5,287.25,281,286.25,,,0,0,,,,,,,,,,,287.25,281,286.25,176193,283.6146279942948,283.56152724168845
2019-11-01,285.5,288,282.5,285.5,,,0,0,,,,,,,,,,,288,282.5,285.5,151943,283.7860254493589,283.6375457812301
2019-11-04,283,284,279.25,279.5,,,0,0,,,,,,,,,,,284,279.25,279.5,145373,283.3963867721444,283.47528908392695
2019-11-05,279.5,281,276.75,278,,,0,0,,,,,,,,,,,281,276.75,278,157127,282.9058061564949,283.26057186494944
2019-11-06,278.5,281.25,273.75,275,,,0,0,,,,,,,,,,,281.25,273.75,275,185339,282.1870965059045,282.93662787024556
2019-11-07,275.5,276.25,270,271.5,,,0,0,,,,,,,,,,,276.25,270,271.5,219147,281.215542278095,282.4881326596477
2019-11-08,271.5,280,268.75,273.5,,,0,0,,,,,,,,,,,280,268.75,273.5,343769,280.5141293437227,282.1356568690733
2019-11-11,272.25,273.25,268.75,269.5,,,0,0,,,,,,,,,,,273.25,268.75,269.5,211215,279.51284485792974,281.64014091342335
2019-11-12,269.75,274.25,269,274,,,0,0,,,,,,,,,,,274.25,269,274,220513,279.0116771435725,281.3405275442695
2019-11-13,273.25,274,271.25,271.5,,,0,0,,,,,,,,,,,274,271.25,271.5,195982,278.32879740324773,280.95462450331775
2019-11-14,271.5,273.75,270.75,272,,,0,0,,,,,,,,,,,273.75,270.75,272,144893,277.75345218477065,280.6034627580896
2019-11-15,271.75,272.75,267,267.5,,,0,0,,,,,,,,,,,272.75,267,267.5,140175,276.82132016797334,280.08960147345863
2019-11-18,267.25,268,263.75,264,,,0,0,,,,,,,,,,,268,263.75,264,206268,275.6557456072485,279.4586367097936
2019-11-19,264,269.25,264,266.25,,,0,0,,,,,,,,,,,269.25,264,266.25,202015,274.80067782477136,278.94065095646835
2019-11-20,266,266.75,262,263,,,0,0,,,,,,,,,,,266.75,262,263,297024,273.7278889316103,278.31552738954804
2019-11-21,263,266,262.5,264.75,,,0,0,,,,,,,,,,,266,262.5,264.75,158701,272.91171721055485,277.78354592329123
2019-11-22,264.25,266.5,263.75,265,,,0,0,,,,,,,,,,,266.5,263.75,265,228112,272.1924701914135,277.28223039688766
2019-11-25,265,269,264.5,266.75,,,0,0,,,,,,,,,,,269,264.5,266.75,199301,271.6977001740123,276.86920175387246
2019-11-26,266,266.75,263.25,263.75,,,0,0,,,,,,,,,,,266.75,263.25,263.75,207678,270.9751819763748,276.3547232537206
2019-11-27,263.5,265,258.5,259,,,0,0,,,,,,,,,,,265,258.5,259,163967,269.8865290694317,275.67414587122175
2019-11-29,261,267.75,260,267,,,0,0,,,,,,,,,,,267.75,260,267,139171,269.62411733584696,275.33398328803656
2019-12-02,267.25,270.5,265,267.75,,,0,0,,,,,,,,,,,270.5,265,267.75,155304,269.45374303258814,275.0365721787018
2019-12-03,267.75,270.5,266,267,,,0,0,,,,,,,,,,,270.5,266,267,132389,269.23067548417106,274.7214124854194
2019-12-04,266.5,268.75,263,264.25,,,0,0,,,,,,,,,,,268.75,263,264.25,132483,268.7778868037919,274.3107688585402
2019-12-05,263.75,265.25,262,262.5,,,0,0,,,,,,,,,,,265.25,262,262.5,103730,268.207169821629,273.8476014523229
2019-12-06,262.25,265.25,260.75,262.5,,,0,0,,,,,,,,,,,265.25,260.75,262.5,101238,267.6883362014809,273.4025974738004
2019-12-09,261.5,264,261,261.5,,,0,0,,,,,,,,,,,264,261,261.5,87766,267.12576018316446,272.9358289454161
2019-12-10,261.75,263.75,260.75,262.75,,,0,0,,,,,,,,,,,263.75,260.75,262.75,98921,266.7279638028768,272.5363846730469
2019-12-11,262.25,262.75,256.75,257,,,0,0,,,,,,,,,,,262.75,256.75,257,128564,265.8436034571607,271.92711468586856
2019-12-12,257.25,266,257,263.5,,,0,0,,,,,,,,,,,266,257,263.5,171860,265.63054859741885,271.59663960014825
2019-12-13,267.25,271.25,263.25,266.75,,,0,0,,,,,,,,,,,271.25,263.25,266.75,230831,265.7323169067444,271.40657530210325
2019-12-16,269.25,275.25,269,273.75,,,0,0,,,,,,,,,,,275.25,269,273.75,180896,266.4611971879495,271.4984743098639
2019-12-17,273.25,276.25,272,275.75,,,0,0,,,,,,,,,,,276.25,272,275.75,118236,267.3056338072268,271.6652008075163
2019-12-18,275,275.75,271.5,272.75,,,0,0,,,,,,,,,,,275.75,271.5,272.75,125534,267.800576188388,271.7077419523196
2019-12-19,272.75,274.75,270.75,272.25,,,0,0,,,,,,,,,,,274.75,270.75,272.25,99129,268.2050692621709,271.7290069737973
2019-12-20,272.25,275.25,271.75,273.5,,,0,0,,,,,,,,,,,275.25,271.75,273.5,85326,268.68642660197355,271.7984576807072
2019-12-23,273.75,276,273,274.5,,,0,0,,,,,,,,,,,276,273,274.5,82257,269.2149332745214,271.9044005167579
2019-12-24,274.25,274.75,272.75,273.25,,,0,0,,,,,,,,,,,274.75,272.75,273.25,50416,269.5817575222922,271.95716912394386
2019-12-26,273.75,274.75,272.25,274.25,,,0,0,,,,,,,,,,,274.75,272.25,274.25,49930,270.0061432020838,272.0470840602598
2019-12-27,273.75,276.75,273.75,275.75,,,0,0,,,,,,,,,,,276.75,273.75,275.75,85213,270.5283120018944,272.19229645005356
2019-12-30,275,277.75,272.5,274,,,0,0,,,,,,,,,,,277.75,272.5,274,123528,270.84392000172215,272.26318678534557
2019-12-31,274,275.5,272,273.5,,,0,0,,,,,,,,,,,275.5,272,273.5,85103,271.0853818197474,272.3116892643516
2020-01-02,273.5,277.75,273,277.25,,,0,0,,,,,,,,,,,277.75,273,277.25,103987,271.6458016543158,272.50534850888687
2020-01-03,277.25,277.75,271.25,272.25,,,0,0,,,,,,,,,,,277.75,271.25,272.25,125931,271.7007287766507,272.4953348418717
2020-01-06,272,273.5,268.5,270.5,,,0,0,,,,,,,,,,,273.5,268.5,270.5,112130,271.591571615137,272.4170864167002
2020-01-07,270.75,271.5,269.25,270.25,,,0,0,,,,,,,,,,,271.5,269.25,270.25,93541,271.4696105592155,272.33210263565314
2020-01-08,269.75,271.25,268,270,,,0,0,,,,,,,,,,,271.25,268,270,135523,271.3360095992868,272.2406476303334
2020-01-09,269.5,272.75,268,269,,,0,0,,,,,,,,,,,272.75,268,269,130937,271.1236450902607,272.113563409536
2020-01-10,269,272.5,262.25,271.5,,,0,0,,,,,,,,,,,272.5,262.25,271.5,226659,271.15785917296427,272.0895020993581
2020-01-13,272.25,275.25,271.25,275.25,,,0,0,,,,,,,,,,,275.25,271.25,275.25,139994,271.52987197542205,272.21344319350095
2020-01-14,275,276.25,274,274.75,,,0,0,,,,,,,,,,,276.25,274,274.75,115957,271.8226108867473,272.31291600944206
2020-01-15,274.5,276,272.25,273.25,,,0,0,,,,,,,,,,,276,272.25,273.25,141478,271.95237353340667,272.34966440122867
2020-01-16,273,273.5,261,261.25,,,0,0,,,,,,,,,,,273.5,261,261.25,230557,270.97943048491516,271.91438344431776
2020-01-17,262.75,275.25,262.5,275,,,0,0,,,,,,,,,,,275.25,262.5,275,293121,271.3449368044683,272.03538801512883
2020-01-21,274.75,275,270,273.25,,,0,0,,,,,,,,,,,275,270,273.25,182958,271.5181243676985,272.0830198576728
2020-01-22,273.25,276.75,272.5,274.5,,,0,0,,,,,,,,,,,276.75,272.5,274.5,155603,271.78920397063496,272.177803392666
2020-01-23,274.25,279.75,273.25,279.5,,,0,0,,,,,,,,,,,279.75,273.25,279.5,256298,272.49018542784995,272.4649483576595
2020-01-24,279,279,272.25,273,,,0,0,,,,,,,,,,,279,272.25,273,196121,272.5365322071363,272.4859307750062
2020-01-27,270,270.5,263,266.25,,,0,0,,,,,,,,,,,270.5,263,266.25,264471,271.96502927921483,272.241384470104
2020-01-28,268.25,272.75,264.25,272.25,,,0,0,,,,,,,,,,,272.75,264.25,272.25,243266,271.9909357083771,272.24172233402146
2020-01-29,271.25,274,268.5,270,,,0,0,,,,,,,,,,,274,268.5,270,136811,271.8099415530701,272.1538116542559
2020-01-30,270.25,270.75,264.25,265.25,,,0,0,,,,,,,,,,,270.75,264.25,265.25,160206,271.2135832300637,271.8830739423243
2020-01-31,267.25,268.5,264.5,267,,,0,0,,,,,,,,,,,268.5,264.5,267,151805,270.83053020914883,271.69158084654686
2020-02-03,266.25,267.75,262.25,264.5,,,0,0,,,,,,,,,,,267.75,262.25,264.5,216443,270.2550274628626,271.4095580682509
2020-02-04,264,269.25,264,268,,,0,0,,,,,,,,,,,269.25,264,268,176002,270.0500249662387,271.2758499087116
2020-02-05,267.25,269,265.25,266.5,,,0,0,,,,,,,,,,,269,265.25,266.5,122103,269.7272954238534,271.0885616769974
2020-02-06,266,267.5,261.75,265,,,0,0,,,,,,,,,,,267.5,261.75,265,191891,269.29754129441216,270.84979455240926
2020-02-07,266,270.75,265.75,269.25,,,0,0,,,,,,,,,,,270.75,265.75,269.25,256721,269.2932193585565,270.7870575111383
2020-02-10,269,269.25,264.75,267.5,,,0,0,,,,,,,,,,,269.25,264.75,267.5,219017,269.1301994168695,270.6581532950152
2020-02-11,266.75,267.75,263.75,265.5,,,0,0,,,,,,,,,,,267.75,263.75,265.5,200407,268.8001812880632,270.45587277364206
2020-02-12,265.5,269.5,264,268.75,,,0,0,,,,,,,,,,,269.5,264,268.75,241461,268.79561935278474,270.3889758021267
2020-02-13,268,268.5,264.75,265.25,,,0,0,,,,,,,,,,,268.5,264.75,265.25,202459,268.4732903207134,270.1874473392982
2020-02-14,265.25,267.25,262,263.5,,,0,0,,,,,,,,,,,267.25,262,263.5,216864,268.0211730188303,269.925194502463
2020-02-18,264.25,269,263.75,268.75,,,0,0,,,,,,,,,,,269,263.75,268.75,215110,268.0874300171185,269.87910844354286
2020-02-19,268,268.5,264.25,266.25,,,0,0,,,,,,,,,,,268.5,264.25,266.25,172265,267.9203909246532,269.7367904653647
2020-02-20,266.5,267,263.75,264.25,,,0,0,,,,,,,,,,,267,263.75,264.25,173142,267.586719022412,269.521622211821
2020-02-21,264,266.25,262,262.75,,,0,0,,,,,,,,,,,266.25,262,262.75,169068,267.14701729310184,269.2560683995927
2020-02-24,262,262,255.75,258,,,0,0,,,,,,,,,,,262,255.75,258,170528,266.3154702664562,268.81465395254986
2020-02-25,258.75,260.5,257,258.25,,,0,0,,,,,,,,,,,260.5,257,258.25,119868,265.5822456967784,268.4003537975479
2020-02-26,257.75,259.75,254,256.25,,,0,0,,,,,,,,,,,259.75,254,256.25,268795,264.733859724344,267.92386933489894
2020-02-27,255.5,255.75,247.5,250.25,,,0,0,,,,,,,,,,,255.75,247.5,250.25,156142,263.4171452039491,267.23077641980484
2020-02-28,250.25,252,248,250.5,,,0,0,,,,,,,,,,,252,248,250.5,176062,262.24285927631735,266.5746675405968
2020-03-02,250.5,258.5,249.5,257.75,,,0,0,,,,,,,,,,,258.5,249.5,257.75,147782,261.83441752392486,266.2286021468479
2020-03-03,258.75,266.75,258.25,263.5,,,0,0,,,,,,,,,,,266.75,258.25,263.5,202096,261.98583411265895,266.1215981410891
2020-03-04,263,269,261.25,267.25,,,0,0,,,,,,,,,,,269,261.25,267.25,170361,262.46439464787176,266.16584919437975
2020-03-05,266.25,266.75,261.75,264,,,0,0,,,,,,,,,,,266.75,261.75,264,142139,262.6039951344289,266.08091393185504
2020-03-06,263.25,265,257.25,258.25,,,0,0,,,,,,,,,,,265,257.25,258.25,159898,262.2081773949354,265.77381926786074
2020-03-09,252.5,257.5,249,255,,,0,0,,,,,,,,,,,257.5,249,255,239558,261.55288854085035,265.35131655147404
2020-03-10,257,262,256.25,259.75,,,0,0,,,,,,,,,,,262,256.25,259.75,141727,261.38898958259125,265.1316570788672
2020-03-11,259.5,259.75,254.5,256.75,,,0,0,,,,,,,,,,,259.75,254.5,256.75,115643,260.96726325690116,264.8029646444018
2020-03-12,255.25,255.25,247.25,248,,,0,0,,,,,,,,,,,255.25,247.25,248,204283,259.78842114263745,264.14402485442525
2020-03-13,247.5,254,245.75,248,,,0,0,,,,,,,,,,,254,245.75,248,191029,258.71674649330674,263.5109258405262
2020-03-16,244.75,250,236.25,237,,,0,0,,,,,,,,,,,250,236.25,237,188791,256.74249681209704,262.47128168991736
2020-03-17,237.5,239,225,226.25,,,0,0,,,,,,,,,,,239,225,226.25,219215,253.97045164736096,261.0508392707049
2020-03-18,226.25,227.5,214.25,217.5,,,0,0,,,,,,,,,,,227.5,214.25,217.5,255105,250.65495604305542,259.34296322087334
2020-03-19,218.75,237,218.75,227.75,,,0,0,,,,,,,,,,,237,218.75,227.75,223252,248.57268731186858,258.1040234867215
2020-03-20,228.75,239,224.5,226,,,0,0,,,,,,,,,,,239,224.5,226,189068,246.52062482897142,256.84504217351673
2020-03-23,222.5,227.75,220.5,225.75,,,0,0,,,,,,,,,,,227.75,220.5,225.75,114729,244.63238620815585,255.62562875494746
2020-03-24,225.75,232.75,220.25,229.5,,,0,0,,,,,,,,,,,232.75,220.25,229.5,126658,243.25671473468714,254.6010942939691
2020-03-25,229.75,235,228,230.75,,,0,0,,,,,,,,,,,235,228,230.75,118826,242.1197406678974,253.66575726283307
2020-03-26,230.5,231.5,226,231,,,0,0,,,,,,,,,,,231.5,226,231,113530,241.108855152634,252.77690403683962
2020-03-27,230.75,232.25,224.75,228.25,,,0,0,,,,,,,,,,,232.25,224.75,228.25,114028,239.93986832057635,251.8150646628459
2020-03-30,225.25,229,222.25,223.5,,,0,0,,,,,,,,,,,229,222.25,223.5,108485,238.44533483688758,250.70466997018528
2020-03-31,224,227,215.75,223,,,0,0,,,,,,,,,,,227,215.75,223,208191,237.04121348807962,249.61821232429565
2020-04-01,223.5,225,215.75,217,,,0,0,,,,,,,,,,,225,215.75,217,151929,235.2192849891633,248.33906674295073
2020-04-02,217.25,225.5,215.25,215.75,,,0,0,,,,,,,,,,,225.5,215.25,215.75,151692,233.44934999014845,247.06106412558012
2020-04-03,216.75,220.75,210.25,213,,,0,0,,,,,,,,,,,220.75,210.25,213,158652,231.59031817286223,245.7253361206554
2020-04-06,212,214,207.75,210,,,0,0,,,,,,,,,,,214,207.75,210,111044,229.6275619753293,244.32434254729637
2020-04-07,210.25,217.75,210.25,213.75,,,0,0,,,,,,,,,,,217.75,210.25,213.75,157368,228.18414725029936,243.1253487219122
2020-04-08,214.25,216.25,210.5,212.25,,,0,0,,,,,,,,,,,216.25,210.5,212.25,151312,226.73558840936306,241.9145507328176
2020-04-09,213,215.75,210.25,214,,,0,0,,,,,,,,,,,215.75,210.25,214,169665,225.57780764487552,240.81986246878552
2020-04-13,214.5,216.25,208.75,213.75,,,0,0,,,,,,,,,,,216.25,208.75,213.75,147086,224.5025524044323,239.7582992347155
2020-04-14,213.5,214.25,208,208.25,,,0,0,,,,,,,,,,,214.25,208,208.25,191905,223.02504764039298,238.52267965688353
2020-04-15,208.25,209,199.75,201.5,,,0,0,,,,,,,,,,,209,199.75,201.5,161437,221.06822512762997,237.0708098664175
2020-04-16,201,205.25,200,202,,,0,0,,,,,,,,,,,205.25,200,202,136583,219.33475011602724,235.69548398930309
2020-04-17,202,207.75,201.75,204.5,,,0,0,,,,,,,,,,,207.75,201.75,204.5,99361,217.98613646911568,234.47213167599708
2020-04-20,204.75,205.5,195.75,196.5,,,0,0,,,,,,,,,,,205.5,195.75,196.5,150677,216.0328513355597,232.9830284730168
2020-04-21,196.5,198.5,183.25,191.5,,,0,0,,,,,,,,,,,198.5,183.25,191.5,197926,213.8025921232361,231.3562430427024
2020-04-22,192.25,202.5,190.5,199.75,,,0,0,,,,,,,,,,,202.5,190.5,199.75,146968,212.52508374839647,230.1167825312239
2020-04-23,199.25,205.75,197.25,201.5,,,0,0,,,,,,,,,,,205.75,197.25,201.5,136849,211.52280340763315,228.99455576529354
2020-04-24,201.5,203,194.25,198,,,0,0,,,,,,,,,,,203,194.25,198,113476,210.29345764330287,227.77908299018398
2020-04-27,197.25,198,186.5,187.75,,,0,0,,,,,,,,,,,198,186.5,187.75,108694,208.2440524030026,226.20931502978462
2020-04-28,187.25,190.75,183.5,185,,,0,0,,,,,,,,,,,190.75,183.5,185,138104,206.13095673000237,224.59326345998915
2020-04-29,185,191,182.5,186.75,,,0,0,,,,,,,,,,,191,182.5,186.75,121804,204.36905157272943,223.1092139125386
2020-04-30,187.25,194.5,184.75,192.25,,,0,0,,,,,,,,,,,194.5,184.75,192.25,176650,203.26731961157222,221.8990486610665
2020-05-01,191.75,192.5,187.75,190.75,,,0,0,,,,,,,,,,,192.5,187.75,190.75,97847,202.12938146506565,220.67751734102467
2020-05-04,189.25,189.5,184.5,187.75,,,0,0,,,,,,,,,,,189.5,184.5,187.75,104063,200.8221649682415,219.38624215118057
2020-05-05,187.5,190.75,186.25,189.25,,,0,0,,,,,,,,,,,190.75,186.25,189.25,105838,199.77014997112863,218.20442873348722
2020-05-06,190.25,190.5,185.5,186.5,,,0,0,,,,,,,,,,,190.5,185.5,186.5,108455,198.56377270102604,216.96111780276223
2020-05-07,186.25,192.75,186.25,190.25,,,0,0,,,,,,,,,,,192.75,186.25,190.25,140403,197.80797518275094,215.91362298696762
2020-05-08,190.25,195.25,189.5,191.5,,,0,0,,,,,,,,,,,195.25,189.5,191.5,111275,197.23452289340995,214.95622600708654
2020-05-11,193,195,189.5,190.75,,,0,0,,,,,,,,,,,195,189.5,190.75,97781,196.64502081219086,214.00696224210276
2020-05-12,190.5,196.25,186.75,194.5,,,0,0,,,,,,,,,,,196.25,186.75,194.5,177591,196.4500189201735,213.24198333064774
2020-05-13,194.25,194.25,190,190.5,,,0,0,,,,,,,,,,,194.25,190,190.5,120194,195.90910810924865,212.35014084709292
2020-05-14,190.5,191.5,187.75,189.75,,,0,0,,,,,,,,,,,191.5,187.75,189.75,107147,195.34918919022604,211.4638608138736
2020-05-15,190,192.75,189,191.5,,,0,0,,,,,,,,,,,192.75,189,191.5,101614,194.99926290020548,210.68096431136874
2020-05-18,192.25,194.25,190.25,193,,,0,0,,,,,,,,,,,194.25,190.25,193,99372,194.81751172745953,209.9875931619033
2020-05-19,193,197.75,192.75,193.5,,,0,0,,,,,,,,,,,197.75,192.75,193.5,126375,194.69773793405412,209.34102088104436
2020-05-20,193.5,193.75,189.5,191.75,,,0,0,,,,,,,,,,,193.75,189.5,191.75,154473,194.42976175823102,208.65117692492498
2020-05-21,191.25,192.5,188.5,190,,,0,0,,,,,,,,,,,192.5,188.5,190,115119,194.02705614384638,207.91975822198674
2020-05-22,190,191.25,188.25,190.25,,,0,0,,,,,,,,,,,191.25,188.25,190.25,97188,193.68368740349672,207.22682652700686
2020-05-26,189,195.25,188.75,191.25,,,0,0,,,,,,,,,,,195.25,188.75,191.25,145175,193.46244309408792,206.6002843102615
2020-05-27,192.25,194,191.5,192.75,,,0,0,,,,,,,,,,,194,191.5,192.75,78423,193.39767554007992,206.0571359059375
2020-05-28,192.5,203,191.75,199.75,,,0,0,,,,,,,,,,,203,191.75,199.75,246973,193.97515958189084,205.80979724295958
2020-05-29,199.75,201.75,195.5,198,,,0,0,,,,,,,,,,,201.75,195.5,198,192310,194.3410541653553,205.50353068441214
2020-06-01,197.75,200,191.5,195.5,,,0,0,,,,,,,,,,,200,191.5,195.5,151319,194.44641287759572,205.1112353634548
2020-06-02,195.75,197.5,194.25,196.5,,,0,0,,,,,,,,,,,197.5,194.25,196.5,130469,194.6331026159961,204.77353985900558
2020-06-03,196.5,196.75,193.5,196.25,,,0,0,,,,,,,,,,,196.75,193.5,196.25,128010,194.78009328726918,204.43928339394654
2020-06-04,196.5,201.75,196.25,201.25,,,0,0,,,,,,,,,,,201.75,196.25,201.25,155612,195.36826662479015,204.31421345692902
2020-06-05,201,204.75,200.5,203.5,,,0,0,,,,,,,,,,,204.75,200.5,203.5,215912,196.1075151134456,204.2822835174416
2020-06-08,205.75,207,203.25,206,,,0,0,,,,,,,,,,,207,203.25,206,206335,197.0068319213142,204.3496449481302
2020-06-09,204.5,206.25,199,199.75,,,0,0,,,,,,,,,,,206.25,199,199.75,253631,197.25621083755834,204.1692667148702
2020-06-10,199.5,200.25,196.5,198.5,,,0,0,,,,,,,,,,,200.25,196.5,198.5,243286,197.3692825795985,203.9469425299733
2020-06-11,198.25,203.25,197.5,202,,,0,0,,,,,,,,,,,203.25,197.5,202,272975,197.79025689054407,203.87059184252337
2020-06-12,201.75,205.25,200.5,202.25,,,0,0,,,,,,,,,,,205.25,200.5,202.25,236621,198.19568808231278,203.80703922124795
2020-06-15,201.5,202.25,197.75,201.5,,,0,0,,,,,,,,,,,202.25,197.75,201.5,170741,198.4960800748298,203.7165670949245
2020-06-16,204,206.75,200.25,201.25,,,0,0,,,,,,,,,,,206.75,200.25,201.25,229095,198.74643643166345,203.61983897355492
2020-06-17,200.25,203.5,197.25,202.5,,,0,0,,,,,,,,,,,203.5,197.25,202.5,225643,199.08766948333042,203.57592371969002
2020-06-18,202,206,201,203.25,,,0,0,,,,,,,,,,,206,201,203.25,201444,199.46606316666401,203.56314239734925
2020-06-19,202,206,199.75,204.75,,,0,0,,,,,,,,,,,206,199.75,204.75,170567,199.94642106060365,203.60968583274732
2020-06-22,204.25,204.5,200.25,200.5,,,0,0,,,,,,,,,,,204.5,200.25,200.5,134480,199.9967464187306,203.487737368718
2020-06-23,199.75,199.75,193.5,197.25,,,0,0,,,,,,,,,,,199.75,193.5,197.25,185863,199.747042198846,203.24312021700356
2020-06-24,196.75,201.25,196,196.5,,,0,0,,,,,,,,,,,201.25,196,196.5,180307,199.45185654440544,202.97868413006225
2020-06-25,195.75,196.5,187.25,189.5,,,0,0,,,,,,,,,,,196.5,187.25,189.5,194687,198.54714231309586,202.45010828182453
2020-06-26,189.25,192,185.75,189.25,,,0,0,,,,,,,,,,,192,185.75,189.25,216581,197.7019475573599,201.93245697665495
2020-06-29,188.5,199,187.5,198.75,,,0,0,,,,,,,,,,,199,187.5,198.75,242350,197.79722505214536,201.80765474227633
2020-06-30,197.5,215.75,196,211.5,,,0,0,,,,,,,,,,,215.75,196,211.5,359703,199.0429318655867,202.18774671316746
2020-07-01,210.75,223.75,210.25,220.5,,,0,0,,,,,,,,,,,223.75,210.25,220.5,232080,200.99357442326064,202.90587429304324
2020-07-02,219.5,223.5,213,213.5,,,0,0,,,,,,,,,,,223.5,213,213.5,133455,202.13052220296422,203.32133020311997
2020-07-06,219.25,220,215.5,216.5,,,0,0,,,,,,,,,,,220,215.5,216.5,118534,203.4368383663311,203.83814078338978
2020-07-07,217,218,210.25,213.5,,,0,0,,,,,,,,,,,218,210.25,213.5,116530,204.35167124211918,204.21703722325685
2020-07-08,212.75,216.75,209,216.25,,,0,0,,,,,,,,,,,216.75,209,216.25,108146,205.43333749283562,204.68891811646247
2020-07-09,216,225,215.75,218.75,,,0,0,,,,,,,,,,,225,215.75,218.75,151158,206.6439431753051,205.24033309228747
2020-07-10,218.75,221.5,206.25,207.25,,,0,0,,,,,,,,,,,221.5,206.25,207.25,170949,206.69903925027737,205.3191435592566
2020-07-13,204.5,204.5,196.75,198.75,,,0,0,,,,,,,,,,,204.5,196.75,198.75,171814,205.97639931843398,205.06153008634456
2020-07-14,199.25,202,195.75,196,,,0,0,,,,,,,,,,,202,195.75,196,112416,205.06945392584907,204.70617596531144
2020-07-15,196,198.75,192.75,196.25,,,0,0,,,,,,,,,,,198.75,192.75,196.25,101702,204.26768538713551,204.37456122157374
2020-07-16,196,203.25,196,200.25,,,0,0,,,,,,,,,,,203.25,196,200.25,109531,203.9024412610323,204.2128137226885
2020-07-17,200.25,204.75,200.25,203,,,0,0,,,,,,,,,,,204.75,200.25,203,83693,203.82040114639298,204.16525240023014
2020-07-20,203,203.5,196,198.25,,,0,0,,,,,,,,,,,203.5,196,198.25,105214,203.31400104217545,203.93328171786817
2020-07-21,197.75,197.75,192,192.75,,,0,0,,,,,,,,,,,197.75,192,192.75,132248,202.35363731106858,203.4947216505008
2020-07-22,193,198,192.25,197.5,,,0,0,,,,,,,,,,,198,192.25,197.5,122910,201.9123975555169,203.25963452695174
2020-07-23,197.25,199.5,195,198,,,0,0,,,,,,,,,,,199.5,195,198,92652,201.5567250504699,203.05337434942422
2020-07-24,198,199.75,195.5,196.25,,,0,0,,,,,,,,,,,199.75,195.5,196.25,144237,201.07429550042718,202.78657535532915
2020-07-27,195.25,197.5,193.25,195,,,0,0,,,,,,,,,,,197.5,193.25,195,96017,200.52208681857016,202.48121945904174
2020-07-28,193,193.5,190,190,,,0,0,,,,,,,,,,,193.5,190,190,110739,199.56553347142741,201.99175987241264
2020-07-29,190,191.5,185.25,185.5,,,0,0,,,,,,,,,,,191.5,185.25,185.5,136660,198.28684861038855,201.34502419114156
2020-07-30,185.5,189.25,185.25,185.75,,,0,0,,,,,,,,,,,189.25,185.25,185.75,120454,197.1471351003532,200.73345461501836
2020-07-31,185.75,187.5,184.5,186,,,0,0,,,,,,,,,,,187.5,184.5,186,77056,196.13375918213927,200.15567208109607
2020-08-03,185,188.25,185,187.5,,,0,0,,,,,,,,,,,188.25,185,187.5,83190,195.34887198376296,199.65937121517072
2020-08-04,186.5,186.75,178.25,178.25,,,0,0,,,,,,,,,,,186.75,178.25,178.25,161834,193.79442907614813,198.81978803026206
2020-08-05,179,181.25,179,181,,,0,0,,,,,,,,,,,181.25,179,181,103355,192.63129916013466,198.12097281338905
2020-08-06,180.5,182.75,179.5,181.25,,,0,0,,,,,,,,,,,182.75,179.5,181.25,106028,191.59663560012243,197.4593660363934
2020-08-07,181,181.75,177.25,177.75,,,0,0,,,,,,,,,,,181.75,177.25,177.75,124482,190.33785054556583,196.6864497212407
2020-08-10,177.5,181.75,177.5,180.5,,,0,0,,,,,,,,,,,181.75,177.5,180.5,167514,189.44350049596895,196.0516869870744
2020-08-11,181.25,185,180.25,181.5,,,0,0,,,,,,,,,,,185,180.25,181.5,170713,188.7213640872445,195.4810325954244
2020-08-12,181.25,185,178,184.5,,,0,0,,,,,,,,,,,185,178,184.5,209796,188.3376037156768,195.05040386619208
2020-08-13,185,197.5,184.75,195.25,,,0,0,,,,,,,,,,,197.5,184.75,195.25,317363,188.966003377888,195.0582311655571
2020-08-14,194.5,195.25,191.5,194.5,,,0,0,,,,,,,,,,,195.25,191.5,194.5,160379,189.4690939798982,195.03633974729996
2020-08-17,197,201,196.5,201,,,0,0,,,,,,,,,,,201,196.5,201,111934,190.5173581635438,195.2702087768176
2020-08-18,200,202,195.75,197,,,0,0,,,,,,,,,,,202,195.75,197,130091,191.10668923958528,195.33804372674632
2020-08-19,196,197.25,193.5,195,,,0,0,,,,,,,,,,,197.25,193.5,195,87620,191.46062658144118,195.32478711001116
2020-08-20,194.25,195.75,190.75,194.5,,,0,0,,,,,,,,,,,195.75,190.75,194.5,92738,191.7369332558556,195.2924425174617
2020-08-21,194.75,197.75,194.25,197,,,0,0,,,,,,,,,,,197.75,194.25,197,134880,192.21539386895964,195.3594055559926
2020-08-24,198,202.5,197.5,201.75,,,0,0,,,,,,,,,,,202.5,197.5,201.75,126824,193.08217624450876,195.6100171028164
2020-08-25,205,211.5,204.75,210.75,,,0,0,,,,,,,,,,,211.5,204.75,210.75,147003,194.68834204046252,196.2037419223138
2020-08-26,210.25,211.25,207.25,210.5,,,0,0,,,,,,,,,,,211.25,207.25,210.5,89216,196.12576549132956,196.76437949398778
2020-08-27,210,214.75,209,214.25,,,0,0,,,,,,,,,,,214.75,209,214.25,123788,197.77342317393595,197.4500901020667
2020-08-28,213.25,215.75,210.75,215,,,0,0,,,,,,,,,,,215.75,210.75,215,261248,199.33947561266905,198.13832186276997
2020-08-31,215.75,220,212,213.5,,,0,0,,,,,,,,,,,220,212,213.5,239346,200.6267960115173,198.74074061324959
2020-09-01,212,214.5,206.75,213.75,,,0,0,,,,,,,,,,,214.5,206.75,213.75,238439,201.81981455592484,199.32933902057314
2020-09-02,213.75,215.25,210,214.5,,,0,0,,,,,,,,,,,215.25,210,214.5,160792,202.97255868720438,199.92426690211929
2020-09-03,214,214.75,209,209.5,,,0,0,,,,,,,,,,,214.75,209,209.5,124080,203.56596244291308,200.29978584713422
2020-09-04,209.75,215,209.5,213.75,,,0,0,,,,,,,,,,,215,209.5,213.75,132846,204.4917840390119,200.82724522567798
2020-09-08,213.75,219.25,212.25,217.5,,,0,0,,,,,,,,,,,219.25,212.25,217.5,177471,205.67434912637444,201.48107874623963
2020-09-09,216.5,217,213.75,216,,,0,0,,,,,,,,,,,217,213.75,216,127513,206.6130446603404,202.0504482071714
2020-09-10,215.75,222.5,215.25,220.75,,,0,0,,,,,,,,,,,222.5,215.25,220.75,197330,207.89822241849126,202.7837639637529
2020-09-11,220.75,225.25,219.5,224.25,,,0,0,,,,,,,,,,,225.25,219.5,224.25,233819,209.38474765317386,203.62557714164495
2020-09-14,224.25,226.75,223,225.25,,,0,0,,,,,,,,,,,226.75,223,225.25,137658,210.82704332106715,204.47359372432555
2020-09-15,224.75,225.25,221,221.75,,,0,0,,,,,,,,,,,225.25,221,221.75,133018,211.8200393827883,205.15109985278337
2020-09-16,221.25,227.75,217.5,227.5,,,0,0,,,,,,,,,,,227.75,217.5,227.5,158937,213.24549034798937,206.02752730953696
2020-09-17,227.25,233,223.75,231,,,0,0,,,,,,,,,,,233,223.75,231,235205,214.85953667999033,207.00683996406494
2020-09-18,230,235,229,234.25,,,0,0,,,,,,,,,,,235,229,234.25,191291,216.6223060727185,208.07519918116043
2020-09-21,233.25,234,224,225.5,,,0,0,,,,,,,,,,,234,224,225.5,209548,217.4293691570168,208.75852470346786
2020-09-22,225.5,229,221.5,225,,,0,0,,,,,,,,,,,229,221.5,225,159145,218.11760832456073,209.39544530333185
2020-09-23,224,226,221.5,224.25,,,0,0,,,,,,,,,,,226,221.5,224.25,122193,218.6750984768734,209.97797686006393
2020-09-24,223.75,224,218.75,219.25,,,0,0,,,,,,,,,,,224,218.75,219.25,152367,218.72736225170308,210.34158561064967
2020-09-25,219,223.25,218.75,221,,,0,0,,,,,,,,,,,223.25,218.75,221,130065,218.93396568336644,210.75956264552616
2020-09-28,220,225.5,216.25,222.5,,,0,0,,,,,,,,,,,225.5,216.25,222.5,162085,219.2581506212422,211.21997195354473
2020-09-29,222.5,223.5,216.75,220.5,,,0,0,,,,,,,,,,,223.5,216.75,220.5,137617,219.3710460193111,211.58389462203317
2020-09-30,220,238.5,217.75,234.75,,,0,0,,,,,,,,,,,238.5,217.75,234.75,337543,220.76913274482828,212.49236934273776
2020-10-01,234.75,241.25,233.75,238.5,,,0,0,,,,,,,,,,,241.25,233.75,238.5,216356,222.3810297680257,213.51227642733627
2020-10-02,237.25,239,233,235.5,,,0,0,,,,,,,,,,,239,233,235.5,164090,223.57366342547792,214.3745400968525
2020-10-05,234.5,238.25,233.5,235.25,,,0,0,,,,,,,,,,,238.25,233.5,235.25,119040,224.6351485686163,215.19318558325045
2020-10-06,234.25,245,234.25,240.75,,,0,0,,,,,,,,,,,245,234.25,240.75,213443,226.10013506237846,216.19541359959356
2020-10-07,240.25,247.75,239.75,244.5,,,0,0,,,,,,,,,,,247.75,239.75,244.5,186782,227.77285005670768,217.30539738000166
2020-10-08,244.75,250.25,242.25,242.75,,,0,0,,,,,,,,,,,250.25,242.25,242.75,202957,229.13440914246152,218.30322493372708
2020-10-09,242.75,254,242.25,250.75,,,0,0,,,,,,,,,,,254,242.25,250.75,280954,231.0994628567832,219.57564748534563
2020-10-12,251.25,255,243,244.75,,,0,0,,,,,,,,,,,255,243,244.75,193542,232.34042077889382,220.56287699572422
2020-10-13,244.75,248.5,243.75,247,,,0,0,,,,,,,,,,,248.5,243.75,247,130273,233.67310979899437,221.59962691746054
2020-10-14,246.75,253.25,243.75,252.25,,,0,0,,,,,,,,,,,253.25,243.75,252.25,183507,235.3619179990858,222.8016023324621
2020-10-15,251.75,260,249.25,259.5,,,0,0,,,,,,,,,,,260,249.25,259.5,245381,237.556289090078,224.24075518216947
2020-10-16,259,264.75,257.5,257.75,,,0,0,,,,,,,,,,,264.75,257.5,257.75,226808,239.39208099098,225.55484321424126
2020-10-19,257.5,262.5,256.5,261,,,0,0,,,,,,,,,,,262.5,256.5,261,167466,241.35643726452727,226.9448493627024
2020-10-20,260,265.5,259.25,264.5,,,0,0,,,,,,,,,,,265.5,259.25,264.5,179887,243.4603975132066,228.41760036808662
2020-10-21,264,271,263.5,269.5,,,0,0,,,,,,,,,,,271,263.5,269.5,216167,245.82763410291508,230.02867486345576
2020-10-22,269.5,274.75,266.5,272,,,0,0,,,,,,,,,,,274.75,266.5,272,196234,248.20694009355915,231.67460918253593
2020-10-23,270.75,275.75,269.75,275,,,0,0,,,,,,,,,,,275.75,269.75,275,168924,250.6426728123265,233.37364411655412
2020-10-26,275,275.5,268.5,273.5,,,0,0,,,,,,,,,,,275.5,268.5,273.5,206162,252.72061164756954,234.94722670021866
2020-10-27,272.5,278,271.25,271.75,,,0,0,,,,,,,,,,,278,271.25,271.75,207081,254.45055604324503,236.3904727119748
2020-10-28,270.75,271,256.25,257.25,,,0,0,,,,,,,,,,,271,256.25,257.25,320256,254.70505094840456,237.2084933899366
2020-10-29,256.75,260,248.75,254.25,,,0,0,,,,,,,,,,,260,248.75,254.25,279411,254.66368268036777,237.8767877668018
2020-10-30,253,255.75,250,254.25,,,0,0,,,,,,,,,,,255.75,250,254.25,209475,254.6260751639707,238.51887452104486
2020-11-02,251.75,253.5,248.75,253.25,,,0,0,,,,,,,,,,,253.5,248.75,253.25,165146,254.50097742179156,239.09656571629802
2020-11-03,252,259,251,256.75,,,0,0,,,,,,,,,,,259,251,256.75,184363,254.7054340198105,239.78885725683534
2020-11-04,255.75,261.75,252.25,261,,,0,0,,,,,,,,,,,261.75,252.25,261,176330,255.27766729073682,240.62066677617514
2020-11-05,260.75,273,259.75,265,,,0,0,,,,,,,,,,,273,259.75,265,245189,256.16151571885166,241.5767190594624
2020-11-06,264.75,267.75,261.5,262.5,,,0,0,,,,,,,,,,,267.75,261.5,262.5,200681,256.7377415625924,242.39723988065995
2020-11-09,261.5,265.75,257.5,263.25,,,0,0,,,,,,,,,,,265.75,257.5,263.25,204111,257.3297650569022,243.2149951794576
2020-11-10,262.75,283,262,278.75,,,0,0,,,,,,,,,,,283,262,278.75,355814,259.2770591426384,244.60852478026317
2020-11-11,278.25,283.75,272,273,,,0,0,,,,,,,,,,,283.75,272,273,306427,260.52459922058034,245.7219159653509
2020-11-12,273,274.25,262,264,,,0,0,,,,,,,,,,,274.25,262,264,234330,260.84054474598213,246.43870357455282
2020-11-13,263.25,269,259.5,266.25,,,0,0,,,,,,,,,,,269,259.5,266.25,188493,261.3323134054383,247.21561715986448
2020-11-16,264.75,272.5,264.75,272,,,0,0,,,,,,,,,,,272.5,264.75,272,132116,262.302103095853,248.18755374183058
2020-11-17,273.25,277.75,273,276,,,0,0,,,,,,,,,,,277.75,273,276,156573,263.5473664507754,249.27823790881763
2020-11-18,274.75,284.25,274.25,281.5,,,0,0,,,,,,,,,,,284.25,274.25,281.5,205431,265.17942404615945,250.54183642219732
2020-11-19,280.25,281.25,274.5,278.25,,,0,0,,,,,,,,,,,281.25,274.5,278.25,133305,266.36765822378135,251.62843107230722
2020-11-20,278,283.75,277.25,279,,,0,0,,,,,,,,,,,283.75,277.25,279,137243,267.5160529307103,252.70182593221674
2020-11-23,283.25,285.5,279.25,282.25,,,0,0,,,,,,,,,,,285.5,279.25,282.25,153801,268.8555026642821,253.86057785644354
2020-11-24,281.5,282.25,272.25,281.5,,,0,0,,,,,,,,,,,282.25,272.25,281.5,144304,270.0050024220746,254.944476764034
2020-11-25,281.75,283.25,275.75,275.75,,,0,0,,,,,,,,,,,283.25,275.75,275.75,124261,270.52727492915875,255.76037963603267
2020-11-27,276,282,274.25,281.25,,,0,0,,,,,,,,,,,282,274.25,281.25,68262,271.502068117417,256.7599725914824
2020-11-30,282.75,287,271.75,273.5,,,0,0,,,,,,,,,,,287,271.75,273.5,233911,271.68369828856095,257.4164442545615
2020-12-01,274,276.5,267.75,268.25,,,0,0,,,,,,,,,,,276.5,267.75,268.25,185977,271.37154389869175,257.84128957791205
2020-12-02,268.25,272.25,262,271.25,,,0,0,,,,,,,,,,,272.25,262,271.25,214508,271.3604944533561,258.3671213591704
2020-12-03,271.5,275,269.5,274,,,0,0,,,,,,,,,,,275,269.5,274,181563,271.60044950305104,258.9801754235167
2020-12-04,273.5,274.25,266.75,268,,,0,0,,,,,,,,,,,274.25,266.75,268,171594,271.2731359118646,259.33389403435916
2020-12-07,267,272.75,262.75,271.5,,,0,0,,,,,,,,,,,272.75,262.75,271.5,172181,271.2937599198769,259.81099622909016
2020-12-08,270,272,266,267.25,,,0,0,,,,,,,,,,,272,266,267.25,112627,270.92614538170625,260.1027218671651
2020-12-09,267.5,272,267.25,271.25,,,0,0,,,,,,,,,,,272,267.25,271.25,87642,270.955586710642,260.539870029237
2020-12-10,271.25,275,268,268.75,,,0,0,,,,,,,,,,,275,268,268.75,129701,270.7550788278564,260.8618359104434
2020-12-11,269.5,272,265.5,271,,,0,0,,,,,,,,,,,272,265.5,271,105879,270.77734438896033,261.25941097277894
2020-12-14,271,276,268.75,271.5,,,0,0,,,,,,,,,,,276,268.75,271.5,108692,270.8430403536003,261.6610026993366
2020-12-15,271.5,272.75,268,272.25,,,0,0,,,,,,,,,,,272.75,268,272.25,98612,270.9709457760003,262.07625749544104
2020-12-16,272.75,276.75,271.25,274.75,,,0,0,,,,,,,,,,,276.75,271.25,274.75,111651,271.31449616000026,262.57326700542376
2020-12-17,273.75,280.5,271.75,280,,,0,0,,,,,,,,,,,280.5,271.75,280,119655,272.1040874181821,263.25666829932874
2020-12-18,279.75,286,279.5,285,,,0,0,,,,,,,,,,,286,279.5,285,128812,273.27644310743824,264.1093479738649
2020-12-21,285.5,288.25,277.75,287.5,,,0,0,,,,,,,,,,,288.25,277.75,287.5,141947,274.5694937340348,265.026628445478
2020-12-22,287.5,291.75,284.75,291,,,0,0,,,,,,,,,,,291.75,284.75,291,140992,276.0631761218498,266.0451920358514
2020-12-23,290.25,297.25,289,294.75,,,0,0,,,,,,,,,,,297.25,289,294.75,147651,277.7619782925907,267.1708707795435
2020-12-24,294.25,299,294,298.5,,,0,0,,,,,,,,,,,299,294,298.5,74879,279.64725299326426,268.3994640823065
2020-12-28,299.5,305,295.5,304,,,0,0,,,,,,,,,,,305,295.5,304,145219,281.8611390847857,269.7955635300592
2020-12-29,303.25,314.75,301,313.5,,,0,0,,,,,,,,,,,314.75,301,313.5,191298,284.737399167987,271.50946299946867
2020-12-30,313.5,323.5,309.5,322,,,0,0,,,,,,,,,,,323.5,309.5,322,163367,288.12490833453364,273.48948405831305
2020-12-31,321.5,333.25,320.5,331.5,,,0,0,,,,,,,,,,,333.25,320.5,331.5,168459,292.0680984859397,275.7644062521047
2021-01-04,334.75,345.25,327,331.25,,,0,0,,,,,,,,,,,345.25,327,331.25,265157,295.63008953267246,277.9403118892771
2021-01-05,332,343.5,330,339.25,,,0,0,,,,,,,,,,,343.5,330,339.25,219646,299.59553593879315,280.3446133838153
2021-01-06,340,350.25,339,342.5,,,0,0,,,,,,,,,,,350.25,339,342.5,202374,303.49594176253925,282.78207952562644
2021-01-07,342.5,343.5,334.75,341.5,,,0,0,,,,,,,,,,,343.5,334.75,341.5,185782,306.950856147763,285.0847430736411
2021-01-08,341.5,347,340,343.75,,,0,0,,,,,,,,,,,347,340,343.75,163270,310.29623286160273,287.3853413844787
2021-01-11,344,348,337.75,339.75,,,0,0,,,,,,,,,,,348,337.75,339.75,176563,312.9738480560025,289.4388574086168
2021-01-12,339,364.75,336.75,364.75,,,0,0,,,,,,,,,,,364.75,336.75,364.75,248448,317.6807709600023,292.39223554945534
2021-01-13,371.5,389,369.75,372,,,0,0,,,,,,,,,,,389,369.75,372,327689,322.61888269091116,295.51410866516295
2021-01-14,370.5,384,366.5,381.75,,,0,0,,,,,,,,,,,384,366.5,381.75,210370,327.99443880991925,298.89590832535265
2021-01-15,381.5,384,375.25,379,,,0,0,,,,,,,,,,,384,375.25,379,167504,332.6313080090175,302.0372452537702
2021-01-19,379,381.75,370.75,373.5,,,0,0,,,,,,,,,,,381.75,370.75,373.5,188564,336.34664364456137,304.8397062242106
2021-01-20,372.5,374,360.25,369.5,,,0,0,,,,,,,,,,,374,360.25,369.5,217777,339.36058513141944,307.3754040193396
2021-01-21,368.5,379,366.75,371.75,,,0,0,,,,,,,,,,,379,366.75,371.75,169566,342.3050773921995,309.8998979793655
2021-01-22,370,370.25,346.75,348,,,0,0,,,,,,,,,,,370.25,346.75,348,289548,342.82279762927226,311.39401962723355
2021-01-25,347.5,363,340,359,,,0,0,,,,,,,,,,,363,340,359,264763,344.2934523902475,313.2609208183224
2021-01-26,360.5,381.75,355.5,379.75,,,0,0,,,,,,,,,,,381.75,355.5,379.75,232259,347.516774900225,315.86833568819213
2021-01-27,380,391.25,377,381.5,,,0,0,,,,,,,,,,,391.25,377,381.5,223887,350.60615900020457,318.44212644551794
2021-01-28,380.75,398,376.5,382,,,0,0,,,,,,,,,,,398,376.5,382,252543,353.4601445456405,320.93459207510546
2021-01-29,382,401.25,380.75,394.5,,,0,0,,,,,,,,,,,401.25,380.75,394.5,279607,357.1910404960368,323.81951003294444
2021-02-01,396.5,403.25,386.5,396.75,,,0,0,,,,,,,,,,,403.25,386.5,396.75,219066,360.78730954185164,326.6795292473388
2021-02-02,397.25,400,387.75,390.5,,,0,0,,,,,,,,,,,400,387.75,390.5,175739,363.48846321986514,329.1822928062667
2021-02-03,390.75,400,384,399.5,,,0,0,,,,,,,,,,,400,384,399.5,210137,366.7622392907865,331.93984995111896
2021-02-04,399.5,405.5,394.5,397.5,,,0,0,,,,,,,,,,,405.5,394.5,397.5,217079,369.5565811734423,334.51083622754567
2021-02-05,396,399.75,393,396,,,0,0,,,,,,,,,,,399.75,393,396,216445,371.960528339493,336.9221759833282
2021-02-08,396.25,413.25,396.25,411.25,,,0,0,,,,,,,,,,,413.25,396.25,411.25,267647,375.53229849044817,339.836992611433
2021-02-09,412.5,421.75,392.5,403.75,,,0,0,,,,,,,,,,,421.75,392.5,403.75,390741,378.0975440822256,342.34338505804345
2021-02-10,403.5,403.75,379.25,382,,,0,0,,,,,,,,,,,403.75,379.25,382,285720,378.4523128020233,343.89854642831625
2021-02-11,379.75,394,372.25,388.5,,,0,0,,,,,,,,,,,394,372.25,388.5,261046,379.36573891093025,345.6476230389705
2021-02-12,388.5,393.75,384.25,386.25,,,0,0,,,,,,,,,,,393.75,384.25,386.25,117970,379.9915808281184,347.2398731158736
2021-02-16,394.5,400.25,386,399.75,,,0,0,,,,,,,,,,,400.25,386,399.75,146173,381.7878007528349,349.2990937779962
2021-02-17,399.5,402.25,395,400.5,,,0,0,,,,,,,,,,,402.25,395,400.5,121352,383.4889097753045,351.30697245336887
2021-02-18,400.25,402,395.5,397.75,,,0,0,,,,,,,,,,,402,395.5,397.75,123409,384.78537252300407,353.12826765127596
2021-02-19,396.75,403,388.25,390.25,,,0,0,,,,,,,,,,,403,388.25,390.25,203468,385.2821568390946,354.58402186102984
2021-02-22,391.75,399,391,398.5,,,0,0,,,,,,,,,,,399,391,398.5,140629,386.48377894463147,356.3062170821659
2021-02-23,398.25,407,397.5,401.25,,,0,0,,,,,,,,,,,407,397.5,401.25,134967,387.8261626769377,358.06871837306136
2021-02-24,401,408.25,399.5,406.75,,,0,0,,,,,,,,,,,408.25,399.5,406.75,174397,389.54651152448884,359.97778824078443
2021-02-25,406.5,408,390,402.25,,,0,0,,,,,,,,,,,408,390,402.25,128538,390.70137411317165,361.6355220352635
2021-02-26,401.25,401.5,392.5,400,,,0,0,,,,,,,,,,,401.5,392.5,400,168514,391.54670373924694,363.1400113672139
2021-03-01,405.25,406.75,389.5,390.75,,,0,0,,,,,,,,,,,406.75,389.5,390.75,148415,391.4742761265881,364.22275601948
2021-03-02,390.25,401,384,397.5,,,0,0,,,,,,,,,,,401,384,397.5,178021,392.02206920598917,365.5277459795004
2021-03-03,396.5,396.75,385.25,387.75,,,0,0,,,,,,,,,,,396.75,385.25,387.75,132319,391.63369927817195,366.3992069214808
2021-03-04,387.5,393.5,381.75,385,,,0,0,,,,,,,,,,,393.5,381.75,385,153481,391.03063570742904,367.1286497873051
2021-03-05,383.5,400,382.5,398,,,0,0,,,,,,,,,,,400,382.5,398,137762,391.664214279481,368.33929097211666
2021-03-08,402,408.75,389.5,399.5,,,0,0,,,,,,,,,,,408.75,389.5,399.5,162292,392.3765584358918,369.5612795614454
2021-03-09,399.5,400,389,398.25,,,0,0,,,,,,,,,,,400,389,398.25,138207,392.9105076689926,370.6863274217809
2021-03-10,397.75,398.25,383.75,386.5,,,0,0,,,,,,,,,,,398.25,383.75,386.5,169761,392.3277342445387,371.3064714444562
2021-03-11,385.5,394.25,383.75,391,,,0,0,,,,,,,,,,,394.25,383.75,391,121518,392.2070311313988,372.07876668192847
2021-03-12,390,393,383.5,391.5,,,0,0,,,,,,,,,,,393,383.5,391.5,123442,392.14275557399895,372.840383674794
2021-03-15,389.5,403.25,385.25,402,,,0,0,,,,,,,,,,,403.25,385.25,402,140615,393.0388687036354,373.9838980404883
2021-03-16,402,408,399.25,406.75,,,0,0,,,,,,,,,,,408,399.25,406.75,132710,394.2853351851231,375.26884321537113
2021-03-17,406.5,411,404.5,410.5,,,0,0,,,,,,,,,,,411,404.5,410.5,129647,395.7593956228392,376.6504572069252
2021-03-18,409.25,410.5,397.75,399,,,0,0,,,,,,,,,,,410.5,397.75,399,157912,396.0539960207629,377.52690986547714
2021-03-19,398.75,411.5,398,410.25,,,0,0,,,,,,,,,,,411.5,398,410.25,158521,397.3445418370572,378.8101683021251
2021-03-22,410.5,411.25,399.25,401.5,,,0,0,,,,,,,,,,,411.25,399.25,401.5,129296,397.7223107609611,379.69996562361035
2021-03-23,403.75,408.5,400.25,403.75,,,0,0,,,,,,,,,,,408.5,400.25,403.75,122094,398.2702825099646,380.643104226606
2021-03-24,403.5,406.25,400.75,405.75,,,0,0,,,,,,,,,,,406.25,400.75,405.75,92011,398.95025682724054,381.62768837458225
2021-03-25,404.75,405,394,399,,,0,0,,,,,,,,,,,405,394,399,142181,398.95477893385504,382.3089554971477
2021-03-26,399,406.5,396.5,405,,,0,0,,,,,,,,,,,406.5,396.5,405,124031,399.50434448532275,383.19880037961246
2021-03-29,404.25,404.5,394.75,399.25,,,0,0,,,,,,,,,,,404.5,394.75,399.25,119797,399.4812222593843,383.8282591882551
2021-03-30,398.75,400,386.25,391.75,,,0,0,,,,,,,,,,,400,386.25,391.75,136033,398.7783838721676,384.13891569067647
2021-03-31,390.75,416.75,388.75,416.75,,,0,0,,,,,,,,,,,416.75,388.75,416.75,145896,400.412167156516,385.4177817420225
2021-04-01,427.5,437.5,409,412.25,,,0,0,,,,,,,,,,,437.5,409,412.25,249753,401.4883337786509,386.4700255952765
2021-04-05,413.75,417,402.25,405.75,,,0,0,,,,,,,,,,,417,402.25,405.75,143679,401.8757579805917,387.22610302291275
2021-04-06,406.25,414,404.75,406.75,,,0,0,,,,,,,,,,,414,404.75,406.75,134848,402.318870891447,387.99174604162204
2021-04-07,408.25,414.75,406.25,413,,,0,0,,,,,,,,,,,414.75,406.25,413,158002,403.28988262858815,388.97246188312704
2021-04-08,413.25,435.5,411.75,432.25,,,0,0,,,,,,,,,,,435.5,411.75,432.25,258786,405.92262057144376,390.66962024065145
2021-04-09,431.5,447.5,428,429.75,,,0,0,,,,,,,,,,,447.5,428,429.75,249738,408.0887459740398,392.20218415278276
2021-04-12,430.25,438.5,419.75,421.5,,,0,0,,,,,,,,,,,438.5,419.75,421.5,198642,409.3079508854907,393.3511181075756
2021-04-13,421.5,437,418,432.5,,,0,0,,,,,,,,,,,437,418,432.5,225715,411.4163189868097,394.88636837786675
2021-04-14,432.25,450.25,431.25,446.5,,,0,0,,,,,,,,,,,450.25,431.25,446.5,242724,414.60574453346334,396.9104323630484
2021-04-15,446.75,454,440.25,442.5,,,0,0,,,,,,,,,,,454,440.25,442.5,176855,417.14158593951214,398.69825854488965
2021-04-16,443,447.25,435.75,438,,,0,0,,,,,,,,,,,447.25,435.75,438,165261,419.0378053995565,400.23950330783515
2021-04-19,441.25,449.25,440.75,444.5,,,0,0,,,,,,,,,,,449.25,440.75,444.5,105991,421.35255036323315,401.97520906046907
2021-04-20,445.5,464.25,445.25,459,,,0,0,,,,,,,,,,,464.25,445.25,459,180193,424.7750457847574,404.2114753718232
2021-04-21,462,481,457,478,,,0,0,,,,,,,,,,,481,457,478,163261,429.6136779861431,407.1051430043007
2021-04-22,476.75,503,476,503,,,0,0,,,,,,,,,,,503,476,503,147251,436.28516180558466,410.865725631583
2021-04-23,505.5,511,490.75,508,,,0,0,,,,,,,,,,,511,490.75,508,157732,442.8046925505315,414.674912861717
2021-04-26,513.5,533,513.5,533,,,0,0,,,,,,,,,,,533,513.5,533,157505,451.00426595502864,419.315112357336
2021-04-27,541,573,533,548,,,0,0,,,,,,,,,,,573,533,548,166136,459.8220599591169,424.36157853940125
2021-04-28,550.25,573,528.75,538.75,,,0,0,,,,,,,,,,,573,528.75,538.75,107987,466.9973272355608,428.8473989888365
2021-04-29,536.25,557,533.5,554.5,,,0,0,,,,,,,,,,,557,533.5,554.5,30786,474.95211566869165,433.77495196966646
2021-04-30,554.25,579.5,551.5,579.5,,,0,0,,,,,,,,,,,579.5,551.5,579.5,148309,484.4564687897197,439.4896597355619
2021-05-03,591.25,604.25,580.25,585.75,,,0,0,,,,,,,,,,,604.25,580.25,585.75,232788,493.6649716270179,445.2253593537751
2021-05-04,587.5,610.25,582.25,603,,,0,0,,,,,,,,,,,610.25,582.25,603,204867,503.60451966092535,451.41260016343097
2021-05-05,604.25,618.25,597.5,614.75,,,0,0,,,,,,,,,,,618.25,597.5,614.75,199836,513.7086542372049,457.817988392316
2021-05-06,615.75,628.75,611.75,625,,,0,0,,,,,,,,,,,628.75,611.75,625,194339,523.8260493065499,464.37414571026443
2021-05-07,625.25,641.5,621.75,638.5,,,0,0,,,,,,,,,,,641.5,621.75,638.5,192878,534.2509539150453,471.2026105843717
2021-05-10,632.75,637,614.75,618,,,0,0,,,,,,,,,,,637,614.75,618,190149,541.8645035591321,476.95937095361205
2021-05-11,617.25,638.75,609.5,628.5,,,0,0,,,,,,,,,,,638.75,609.5,628.5,180975,549.7404577810292,482.9021407201371
2021-05-12,630,637.5,609.75,621,,,0,0,,,,,,,,,,,637.5,609.75,621,200830,556.2185979827539,488.3177430448376
2021-05-13,619,620.25,581,581,,,0,0,,,,,,,,,,,620.25,581,581,247856,558.4714527115945,491.95234135680477
2021-05-14,576.25,593.25,548,550,,,0,0,,,,,,,,,,,593.25,548,550,313038,557.701320646904,494.22872012712617
2021-05-17,548.5,563,539.25,558.75,,,0,0,,,,,,,,,,,563,539.25,558.75,185347,557.7966551335492,496.75896639665064
2021-05-18,559.75,575.75,558.75,564.5,,,0,0,,,,,,,,,,,575.75,558.75,564.5,161908,558.4060501214084,499.4154775183506
2021-05-19,566.75,569.25,543.25,564.5,,,0,0,,,,,,,,,,,569.25,543.25,564.5,136686,558.9600455649168,501.96781173331726
2021-05-20,568.5,577.5,562.75,570.75,,,0,0,,,,,,,,,,,577.5,562.75,570.75,119730,560.0318596044698,504.66515244965774
2021-05-21,571,573,559.75,565.75,,,0,0,,,,,,,,,,,573,559.75,565.75,109618,560.551690549518,507.0606366673182
2021-05-24,558.5,564.75,551.75,563.5,,,0,0,,,,,,,,,,,564.75,551.75,563.5,106865,560.81971868138,509.2739450333057
2021-05-25,566.25,568,523.5,526.5,,,0,0,,,,,,,,,,,568,523.5,526.5,211650,557.6997442557999,509.94947660062707
2021-05-26,527.25,535.25,509,530.75,,,0,0,,,,,,,,,,,535.25,509,530.75,182610,555.2497675052726,510.7651834006025
2021-05-27,532.25,570.75,527.5,570.75,,,0,0,,,,,,,,,,,570.75,527.5,570.75,160605,556.6588795502479,513.1175291495985
2021-05-28,572.5,579,557.5,563,,,0,0,,,,,,,,,,,579,557.5,563,150329,557.2353450456799,515.0737044770652
2021-06-01,572.25,603,567,595,,,0,0,,,,,,,,,,,603,567,595,163972,560.6684954960726,518.2080690073764
2021-06-02,589.5,600.5,572.25,581.25,,,0,0,,,,,,,,,,,600.5,572.25,581.25,163861,562.539541360066,520.6803015953224
2021-06-03,581.75,591.25,559,568.25,,,0,0,,,,,,,,,,,591.25,559,568.25,166363,563.0586739636964,522.5457799641332
2021-06-04,569.75,592,567,589,,,0,0,,,,,,,,,,,592,567,589,142300,565.416976330633,525.151827808677
2021-06-07,601.25,612.5,580.75,585.5,,,0,0,,,,,,,,,,,612.5,580.75,585.5,254039,567.2427057551209,527.518422796572
2021-06-08,588.25,604.25,583.75,586.25,,,0,0,,,,,,,,,,,604.25,583.75,586.25,224000,568.9706415955645,529.8216219025888
2021-06-09,588.75,601.75,575.75,597,,,0,0,,,,,,,,,,,601.75,575.75,597,214261,571.5187650868769,532.4560681024873
2021-06-10,597.25,623.75,594,605.25,,,0,0,,,,,,,,,,,623.75,594,605.25,256320,574.5852409880699,535.3107320984682
2021-06-11,605.75,609.25,579.25,590.75,,,0,0,,,,,,,,,,,609.25,579.25,590.75,233946,576.054764534609,537.4848210357832
2021-06-14,582,582.5,559.25,565.5,,,0,0,,,,,,,,,,,582.5,559.25,565.5,159570,575.0952404860083,538.5834555049681
2021-06-15,569,574.75,553,573.75,,,0,0,,,,,,,,,,,574.75,553,573.75,176454,574.9729458963711,539.9625356812439
2021-06-16,576.25,594,570,579.25,,,0,0,,,,,,,,,,,594,570,579.25,169908,575.361768996701,541.5032205564893
2021-06-17,579,580.5,539.25,539.25,,,0,0,,,,,,,,,,,580.5,539.25,539.25,192026,572.0788809060919,541.4148589660388
2021-06-18,537.25,569.75,535.75,561.5,,,0,0,,,,,,,,,,,569.75,535.75,561.5,184523,571.1171644600835,542.2025115556058
2021-06-21,546.5,571.25,542.25,565.5,,,0,0,,,,,,,,,,,571.25,542.25,565.5,127442,570.6065131455305,543.1161385534252
2021-06-22,569,574.25,560,566,,,0,0,,,,,,,,,,,574.25,560,566,145930,570.1877392232095,544.0135448846635
2021-06-23,566.75,572.5,565.5,570.5,,,0,0,,,,,,,,,,,572.5,565.5,570.5,127090,570.2161265665541,545.0522293989904
2021-06-24,570.25,570.25,557,559.5,,,0,0,,,,,,,,,,,570.25,557,559.5,143749,569.2419332423219,545.6188086382457
2021-06-25,559.5,565.75,540.25,542.75,,,0,0,,,,,,,,,,,565.75,540.25,542.75,123016,566.8335756748381,545.5063063387066
2021-06-28,544,582.75,543,581.75,,,0,0,,,,,,,,,,,582.75,543,581.75,83833,568.1896142498529,546.9276276587574
2021-06-29,583.5,593.25,575.25,582.75,,,0,0,,,,,,,,,,,593.25,575.25,582.75,105609,569.5132856816845,548.3324265741003
2021-06-30,582,622.75,564.25,622.75,,,0,0,,,,,,,,,,,622.75,564.25,622.75,137250,574.3529869833495,551.2507627868806
2021-07-01,628.5,649.5,621,625.25,,,0,0,,,,,,,,,,,649.5,621,625.25,121488,578.9799881666814,554.1526936579834
2021-07-02,624.5,635.25,611.5,615.5,,,0,0,,,,,,,,,,,635.25,611.5,615.5,71037,582.2999892424376,556.5584703772781
2021-07-06,593.5,593.5,575.5,575.5,,,0,0,,,,,,,,,,,593.5,575.5,575.5,51430,581.681808402216,557.3012754605221
2021-07-07,574.5,581.5,555,566.25,,,0,0,,,,,,,,,,,581.5,555,566.25,99672,580.2789167292873,557.6522058346193
2021-07-08,568.25,573.25,558,560.25,,,0,0,,,,,,,,,,,573.25,558,560.25,82853,578.4581061175339,557.7540801156146
2021-07-09,560.5,561.5,544.25,553,,,0,0,,,,,,,,,,,561.5,544.25,553,91100,576.1437328341218,557.5676456012767
2021-07-12,551.75,569.75,550.25,568.75,,,0,0,,,,,,,,,,,569.75,550.25,568.75,83984,575.471575303747,558.0061693031874
2021-07-13,567.25,581.75,562.5,574.75,,,0,0,,,,,,,,,,,581.75,562.5,574.75,97432,575.405977548861,558.6627901148272
2021-07-14,574.5,595.5,570.5,591.75,,,0,0,,,,,,,,,,,595.5,570.5,591.75,88996,576.8917977716918,559.960327757383
2021-07-15,592,595,584.5,587.75,,,0,0,,,,,,,,,,,595,584.5,587.75,69356,577.8789070651744,561.0501188257209
2021-07-16,587.5,594,576.75,579.5,,,0,0,,,,,,,,,,,594,576.75,579.5,83019,578.0262791501585,561.7736435776534
2021-07-19,593.5,595,572.25,579.5,,,0,0,,,,,,,,,,,595,572.25,579.5,67343,578.1602537728714,562.4687948099023
2021-07-20,581.5,599.75,580.75,595.25,,,0,0,,,,,,,,,,,599.75,580.75,595.25,77004,579.7138670662467,563.7543322683375
2021-07-21,595.5,602.5,591.25,595.25,,,0,0,,,,,,,,,,,602.5,591.25,595.25,78998,581.1262427874971,564.9894564931086
2021-07-22,595,595.25,578.5,588,,,0,0,,,,,,,,,,,595.25,578.5,588,81023,581.7511298068155,565.8918307482808
2021-07-23,588.25,592.75,568,570.75,,,0,0,,,,,,,,,,,592.75,568,570.75,81447,580.751027097105,566.0823471895246
2021-07-26,572.75,574.75,560.25,573.25,,,0,0,,,,,,,,,,,574.75,560.25,573.25,72948,580.0691155428227,566.3634316134649
2021-07-27,577.5,587.5,567.75,572.25,,,0,0,,,,,,,,,,,587.5,567.75,572.25,67236,579.3582868571116,566.5942774325447
2021-07-28,577.5,577.75,568.5,572.75,,,0,0,,,,,,,,,,,577.75,568.5,572.75,62378,578.757533506465,566.8356783175429
2021-07-29,572.75,582.5,570,581.5,,,0,0,,,,,,,,,,,582.5,570,581.5,71556,579.0068486422409,567.4107497560707
2021-07-30,580.5,581.25,570,570.5,,,0,0,,,,,,,,,,,581.25,570,570.5,65198,578.2334987656735,567.5318968244601
2021-08-02,570.75,582.75,563.75,582.25,,,0,0,,,,,,,,,,,582.75,563.75,582.25,83836,578.5986352415214,568.1090773411479
2021-08-03,579.25,587,570.25,574,,,0,0,,,,,,,,,,,587,570.25,574,95208,578.1805774922922,568.3400939160049
2021-08-04,574,578.75,563.75,569.25,,,0,0,,,,,,,,,,,578.75,563.75,569.25,70049,577.3687068111747,568.375776507534
2021-08-05,570.25,584.25,569.25,579.25,,,0,0,,,,,,,,,,,584.25,569.25,579.25,92967,577.5397334647042,568.8022166444935
2021-08-06,578.5,584,572.25,578.5,,,0,0,,,,,,,,,,,584,572.25,578.5,142762,577.6270304224583,569.1825218741211
2021-08-09,577.5,579.5,570.5,573.75,,,0,0,,,,,,,,,,,579.5,570.5,573.75,144339,577.2745731113258,569.3616386633713
2021-08-10,572,573.75,567.5,572.75,,,0,0,,,,,,,,,,,573.75,567.5,572.75,143634,576.8632482830235,569.4945155785332
2021-08-11,572.25,582,571.75,579.75,,,0,0,,,,,,,,,,,582,571.75,579.75,184260,577.1256802572941,569.8966914381986
2021-08-12,578.25,613,572,590.5,,,0,0,,,,,,,,,,,613,572,590.5,247372,578.341527506631,570.7046643229751
2021-08-13,590.25,598.5,582.5,591.75,,,0,0,,,,,,,,,,,598.5,582.5,591.75,97466,579.5604795514827,571.529971604427
2021-08-16,591.75,595.5,584.5,588.25,,,0,0,,,,,,,,,,,595.5,584.5,588.25,60693,580.3504359558933,572.1856589924887
2021-08-17,591,593,579.75,581.75,,,0,0,,,,,,,,,,,593,579.75,581.75,67739,580.4776690508121,572.5607311888617
2021-08-18,582.5,587,580,585.25,,,0,0,,,,,,,,,,,587,580,585.25,64048,580.9115173189201,573.0583495736122
2021-08-19,584,584,570.25,573.5,,,0,0,,,,,,,,,,,584,570.25,573.5,90493,580.2377430172002,573.0756691981765
2021-08-20,573.75,577.75,556.75,562.25,,,0,0,,,,,,,,,,,577.75,556.75,562.25,83003,578.6024936520001,572.6511331511891
2021-08-23,559.5,567.75,555,561.5,,,0,0,,,,,,,,,,,567.75,555,561.5,50271,577.0477215018183,572.2138338119269
2021-08-24,563,570,560.5,568,,,0,0,,,,,,,,,,,570,560.5,568,82653,576.2252013652893,572.0485854271454
2021-08-25,568,578.5,564.75,574.75,,,0,0,,,,,,,,,,,578.5,564.75,574.75,80083,576.091092150263,572.1545232535319
2021-08-26,573.5,579.25,571.5,576.25,,,0,0,,,,,,,,,,,579.25,571.5,576.25,73859,576.1055383184208,572.315130184766
2021-08-27,576.5,582.25,572.25,581.5,,,0,0,,,,,,,,,,,582.25,572.25,581.5,107357,576.5959439258371,572.6753211579124
2021-08-30,580.75,585.75,564.5,570.5,,,0,0,,,,,,,,,,,585.75,564.5,570.5,217903,576.0417672053064,572.5900144458375
2021-08-31,570.5,573.25,553,562,,,0,0,,,,,,,,,,,573.25,553,562,209696,574.7652429139149,572.174719761687
2021-09-01,562.5,564,546,550.5,,,0,0,,,,,,,,,,,564,546,550.5,200771,572.5593117399227,571.3247307514248
2021-09-02,550.5,556,544.5,553.25,,,0,0,,,,,,,,,,,556,544.5,553.25,141425,570.8039197635661,570.6159177807807
2021-09-03,552.5,555.75,547.75,551.75,,,0,0,,,,,,,,,,,555.75,547.75,551.75,115800,569.0717452396055,569.8760778678089
2021-09-07,551.75,554,538,538.5,,,0,0,,,,,,,,,,,554,538,538.5,154946,566.2924956723687,568.6456434416203
2021-09-08,538.5,544.5,535.5,538,,,0,0,,,,,,,,,,,544.5,535.5,538,156332,563.7204506112442,567.4438535027333
2021-09-09,538,540.75,532,537.75,,,0,0,,,,,,,,,,,540.75,532,537.75,173940,561.3595005556766,566.2793886594889
2021-09-10,537.75,551.75,525.25,545.25,,,0,0,,,,,,,,,,,551.75,525.25,545.25,264579,559.8950005051605,565.4547067512736
2021-09-13,545.25,547.5,535.25,541,,,0,0,,,,,,,,,,,547.5,535.25,541,123454,558.1772731865095,564.4956986433806
2021-09-14,541.75,549.25,540.75,548,,,0,0,,,,,,,,,,,549.25,540.75,548,114271,557.2520665331905,563.848808500503
2021-09-15,548.5,562.25,548.25,561.25,,,0,0,,,,,,,,,,,562.25,548.25,561.25,152827,557.6155150301731,563.7468944416597
2021-09-16,561.25,565.25,555.75,557.25,,,0,0,,,,,,,,,,,565.25,555.75,557.25,118905,557.5822863910665,563.492114267477
2021-09-17,556.75,558.25,549.5,555,,,0,0,,,,,,,,,,,558.25,549.5,555,109533,557.3475330827878,563.1590901785563
2021-09-20,554.75,554.75,543,549.5,,,0,0,,,,,,,,,,,554.75,543,549.5,125356,556.6341209843525,562.6234395833188
2021-09-21,549.75,550.5,540.5,544.75,,,0,0,,,,,,,,,,,550.5,540.5,544.75,119145,555.5537463494114,561.9225203839729
2021-09-22,544.75,554,543.75,553.25,,,0,0,,,,,,,,,,,554,543.75,553.25,112326,555.3443148631013,561.5824215453857
2021-09-23,552.25,558.75,548,557,,,0,0,,,,,,,,,,,558.75,548,557,95990,555.4948316937284,561.4027187396844
2021-09-24,556.25,556.5,551.75,554.5,,,0,0,,,,,,,,,,,556.5,551.75,554.5,93098,555.4043924488441,561.1320238871477
2021-09-27,552.5,567.75,551.75,567.25,,,0,0,,,,,,,,,,,567.75,551.75,567.25,144946,556.4812658625855,561.3719445190243
2021-09-28,566.5,569.5,559.75,560.25,,,0,0,,,,,,,,,,,569.5,559.75,560.25,125830,556.8238780568959,561.3279466947488
2021-09-29,561.25,568.75,561.25,566.75,,,0,0,,,,,,,,,,,568.75,561.25,566.75,107220,557.7262527789962,561.5405762361312
2021-09-30,566.75,576.25,555,564.5,,,0,0,,,,,,,,,,,576.25,555,564.5,222135,558.3420479809057,561.6566320700084
2021-10-01,564.5,573,559.75,569.25,,,0,0,,,,,,,,,,,573,559.75,569.25,135599,559.3336799826416,561.9544112045179
2021-10-04,567.75,575.25,563.75,568.5,,,0,0,,,,,,,,,,,575.25,563.75,568.5,132923,560.1669818024014,562.2111009612034
2021-10-05,567.75,570.75,563,565.25,,,0,0,,,,,,,,,,,570.75,563,565.25,119598,560.6290743658195,562.3302734725288
2021-10-06,564.75,572.5,559.25,560,,,0,0,,,,,,,,,,,572.5,559.25,560,126943,560.5718857871086,562.2388901990963
2021-10-07,560.5,563,555.25,561.75,,,0,0,,,,,,,,,,,563,555.25,561.75,104997,560.6789870791896,562.2197180344259
2021-10-08,561,566.5,557.75,558.25,,,0,0,,,,,,,,,,,566.5,557.75,558.25,95481,560.4581700719906,562.0640428173896
2021-10-11,557.75,561.75,556.5,560.75,,,0,0,,,,,,,,,,,561.75,556.5,560.75,104166,560.484700065446,562.0125117265115
2021-10-12,560.5,560.75,547,550.25,,,0,0,,,,,,,,,,,560.75,547,550.25,196596,559.554272786769,561.5512367568444
2021-10-13,550.75,553,534.5,540,,,0,0,,,,,,,,,,,553,534.5,540,203330,557.7766116243355,560.7060902173604
2021-10-14,540,546,538.75,544.5,,,0,0,,,,,,,,,,,546,538.75,544.5,140335,556.569646931214,560.07055726766
2021-10-15,544,556.25,542,553.5,,,0,0,,,,,,,,,,,556.25,542,553.5,130243,556.2905881192855,559.8128883552027
2021-10-18,553.5,561.5,550.75,560.5,,,0,0,,,,,,,,,,,561.5,550.75,560.5,119583,556.6732619266232,559.8398339099007
2021-10-19,559.75,564.75,557.25,558,,,0,0,,,,,,,,,,,564.75,557.25,558,119081,556.7938744787484,559.7676835604929
2021-10-20,557.75,567.75,556.25,567,,,0,0,,,,,,,,,,,567.75,556.25,567,129884,557.7217040715894,560.0513038130225
2021-10-21,566.75,567.75,558.5,560,,,0,0,,,,,,,,,,,567.75,558.5,560,119388,557.9288218832631,560.0492918987864
2021-10-22,560.75,567.75,559.75,565.75,,,0,0,,,,,,,,,,,567.75,559.75,565.75,109345,558.6398380756938,560.2728490792261
2021-10-25,564.75,569.75,562.75,565.75,,,0,0,,,,,,,,,,,569.75,562.75,565.75,107050,559.2862164324489,560.4876393114133
2021-10-26,565.75,575,560.75,571.25,,,0,0,,,,,,,,,,,575,560.75,571.25,146995,560.3738331204081,560.90969267175
2021-10-27,570.25,591,567.25,585,,,0,0,,,,,,,,,,,591,567.25,585,241141,562.6125755640073,561.8544106061912
2021-10-28,584.25,596.5,581.75,590.5,,,0,0,,,,,,,,,,,596.5,581.75,590.5,164258,565.1477959672794,562.9777670530073
2021-10-29,590.25,597,586.5,596,,,0,0,,,,,,,,,,,597,586.5,596,135195,567.9525417884358,564.2727565803403
2021-11-01,595.75,609.75,593,606.75,,,0,0,,,,,,,,,,,609.75,593,606.75,197409,571.4795834440325,565.9385308320917
2021-11-02,606,613.75,599.75,600.75,,,0,0,,,,,,,,,,,613.75,599.75,600.75,174067,574.1405304036659,567.3036864857352
2021-11-03,599.75,601,590.75,591.75,,,0,0,,,,,,,,,,,601,590.75,591.75,149892,575.74139127606,568.2623654470789
2021-11-04,591.5,597.5,584.25,587,,,0,0,,,,,,,,,,,597.5,584.25,587,149483,576.7649011600545,568.9971746452327
2021-11-05,587.75,590.5,580,580.75,,,0,0,,,,,,,,,,,590.5,580,580.75,192123,577.1271828727768,569.4580697571844
2021-11-08,579.75,582.5,577.25,579.25,,,0,0,,,,,,,,,,,582.5,577.25,579.25,166976,577.3201662479788,569.8420670216085
2021-11-09,578.75,591.75,575.5,582.5,,,0,0,,,,,,,,,,,591.75,575.5,582.5,246899,577.7910602254353,570.3384565501729
2021-11-10,583.25,599.5,582.75,597,,,0,0,,,,,,,,,,,599.5,582.75,597,209267,579.5373274776684,571.3840072736955
2021-11-11,595.5,606.75,593.75,597.25,,,0,0,,,,,,,,,,,606.75,593.75,597.25,264523,581.147570434244,572.398359929629
2021-11-12,597,609.75,594.5,605,,,0,0,,,,,,,,,,,609.75,594.5,605,163539,583.31597312204,573.6768556186631
2021-11-15,604,606.5,597.5,604.25,,,0,0,,,,,,,,,,,606.5,597.5,604.25,128056,585.2190664745818,574.875802457147
2021-11-16,603.75,605.25,597.75,598.75,,,0,0,,,,,,,,,,,605.25,597.75,598.75,137344,586.4491513405289,575.8120454980432
2021-11-17,598.5,611.75,597.75,603,,,0,0,,,,,,,,,,,611.75,597.75,603,185381,587.9537739459354,576.8782397922375
2021-11-18,602.75,610.75,599.75,600.75,,,0,0,,,,,,,,,,,610.75,599.75,600.75,171416,589.1170672235776,577.8143872513655
2021-11-19,600.75,603.75,595.75,598.5,,,0,0,,,,,,,,,,,603.75,595.75,598.5,130524,589.9700611123433,578.625587751312
2021-11-22,598.25,606.75,597.5,604.5,,,0,0,,,,,,,,,,,606.75,597.5,604.5,172298,591.2909646475848,579.6402705845938
2021-11-23,604,608.75,600.25,608.25,,,0,0,,,,,,,,,,,608.75,600.25,608.25,179297,592.832695134168,580.7622207577471
2021-11-24,608,616.75,603.25,607.5,,,0,0,,,,,,,,,,,616.75,603.25,607.5,265928,594.1660864856073,581.8107611201883
2021-11-26,599.25,615.75,594.5,614.5,,,0,0,,,,,,,,,,,615.75,594.5,614.5,180220,596.0146240778248,583.0926920566516
2021-11-29,613.75,616,604.25,608.75,,,0,0,,,,,,,,,,,616,604.25,608.75,158234,597.1723855252952,584.0988609956064
2021-11-30,609,609.75,589,594,,,0,0,,,,,,,,,,,609.75,589,594,263183,596.8839868411775,584.487140956563
2021-12-01,595.25,602.75,593.75,598,,,0,0,,,,,,,,,,,602.75,593.75,598,146467,596.9854425828886,585.0170569974822
2021-12-02,597.5,608,596,603.25,,,0,0,,,,,,,,,,,608,596,603.25,168404,597.554947802626,585.7320743701299
2021-12-03,603.25,613.25,601.75,610.5,,,0,0,,,,,,,,,,,613.25,601.75,610.5,144119,598.73177072966,586.7033655713013
2021-12-06,611.5,612,602.25,610,,,0,0,,,,,,,,,,,612,602.25,610,103539,599.7561552087818,587.6169590783092
2021-12-07,610.5,615.25,605,612.5,,,0,0,,,,,,,,,,,615.25,605,612.5,116946,600.9146865534381,588.5927646046499
2021-12-08,612,616,609.75,613.75,,,0,0,,,,,,,,,,,616,609.75,613.75,103323,602.0815332303982,589.5793228554479
2021-12-09,613.5,619.75,609,618.25,,,0,0,,,,,,,,,,,619.75,609,618.25,146620,603.5513938458166,590.7036631356265
2021-12-10,617.25,620.5,613.5,616.5,,,0,0,,,,,,,,,,,620.5,613.5,616.5,82767,604.7285398598333,591.7152841891314
2021-12-13,616.5,616.75,608.75,611.5,,,0,0,,,,,,,,,,,616.75,608.75,611.5,99598,605.344127145303,592.4911553974007
2021-12-14,611.5,620.5,608,616.75,,,0,0,,,,,,,,,,,620.5,608,616.75,117292,606.3810246775482,593.4424826367183
2021-12-15,616.5,623,608.5,612.25,,,0,0,,,,,,,,,,,623,608.5,612.25,138521,606.9145678886802,594.1800323372391
2021-12-16,614,618.5,611,617.75,,,0,0,,,,,,,,,,,618.5,611,617.75,101262,607.8996071715275,595.1043447946023
2021-12-17,617.5,625.25,615.75,619.75,,,0,0,,,,,,,,,,,625.25,615.75,619.75,129569,608.9769156104795,596.070841077167
2021-12-20,621.5,622.25,613.5,617.5,,,0,0,,,,,,,,,,,622.25,613.5,617.5,106042,609.7517414640723,596.9112002506114
2021-12-21,617.5,625.5,616,624.75,,,0,0,,,,,,,,,,,625.5,616,624.75,119312,611.115219512793,598.0029178878423
2021-12-22,624,633.25,623.5,629,,,0,0,,,,,,,,,,,633.25,623.5,629,154966,612.7411086479937,599.2184897353778
2021-12-23,628,633.5,627,632.25,,,0,0,,,,,,,,,,,633.5,627,632.25,108565,614.5146442254488,600.5138430790885
2021-12-27,634.75,642,633.5,641.25,,,0,0,,,,,,,,,,,642,633.5,641.25,123211,616.9451311140443,602.1113394289281
2021-12-28,640.75,644.25,630.25,631.25,,,0,0,,,,,,,,,,,644.25,630.25,631.25,134208,618.2455737400403,603.2540320003427
2021-12-29,630.5,637.25,626,632,,,0,0,,,,,,,,,,,637.25,626,632,117570,619.4959761273094,604.3813248630744
2021-12-30,632,632.5,619.25,622.5,,,0,0,,,,,,,,,,,632.5,619.25,622.5,122776,619.7690692066449,605.0918611429538
2021-12-31,622.25,625.75,619,619.75,,,0,0,,,,,,,,,,,625.75,619,619.75,69868,619.7673356424044,605.6666901177399
2022-01-03,625.5,630,611.25,615.75,,,0,0,,,,,,,,,,,630,611.25,615.75,146023,619.4021233112768,606.0621140346913
2022-01-04,618.25,637.75,618,636,,,0,0,,,,,,,,,,,637.75,618,636,210268,620.9110211920698,607.2361487784289
2022-01-05,635,636.25,627.75,628.75,,,0,0,,,,,,,,,,,636.25,627.75,628.75,148499,621.6236556291544,608.0798292184904
2022-01-06,627.75,632.25,622.5,630.25,,,0,0,,,,,,,,,,,632.25,622.5,630.25,151442,622.4078687537767,608.9492476805104
2022-01-07,631.75,634.75,625.5,633.25,,,0,0,,,,,,,,,,,634.75,625.5,633.25,140371,623.3935170488879,609.9022183597061
2022-01-10,631.75,634.5,622.75,626.25,,,0,0,,,,,,,,,,,634.5,622.75,626.25,135265,623.6531973171708,610.5433078357961
2022-01-11,626.25,631.25,624.5,627.5,,,0,0,,,,,,,,,,,631.25,624.5,627.5,128305,624.0029066519735,611.2082761559609
2022-01-12,627.5,630.5,617.5,625.5,,,0,0,,,,,,,,,,,630.5,617.5,625.5,181633,624.1390060472486,611.7687359145507
2022-01-13,625.5,626.25,611.75,614,,,0,0,,,,,,,,,,,626.25,611.75,614,186546,623.2172782247715,611.8562364669212
2022-01-14,614,624.75,611.75,622.75,,,0,0,,,,,,,,,,,624.75,611.75,622.75,140634,623.1747983861559,612.2834428799831
2022-01-18,619.25,627.25,614.75,626,,,0,0,,,,,,,,,,,627.25,614.75,626,141742,623.4316348965053,612.8213470807681
2022-01-19,626.5,641,626.5,637,,,0,0,,,,,,,,,,,641,626.5,637,179943,624.6651226331867,613.769529548189
2022-01-20,635.5,640.75,632.75,637.5,,,0,0,,,,,,,,,,,640.75,632.75,637.5,127683,625.8319296665334,614.7001362325738
2022-01-21,634,645,630.75,642.75,,,0,0,,,,,,,,,,,645,630.75,642.75,187471,627.3699360604849,615.8001308901199
2022-01-24,644,648,635.75,647.5,,,0,0,,,,,,,,,,,648,635.75,647.5,194809,629.1999418731681,617.0432630120761
2022-01-25,646.5,657.5,645,646.5,,,0,0,,,,,,,,,,,657.5,645,646.5,298396,630.7726744301528,618.1984291684653
2022-01-26,645.5,654.25,641.5,653.5,,,0,0,,,,,,,,,,,654.25,641.5,653.5,172723,632.8387949365026,619.5828044951921
2022-01-27,651.5,654.25,647.75,651.75,,,0,0,,,,,,,,,,,654.25,647.75,651.75,151696,634.5579953968205,620.8442631424396
2022-01-28,649.75,663.75,649.5,662.5,,,0,0,,,,,,,,,,,663.75,649.5,662.5,188658,637.0981776334731,622.4778214505792
2022-01-31,662.25,669,649,652.5,,,0,0,,,,,,,,,,,669,649,652.5,243891,638.4983433031574,623.6551617858506
2022-02-01,652.5,666,651,661.25,,,0,0,,,,,,,,,,,666,651,661.25,196298,640.5666757301431,625.1294691667977
2022-02-02,661,667.25,643.25,649,,,0,0,,,,,,,,,,,667.25,643.25,649,275662,641.3333415728573,626.0655684151585
2022-02-03,649,650.75,636.75,643.25,,,0,0,,,,,,,,,,,650.75,636.75,643.25,215871,641.5075832480521,626.7394676929954
2022-02-04,645,649.75,639.75,647,,,0,0,,,,,,,,,,,649.75,639.75,647,181430,642.0068938618656,627.5339983717015
2022-02-07,655.25,663.25,651.25,661.75,,,0,0,,,,,,,,,,,663.25,651.25,661.75,232607,643.801721692605,628.8758023571249
2022-02-08,663,663.25,653.75,658.75,,,0,0,,,,,,,,,,,663.25,653.75,658.75,200583,645.1606560841864,630.0473395195907
2022-02-09,658.75,674.25,657,673.25,,,0,0,,,,,,,,,,,674.25,657,673.25,320406,647.7142328038058,631.7415614992145
2022-02-10,672.5,689.25,665.25,668.25,,,0,0,,,,,,,,,,,689.25,665.25,668.25,372991,649.5811207307326,633.1732649698336
2022-02-11,667.5,684.25,664.25,677.5,,,0,0,,,,,,,,,,,684.25,664.25,677.5,243969,652.1192006643023,634.9115683043499
2022-02-14,677.75,683.25,669,682.25,,,0,0,,,,,,,,,,,683.25,669,682.25,144923,654.8583642402748,636.7679773904538
2022-02-15,681.5,682,662,664.5,,,0,0,,,,,,,,,,,682,662,664.5,177958,655.734876582068,637.8555076888673
2022-02-16,664.25,674.25,662.75,673.5,,,0,0,,,,,,,,,,,674.25,662.75,673.5,126554,657.34988780188,639.2533309167549
2022-02-17,672,678.5,669.25,676.5,,,0,0,,,,,,,,,,,678.5,669.25,676.5,121279,659.0908070926181,640.7139846062939
2022-02-18,675,684.5,673.5,680.75,,,0,0,,,,,,,,,,,684.5,673.5,680.75,154047,661.0598246296528,642.2840244256549
2022-02-22,684.25,703.25,684.25,701.25,,,0,0,,,,,,,,,,,703.25,684.25,701.25,168824,664.713476936048,644.5964156246489
2022-02-23,700.5,711.5,695.75,710.25,,,0,0,,,,,,,,,,,711.5,695.75,710.25,154730,668.8531608509527,647.1710659923098
2022-02-24,710,745.25,708.5,721.5,,,0,0,,,,,,,,,,,745.25,708.5,721.5,161611,673.6392371372298,650.0859261494741
2022-02-25,723.25,733.5,683.5,686,,,0,0,,,,,,,,,,,733.5,683.5,686,94802,674.7629428520271,651.4943212024359
2022-02-28,715.25,721,703.75,721,,,0,0,,,,,,,,,,,721,703.75,721,169348,678.966311683661,654.220034096458
2022-03-01,724.5,756,723,756,,,0,0,,,,,,,,,,,756,723,756,181422,685.9693742578737,658.2114053083616
2022-03-02,760.25,778,741.75,755.25,,,0,0,,,,,,,,,,,778,741.75,755.25,245276,692.2676129617033,662.0168403943081
2022-03-03,755.25,790.25,752.25,778,,,0,0,,,,,,,,,,,790.25,752.25,778,216512,700.0614663288212,666.5651995945314
2022-03-04,785.25,813,764,784.5,,,0,0,,,,,,,,,,,813,764,784.5,236077,707.7376966625648,671.1900937280791
2022-03-07,804.5,810.5,766.5,781,,,0,0,,,,,,,,,,,810.5,766.5,781,161720,714.3979060568771,675.4963645622721
2022-03-08,780.25,791,759,783.25,,,0,0,,,,,,,,,,,791,759,783.25,151946,720.6571873244337,679.7219973245359
2022-03-09,783.5,789.75,761.25,763.25,,,0,0,,,,,,,,,,,789.75,761.25,763.25,136059,724.5292612040306,682.9976052725933
2022-03-10,763,795.75,759.25,786,,,0,0,,,,,,,,,,,795.75,759.25,786,147566,730.1175101854824,687.0369148697465
2022-03-11,783.75,794.75,774.25,792.75,,,0,0,,,,,,,,,,,794.75,774.25,792.75,102372,735.8113728958931,691.1825260513251
2022-03-14,792.25,797.75,770.25,778.5,,,0,0,,,,,,,,,,,797.75,770.25,778.5,104100,739.6921571780846,694.6067407159791
2022-03-15,775.5,789.25,766.25,788.25,,,0,0,,,,,,,,,,,789.25,766.25,788.25,89348,744.1065065255315,698.2790253937839
2022-03-16,787,787.25,757,760.25,,,0,0,,,,,,,,,,,787.25,757,760.25,106537,745.5740968413922,700.7092596920669
2022-03-17,760.25,787.75,758.75,784.75,,,0,0,,,,,,,,,,,787.75,758.75,784.75,90267,749.1355425830839,704.0049749982603
2022-03-18,784,785.25,766.75,772,,,0,0,,,,,,,,,,,785.25,766.75,772,84411,751.2141296209853,706.671446566956
2022-03-21,776.75,795.25,773.25,786.5,,,0,0,,,,,,,,,,,795.25,773.25,786.5,93775,754.4219360190775,709.8019780741341
2022-03-22,787,791.25,774.25,783.25,,,0,0,,,,,,,,,,,791.25,774.25,783.25,104191,757.0426691082523,712.6822926594622
2022-03-23,782.5,800.75,779.25,788,,,0,0,,,,,,,,,,,800.75,779.25,788,112399,759.856971916593,715.635928241444
2022-03-24,787.25,792.75,775.25,778.5,,,0,0,,,,,,,,,,,792.75,775.25,778.5,100951,761.5517926514482,718.1011859574659
2022-03-25,778.75,785.5,772.75,784.25,,,0,0,,,,,,,,,,,785.5,772.75,784.25,73846,763.6152660467711,720.6952570963888
2022-03-28,779.25,780.5,770.75,778.75,,,0,0,,,,,,,,,,,780.5,770.75,778.75,89177,764.9911509516102,722.9719136808442
2022-03-29,776.5,777.75,743.75,756.5,,,0,0,,,,,,,,,,,777.75,743.75,756.5,180171,764.2192281378274,724.2867405953209
2022-03-30,757.25,779,757,768.25,,,0,0,,,,,,,,,,,779,757,768.25,109719,764.5856619434794,726.0107899837396
2022-03-31,769.5,800.25,762.75,779,,,0,0,,,,,,,,,,,800.25,762.75,779,173737,765.896056312254,728.0887982196714
2022-04-01,778.75,781.75,760.5,765.25,,,0,0,,,,,,,,,,,781.75,760.5,765.25,155927,765.8373239202309,729.5461002502725
2022-04-04,767.25,782.5,765,780.75,,,0,0,,,,,,,,,,,782.5,765,780.75,112649,767.1930217456645,731.5540963188893
2022-04-05,781,798.25,779.5,790,,,0,0,,,,,,,,,,,798.25,779.5,790,123890,769.2663834051496,733.8460925416779
2022-04-06,790,791.75,780.5,786.75,,,0,0,,,,,,,,,,,791.75,780.5,786.75,110915,770.8558030955905,735.9207555792591
2022-04-07,786,789.5,778.75,788,,,0,0,,,,,,,,,,,789.5,778.75,788,149456,772.4143664505368,737.9630788898763
2022-04-08,787.25,803.25,783,799,,,0,0,,,,,,,,,,,803.25,783,799,170872,774.8312422277608,740.3566836392929
2022-04-11,797.25,808.25,792.25,794.75,,,0,0,,,,,,,,,,,808.25,792.25,794.75,170234,776.6420383888734,742.4897548691246
2022-04-12,795.75,809.25,795.25,806.5,,,0,0,,,,,,,,,,,809.25,795.25,806.5,154266,779.3563985353395,744.9999605605315
2022-04-13,805.25,816.5,797.5,813.75,,,0,0,,,,,,,,,,,816.5,797.5,813.75,182922,782.4830895775814,747.6960405385498
2022-04-14,813.75,823.25,811.25,820.5,,,0,0,,,,,,,,,,,823.25,811.25,820.5,108878,785.9391723432558,750.5510977723321
2022-04-18,821.25,847,820.5,843.5,,,0,0,,,,,,,,,,,847,820.5,843.5,114979,791.1719748575052,754.1961527616525
2022-04-19,843.5,850,830,834.25,,,0,0,,,,,,,,,,,850,830,834.25,133531,795.0881589613684,757.335519320019
2022-04-20,833.75,846.75,827,846,,,0,0,,,,,,,,,,,846.75,827,846,128911,799.7165081466986,760.8125577780575
2022-04-21,844.25,844.5,827.75,829.5,,,0,0,,,,,,,,,,,844.5,827.75,829.5,111004,802.4240983151806,763.5061829632317
2022-04-22,829,837.75,813.75,823.25,,,0,0,,,,,,,,,,,837.75,813.75,823.25,140795,804.3173621047096,765.8490777489874
2022-04-25,827,832.25,815,830.5,,,0,0,,,,,,,,,,,832.25,815,830.5,114116,806.6976019133723,768.3844080333408
2022-04-26,830.5,842.5,825.25,833.5,,,0,0,,,,,,,,,,,842.5,825.25,833.5,85308,809.1341835576112,770.9379606594844
2022-04-27,833,850.5,827.75,845.75,,,0,0,,,,,,,,,,,850.5,827.75,845.75,70673,812.4628941432829,773.8717661238184
2022-04-28,846.5,853.75,841.25,846.25,,,0,0,,,,,,,,,,,853.75,841.25,846.25,47633,815.5344492211663,776.7101282366098
2022-04-29,845.75,857.25,842.25,846.25,,,0,0,,,,,,,,,,,857.25,842.25,846.25,104780,818.3267720192421,779.4371820312525
2022-05-02,837.75,841.25,823.25,836.25,,,0,0,,,,,,,,,,,841.25,823.25,836.25,117450,819.9561563811292,781.6651356770858
2022-05-03,841.75,846.5,824.75,825.75,,,0,0,,,,,,,,,,,846.5,824.75,825.75,130993,820.4828694373901,783.3939538858275
2022-05-04,825.75,836.5,822.25,827,,,0,0,,,,,,,,,,,836.5,822.25,827,102960,821.0753358521729,785.1039949099127
2022-05-05,827,834.75,823.75,830.25,,,0,0,,,,,,,,,,,834.75,823.75,830.25,92039,821.909396229248,786.874426482073
2022-05-06,829,829.5,809.25,817.5,,,0,0,,,,,,,,,,,829.5,809.25,817.5,132008,821.5085420265891,788.0754293651289
2022-05-09,814,817.75,801.75,804.75,,,0,0,,,,,,,,,,,817.75,801.75,804.75,135176,819.9850382059901,788.7293340959081
2022-05-10,806.25,811.5,802,808,,,0,0,,,,,,,,,,,811.5,802,808,98595,818.8954892781728,789.4850464843039
2022-05-11,809.25,823.25,808.25,821.25,,,0,0,,,,,,,,,,,823.25,808.25,821.25,110381,819.1095357074298,790.7307309358998
2022-05-12,821.25,833.5,815.5,824.25,,,0,0,,,,,,,,,,,833.5,815.5,824.25,154543,819.5768506431181,792.0452120756685
2022-05-13,823.25,829.75,810.25,814,,,0,0,,,,,,,,,,,829.75,810.25,814,113807,819.0698642210165,792.9061841511325
2022-05-16,827.75,843,825.5,842.25,,,0,0,,,,,,,,,,,843,825.5,842.25,138859,821.1771492918332,794.8412357530489
2022-05-17,840.75,842,830,833.5,,,0,0,,,,,,,,,,,842,830,833.5,98317,822.297408447121,796.3572657235176
2022-05-18,833.5,835,810.75,814.25,,,0,0,,,,,,,,,,,835,810.75,814.25,120123,821.5658258610191,797.0589415774973
2022-05-19,814.75,822.5,806,816,,,0,0,,,,,,,,,,,822.5,806,816,106424,821.0598416918356,797.8017281823013
2022-05-20,814,814.75,807.25,811.5,,,0,0,,,,,,,,,,,814.75,807.25,811.5,88004,820.190765174396,798.3389153124072
2022-05-23,813,820.75,807.25,819,,,0,0,,,,,,,,,,,820.75,807.25,819,88355,820.0825137949055,799.1491539276069
2022-05-24,817.75,819.75,794.75,804.5,,,0,0,,,,,,,,,,,819.75,794.75,804.5,147022,818.6659216317322,799.3589910284851
2022-05-25,802.75,805.75,787.75,805,,,0,0,,,,,,,,,,,805.75,787.75,805,127425,817.4235651197565,799.5802070665837
2022-05-26,795.5,805.25,790.25,797.75,,,0,0,,,,,,,,,,,805.25,790.25,797.75,104920,815.6350591997787,799.5084342404432
2022-05-27,797.75,813.25,793.75,810,,,0,0,,,,,,,,,,,813.25,793.75,810,101090,815.1227810907079,799.9198681917984
2022-05-31,809.75,810,780,786.25,,,0,0,,,,,,,,,,,810,780,786.25,175461,812.4979828097345,799.383794929375
2022-06-01,786.5,789,753.25,764,,,0,0,,,,,,,,,,,789,753.25,764,210389,808.0890752815768,797.996195128223
2022-06-02,764,772,759,763,,,0,0,,,,,,,,,,,772,759,763,127143,803.990068437797,796.6237953192731
2022-06-03,763,768.75,758.5,759.75,,,0,0,,,,,,,,,,,768.75,758.5,759.75,105542,799.968244034361,795.177764130282
2022-06-06,765,777,764.25,775.25,,,0,0,,,,,,,,,,,777,764.25,775.25,131922,797.7211309403282,794.3962831839964
2022-06-07,771.75,797.75,767.75,789.75,,,0,0,,,,,,,,,,,797.75,767.75,789.75,227575,796.9964826730256,794.2140760003102
2022-06-08,789.75,806.75,788.75,797.25,,,0,0,,,,,,,,,,,806.75,788.75,797.25,223848,797.0195297027506,794.3331318434354
2022-06-09,797.25,815.5,790.75,805.75,,,0,0,,,,,,,,,,,815.5,790.75,805.75,226325,797.8132088206823,794.7808521633007
2022-06-10,805,813.75,798.5,806,,,0,0,,,,,,,,,,,813.75,798.5,806,156100,798.5574625642566,795.220818745132
2022-06-13,813.75,815,791.25,802,,,0,0,,,,,,,,,,,815,791.25,802,170044,798.8704205129605,795.4866689904209
2022-06-14,798.5,803.75,791.75,801,,,0,0,,,,,,,,,,,803.75,791.75,801,125798,799.064018648146,795.70287804962
2022-06-15,799.75,812.5,794.75,806.75,,,0,0,,,,,,,,,,,812.5,794.75,806.75,105906,799.7627442255872,796.1360985182624
2022-06-16,806.75,824.75,805.75,821,,,0,0,,,,,,,,,,,824.75,805.75,821,121542,801.6934038414429,797.1111534783306
2022-06-17,820.25,832.75,815,817.25,,,0,0,,,,,,,,,,,832.75,815,817.25,116061,803.1076398558572,797.9009121654549
2022-06-21,810.25,811,785,793.5,,,0,0,,,,,,,,,,,811,785,793.5,192144,802.2342180507793,797.7283273746527
2022-06-22,794.75,803.25,787.25,800.75,,,0,0,,,,,,,,,,,803.25,787.25,800.75,167778,802.0992891370721,797.8468243403527
2022-06-23,800,800,767.25,779.5,,,0,0,,,,,,,,,,,800,767.25,779.5,215839,800.0448083064292,797.1273410328879
2022-06-24,777.75,795,767.75,783,,,0,0,,,,,,,,,,,795,767.75,783,155989,798.4952802785721,796.5733276590491
2022-06-27,772.75,779,763.75,777,,,0,0,,,,,,,,,,,779,763.75,777,121830,796.541163889611,795.8057461822236
2022-06-28,780.25,795.5,777,792.25,,,0,0,,,,,,,,,,,795.5,777,792.25,86035,796.1510580814645,795.6663051554698
2022-06-29,789.75,794.75,784.75,786.5,,,0,0,,,,,,,,,,,794.75,784.75,786.5,103707,795.2736891649678,795.3068422081965
2022-06-30,786.5,787.25,750.25,751.25,,,0,0,,,,,,,,,,,787.25,750.25,751.25,131734,791.2715356045162,793.5791229059142
2022-07-01,756.25,759.25,739,742.25,,,0,0,,,,,,,,,,,759.25,739,742.25,95069,786.815032367742,791.5662161252901
2022-07-05,738.5,738.75,705,714.75,,,0,0,,,,,,,,,,,738.75,705,714.75,101843,780.2636657888563,788.5538154929258
2022-07-06,717.75,724,704.5,722.25,,,0,0,,,,,,,,,,,724,704.5,722.25,91685,774.9896961716876,785.9536658657522
2022-07-07,724,746,723.75,731.5,,,0,0,,,,,,,,,,,746,723.75,731.5,89854,771.0360874288069,783.8182279886639
2022-07-08,733,758.25,731.5,755.75,,,0,0,,,,,,,,,,,758.25,731.5,755.75,83231,769.6464431170972,782.717513165579
2022-07-11,777.5,789.5,756.75,759.5,,,0,0,,,,,,,,,,,789.5,756.75,759.5,99865,768.7240391973611,781.8070224532033
2022-07-12,759.5,764.25,713.75,716.5,,,0,0,,,,,,,,,,,764.25,713.75,716.5,137528,763.9763992703282,779.2459627491561
2022-07-13,716.5,735.25,707.25,722.5,,,0,0,,,,,,,,,,,735.25,707.25,722.5,103687,760.2058175184802,777.0206308766402
2022-07-14,724.75,735.5,718,727.5,,,0,0,,,,,,,,,,,735.5,718,727.5,102346,757.2325613804366,775.0786453520661
2022-07-15,729.25,734.5,718.5,726.75,,,0,0,,,,,,,,,,,734.5,718.5,726.75,81572,754.4614194367605,773.1834043578675
2022-07-18,733.25,746,724,734.75,,,0,0,,,,,,,,,,,746,724,734.75,75978,752.6694722152369,771.676212030108
2022-07-19,733,733.5,708.25,719.25,,,0,0,,,,,,,,,,,733.5,708.25,719.25,94156,749.6313383774881,769.6202821465744
2022-07-20,718,723,711.5,714.75,,,0,0,,,,,,,,,,,723,711.5,714.75,76176,746.4603076158983,767.4685063761204
2022-07-21,715.25,716,695.25,698.25,,,0,0,,,,,,,,,,,716,695.25,698.25,76755,742.0775523780893,764.7540551456843
2022-07-22,697.5,705.25,684,686.75,,,0,0,,,,,,,,,,,705.25,684,686.75,95957,737.047774889172,761.6950725909517
2022-07-25,696.75,703.25,688.75,702.5,,,0,0,,,,,,,,,,,703.25,688.75,702.5,103447,733.9070680810655,759.373697195228
2022-07-26,710.25,722.25,708.75,719.5,,,0,0,,,,,,,,,,,722.25,708.75,719.5,95701,732.5973346191505,757.8100227954152
2022-07-27,719.5,726.75,714.25,722.75,,,0,0,,,,,,,,,,,726.75,714.25,722.75,80955,731.7021223810459,756.4351199406931
2022-07-28,726.25,740.5,723.75,737.5,,,0,0,,,,,,,,,,,740.5,723.75,737.5,72681,732.2292021645872,755.6925662175287
2022-07-29,737.5,754.5,734,738.75,,,0,0,,,,,,,,,,,754.5,734,738.75,99164,732.8220019678065,755.028151856057
2022-08-01,742.25,744,716.75,729.5,,,0,0,,,,,,,,,,,744,716.75,729.5,91871,732.520001788915,754.0270478617018
2022-08-02,726.5,727.75,711.75,713.75,,,0,0,,,,,,,,,,,727.75,711.75,713.75,107008,730.8136379899228,752.4475557886939
2022-08-03,709.5,719.5,705.5,714,,,0,0,,,,,,,,,,,719.5,705.5,714,101905,729.2851254453843,750.9398085028628
2022-08-04,714,729.5,708.25,724.75,,,0,0,,,,,,,,,,,729.5,708.25,724.75,83780,728.8728413139858,749.912757189025
2022-08-05,724.5,736.5,719.5,732.75,,,0,0,,,,,,,,,,,736.5,719.5,732.75,125020,729.2253102854417,749.2397078874947
2022-08-08,725.5,738.5,724.25,731,,,0,0,,,,,,,,,,,738.5,724.25,731,155070,729.3866457140379,748.52442522524
2022-08-09,737,748.5,736,738,,,0,0,,,,,,,,,,,748.5,736,738,142242,730.1696779218526,748.1117026673874
2022-08-10,737.5,755,735.5,743.75,,,0,0,,,,,,,,,,,755,735.5,743.75,134330,731.4042526562296,747.9406555039604
2022-08-11,743.5,753.25,741.25,751.75,,,0,0,,,,,,,,,,,753.25,741.25,751.75,112043,733.2538660511178,748.0900415626287
2022-08-12,751.75,763,738.5,762.25,,,0,0,,,,,,,,,,,763,738.5,762.25,98631,735.8898782282889,748.6453340503688
2022-08-15,753,757.75,739,749.25,,,0,0,,,,,,,,,,,757.75,739,749.25,56712,737.10443475299,748.6690464405503
2022-08-16,746.5,750.75,730.5,733.5,,,0,0,,,,,,,,,,,750.75,730.5,733.5,67190,736.7767588663545,748.0741818742542
2022-08-17,733.5,741,730.5,737.5,,,0,0,,,,,,,,,,,741,730.5,737.5,49240,736.8425080603223,747.6595080752638
2022-08-18,737.5,746.5,730.75,742.25,,,0,0,,,,,,,,,,,746.5,730.75,742.25,52153,737.3340982366566,747.4473705036849
2022-08-19,741.5,750.25,738.5,748.5,,,0,0,,,,,,,,,,,750.25,738.5,748.5,51219,738.3491802151424,747.4886500917756
2022-08-22,745.25,757.75,740.5,756,,,0,0,,,,,,,,,,,757.75,740.5,756,67378,739.953800195584,747.8224285195491
2022-08-23,759.5,789.25,758.25,782.5,,,0,0,,,,,,,,,,,789.25,758.25,782.5,95345,743.82163654144,749.1823332834883
2022-08-24,782.25,798,778.25,788.25,,,0,0,,,,,,,,,,,798,778.25,788.25,76015,747.8605786740363,750.7143986449202
2022-08-25,787.5,796.75,779.25,780,,,0,0,,,,,,,,,,,796.75,779.25,780,78316,750.782344249124,751.8628536000214
2022-08-26,779.5,793.5,777.25,791.25,,,0,0,,,,,,,,,,,793.5,777.25,791.25,75544,754.4612220446581,753.4074475764911
2022-08-29,797.5,806.75,791,806.25,,,0,0,,,,,,,,,,,806.75,791,806.25,86635,759.1692927678711,755.4797045342758
2022-08-30,804.5,806,794.25,800.5,,,0,0,,,,,,,,,,,806,794.25,800.5,167467,762.9266297889737,757.2452063172453
2022-08-31,800.75,803.75,784.25,793.75,,,0,0,,,,,,,,,,,803.75,784.25,793.75,140086,765.7287543536125,758.6767668538239
2022-09-01,793.25,796,777.25,781.25,,,0,0,,,,,,,,,,,796,777.25,781.25,138118,767.1397766851023,759.5619916830857
2022-09-02,781.25,792.75,779.75,789,,,0,0,,,,,,,,,,,792.75,779.75,789,82312,769.1270697137294,760.7164233817882
2022-09-06,789,799.75,784.75,799.25,,,0,0,,,,,,,,,,,799.75,784.75,799.25,116558,771.8655179215722,762.2275440334828
2022-09-07,798.25,811.25,792.25,794.25,,,0,0,,,,,,,,,,,811.25,792.25,794.25,146597,773.9004708377929,763.483326620405
2022-09-08,794.25,798.5,782.25,791.75,,,0,0,,,,,,,,,,,798.5,782.25,791.75,111176,775.5231553070845,764.5918236156832
2022-09-09,792.25,809,792.25,808.25,,,0,0,,,,,,,,,,,809,792.25,808.25,107791,778.4983230064405,766.3039089640878
2022-09-12,804.75,822.75,799,819.25,,,0,0,,,,,,,,,,,822.75,799,819.25,192828,782.2030209149459,768.3802262596138
2022-09-13,818.75,821.5,811.5,816,,,0,0,,,,,,,,,,,821.5,811.5,816,141872,785.2754735590418,770.2476683670799
2022-09-14,814,816,804.75,805.5,,,0,0,,,,,,,,,,,816,804.75,805.5,117138,787.1140668718562,771.6301127448414
2022-09-15,805,813.25,799.5,800.75,,,0,0,,,,,,,,,,,813.25,799.5,800.75,111789,788.3536971562329,772.7720691077889
2022-09-16,799.5,803.75,790.75,800.5,,,0,0,,,,,,,,,,,803.75,790.75,800.5,121327,789.4579065056663,773.8594389466991
2022-09-19,799,803.25,791.5,801.5,,,0,0,,,,,,,,,,,803.25,791.5,801.5,96685,790.5526422778785,774.9433825174168
2022-09-20,801,816.75,800.75,815.25,,,0,0,,,,,,,,,,,816.75,800.75,815.25,123234,792.7978566162532,776.5240341834004
2022-09-21,815.25,821.75,802.5,808.75,,,0,0,,,,,,,,,,,821.75,802.5,808.75,127215,794.248051469321,777.7877975487572
2022-09-22,806.75,814.25,804.75,811.5,,,0,0,,,,,,,,,,,814.25,804.75,811.5,97065,795.8164104266555,779.109844703708
2022-09-23,810.25,811.25,792.75,800,,,0,0,,,,,,,,,,,811.25,792.75,800,154393,796.196736751505,779.9290664800332
2022-09-26,796.5,802.25,788.75,789.5,,,0,0,,,,,,,,,,,802.25,788.75,789.5,140725,795.5879425013682,780.3043972063064
2022-09-27,789.5,801.25,789.5,790.75,,,0,0,,,,,,,,,,,801.25,789.5,790.75,163167,795.1481295466983,780.714028688412
2022-09-28,791.5,796.5,784.75,793.75,,,0,0,,,,,,,,,,,796.5,784.75,793.75,137430,795.0210268606348,781.2252432496507
2022-09-29,793.75,800,789.25,792.75,,,0,0,,,,,,,,,,,800,789.25,792.75,139450,794.8145698733044,781.6771944947625
2022-09-30,792.75,819.5,792.5,800.75,,,0,0,,,,,,,,,,,819.5,792.5,800.75,253847,795.3541544302767,782.4251476518306
2022-10-03,803.25,810.75,795.75,804,,,0,0,,,,,,,,,,,810.75,795.75,804,132393,796.1401403911607,783.2712202929353
2022-10-04,804,814.75,799.75,806.25,,,0,0,,,,,,,,,,,814.75,799.75,806.25,119212,797.0592185374188,784.1723489088986
2022-10-05,806.25,810.75,799,807.25,,,0,0,,,,,,,,,,,810.75,799,807.25,114315,797.9856532158353,785.0773548340399
2022-10-06,807,809,795.25,798.75,,,0,0,,,,,,,,,,,809,795.25,798.75,128778,798.055139287123,785.6135369974108
2022-10-07,798.75,807.75,794.75,806.5,,,0,0,,,,,,,,,,,807.75,794.75,806.5,113581,798.8228538973846,786.4326139779046
2022-10-10,807,829.75,806.75,821.5,,,0,0,,,,,,,,,,,829.75,806.75,821.5,201817,800.884412633986,787.8078055866142
2022-10-11,820.25,825.25,814,816.25,,,0,0,,,,,,,,,,,825.25,814,816.25,140432,802.2812842127146,788.9231857596882
2022-10-12,816.5,823.25,803.25,816.25,,,0,0,,,,,,,,,,,823.25,803.25,816.25,180209,803.5511674661042,789.994825533818
2022-10-13,815.5,822.75,807.25,821,,,0,0,,,,,,,,,,,822.75,807.25,821,167244,805.1374249691856,791.2107147285702
2022-10-14,820.25,822.75,811.75,813,,,0,0,,,,,,,,,,,822.75,811.75,813,108816,805.8522045174415,792.0651965039204
2022-10-17,812.25,815.5,804.5,806.75,,,0,0,,,,,,,,,,,815.5,804.5,806.75,106164,805.9338222885832,792.6410711508255
2022-10-18,806.25,807,797.75,804.25,,,0,0,,,,,,,,,,,807,797.75,804.25,147455,805.7807475350756,793.0963232625578
2022-10-19,804.25,807.75,797.25,801.5,,,0,0,,,,,,,,,,,807.75,797.25,801.5,112233,805.3915886682506,793.4258792130457
2022-10-20,801.25,810.25,800,807.25,,,0,0,,,,,,,,,,,810.25,800,807.25,134819,805.5605351529551,793.9680015968479
2022-10-21,806.75,811.25,801,807.5,,,0,0,,,,,,,,,,,811.25,801,807.5,109021,805.7368501390501,794.4986682008931
2022-10-24,805.5,809.75,800.5,804.75,,,0,0,,,,,,,,,,,809.75,800.5,804.75,119463,805.6471364900456,794.9006812126228
2022-10-25,804.75,810.75,801,809.5,,,0,0,,,,,,,,,,,810.75,801,809.5,116661,805.9973968091323,795.4732035180101
2022-10-26,807.5,813,806.5,808.25,,,0,0,,,,,,,,,,,813,806.5,808.25,106226,806.202178917393,795.9742543604411
2022-10-27,808.25,812.5,802.5,805.5,,,0,0,,,,,,,,,,,812.5,802.5,805.5,112300,806.1383444703573,796.3478130129729
2022-10-28,804.5,807,799.5,804,,,0,0,,,,,,,,,,,807,799.5,804,115074,805.9439495185067,796.64789877717
2022-10-31,819.75,823.25,807.5,814.75,,,0,0,,,,,,,,,,,823.25,807.5,814.75,226696,806.7444995622787,797.3577850996339
2022-11-01,812.25,821.75,810.5,821,,,0,0,,,,,,,,,,,821.75,810.5,821,146466,808.0404541475261,798.2849307820012
2022-11-02,819.75,820.5,803.25,810.75,,,0,0,,,,,,,,,,,820.5,803.25,810.75,168334,808.286776497751,798.7737570258442
2022-11-03,809.25,809.75,801.75,802.5,,,0,0,,,,,,,,,,,809.75,801.75,802.5,123352,807.7607059070464,798.9198842013013
2022-11-04,802.5,808.5,801.75,804.25,,,0,0,,,,,,,,,,,808.5,801.75,804.25,112564,807.4415508245876,799.1289083502699
2022-11-07,802.25,804,798.5,799,,,0,0,,,,,,,,,,,804,798.5,799,162563,806.6741371132614,799.1238531208475
2022-11-08,799,800.25,789.5,790.75,,,0,0,,,,,,,,,,,800.25,789.5,790.75,227158,805.226488284783,798.7954667239514
2022-11-09,790.25,795,781.25,787.75,,,0,0,,,,,,,,,,,795,781.25,787.75,246968,803.6377166225301,798.3623111661494
2022-11-10,787.75,790.5,776,776.5,,,0,0,,,,,,,,,,,790.5,776,776.5,229081,801.1706514750274,797.504965630222
2022-11-11,777,784.25,776.75,781.25,,,0,0,,,,,,,,,,,784.25,776.75,781.25,233358,799.3596831591158,796.8675159976643
2022-11-14,780.25,785.25,775.5,780.5,,,0,0,,,,,,,,,,,785.25,775.5,780.5,181567,797.645166508287,796.2256526252069
2022-11-15,780.25,798.25,774.5,790,,,0,0,,,,,,,,,,,798.25,774.5,790,234097,796.95015137117,795.9815093850027
2022-11-16,788.5,789.25,780.75,788.5,,,0,0,,,,,,,,,,,789.25,780.75,788.5,121435,796.1819557919728,795.6881168601006
2022-11-17,788.25,791.5,778,790.75,,,0,0,,,,,,,,,,,791.5,778,790.75,138561,795.6881416290662,795.494465218528
2022-11-18,790.75,796,788.5,791,,,0,0,,,,,,,,,,,796,788.5,791,131275,795.2619469355147,795.3182116805466
2022-11-21,789.75,790,780.5,782.75,,,0,0,,,,,,,,,,,790,780.5,782.75,143717,794.1244972141043,794.8253406342507
2022-11-22,782.75,786.25,779.5,780,,,0,0,,,,,,,,,,,786.25,779.5,780,107549,792.8404520128221,794.2439547270252
2022-11-23,781,787,779,786.5,,,0,0,,,,,,,,,,,787,779,786.5,104569,792.2640472843838,793.9402702279261
2022-11-25,784.5,793,784.25,791.25,,,0,0,,,,,,,,,,,793,784.25,791.25,71244,792.1718611676216,793.8347694346742
2022-11-28,788.25,793.25,784.25,792,,,0,0,,,,,,,,,,,793.25,784.25,792,149233,792.1562374251106,793.7628176921379
2022-11-29,790.75,794.5,788.5,789,,,0,0,,,,,,,,,,,794.5,788.5,789,110381,791.8693067501006,793.5760405277404
2022-11-30,788.5,792,783.75,786.5,,,0,0,,,,,,,,,,,792,783.75,786.5,120474,791.3811879546369,793.2985487423388
2022-12-01,786.25,788.5,778.75,780,,,0,0,,,,,,,,,,,788.5,778.75,780,116810,790.3465345042154,792.7770370269529
2022-12-02,779.75,780,765.25,765.75,,,0,0,,,,,,,,,,,780,765.25,765.75,205697,788.1104859129231,791.7171532219744
2022-12-05,766,768.5,757.25,760,,,0,0,,,,,,,,,,,768.5,757.25,760,144282,785.5549871935665,790.4733432917009
2022-12-06,760,765,755.25,756.75,,,0,0,,,,,,,,,,,765,755.25,756.75,145618,782.9363519941513,789.150859241046
2022-12-07,757,765.25,754.5,760.75,,,0,0,,,,,,,,,,,765.25,754.5,760.75,128635,780.919410903774,788.0371000551226
2022-12-08,763,764.75,757.75,762,,,0,0,,,,,,,,,,,764.75,757.75,762,92963,779.1994644579763,787.0160373078628
2022-12-09,762,769.25,761.5,763.5,,,0,0,,,,,,,,,,,769.25,761.5,763.5,104526,777.7722404163421,786.093839766378
2022-12-12,764,774.75,764,773.5,,,0,0,,,,,,,,,,,774.75,764,773.5,128466,777.3838549239474,785.5999636971083
2022-12-13,773.5,779.5,771.75,773,,,0,0,,,,,,,,,,,779.5,771.75,773,123617,776.985322658134,785.1058474736923
2022-12-14,772.5,773,766.25,770,,,0,0,,,,,,,,,,,773,766.25,770,92295,776.3502933255763,784.5134612982533
2022-12-15,769.75,773.75,767.25,773,,,0,0,,,,,,,,,,,773.75,767.25,773,93735,776.0457212050694,784.0619530120473
2022-12-16,773,775.25,769.5,772.5,,,0,0,,,,,,,,,,,775.25,769.5,772.5,66395,775.7233829136994,783.6085430900063
2022-12-19,770,770.25,763.5,766.75,,,0,0,,,,,,,,,,,770.25,763.5,766.75,83168,774.9076208306359,782.9474237531433
2022-12-20,767.25,773.75,766.25,771.5,,,0,0,,,,,,,,,,,773.75,766.25,771.5,91464,774.5978371187599,782.4985051745887
2022-12-21,771,782.5,770.5,781.75,,,0,0,,,,,,,,,,,782.5,770.5,781.75,125592,775.2480337443272,782.4691520304872
2022-12-22,781.5,784.25,778.25,780,,,0,0,,,,,,,,,,,784.25,778.25,780,79924,775.6800306766611,782.3723225390955
2022-12-23,779,787.25,778.75,785.75,,,0,0,,,,,,,,,,,787.25,778.75,785.75,94496,776.5954824333282,782.5047804787389
2022-12-27,788.5,795.25,786.75,794.25,,,0,0,,,,,,,,,,,795.25,786.75,794.25,123172,778.200438575753,782.96537732271
2022-12-28,792.75,803,792.25,802.25,,,0,0,,,,,,,,,,,803,792.25,802.25,122193,780.3867623415936,783.7216370355449
2022-12-29,801.25,801.75,796.75,799,,,0,0,,,,,,,,,,,801.75,796.75,799,104937,782.0788748559942,784.320788524347
2022-12-30,799,804.5,796,798,,,0,0,,,,,,,,,,,804.5,796,798,90321,783.5262498690856,784.8572281900589
2023-01-03,796.75,800.75,787.5,790,,,0,0,,,,,,,,,,,800.75,787.5,790,155538,784.1147726082596,785.0589055159389
2023-01-04,790.25,791.25,772,773.25,,,0,0,,,,,,,,,,,791.25,772,773.25,175762,783.1270660075087,784.5958111819806
2023-01-05,774,777.25,768,772.25,,,0,0,,,,,,,,,,,777.25,768,772.25,138833,782.1382418250079,784.1116617238637
2023-01-06,773.25,779,771.25,773.5,,,0,0,,,,,,,,,,,779,771.25,773.5,114158,781.3529471136435,783.6955181268494
2023-01-09,775,776.5,770.25,772.25,,,0,0,,,,,,,,,,,776.5,770.25,772.25,112236,780.5254064669487,783.2466742787376
2023-01-10,771.25,783.5,767.75,774.5,,,0,0,,,,,,,,,,,783.5,767.75,774.5,181158,779.9776422426806,782.9036674442773
2023-01-11,774,778.5,772.25,775.5,,,0,0,,,,,,,,,,,778.5,772.25,775.5,110880,779.5705838569824,782.6133275445017
2023-01-12,775.5,793,768.75,790.5,,,0,0,,,,,,,,,,,793,768.75,790.5,242526,780.5641671427112,782.9226088172663
2023-01-13,790.25,796.25,789.25,794.5,,,0,0,,,,,,,,,,,796.25,789.25,794.5,158823,781.8310610388284,783.3766241577657
2023-01-17,791,806.5,788.25,804.75,,,0,0,,,,,,,,,,,806.5,788.25,804.75,179918,783.9146009443895,784.2147957594219
2023-01-18,803.75,808.25,797.5,800.75,,,0,0,,,,,,,,,,,808.25,797.5,800.75,175374,785.4450917676268,784.8632351414054
2023-01-19,799.5,804.75,795.5,796.75,,,0,0,,,,,,,,,,,804.75,795.5,796.75,149959,786.4728106978425,785.329382782919
2023-01-20,795,797.5,792,795.75,,,0,0,,,,,,,,,,,797.5,792,795.75,134978,787.3161915434932,785.7380344384908
2023-01-23,793.5,794.25,780.75,785.75,,,0,0,,,,,,,,,,,794.25,780.75,785.75,184766,787.1738104940847,785.7385036761971
2023-01-24,786.5,797,785.75,796.5,,,0,0,,,,,,,,,,,797,785.75,796.5,165294,788.0216459037134,786.1605231398756
2023-01-25,796.25,800.5,793.25,794.25,,,0,0,,,,,,,,,,,800.5,793.25,794.25,126030,788.5878599124668,786.4777575265472
2023-01-26,793.5,805,792.5,802,,,0,0,,,,,,,,,,,805,792.5,802,146553,789.8071453749698,787.086472917663
2023-01-27,801.25,805.5,797.75,802.5,,,0,0,,,,,,,,,,,805.5,797.75,802.5,141239,790.9610412499725,787.6909249601075
2023-01-30,804.5,806.75,798,803.25,,,0,0,,,,,,,,,,,806.75,798,803.25,127942,792.0782193181568,788.3010847655935
2023-01-31,803,808,797.5,799.25,,,0,0,,,,,,,,,,,808,797.5,799.25,161229,792.7301993801426,788.7304539904721
2023-02-01,798.75,801.5,792.25,800.5,,,0,0,,,,,,,,,,,801.5,792.25,800.5,144367,793.4365448910387,789.1920048143752
2023-02-02,800.5,805.5,793.75,794.75,,,0,0,,,,,,,,,,,805.5,793.75,794.75,149905,793.5559499009443,789.4099654098899
2023-02-03,793.75,799.5,791,797,,,0,0,,,,,,,,,,,799.5,791,797,124847,793.8690453644948,789.7076138251883
2023-02-06,796.75,798.75,791.75,798.5,,,0,0,,,,,,,,,,,798.75,791.75,798.5,123611,794.2900412404498,790.0524132830241
2023-02-07,796.5,798,793,793.5,,,0,0,,,,,,,,,,,798,793,793.5,149454,794.2182193094998,790.1876127621211
2023-02-08,793.25,799,792.25,798,,,0,0,,,,,,,,,,,799,792.25,798,223791,794.5620175540907,790.4939808890967
2023-02-09,797.75,800.5,789.75,790.25,,,0,0,,,,,,,,,,,800.5,789.75,790.25,214275,794.1700159582643,790.4844130110929
2023-02-10,790.25,802.25,788.75,800,,,0,0,,,,,,,,,,,802.25,788.75,800,226648,794.7000145075131,790.8575732851676
2023-02-13,799.5,806,796.25,804.5,,,0,0,,,,,,,,,,,806,796.25,804.5,193009,795.5909222795573,791.3925704112395
2023-02-14,803.5,807.75,801.25,801.75,,,0,0,,,,,,,,,,,807.75,801.25,801.75,137226,796.1508384359612,791.7987441206027
2023-02-15,801.5,802,795,795.75,,,0,0,,,,,,,,,,,802,795,795.75,116550,796.1143985781465,791.9536953315594
2023-02-16,796,796.75,792.75,795.5,,,0,0,,,,,,,,,,,796.75,792.75,795.5,134971,796.0585441619513,792.0927661028708
2023-02-17,795.5,798.5,794.5,797.25,,,0,0,,,,,,,,,,,798.5,794.5,797.25,144084,796.1668583290467,792.2950105694249
2023-02-21,798,802.5,795,800,,,0,0,,,,,,,,,,,802.5,795,800,156078,796.5153257536788,792.5971670176828
2023-02-22,799.5,801,793.25,793.5,,,0,0,,,,,,,,,,,801,793.25,793.5,114787,796.2412052306171,792.6325722326756
2023-02-23,794,795.75,778,779.75,,,0,0,,,,,,,,,,,795.75,778,779.75,173384,794.7420047551064,792.1273733215902
2023-02-24,780,782,769.25,769.5,,,0,0,,,,,,,,,,,782,769.25,769.5,146407,792.4472770500968,791.2400253481945
2023-02-27,770.25,773.5,761.75,762.25,,,0,0,,,,,,,,,,,773.5,761.75,762.25,105656,789.7020700455425,790.1031616090496
2023-02-28,762,765.5,748.75,749,,,0,0,,,,,,,,,,,765.5,748.75,749,215887,786.0018818595842,788.4912729184987
2023-03-01,749.75,756.5,741,754.5,,,0,0,,,,,,,,,,,756.5,741,754.5,251453,783.1380744178038,787.1582818236556
2023-03-02,755.75,760.25,749.5,752.5,,,0,0,,,,,,,,,,,760.25,749.5,752.5,176883,780.3527949252762,785.7991335168456
2023-03-03,752.75,761.5,751,758.5,,,0,0,,,,,,,,,,,761.5,751,758.5,124389,778.3661772047965,784.728579261283
2023-03-06,757.75,759,752.75,755.75,,,0,0,,,,,,,,,,,759,752.75,755.75,110482,776.3101610952696,783.5921643882915
2023-03-07,756.25,757.5,752,753,,,0,0,,,,,,,,,,,757.5,752,753,101173,774.1910555411541,782.392471667182
2023-03-08,753.75,756.25,743.25,744.25,,,0,0,,,,,,,,,,,756.25,743.25,744.25,161081,771.4691414010492,780.8966884645474
2023-03-09,744.25,748.5,729,730.25,,,0,0,,,,,,,,,,,748.5,729,730.25,223647,767.7219467282266,778.9105438188789
2023-03-10,731.25,737.75,725.5,736,,,0,0,,,,,,,,,,,737.75,725.5,736,142248,764.8381333892969,777.2277773946091
2023-03-13,737.75,739,727.25,732.25,,,0,0,,,,,,,,,,,739,727.25,732.25,141049,761.8755758084517,775.4639429869774
2023-03-14,731.5,740.5,728,739.5,,,0,0,,,,,,,,,,,740.5,728,739.5,153530,759.8414325531379,774.0535922816057
2023-03-15,742.5,747.75,738,745.25,,,0,0,,,,,,,,,,,747.75,738,745.25,156411,758.5149386846708,772.9240396431113
2023-03-16,744.75,753.75,743.5,751.5,,,0,0,,,,,,,,,,,753.75,743.5,751.5,167311,757.8772169860644,772.0838812257344
2023-03-17,752,757.5,749,753,,,0,0,,,,,,,,,,,757.5,749,753,141477,757.4338336236949,771.3354937266861
2023-03-20,751.75,752.75,743.75,751.75,,,0,0,,,,,,,,,,,752.75,743.75,751.75,115794,756.9171214760863,770.567435149169
2023-03-21,751.5,757,747.5,748.75,,,0,0,,,,,,,,,,,757,747.5,748.75,133312,756.1746558873512,769.7118494570448
2023-03-22,750,754.75,742,752.25,,,0,0,,,,,,,,,,,754.75,742,752.25,154747,755.817868988501,769.0270710469646
2023-03-23,751.75,762.75,746,750.5,,,0,0,,,,,,,,,,,762.75,746,750.5,186439,755.3344263531827,768.3005192412013
2023-03-24,749.75,763.75,746.25,761.75,,,0,0,,,,,,,,,,,763.75,746.25,761.75,191256,755.9176603210752,768.0436361337032
2023-03-27,761.75,767.5,755.75,767,,,0,0,,,,,,,,,,,767.5,755.75,767,145573,756.925145746432,768.0027092264992
2023-03-28,765.5,770,763.25,766,,,0,0,,,,,,,,,,,770,763.25,766,135236,757.7501324967564,767.9241716097737
2023-03-29,765,774.25,764.5,769.25,,,0,0,,,,,,,,,,,774.25,764.5,769.25,156693,758.7955749970512,767.9761648799787
2023-03-30,768.5,773.5,766.75,768.25,,,0,0,,,,,,,,,,,773.5,766.75,768.25,119486,759.6550681791374,767.9869035121363
2023-03-31,767.5,783.25,766,779.25,,,0,0,,,,,,,,,,,783.25,766,779.25,201892,761.4364256173976,768.4285935704839
2023-04-03,778.25,787.25,774.75,776.5,,,0,0,,,,,,,,,,,787.25,774.75,776.5,153870,762.8058414703614,768.7451193128179
2023-04-04,775.75,776.25,767.25,772.5,,,0,0,,,,,,,,,,,776.25,767.25,772.5,140103,763.6871286094195,768.8923695358446
2023-04-05,772.5,778.75,765.25,771.5,,,0,0,,,,,,,,,,,778.75,765.25,771.5,143556,764.3973896449268,768.9946295540468
2023-04-06,771,771.25,760.5,762.25,,,0,0,,,,,,,,,,,771.25,760.5,762.25,132983,764.2021724044789,768.7301342774175
2023-04-10,763.25,773.75,759,772.75,,,0,0,,,,,,,,,,,773.75,759,772.75,150098,764.9792476404353,768.88777607046
2023-04-11,772.25,776.5,765.5,769.75,,,0,0,,,,,,,,,,,776.5,765.5,769.75,200256,765.4129524003957,768.9215887735792
2023-04-12,769.75,777.25,767.5,774.75,,,0,0,,,,,,,,,,,777.25,767.5,774.75,150111,766.2617749094507,769.1501539197134
2023-04-13,774.75,780.5,770.25,771,,,0,0,,,,,,,,,,,780.5,770.25,771,147150,766.6925226449551,769.222696903254
2023-04-14,772.5,786.75,769.75,785,,,0,0,,,,,,,,,,,786.75,769.75,785,154000,768.3568387681411,769.8414146717539
2023-04-17,784.75,795.75,781,795.25,,,0,0,,,,,,,,,,,795.75,781,795.25,146895,770.801671607401,770.8378297826655
2023-04-18,794.75,801.25,788.5,796.25,,,0,0,,,,,,,,,,,801.25,788.5,796.25,130891,773.1151560067282,771.8343854774629
2023-04-19,794.5,798.75,789.75,791,,,0,0,,,,,,,,,,,798.75,789.75,791,114514,774.7410509152074,772.5859782038369
2023-04-20,790.75,792.75,780.25,782.5,,,0,0,,,,,,,,,,,792.75,780.25,782.5,120915,775.4464099229159,772.9747633723139
2023-04-21,783,784.25,775.25,782,,,0,0,,,,,,,,,,,784.25,775.25,782,127468,776.0421908390144,773.3286942204584
2023-04-24,782,786.25,767.25,770,,,0,0,,,,,,,,,,,786.25,767.25,770,134977,775.4929007627404,773.1981571922051
2023-04-25,770,771.75,760.25,765.25,,,0,0,,,,,,,,,,,771.75,760.25,765.25,100633,774.5617279661277,772.8864647532952
2023-04-26,766.75,771,759.75,760.25,,,0,0,,,,,,,,,,,771,759.75,760.25,65293,773.2606617873888,772.3909171159111
2023-04-27,760.75,763,740.5,745.75,,,0,0,,,,,,,,,,,763,740.5,745.75,59707,770.7596925339898,771.3461752682283
2023-04-28,745.5,752,736.25,749.25,,,0,0,,,,,,,,,,,752,736.25,749.25,239363,768.8042659399907,770.4796585910428
2023-05-01,748.75,751.75,741.75,748.75,,,0,0,,,,,,,,,,,751.75,741.75,748.75,159586,766.9811508545371,769.6275151168843
2023-05-02,748.75,754.75,742.5,744.25,,,0,0,,,,,,,,,,,754.75,742.5,744.25,153683,764.9146825950337,768.6323184456339
2023-05-03,743.25,755,733.5,752.75,,,0,0,,,,,,,,,,,755,733.5,752.75,170044,763.8088023591215,768.0094824281581
2023-05-04,752.75,756.25,743.25,753.25,,,0,0,,,,,,,,,,,756.25,743.25,753.25,140182,762.848911235565,767.4306791956813
2023-05-05,753,763.5,752.75,760.75,,,0,0,,,,,,,,,,,763.5,752.75,760.75,117948,762.6581011232408,767.1686917762428
2023-05-08,760.75,764.25,758,760.75,,,0,0,,,,,,,,,,,764.25,758,760.75,117348,762.4846373847644,766.9169783732528
2023-05-09,759.25,759.25,745.25,749,,,0,0,,,,,,,,,,,759.25,745.25,749,163762,761.2587612588767,766.2143517703802
2023-05-10,749.5,760.25,743.25,758.25,,,0,0,,,,,,,,,,,760.25,743.25,758.25,172509,760.9852375080698,765.9020242499731
2023-05-11,755.25,757,745,746.5,,,0,0,,,,,,,,,,,757,745,746.5,140276,759.6683977346089,765.1411605538957
2023-05-12,745.25,758,737,750.5,,,0,0,,,,,,,,,,,758,737,750.5,169418,758.8349070314626,764.5669973949194
2023-05-15,745.75,763,745.75,756.75,,,0,0,,,,,,,,,,,763,745.75,756.75,164174,758.6453700286024,764.2604484774716
2023-05-16,756.25,757.25,742.5,745.5,,,0,0,,,,,,,,,,,757.25,742.5,745.5,133849,757.4503363896386,763.52474461561
2023-05-17,746,747,718.5,725.75,,,0,0,,,,,,,,,,,747,718.5,725.75,265000,754.5684876269441,762.0433820816645
2023-05-18,725.5,726,711.25,719.5,,,0,0,,,,,,,,,,,726,711.25,719.5,181018,751.380443297222,760.3750141568934
2023-05-19,719.25,736,715.75,718.75,,,0,0,,,,,,,,,,,736,715.75,718.75,183019,748.4140393611109,758.7426606605446
2023-05-22,719,739.75,717.5,735.25,,,0,0,,,,,,,,,,,739.75,717.5,735.25,148542,747.2173085101008,757.8213798503272
2023-05-23,734.5,745,728.25,741.75,,,0,0,,,,,,,,,,,745,728.25,741.75,133375,746.720280463728,757.1911296601182
2023-05-24,741.25,754,738.25,751.5,,,0,0,,,,,,,,,,,754,738.25,751.5,152816,747.1548004215709,756.9679481048195
2023-05-25,751.75,757.25,747.75,755,,,0,0,,,,,,,,,,,757.25,747.75,755,145545,747.8680003832463,756.8907736693363
2023-05-26,754.5,771,752.5,768.25,,,0,0,,,,,,,,,,,771,752.5,768.25,178644,749.7209094393148,757.3362335254408
2023-05-30,768,769.25,755.75,758.25,,,0,0,,,,,,,,,,,769.25,755.75,758.25,176207,750.496281308468,757.3720675048353
2023-05-31,758.5,759,741.75,758.25,,,0,0,,,,,,,,,,,759,741.75,758.25,170159,751.20116482588,757.4064962301359
2023-06-01,758.25,770.25,756,756.75,,,0,0,,,,,,,,,,,770.25,756,756.75,153589,751.7056043871637,757.3807512799344
2023-06-02,756.75,774.75,745.5,773.25,,,0,0,,,,,,,,,,,774.75,745.5,773.25,199864,753.6641858065125,758.0030747591527
2023-06-05,773.25,778.25,759.25,761.75,,,0,0,,,,,,,,,,,778.25,759.25,761.75,168376,754.3992598241023,758.1500130038918
2023-06-06,764,775,764,772.25,,,0,0,,,,,,,,,,,775,764,772.25,185929,756.0220543855476,758.7029536704058
2023-06-07,769.25,776.75,766,768.5,,,0,0,,,,,,,,,,,776.75,766,768.5,174301,757.1564130777705,759.087151565684
2023-06-08,764.25,777.5,759.5,774.5,,,0,0,,,,,,,,,,,777.5,759.5,774.5,178765,758.7331027979732,759.6915769944808
2023-06-09,772.5,773.25,761.75,768.5,,,0,0,,,,,,,,,,,773.25,761.75,768.5,174688,759.621002543612,760.0370053476385
2023-06-12,773.25,788,773,781.5,,,0,0,,,,,,,,,,,788,773,781.5,208159,761.6100023123746,760.878691412437
2023-06-13,781.25,789.25,775,776.75,,,0,0,,,,,,,,,,,789.25,775,776.75,202991,762.9863657385224,761.5010956707728
2023-06-14,774.5,783,765.75,772,,,0,0,,,,,,,,,,,783,765.75,772,187535,763.8057870350203,761.9128174091738
2023-06-15,772.25,790.75,771.5,787.5,,,0,0,,,,,,,,,,,790.75,771.5,787.5,194030,765.959806395473,762.9162363343042
2023-06-16,787.25,805.25,786.5,804.5,,,0,0,,,,,,,,,,,805.25,786.5,804.5,223694,769.4634603595209,764.5469721643316
2023-06-20,805,811.25,799.75,808,,,0,0,,,,,,,,,,,811.25,799.75,808,151986,772.966782145019,766.2510124716127
2023-06-21,814.25,836.75,811.5,835.25,,,0,0,,,,,,,,,,,836.75,811.5,835.25,150762,778.6288928591082,768.9568551197848
2023-06-22,832.5,834.5,817.25,824.75,,,0,0,,,,,,,,,,,834.5,817.25,824.75,117760,782.8217207810075,771.1448215856756
2023-06-23,820,821.75,793.25,795,,,0,0,,,,,,,,,,,821.75,793.25,795,142972,783.9288370736432,772.0803187783941
2023-06-26,798.75,814,785.25,801.5,,,0,0,,,,,,,,,,,814,785.25,801.5,117529,785.5262155214938,773.2340317674767
2023-06-27,807.25,808.75,786.5,787.25,,,0,0,,,,,,,,,,,808.75,786.5,787.25,93042,785.682923201358,773.7836775805168
2023-06-28,789.25,795,746.25,754.25,,,0,0,,,,,,,,,,,795,746.25,754.25,89617,782.8253847285073,773.0176510087318
2023-06-29,757.75,761.25,744,746.5,,,0,0,,,,,,,,,,,761.25,744,746.5,131752,779.5230770259158,771.9777431260364
2023-06-30,748.25,755.25,709.5,711.5,,,0,0,,,,,,,,,,,755.25,709.5,711.5,199016,773.3391609326507,769.6060669250154
2023-07-03,709.25,722,706.25,711,,,0,0,,,,,,,,,,,722,706.25,711,113417,767.6719644842278,767.3077897907011
2023-07-05,721,721.25,702,708.25,,,0,0,,,,,,,,,,,721.25,702,708.25,130702,762.2699677129344,764.991798034203
2023-07-06,710.75,723.75,707.5,722,,,0,0,,,,,,,,,,,723.75,707.5,722,101908,758.6090615572131,763.3058451701166
2023-07-07,723,725.25,709.25,710.25,,,0,0,,,,,,,,,,,725.25,709.25,710.25,75169,754.21278323383,761.2252237908964
2023-07-10,713,720,710.5,715.25,,,0,0,,,,,,,,,,,720,710.5,715.25,76776,750.6707120307545,759.4222738383122
2023-07-11,713,722.75,710,717.5,,,0,0,,,,,,,,,,,722.75,710,717.5,85646,747.6551927552314,757.7782630995549
2023-07-12,716.75,722.25,697,699.25,,,0,0,,,,,,,,,,,722.25,697,699.25,144147,743.2547206865739,755.4830370956508
2023-07-13,699.25,717.5,697,716.5,,,0,0,,,,,,,,,,,717.5,697,716.5,94238,740.8224733514309,753.9542905428802
2023-07-14,716.25,731.5,714,729.5,,,0,0,,,,,,,,,,,731.5,714,729.5,107632,739.7931575922099,752.995298756885
2023-07-17,735,742.75,719.25,722.25,,,0,0,,,,,,,,,,,742.75,719.25,722.25,87969,738.1983250838272,751.7896007664189
2023-07-18,720.75,757.75,718.25,751.75,,,0,0,,,,,,,,,,,757.75,718.25,751.75,132495,739.430295530752,751.7880477951868
2023-07-19,749.75,780.5,748.75,768.5,,,0,0,,,,,,,,,,,780.5,748.75,768.5,193393,742.0729959370473,752.4434184698854
2023-07-20,768,777.5,756,760.25,,,0,0,,,,,,,,,,,777.5,756,760.25,123962,743.7254508518612,752.7495589220467
2023-07-21,759.5,761.75,745.5,750,,,0,0,,,,,,,,,,,761.75,745.5,750,121026,744.2958644107829,752.6417330819664
2023-07-24,757,787.5,754.5,783.5,,,0,0,,,,,,,,,,,787.5,754.5,783.5,115440,747.8598767370753,753.8518611963991
2023-07-25,782.75,786.75,768.5,780.5,,,0,0,,,,,,,,,,,786.75,768.5,780.5,104803,750.8271606700685,754.8968862475207
2023-07-26,780,780.25,759.75,763.25,,,0,0,,,,,,,,,,,780.25,759.75,763.25,106980,751.9565097000623,755.2244593358532
2023-07-27,763.25,770,755.25,756.25,,,0,0,,,,,,,,,,,770,755.25,756.25,95908,752.3468270000566,755.2646766168001
2023-07-28,756,761.5,739.75,744,,,0,0,,,,,,,,,,,761.5,739.75,744,90547,751.588024545506,754.8229245926119
2023-07-31,739.25,739.25,721.5,727,,,0,0,,,,,,,,,,,739.25,721.5,727,111158,749.3527495868236,753.7318295105487
2023-08-01,727,731,719.5,720,,,0,0,,,,,,,,,,,731,719.5,720,116230,746.6843178062032,752.4090126669977
2023-08-02,720.25,735.25,708.75,711.25,,,0,0,,,,,,,,,,,735.25,708.75,711.25,158406,743.4630161874575,750.7949337388801
2023-08-03,709.25,712.75,703.25,703.75,,,0,0,,,,,,,,,,,712.75,703.25,703.75,101378,739.8527419885977,748.9500343765711
2023-08-04,705.5,716.5,703.25,707.25,,,0,0,,,,,,,,,,,716.5,703.25,707.25,96911,736.8888563532706,747.3147389108233
2023-08-07,707.75,711.5,699,705.25,,,0,0,,,,,,,,,,,711.5,699,705.25,164880,734.0125966847914,745.6651413064773
2023-08-08,705,711.75,700.25,708.75,,,0,0,,,,,,,,,,,711.75,700.25,708.75,124554,731.715996986174,744.2174887062232
2023-08-09,708.75,713,702,704,,,0,0,,,,,,,,,,,713,702,704,120224,729.1963608965218,742.6403322863713
2023-08-10,704.5,708.5,703,706.25,,,0,0,,,,,,,,,,,708.5,703,706.25,93318,727.1103280877471,741.2132604320038
2023-08-11,706,717.75,693.5,697.5,,,0,0,,,,,,,,,,,717.75,693.5,697.5,174425,724.4184800797701,739.4990149248664
2023-08-14,699.25,702.75,691.75,698.75,,,0,0,,,,,,,,,,,702.75,691.75,698.75,73606,722.0849818907001,737.9010143395775
2023-08-15,697,697,685,687,,,0,0,,,,,,,,,,,697,685,687,89967,718.8954380824546,735.9048961301824
2023-08-16,686,696,685,692.5,,,0,0,,,,,,,,,,,696,685,692.5,70843,716.4958528022314,734.2027433407634
2023-08-17,693,698,687.75,696,,,0,0,,,,,,,,,,,698,687.75,696,69172,714.632593456574,732.7045965430864
2023-08-18,696.75,705.5,695.5,702.5,,,0,0,,,,,,,,,,,705.5,695.5,702.5,66477,713.5296304150672,731.5201025610046
2023-08-21,709,716,691,692.25,,,0,0,,,,,,,,,,,716,691,692.25,74711,711.5951185591521,729.9800985390044
2023-08-22,692.25,695.5,684,689.5,,,0,0,,,,,,,,,,,695.5,684,689.5,72976,709.586471417411,728.3926436943376
2023-08-23,690,701.25,688.5,699.25,,,0,0,,,,,,,,,,,701.25,688.5,699.25,84523,708.6467921976463,727.2497949220107
2023-08-24,699.25,703.5,691.5,695.25,,,0,0,,,,,,,,,,,703.5,691.5,695.25,85162,707.4289019978603,725.9949010035004
2023-08-25,694.25,700,692,693.75,,,0,0,,,,,,,,,,,700,692,693.75,84408,706.1853654526003,724.7303950817945
2023-08-28,699.25,703,695.25,701.5,,,0,0,,,,,,,,,,,703,695.25,701.5,87576,705.7594231387276,723.8193991962339
2023-08-29,699.5,706,691.5,692.5,,,0,0,,,,,,,,,,,706,691.5,692.5,98795,704.5540210352069,722.5911874630483
2023-08-30,692.5,697.5,685.25,686.5,,,0,0,,,,,,,,,,,697.5,685.25,686.5,192731,702.9127463956427,721.1758467782229
2023-08-31,686.75,692.25,682.5,684,,,0,0,,,,,,,,,,,692.25,682.5,684,147281,701.1934058142206,719.7179704339788
2023-09-01,683.75,691,683.25,687.25,,,0,0,,,,,,,,,,,691,683.25,687.25,100839,699.9258234674733,718.4447166914699
2023-09-05,688,694.5,684.25,691.75,,,0,0,,,,,,,,,,,694.5,684.25,691.75,125749,699.182566788612,717.3978650565103
2023-09-06,693.75,696,689,691.5,,,0,0,,,,,,,,,,,696,689,691.5,113919,698.4841516260109,716.3822625052746
2023-09-07,690.75,694.25,689,692,,,0,0,,,,,,,,,,,694.25,689,692,109792,697.8946832963735,715.4260953482051
2023-09-08,691.75,694.5,687.75,689.5,,,0,0,,,,,,,,,,,694.5,687.75,689.5,106651,697.1315302694304,714.4093857267069
2023-09-11,688.75,692.5,686.5,691.5,,,0,0,,,,,,,,,,,692.5,686.5,691.5,133254,696.6195729722094,713.5109784433066
2023-09-12,690.75,692.5,679.25,682.25,,,0,0,,,,,,,,,,,692.5,679.25,682.25,198455,695.313248156554,712.2850577200397
2023-09-13,682.25,688.5,680.25,688,,,0,0,,,,,,,,,,,688.5,680.25,688,152906,694.6484074150491,711.3327025153322
2023-09-14,687.75,690.5,684,686.25,,,0,0,,,,,,,,,,,690.5,684,686.25,113552,693.8849158318628,710.3490671225741
2023-09-15,685.75,689.25,680.75,682,,,0,0,,,,,,,,,,,689.25,680.75,682,110377,692.8044689380571,709.2373390001202
2023-09-18,681,684.5,674.75,677.25,,,0,0,,,,,,,,,,,684.5,674.75,677.25,143316,691.3904263073247,707.982933549135
2023-09-19,677,682.75,673.5,682,,,0,0,,,,,,,,,,,682.75,673.5,682,139647,690.536751188477,706.9639949785808
2023-09-20,681.75,688.75,680.25,688,,,0,0,,,,,,,,,,,688.75,680.25,688,162298,690.3061374440699,706.2203089009894
2023-09-21,686.75,688.25,679.75,681,,,0,0,,,,,,,,,,,688.25,679.75,681,115196,689.4601249491544,705.231277179382
2023-09-22,680.75,684.25,680,683,,,0,0,,,,,,,,,,,684.25,680,683,88610,688.8728408628676,704.3594623880336
2023-09-25,681,688.25,679.5,687,,,0,0,,,,,,,,,,,688.25,679.5,687,101591,688.702582602607,703.6786991571304
2023-09-26,686.75,689.25,682.25,685.5,,,0,0,,,,,,,,,,,689.25,682.25,685.5,117585,688.4114387296427,702.9658089941057
2023-09-27,685.5,692.5,684.75,689,,,0,0,,,,,,,,,,,692.5,684.75,689,125713,688.4649442996752,702.4181302100232
2023-09-28,689.5,695,686.75,694.25,,,0,0,,,,,,,,,,,695,686.75,694.25,114318,688.9908584542501,702.0978113782576
2023-09-29,693.25,695.75,681.25,682.5,,,0,0,,,,,,,,,,,695.75,681.25,682.5,209423,688.4007804129546,701.3292697555808
2023-10-02,682.75,695.5,681.75,694.5,,,0,0,,,,,,,,,,,695.5,681.75,694.5,159224,688.9552549208679,701.0614552553619
2023-10-03,693.75,695,690,693.25,,,0,0,,,,,,,,,,,695,690,693.25,138101,689.3456862916981,700.7551236767202
2023-10-04,693.25,695.5,688.25,691.75,,,0,0,,,,,,,,,,,695.5,688.25,691.75,129880,689.5642602651801,700.4019815717509
2023-10-05,691.75,704.25,688.25,703.25,,,0,0,,,,,,,,,,,704.25,688.25,703.25,186342,690.808418422891,700.5136685689371
2023-10-06,701.75,704.75,697.25,697.75,,,0,0,,,,,,,,,,,704.75,697.25,697.75,125225,691.4394712935373,700.4052894093709
2023-10-09,697.75,702.75,693,694,,,0,0,,,,,,,,,,,702.75,693,694,115532,691.6722466304884,700.1541015893955
2023-10-10,693.75,694,690,691.25,,,0,0,,,,,,,,,,,694,690,691.25,110081,691.6338605731713,699.8049211349094
2023-10-11,691.25,694.25,689.25,693.75,,,0,0,,,,,,,,,,,694.25,689.25,693.75,102590,691.8262368847012,699.5674732472659
2023-10-12,693.5,704.5,688,701.75,,,0,0,,,,,,,,,,,704.5,688,701.75,208365,692.7283971679102,699.6530625316868
2023-10-13,700.75,704.5,696.25,699,,,0,0,,,,,,,,,,,704.5,696.25,699,138232,693.2985428799184,699.6274522363266
2023-10-16,699.25,702.5,695.25,695.75,,,0,0,,,,,,,,,,,702.5,695.25,695.75,113486,693.5214026181076,699.4753952858824
2023-10-17,695.75,698.5,693.5,694.75,,,0,0,,,,,,,,,,,698.5,693.5,694.75,102031,693.6330932891887,699.2900856668282
2023-10-18,694.25,699.75,694.25,697.75,,,0,0,,,,,,,,,,,699.75,694.25,697.75,119274,694.007357535626,699.229690150482
2023-10-19,697.75,711.25,696,710.75,,,0,0,,,,,,,,,,,711.25,696,710.75,279440,695.5294159414782,699.6814670073259
2023-10-20,709.75,715.25,700.75,701.25,,,0,0,,,,,,,,,,,715.25,700.75,701.25,264540,696.0494690377075,699.7429781050778
2023-10-23,700,702.75,696,696,,,0,0,,,,,,,,,,,702.75,696,696,126442,696.0449718524613,699.5961946499767
2023-10-24,696.5,697.25,688.5,689.75,,,0,0,,,,,,,,,,,697.25,688.5,689.75,161081,695.4727016840558,699.2100693695854
2023-10-25,689.25,691.75,682.5,685.75,,,0,0,,,,,,,,,,,691.75,682.5,685.75,177281,694.588819712778,698.6822235119546
2023-10-26,685.75,690,683.25,685,,,0,0,,,,,,,,,,,690,683.25,685,190730,693.7171088297981,698.1456657271721
2023-10-27,685,689.75,684,686.5,,,0,0,,,,,,,,,,,689.75,684,686.5,126300,693.0610080270892,697.6889729535575
2023-10-30,685.75,690,683.25,684,,,0,0,,,,,,,,,,,690,683.25,684,136565,692.2372800246266,697.1521504847905
2023-10-31,684,688.75,683.25,684.5,,,0,0,,,,,,,,,,,688.75,683.25,684.5,136045,691.5338909314787,696.6559877206811
2023-11-01,684.5,685.75,678.25,680.75,,,0,0,,,,,,,,,,,685.75,678.25,680.75,180119,690.5535372104351,696.0322234963406
2023-11-02,680.75,682.75,675.25,675.75,,,0,0,,,,,,,,,,,682.75,675.25,675.75,202193,689.2077611003956,695.2368421827587
2023-11-03,675.75,687,673.75,683,,,0,0,,,,,,,,,,,687,673.75,683,200217,688.6434191821778,694.7569660187289
2023-11-06,683,686.5,682.5,683,,,0,0,,,,,,,,,,,686.5,682.5,683,131646,688.1303810747071,694.2959085277984
2023-11-07,682.75,683.25,673.75,674.25,,,0,0,,,,,,,,,,,683.25,673.75,674.25,215810,686.8685282497337,693.5097944678847
2023-11-08,674.75,686.25,674.25,681.75,,,0,0,,,,,,,,,,,686.25,674.25,681.75,322782,686.4032074997579,693.0486260573795
2023-11-09,680.75,681.75,672.25,673.75,,,0,0,,,,,,,,,,,681.75,672.25,673.75,257163,685.2529159088708,692.2918171923842
2023-11-10,673.75,674.75,667.5,669.75,,,0,0,,,,,,,,,,,674.75,667.5,669.75,230543,683.8435599171553,691.4078243613103
2023-11-13,669,683.5,666.75,683,,,0,0,,,,,,,,,,,683.5,666.75,683,249727,683.7668726519594,691.078105758906
2023-11-14,682.75,685.75,678.75,684,,,0,0,,,,,,,,,,,685.75,678.75,684,183143,683.7880660472358,690.8005329840469
2023-11-15,683.5,686.25,673,676.5,,,0,0,,,,,,,,,,,686.25,673,676.5,245509,683.1255145883962,690.2397277689862
2023-11-16,676.75,682,671,680.5,,,0,0,,,,,,,,,,,682,671,680.5,182325,682.8868314439966,689.8577776603985
2023-11-17,680.25,680.75,672.5,672.75,,,0,0,,,,,,,,,,,680.75,672.5,672.75,132235,681.9653013127241,689.1868844188142
2023-11-20,672.75,676,670.25,675.25,,,0,0,,,,,,,,,,,676,670.25,675.25,139825,681.3548193752038,688.6403399318019
2023-11-21,675,680.75,673.75,675.75,,,0,0,,,,,,,,,,,680.75,673.75,675.75,173228,680.8452903410944,688.1348364050646
2023-11-22,674.5,679.5,673.5,674.5,,,0,0,,,,,,,,,,,679.5,673.5,674.5,126935,680.2684457646312,687.6001369381993
2023-11-24,673.75,676.25,668.25,669,,,0,0,,,,,,,,,,,676.25,668.25,669,113555,679.2440416042102,686.8707198033679
2023-11-27,670,671.5,659.5,661.25,,,0,0,,,,,,,,,,,671.5,659.5,661.25,180939,677.6082196401911,685.865985693432
2023-11-28,661.25,662.5,656,657.25,,,0,0,,,,,,,,,,,662.5,656,657.25,181371,675.7574724001737,684.7437901760425
2023-11-29,656.75,659.25,652.75,655.5,,,0,0,,,,,,,,,,,659.25,652.75,655.5,139560,673.9158840001579,683.5969748750211
2023-11-30,655,664.25,654.75,662.5,,,0,0,,,,,,,,,,,664.25,654.75,662.5,189360,672.8780763637799,682.7696425269811
2023-12-01,661.75,669.25,658.5,664.5,,,0,0,,,,,,,,,,,669.25,658.5,664.5,144247,672.1164330579817,682.0531859572956
2023-12-04,663.5,668.25,661,665.25,,,0,0,,,,,,,,,,,668.25,661,665.25,121319,671.4922118708924,681.394237488382
2023-12-05,664.75,670.5,663.25,670.25,,,0,0,,,,,,,,,,,670.5,663.25,670.25,136197,671.3792835189931,680.957208567269
2023-12-06,669.5,673.5,663.25,664,,,0,0,,,,,,,,,,,673.5,663.25,664,143848,670.7084395627211,680.2922199960036
2023-12-07,663.75,669,662.75,667.75,,,0,0,,,,,,,,,,,669,662.75,667.75,104157,670.4394905115646,679.8003682314544
2023-12-08,667.25,671.75,663.75,665.25,,,0,0,,,,,,,,,,,671.75,663.75,665.25,122550,669.967718646877,679.2297655557111
2023-12-11,666.25,667.25,659.5,661.25,,,0,0,,,,,,,,,,,667.25,659.5,661.25,116266,669.1751987698882,678.524676710389
2023-12-12,661.75,667.75,661.5,665,,,0,0,,,,,,,,,,,667.75,661.5,665,100301,668.7956352453529,677.9942972315503
2023-12-13,663.75,664.75,657.25,659.25,,,0,0,,,,,,,,,,,664.75,657.25,659.25,130775,667.927850223048,677.2592267518817
2023-12-14,660.75,664,658.75,659,,,0,0,,,,,,,,,,,664,658.75,659,106424,667.1162274754982,676.5431786439648
2023-12-15,659,663.75,657.5,662.75,,,0,0,,,,,,,,,,,663.75,657.5,662.75,108554,666.7192977049984,676.0022696775347
2023-12-18,662.25,662.5,655.25,656.75,,,0,0,,,,,,,,,,,662.5,655.25,656.75,129446,665.812997913635,675.2472787097882
2023-12-19,657,658,651.25,652.5,,,0,0,,,,,,,,,,,658,651.25,652.5,130033,664.6027253760318,674.3552285643063
2023-12-20,652.5,655.25,648,649.5,,,0,0,,,,,,,,,,,655.25,648,649.5,131027,663.2297503418471,673.3805137186473
2023-12-21,649.75,653.75,649,652.25,,,0,0,,,,,,,,,,,653.75,649,652.25,108597,662.231591219861,672.5518661218376
2023-12-22,652.25,653.75,651.25,652.75,,,0,0,,,,,,,,,,,653.75,651.25,652.75,80484,661.3696283816918,671.7753223523538
2023-12-26,652.75,660.75,651.25,660,,,0,0,,,,,,,,,,,660.75,651.25,660,114198,661.2451167106288,671.3135450052026
2023-12-27,659.5,660,654.25,656.25,,,0,0,,,,,,,,,,,660,654.25,656.25,107950,660.7910151914808,670.7228177500966
2023-12-28,655.75,658.5,653.75,654,,,0,0,,,,,,,,,,,658.5,653.75,654,99398,660.1736501740735,670.067020975583
2023-12-29,653.5,654.75,650.25,651,,,0,0,,,,,,,,,,,654.75,650.25,651,109649,659.3396819764305,669.319294662815
2024-01-02,650.25,650.5,642.25,643.5,,,0,0,,,,,,,,,,,650.5,642.25,643.5,187193,657.8997108876641,668.3067733034889
2024-01-03,644.5,645.75,641.5,645,,,0,0,,,,,,,,,,,645.75,641.5,645,147913,656.7270098978764,667.3927821935481
2024-01-04,644.75,648.75,643.25,646.25,,,0,0,,,,,,,,,,,648.75,643.25,646.25,127034,655.7745544526149,666.5636534800756
2024-01-05,646.25,647.5,639.75,640.5,,,0,0,,,,,,,,,,,647.5,639.75,640.5,151589,654.3859585932863,665.5415494220334
2024-01-08,640.75,642.25,631.75,634.75,,,0,0,,,,,,,,,,,642.25,631.75,634.75,214324,652.6008714484421,664.3340376799929
2024-01-09,634.5,640.25,631.5,639,,,0,0,,,,,,,,,,,640.25,631.5,639,215153,651.3644285894928,663.3405460062677
2024-01-10,638.75,641.5,634.25,639.25,,,0,0,,,,,,,,,,,641.5,634.25,639.25,193507,650.2631168995389,662.3958187119042
2024-01-11,638.75,641.25,635.5,637.5,,,0,0,,,,,,,,,,,641.25,635.5,637.5,165189,649.1028335450353,661.4195120957511
2024-01-12,636.75,639.75,620.75,626.75,,,0,0,,,,,,,,,,,639.75,620.75,626.75,314095,647.0707577682139,660.0599233861138
2024-01-16,627.5,631,621.75,623.25,,,0,0,,,,,,,,,,,631,621.75,623.25,175650,644.9052343347399,658.6163969788153
2024-01-17,623.25,628,619.75,622,,,0,0,,,,,,,,,,,628,619.75,622,205711,642.822940304309,657.1804598423911
2024-01-18,621.75,624.75,616.5,623.75,,,0,0,,,,,,,,,,,624.75,616.5,623.75,180948,641.0890366402809,655.8694614171993
2024-01-19,623.25,629.25,622.75,625.25,,,0,0,,,,,,,,,,,629.25,622.75,625.25,148101,639.6491242184372,654.668698224368
2024-01-22,625.25,627.75,623.75,625.5,,,0,0,,,,,,,,,,,627.75,623.75,625.5,112771,638.3628401985793,653.5248277057653
2024-01-23,625.5,630.25,623.75,626.25,,,0,0,,,,,,,,,,,630.25,623.75,626.25,152301,637.2616729077994,652.4552266192647
2024-01-24,626.25,632.5,626,632,,,0,0,,,,,,,,,,,632.5,626,632,156004,636.7833390070904,651.6530608694897
2024-01-25,631.25,633,627.25,631.5,,,0,0,,,,,,,,,,,633,627.25,631.5,169289,636.3030354609913,650.8627447569606
2024-01-26,630.75,631.5,625.25,626,,,0,0,,,,,,,,,,,631.5,625.25,626,135726,635.3663958736284,649.8877351586484
2024-01-29,626,627.25,617.25,620,,,0,0,,,,,,,,,,,627.25,617.25,620,203565,633.9694507942077,648.7156671132112
2024-01-30,619.5,628,616.25,627.5,,,0,0,,,,,,,,,,,628,616.25,627.5,194898,633.3813189038251,647.8836801675951
2024-01-31,627,628.5,623,628,,,0,0,,,,,,,,,,,628.5,623,628,135485,632.8921080943865,647.10392800416
2024-02-01,627.75,627.75,623.25,627,,,0,0,,,,,,,,,,,627.75,623.25,627,153724,632.3564619039877,646.3155386706635
2024-02-02,626.25,628.5,621.75,622.5,,,0,0,,,,,,,,,,,628.5,621.75,622.5,129450,631.460419912716,645.3815959776963
2024-02-05,622.5,624.75,619.25,622.5,,,0,0,,,,,,,,,,,624.75,619.25,622.5,137664,630.6458362842873,644.4842784883749
2024-02-06,622.5,625.25,618,618.5,,,0,0,,,,,,,,,,,625.25,618,618.5,193360,629.5416693493521,643.4652871751053
2024-02-07,618.25,619,612.5,614,,,0,0,,,,,,,,,,,619,612.5,614,245418,628.1287903175928,642.309785717258
2024-02-08,614.25,616.75,609.5,613,,,0,0,,,,,,,,,,,616.75,609.5,613,222878,626.7534457432662,641.160382355797
2024-02-09,612.75,616.75,608,608.75,,,0,0,,,,,,,,,,,616.75,608,608.75,206271,625.1167688575147,639.8893869692952
2024-02-12,610,612.5,607.5,610.25,,,0,0,,,,,,,,,,,612.5,607.5,610.25,198795,623.7652444159224,638.7270580685386
2024-02-13,610,614.5,608.5,610.5,,,0,0,,,,,,,,,,,614.5,608.5,610.5,182682,622.559313105384,637.6201146148704
2024-02-14,610.5,610.75,602,604,,,0,0,,,,,,,,,,,610.75,602,604,230224,620.8721028230764,636.3016787476206
2024-02-15,603.75,604.75,597,597.5,,,0,0,,,,,,,,,,,604.75,597,597.5,217729,618.7473662027967,634.7800442869296
2024-02-16,597.25,601.25,594.75,596.25,,,0,0,,,,,,,,,,,601.25,594.75,596.25,176972,616.7021510934516,633.2690621580305
2024-02-20,596,601.25,594.5,598.5,,,0,0,,,,,,,,,,,601.25,594.5,598.5,217838,615.0474100849559,631.9055695243823
2024-02-21,598.25,599.25,589.75,590.75,,,0,0,,,,,,,,,,,599.25,589.75,590.75,180048,612.8385546226872,630.2916256214653
2024-02-22,589.75,595.25,584,585.75,,,0,0,,,,,,,,,,,595.25,584,585.75,199941,610.3759587478975,628.5448952049372
2024-02-23,585.75,589,578.25,579.5,,,0,0,,,,,,,,,,,589,578.25,579.5,218218,607.5690534071795,626.6215659812142
2024-02-26,579.5,587.5,574.25,586.75,,,0,0,,,,,,,,,,,587.5,574.25,586.75,227175,605.676412188345,625.0579751584215
2024-02-27,586.25,591.25,586,588,,,0,0,,,,,,,,,,,591.25,586,588,139596,604.0694656257682,623.6047212306403
2024-02-28,588,594.5,586.25,593,,,0,0,,,,,,,,,,,594.5,586.25,593,118959,603.0631505688801,622.4045360843406
2024-02-29,593.75,596.5,588.25,594,,,0,0,,,,,,,,,,,596.5,588.25,594,145905,602.2392277898911,621.2906327084842
2024-03-01,593.75,595.5,586.5,589.25,,,0,0,,,,,,,,,,,595.5,586.5,589.25,152580,601.0583888999009,620.0341373081515
2024-03-04,588.5,598,588.5,594.5,,,0,0,,,,,,,,,,,598,588.5,594.5,146093,600.4621717271826,619.0327985901847
2024-03-05,594.5,595.5,589.5,590.75,,,0,0,,,,,,,,,,,595.5,589.5,590.75,132187,599.5792470247114,617.9236692337068
2024-03-06,590.75,594,587.75,593.25,,,0,0,,,,,,,,,,,594,587.75,593.25,132542,599.0038609315559,616.9560743617968
2024-03-07,593.25,603.25,592.75,602.5,,,0,0,,,,,,,,,,,603.25,592.75,602.5,197196,599.3216917559599,616.3891694848636
2024-03-08,601.75,604.5,596,604.25,,,0,0,,,,,,,,,,,604.5,596,604.25,194454,599.7697197781454,615.9131236227121
2024-03-11,603,607.5,597.75,606.25,,,0,0,,,,,,,,,,,607.5,597.75,606.25,151654,600.3588361619503,615.534177598292
2024-03-12,605.5,609.5,602.5,606.25,,,0,0,,,,,,,,,,,609.5,602.5,606.25,136537,600.8943965108639,615.1700922022806
2024-03-13,606.25,609,602.75,605.75,,,0,0,,,,,,,,,,,609,602.75,605.75,126196,601.3358150098762,614.800676821799
2024-03-14,605.5,606.75,597.5,598.25,,,0,0,,,,,,,,,,,606.75,597.5,598.25,153348,601.0552863726148,614.1516306719245
2024-03-15,598.25,604.5,596.25,601.25,,,0,0,,,,,,,,,,,604.5,596.25,601.25,140242,601.072987611468,613.6456843710647
2024-03-18,601.5,605,598.5,600.5,,,0,0,,,,,,,,,,,605,598.5,600.5,121822,601.0208978286072,613.1301673369053
2024-03-19,601,604.5,599.5,604,,,0,0,,,,,,,,,,,604.5,599.5,604,115115,601.2917252987338,612.7721215589875
2024-03-20,603.5,604,600,603.5,,,0,0,,,,,,,,,,,604,600,603.5,131971,601.4924775443035,612.4085089488311
2024-03-21,603.5,610.25,602,605.25,,,0,0,,,,,,,,,,,610.25,602,605.25,158789,601.8340704948214,612.1277831077005
2024-03-22,604.75,606,600.5,603.75,,,0,0,,,,,,,,,,,606,600.5,603.75,132898,602.0082459043831,611.799242593673
2024-03-25,603.5,605.75,601.5,602.25,,,0,0,,,,,,,,,,,605.75,601.5,602.25,118606,602.0302235494391,611.4247624919602
2024-03-26,601.75,605.25,596.5,597,,,0,0,,,,,,,,,,,605.25,596.5,597,155311,601.5729304994901,610.8590855314912
2024-03-27,596.5,596.75,590.75,591.25,,,0,0,,,,,,,,,,,596.75,590.75,591.25,165189,600.6344822722638,610.0901017851583
2024-03-28,591.25,612.5,590.5,606.5,,,0,0,,,,,,,,,,,612.5,590.5,606.5,360086,601.1677111566034,609.9493134798579
2024-04-01,606.25,606.5,596.75,600,,,0,0,,,,,,,,,,,606.5,596.75,600,200474,601.0615555969122,609.5591443237851
2024-04-02,600.25,601.25,589,591,,,0,0,,,,,,,,,,,601.25,589,591,235504,600.1468687244657,608.8313347424602
2024-04-03,592.75,597.5,590.25,596.25,,,0,0,,,,,,,,,,,597.5,590.25,596.25,187684,599.7926079313324,608.3379490662853
2024-04-04,596.75,600.5,594.25,599.75,,,0,0,,,,,,,,,,,600.5,594.25,599.75,153811,599.7887344830295,608.0011667499604
2024-04-05,599.5,603,596.75,598.75,,,0,0,,,,,,,,,,,603,596.75,598.75,192940,599.6943040754815,607.6383758970208
2024-04-08,598.25,602,596,600,,,0,0,,,,,,,,,,,602,596,600,215991,599.7220946140741,607.3388317441965
2024-04-09,599.5,600.25,594.25,595.75,,,0,0,,,,,,,,,,,600.25,594.25,595.75,219304,599.3609951037037,606.8843677542279
2024-04-10,595.5,600.25,595.25,598.75,,,0,0,,,,,,,,,,,600.25,595.25,598.75,210255,599.305450094276,606.5653729403366
2024-04-11,598.5,602,592,593.25,,,0,0,,,,,,,,,,,602,592,593.25,250695,598.75495463116,606.0432014524803
2024-04-12,592.75,602,591.5,600,,,0,0,,,,,,,,,,,602,591.5,600,202052,598.8681405737818,605.8062131602261
2024-04-15,599,599.5,594.75,596,,,0,0,,,,,,,,,,,599.5,594.75,596,152252,598.6074005216199,605.4216557813937
2024-04-16,595.75,596.75,593,595.5,,,0,0,,,,,,,,,,,596.75,593,595.5,148116,598.324909565109,605.0325712409469
2024-04-17,595.5,597.5,594,594.75,,,0,0,,,,,,,,,,,597.5,594,594.75,139235,597.9999177864628,604.6293331530667
2024-04-18,594,595.5,590.75,591.25,,,0,0,,,,,,,,,,,595.5,590.75,591.25,180777,597.3862888967843,604.1046534215739
2024-04-19,591.75,598.5,591.25,598,,,0,0,,,,,,,,,,,598.5,591.25,598,163574,597.4420808152585,603.8652552481788
2024-04-22,596.75,605.5,595.5,604.25,,,0,0,,,,,,,,,,,605.5,595.5,604.25,192556,598.0609825593259,603.880343277662
2024-04-23,603.75,608.25,603,607.5,,,0,0,,,,,,,,,,,608.25,603,607.5,144096,598.9190750539326,604.0222906001065
2024-04-24,607.25,609,601.75,602.25,,,0,0,,,,,,,,,,,609,601.75,602.25,161654,599.221886412666,603.9527890079455
2024-04-25,602.25,606.5,600.5,605.5,,,0,0,,,,,,,,,,,606.5,600.5,605.5,168023,599.7926240115145,604.0134639488103
2024-04-26,605.5,607.25,603.5,604.5,,,0,0,,,,,,,,,,,607.25,603.5,604.5,165048,600.220567283195,604.032543793955
2024-04-29,604.5,606,599.5,603.75,,,0,0,,,,,,,,,,,606,599.5,603.75,117196,600.5414248029045,604.0214636451725
2024-04-30,603.5,604.5,599,601.25,,,0,0,,,,,,,,,,,604.5,599,601.25,149008,600.6058407299132,603.9127787963422
2024-05-01,601.25,606,598.25,605.25,,,0,0,,,,,,,,,,,606,598.25,605.25,151383,601.0280370271938,603.9652188435444
2024-05-02,604.5,615,604.25,614.25,,,0,0,,,,,,,,,,,615,604.25,614.25,240171,602.2300336610853,604.368543594778
2024-05-03,614,622.5,611.75,614.75,,,0,0,,,,,,,,,,,622.5,611.75,614.75,303314,603.3682124191685,604.7756595322377
2024-05-06,613.5,624.5,608.75,623.5,,,0,0,,,,,,,,,,,624.5,608.75,623.5,248355,605.1983749265167,605.5099473937186
2024-05-07,623,626.5,620.5,621.5,,,0,0,,,,,,,,,,,626.5,620.5,621.5,208392,606.6803408422879,606.1370082802395
2024-05-08,621.5,621.5,612,613,,,0,0,,,,,,,,,,,621.5,612,613,221307,607.2548553111709,606.4061452104262
2024-05-09,613,616.5,608.75,611,,,0,0,,,,,,,,,,,616.5,608.75,611,184154,607.5953230101553,606.5862963786448
2024-05-10,611.5,624.5,611.25,624.25,,,0,0,,,,,,,,,,,624.5,611.25,624.25,245388,609.1093845546867,607.2789906383058
2024-05-13,622.5,630,620,627,,,0,0,,,,,,,,,,,630,620,627,269735,610.7358041406243,608.0523635544507
2024-05-14,626.25,630,621,622,,,0,0,,,,,,,,,,,630,621,622,246243,611.759821946022,608.5993296895703
2024-05-15,622.25,627.75,616,617,,,0,0,,,,,,,,,,,627.75,616,617,222335,612.236201769111,608.9287677409596
2024-05-16,616.75,619.75,610.5,611.5,,,0,0,,,,,,,,,,,619.75,610.5,611.5,200532,612.1692743355554,609.0296003785691
2024-05-17,611.75,615,605.5,607,,,0,0,,,,,,,,,,,615,605.5,607,217848,611.6993403050504,608.9500082068605
2024-05-20,607.25,618,606.75,615,,,0,0,,,,,,,,,,,618,606.75,615,185086,611.9994002773186,609.1872627869836
2024-05-21,614.5,615.75,609.5,612.5,,,0,0,,,,,,,,,,,615.75,609.5,612.5,168069,612.0449093430169,609.3171740502391
2024-05-22,613,617.75,612.5,615.75,,,0,0,,,,,,,,,,,617.75,612.5,615.75,175899,612.381735766379,609.5694417345435
2024-05-23,615.75,621.75,613,618.5,,,0,0,,,,,,,,,,,621.75,613,618.5,166864,612.9379416057991,609.9196597057379
2024-05-24,619,621.25,615.25,619.25,,,0,0,,,,,,,,,,,621.25,615.25,619.25,169182,613.511765096181,610.285555403552
2024-05-28,621.5,625.5,614.5,617,,,0,0,,,,,,,,,,,625.5,614.5,617,166128,613.8288773601645,610.5488669563539
2024-05-29,617,617.5,608.75,609.75,,,0,0,,,,,,,,,,,617.5,608.75,609.75,166319,613.4580703274222,610.5175388404184
2024-05-30,609.75,611.5,602,603.25,,,0,0,,,,,,,,,,,611.5,602,603.25,225176,612.5300639340202,610.2325373172647
2024-05-31,603.5,608.25,600,600.75,,,0,0,,,,,,,,,,,608.25,600,600.75,174860,611.4591490309274,609.8606731087445
2024-06-03,600.25,603.5,593.5,598,,,0,0,,,,,,,,,,,603.5,593.5,598,262804,610.2355900281158,609.3955486731076
2024-06-04,597,602.75,594.5,597,,,0,0,,,,,,,,,,,602.75,594.5,597,221274,609.0323545710144,608.9094487251425
2024-06-05,597,598.75,592.75,593.75,,,0,0,,,,,,,,,,,598.75,592.75,593.75,183305,607.643049610013,608.3149605398428
2024-06-06,593.75,607.75,593.25,606.5,,,0,0,,,,,,,,,,,607.75,593.25,606.5,261537,607.5391360091028,608.2437856167116
2024-06-07,606.5,608.75,598.75,603.25,,,0,0,,,,,,,,,,,608.75,598.75,603.25,238072,607.1492145537298,608.0479508866446
2024-06-10,603.25,607.25,602.25,606.25,,,0,0,,,,,,,,,,,607.25,602.25,606.25,230930,607.0674677761181,607.9774430087369
2024-06-11,605.25,610.75,603.5,604,,,0,0,,,,,,,,,,,610.75,603.5,604,271960,606.7886070691983,607.8214648515316
2024-06-12,603.5,609.5,603,608.75,,,0,0,,,,,,,,,,,609.5,603,608.75,276468,606.966915517453,607.8578779946088
2024-06-13,608,615,608,613,,,0,0,,,,,,,,,,,615,608,613,296248,607.5153777431391,608.0595298379575
2024-06-14,612.5,614,602.5,604.5,,,0,0,,,,,,,,,,,614,602.5,604.5,228388,607.2412524937628,607.9199404325474
2024-06-17,602.5,604.5,597.75,598.25,,,0,0,,,,,,,,,,,604.5,597.75,598.25,172134,606.4238659034207,607.5407270822514
2024-06-18,598.75,606.5,598.25,604.5,,,0,0,,,,,,,,,,,606.5,598.25,604.5,191652,606.2489690031098,607.4214828829474
2024-06-20,602.75,604,593.75,594.25,,,0,0,,,,,,,,,,,604,593.75,594.25,229750,605.1581536391907,606.9049541424397
2024-06-21,594.5,597,588.75,589.5,,,0,0,,,,,,,,,,,597,588.75,589.5,217553,603.734685126537,606.2224069211676
2024-06-24,589.5,590.5,579.5,588,,,0,0,,,,,,,,,,,590.5,579.5,588,203582,602.3042592059427,605.5078027281806
2024-06-25,588,589,578,580,,,0,0,,,,,,,,,,,589,578,580,172164,600.2765992781298,604.5074967388402
2024-06-26,579.5,584.5,573.25,574.5,,,0,0,,,,,,,,,,,584.5,573.25,574.5,161453,597.9332720710271,603.3307321608465
2024-06-27,574.5,576.5,571.25,571.5,,,0,0,,,,,,,,,,,576.5,571.25,571.5,257427,595.5302473372974,602.0824681545388
2024-06-28,571.5,578,548.5,556.5,,,0,0,,,,,,,,,,,578,548.5,556.5,314602,591.9820430339067,600.2949203837726
2024-07-01,556.5,559,550,556,,,0,0,,,,,,,,,,,559,550,556,158704,588.7109482126425,598.5578646824482
2024-07-02,557,562.75,554.75,557,,,0,0,,,,,,,,,,,562.75,554.75,557,121577,585.8281347387659,596.9281444988228
2024-07-03,556.75,558.75,553,554.5,,,0,0,,,,,,,,,,,558.75,553,554.5,110943,582.9801224897872,595.2642956949474
2024-07-05,554.5,561.25,554,559.5,,,0,0,,,,,,,,,,,561.25,554,559.5,90317,580.8455658998065,593.8617742951454
2024-07-08,558.5,559,540.25,542.25,,,0,0,,,,,,,,,,,559,540.25,542.25,183880,577.3368780907332,591.8377831463162
2024-07-09,542.5,547.75,540.75,543,,,0,0,,,,,,,,,,,547.75,540.75,543,158713,574.2153437188483,589.9225759641076
2024-07-10,542.75,547,539.75,544.75,,,0,0,,,,,,,,,,,547,539.75,544.75,221922,571.5366761080439,588.1511023968877
2024-07-11,544.25,552,543.75,549.25,,,0,0,,,,,,,,,,,552,543.75,549.25,197071,569.5106146436763,586.6255689695588
2024-07-12,549,553.75,540,551,,,0,0,,,,,,,,,,,553.75,540,551,211323,567.8278314942512,585.2284878334976
2024-07-15,552,552,538.5,539.5,,,0,0,,,,,,,,,,,552,538.5,539.5,140155,565.2525740856829,583.4352138008114
2024-07-16,539,547,539,544.75,,,0,0,,,,,,,,,,,547,539,544.75,133849,563.3887037142572,581.9181465929365
2024-07-17,544.75,549,544,547,,,0,0,,,,,,,,,,,549,544,547,115086,561.8988215584156,580.5488075108606
2024-07-18,547,548,539,540.25,,,0,0,,,,,,,,,,,548,539,540.25,114790,559.9307468712869,578.9684621182778
2024-07-19,540,545.25,539,539.5,,,0,0,,,,,,,,,,,545.25,539,539.5,111883,558.0734062466245,577.42067929011
2024-07-22,540,550,540,549.25,,,0,0,,,,,,,,,,,550,540,549.25,150907,557.2712784060222,576.3159467689292
2024-07-23,548,556,546.25,551.5,,,0,0,,,,,,,,,,,556,546.25,551.5,143835,556.7466167327475,575.3427723858339
2024-07-24,550.5,558.5,548,552.75,,,0,0,,,,,,,,,,,558.5,548,552.75,149625,556.3832879388614,574.4567813118796
2024-07-25,552,557.75,551,555,,,0,0,,,,,,,,,,,557.75,551,555,119013,556.2575344898739,573.6937702800411
2024-07-26,554.75,555.5,543,543.5,,,0,0,,,,,,,,,,,555.5,543,543.5,154397,555.0977586271581,572.5097008572944
2024-07-29,541.75,546,539,545.25,,,0,0,,,,,,,,,,,546,539,545.25,142225,554.202507842871,571.4406929805377
2024-07-30,545,545.75,536.25,537.75,,,0,0,,,,,,,,,,,545.75,536.25,537.75,123321,552.7068253117009,570.1194893342422
2024-07-31,536.75,539.5,530,531.75,,,0,0,,,,,,,,,,,539.5,530,531.75,156261,550.8016593742735,568.6148034779974
2024-08-01,531.5,533,527,531,,,0,0,,,,,,,,,,,533,527,531,116742,549.0015085220668,567.1397131455269
2024-08-02,532,536.75,530.75,535.5,,,0,0,,,,,,,,,,,536.75,530.75,535.5,113751,547.7740986564244,565.8989400809965
2024-08-05,534.75,540.75,527.75,539.75,,,0,0,,,,,,,,,,,540.75,527.75,539.75,157029,547.044635142204,564.8734914503691
2024-08-06,539.75,542,534.75,537.75,,,0,0,,,,,,,,,,,542,534.75,537.75,107227,546.1996683110946,563.8098251189821
2024-08-07,536.75,537,530.75,532.25,,,0,0,,,,,,,,,,,537,530.75,532.25,199142,544.9315166464496,562.5721849182377
2024-08-08,532,535.5,527.5,528.25,,,0,0,,,,,,,,,,,535.5,527.5,528.25,157714,543.415015133136,561.2262168822283
2024-08-09,528,530.25,524.25,525.75,,,0,0,,,,,,,,,,,530.25,524.25,525.75,157231,541.8091046664872,559.8349926907683
2024-08-12,525.25,534.25,521.5,532.25,,,0,0,,,,,,,,,,,534.25,521.5,532.25,203695,540.940095151352,558.7532282715225
2024-08-13,531.75,534,525.25,526.75,,,0,0,,,,,,,,,,,534,525.25,526.75,172577,539.6500865012291,557.498199711855
2024-08-14,526.25,531,525,530,,,0,0,,,,,,,,,,,531,525,530,125031,538.7728059102083,556.419838938841
2024-08-15,529.75,532.5,523.5,524,,,0,0,,,,,,,,,,,532.5,523.5,524,151990,537.4298235547348,555.1484727059453
2024-08-16,523.5,524.75,516.75,519.5,,,0,0,,,,,,,,,,,524.75,516.75,519.5,137465,535.7998395952134,553.7504933841435
2024-08-19,519.25,527.5,519,527,,,0,0,,,,,,,,,,,527.5,519,527,151084,534.9998541774667,552.7014544279026
2024-08-20,526.75,527.5,523.75,524,,,0,0,,,,,,,,,,,527.5,523.75,524,122507,533.9998674340605,551.5759071954359
2024-08-21,523.75,527,523,524.5,,,0,0,,,,,,,,,,,527,523,524.5,96191,533.1362431218732,550.5141069132619
2024-08-22,524.5,525.5,519.75,520.5,,,0,0,,,,,,,,,,,525.5,519.75,520.5,131932,531.9874937471575,549.3370831127419
2024-08-23,520,523,516.25,516.75,,,0,0,,,,,,,,,,,523,516.25,516.75,138358,530.6022670428705,548.0591582847912
2024-08-26,516.25,516.5,509.5,511,,,0,0,,,,,,,,,,,516.5,509.5,511,143588,528.8202427662459,546.6058579598974
2024-08-27,510.5,518.25,509.75,516.25,,,0,0,,,,,,,,,,,518.25,509.75,516.25,161618,527.6774934238599,545.4154321575485
2024-08-28,516,516.75,511.25,514.25,,,0,0,,,,,,,,,,,516.75,511.25,514.25,160784,526.456812203509,544.1932583474486
2024-08-29,513.5,519.75,512.75,519.5,,,0,0,,,,,,,,,,,519.75,512.75,519.5,236853,525.8243747304628,543.2248952749997
2024-08-30,518.5,525.25,518,524.5,,,0,0,,,,,,,,,,,525.25,518,524.5,187444,525.7039770276934,542.4905856563722
2024-09-03,524,533.5,522,532.75,,,0,0,,,,,,,,,,,533.5,522,532.75,238850,526.3445245706304,542.1086019051419
2024-09-04,532.25,537,531,536.25,,,0,0,,,,,,,,,,,537,531,536.25,205919,527.2450223369367,541.8788528108225
2024-09-05,536.25,536.75,530.25,534.25,,,0,0,,,,,,,,,,,536.75,530.25,534.25,162780,527.8818384881242,541.5796821123589
2024-09-06,533.5,539.5,529,529.75,,,0,0,,,,,,,,,,,539.5,529,529.75,174629,528.0516713528402,541.1157730099135
2024-09-09,529,531.5,526.75,530.75,,,0,0,,,,,,,,,,,531.5,526.75,530.75,139745,528.2969739571275,540.709272107564
2024-09-10,530.5,531,526.75,527.75,,,0,0,,,,,,,,,,,531,526.75,527.75,132473,528.2472490519341,540.2010653582477
2024-09-11,527.5,531,524.75,528.25,,,0,0,,,,,,,,,,,531,524.75,528.25,156927,528.247499138122,539.7323961285125
2024-09-12,528.25,533.25,520.5,529.5,,,0,0,,,,,,,,,,,533.25,520.5,529.5,271824,528.3613628528382,539.3311256921003
2024-09-13,529.75,537.5,529.75,536.75,,,0,0,,,,,,,,,,,537.5,529.75,536.75,229028,529.1239662298528,539.2299050767238
2024-09-16,536.5,536.5,532,534.25,,,0,0,,,,,,,,,,,536.5,532,534.25,150818,529.5899692998662,539.0346146815581
2024-09-17,533.5,536.5,532,536,,,0,0,,,,,,,,,,,536.5,532,536,123973,530.1726993635148,538.915610184242
2024-09-18,535.5,538.5,534.5,536.25,,,0,0,,,,,,,,,,,538.5,534.5,536.25,134644,530.7251812395589,538.8110764515267
2024-09-19,535.75,536.5,528.75,529.25,,,0,0,,,,,,,,,,,536.5,528.75,529.25,166204,530.5910738541444,538.436132276957
2024-09-20,529.5,530.75,525,525.25,,,0,0,,,,,,,,,,,530.75,525,525.25,178231,530.1055216855858,537.9190290504097
2024-09-23,525,537.75,524.75,537,,,0,0,,,,,,,,,,,537.75,524.75,537,228072,530.7322924414417,537.8829886954917
2024-09-24,536.5,541.75,533.5,535.25,,,0,0,,,,,,,,,,,541.75,533.5,535.25,210496,531.1429931285834,537.779734236845
2024-09-25,535.25,539,532,538.75,,,0,0,,,,,,,,,,,539,532,538.75,158957,531.8345392078031,537.8177838746158
2024-09-26,538.25,542.75,536,536.75,,,0,0,,,,,,,,,,,542.75,536,536.75,204872,532.281399279821,537.7759099971798
2024-09-27,536.5,543.25,534.25,541.5,,,0,0,,,,,,,,,,,543.25,534.25,541.5,218578,533.1194538907464,537.9219527423885
2024-09-30,540,551.25,539,548.25,,,0,0,,,,,,,,,,,551.25,539,548.25,272926,534.4949580824967,538.3269742034713
2024-10-01,547,556,545.25,552.5,,,0,0,,,,,,,,,,,556,545.25,552.5,262757,536.131780074997,538.8827791366685
2024-10-02,552,557.75,552,556,,,0,0,,,,,,,,,,,557.75,552,556,239747,537.937981886361,539.5540426999364
2024-10-03,555,556.75,551,551.75,,,0,0,,,,,,,,,,,556.75,551,551.75,181331,539.1936198966918,540.032315535233
2024-10-04,551,551,546.5,548.25,,,0,0,,,,,,,,,,,551,546.5,548.25,165354,540.0169271788106,540.3545776711062
2024-10-07,547.5,550.5,544.75,549.5,,,0,0,,,,,,,,,,,550.5,544.75,549.5,161439,540.8790247080096,540.713221684004
2024-10-08,549.5,551.5,542.75,544.25,,,0,0,,,,,,,,,,,551.5,542.75,544.25,229659,541.1854770072815,540.8519188728666
2024-10-09,543.75,547,543.5,544.5,,,0,0,,,,,,,,,,,547,543.5,544.5,148815,541.4867972793469,540.9949808778522
2024-10-10,544.5,547.5,541.5,542,,,0,0,,,,,,,,,,,547.5,541.5,542,171360,541.5334520721335,541.0343933924462
2024-10-11,542,546.25,538.75,539.25,,,0,0,,,,,,,,,,,546.25,538.75,539.25,224069,541.3258655201214,540.9644171809778
2024-10-14,538.5,538.75,531,531.75,,,0,0,,,,,,,,,,,538.75,531,531.75,257782,540.4553322910194,540.603067487606
2024-10-15,531.5,531.5,524,524.75,,,0,0,,,,,,,,,,,531.5,524,524.75,305403,539.0275748100177,539.9813785665234
2024-10-16,524.75,530.25,524.5,528.25,,,0,0,,,,,,,,,,,530.25,524.5,528.25,214285,538.0477952818343,539.5213245050911
2024-10-17,528,531,522.5,530.25,,,0,0,,,,,,,,,,,531,522.5,530.25,255482,537.3389048016676,539.1577431519503
2024-10-18,530.25,533,527.25,528.25,,,0,0,,,,,,,,,,,533,527.25,528.25,193538,536.5126407287887,538.7299885185405
2024-10-21,527.25,535.25,526.5,533,,,0,0,,,,,,,,,,,535.25,526.5,533,241760,536.1933097534443,538.5052830864408
2024-10-22,532.5,540.5,531.75,540,,,0,0,,,,,,,,,,,540.5,531.75,540,267224,536.5393725031312,538.5638994359922
2024-10-23,539.5,543.5,537.5,542.5,,,0,0,,,,,,,,,,,543.5,537.5,542.5,246005,537.0812477301192,538.7182563208553
2024-10-24,542.25,547.5,541.75,545,,,0,0,,,,,,,,,,,547.5,541.75,545,287987,537.8011343001084,538.9645992102335
2024-10-25,544,544.5,538,538.75,,,0,0,,,,,,,,,,,544.5,538,538.75,247609,537.8873948182803,538.9561835549302
2024-10-28,536.75,538.25,533.5,534.25,,,0,0,,,,,,,,,,,538.25,533.5,534.25,251359,537.556722562073,538.7716273370899
2024-10-29,533.5,538.25,533.5,537.25,,,0,0,,,,,,,,,,,538.25,533.5,537.25,197431,537.5288386927937,538.7119556768118
2024-10-30,536.75,537.75,534.5,535,,,0,0,,,,,,,,,,,537.75,534.5,535,170092,537.298944266176,538.566388787525
2024-10-31,535,536.25,532.75,534.25,,,0,0,,,,,,,,,,,536.25,532.75,534.25,238814,537.0217675147055,538.3971186389947
2024-11-01,534.25,539.25,534,538,,,0,0,,,,,,,,,,,539.25,534,538,197406,537.1106977406414,538.3815453590341
2024-11-04,537.5,543.5,536.5,540,,,0,0,,,,,,,,,,,543.5,536.5,540,219138,537.3733615824012,538.4450141684838
2024-11-05,539.75,543.25,538.75,542,,,0,0,,,,,,,,,,,543.25,538.75,542,167928,537.7939650749103,538.5844253775629
2024-11-06,541.5,550.25,537.75,549.75,,,0,0,,,,,,,,,,,550.25,537.75,549.75,283193,538.8808773408275,539.022291049031
2024-11-07,549.25,552,545.75,551,,,0,0,,,,,,,,,,,552,545.75,551,310584,539.9826157643887,539.4920051255395
2024-11-08,551,558.25,550.25,554.5,,,0,0,,,,,,,,,,,558.25,550.25,554.5,347310,541.3023779676261,540.0805539441459
2024-11-11,553.5,555.5,550,553.5,,,0,0,,,,,,,,,,,555.5,550,553.5,250205,542.4112526978419,540.60680673065
2024-11-12,553.25,557,550.25,552,,,0,0,,,,,,,,,,,557,550.25,552,250503,543.282956998038,541.0535986235657
2024-11-13,552,553.25,547.75,550,,,0,0,,,,,,,,,,,553.25,547.75,550,235165,543.8935972709436,541.4044378932298
2024-11-14,549.5,551.5,541.75,542.5,,,0,0,,,,,,,,,,,551.5,541.75,542.5,292267,543.7669066099487,541.4474011131031
2024-11-15,542.25,548.5,540.5,547.5,,,0,0,,,,,,,,,,,548.5,540.5,547.5,218570,544.106278736317,541.684757932197
2024-11-18,547.25,553,545.75,552.75,,,0,0,,,,,,,,,,,553,545.75,552.75,190964,544.89207157847,542.1186889936795
2024-11-19,552.25,555,550,550.75,,,0,0,,,,,,,,,,,555,550,550.75,215160,545.4246105258818,542.4571717782411
2024-11-20,550.5,555.5,548.25,553.75,,,0,0,,,,,,,,,,,555.5,548.25,553.75,224875,546.181464114438,542.9000277869376
2024-11-21,553.5,555.5,549.75,550.25,,,0,0,,,,,,,,,,,555.5,549.75,550.25,187445,546.5513310131254,543.1882619913714
2024-11-22,550.25,553,548.5,549,,,0,0,,,,,,,,,,,553,548.5,549,159873,546.7739372846594,543.4161732858274
2024-11-25,548.75,549.75,545.75,548.25,,,0,0,,,,,,,,,,,549.75,545.75,548.25,226269,546.9081248042359,543.6057351177558
2024-11-26,547.75,549.25,541.25,543.5,,,0,0,,,,,,,,,,,549.25,541.25,543.5,210241,546.598295276578,543.6015886425497
2024-11-27,543.5,545.75,538.25,539.25,,,0,0,,,,,,,,,,,545.75,538.25,539.25,145009,545.9302684332528,543.4309381075477
2024-11-29,539.25,545,538.5,544.25,,,0,0,,,,,,,,,,,545,538.5,544.25,124100,545.7775167575026,543.4630581817615
2024-12-02,544.25,546.25,541,543.75,,,0,0,,,,,,,,,,,546.25,541,543.75,173212,545.5931970522751,543.4743108020846
2024-12-03,544.25,547.25,542.25,543.5,,,0,0,,,,,,,,,,,547.25,542.25,543.5,150614,545.4029064111592,543.4753182216107
2024-12-04,543.25,544.75,540.75,541.25,,,0,0,,,,,,,,,,,544.75,540.75,541.25,138433,545.0253694646901,543.3880508403711
2024-12-05,540.75,547.25,539.5,546.25,,,0,0,,,,,,,,,,,547.25,539.5,546.25,164265,545.1366995133546,543.5002841407487
2024-12-06,546.25,551.75,545.75,551.25,,,0,0,,,,,,,,,,,551.75,545.75,551.25,216789,545.6924541030497,543.8041945666017
2024-12-09,550.5,553.25,548.75,553,,,0,0,,,,,,,,,,,553.25,548.75,553,228237,546.3567764573179,544.1648143875193
2024-12-10,552.25,561.25,552,560.25,,,0,0,,,,,,,,,,,561.25,552,560.25,296082,547.61979677938,544.7956059801656
2024-12-11,559.25,562.5,559,559.5,,,0,0,,,,,,,,,,,562.5,559,559.5,265284,548.6998152539818,545.3722488829043
2024-12-12,559,559.25,553.75,554.75,,,0,0,,,,,,,,,,,559.25,553.75,554.75,224320,549.2498320490744,545.7400038286727
2024-12-13,554.75,555.5,551.25,553.25,,,0,0,,,,,,,,,,,555.5,551.25,553.25,170867,549.6134836809767,546.0345134824503
2024-12-16,552.5,557,552.5,556.25,,,0,0,,,,,,,,,,,557,552.5,556.25,157167,550.2168033463425,546.435120796864
2024-12-17,556.25,558,552.5,554.75,,,0,0,,,,,,,,,,,558,552.5,554.75,164416,550.6289121330386,546.7611944911047
2024-12-18,555,557.75,548.25,548.5,,,0,0,,,,,,,,,,,557.75,548.25,548.5,176178,550.4353746663987,546.8293829424339
2024-12-19,548.25,552.25,547,552,,,0,0,,,,,,,,,,,552.25,547,552,182519,550.5776133330897,547.032152238809
2024-12-20,551,558.75,550.75,557.5,,,0,0,,,,,,,,,,,558.75,550.75,557.5,191422,551.2069212118997,547.4426560725811
2024-12-23,557.25,559.5,556.5,559,,,0,0,,,,,,,,,,,559.5,556.5,559,132878,551.9153829199089,547.8958852462055
2024-12-24,558.5,560,558,559.75,,,0,0,,,,,,,,,,,560,558,559.75,88153,552.6276208362808,548.3607524914523
2024-12-26,559.75,565.5,559.75,565,,,0,0,,,,,,,,,,,565.5,559.75,565,176165,553.752382578437,549.0132720015914
2024-12-27,564.5,566.25,563.5,565.25,,,0,0,,,,,,,,,,,566.25,563.5,565.25,162024,554.7976205258518,549.6500064329016
2024-12-30,565,569.75,561,563.5,,,0,0,,,,,,,,,,,569.75,561,563.5,217069,555.5887459325926,550.1931434355329
2024-12-31,563.5,570.25,563.25,569.75,,,0,0,,,,,,,,,,,570.25,563.25,569.75,172882,556.8761326659933,550.9600789870806
2025-01-02,568.5,571,567.5,570.75,,,0,0,,,,,,,,,,,571,567.5,570.75,163449,558.1373933327212,551.7361543209206
2025-01-03,570.75,571,560.5,562,,,0,0,,,,,,,,,,,571,560.5,562,199340,558.4885393933829,552.1386580730414
2025-01-06,562.75,571.5,562.75,569,,,0,0,,,,,,,,,,,571.5,562.75,569,227403,559.4441267212571,552.7998871682162
2025-01-07,567.25,569.75,564.25,569.25,,,0,0,,,,,,,,,,,569.75,564.25,569.25,211629,560.3355697465973,553.4449896322077
2025-01-08,569,570.5,564.75,565.25,,,0,0,,,,,,,,,,,570.5,564.75,565.25,192588,560.7823361332703,553.9079312152584
2025-01-09,565.25,568.5,564.75,567.25,,,0,0,,,,,,,,,,,568.5,564.75,567.25,157712,561.3703055757003,554.4311495989738
2025-01-10,567.25,583.75,567,581.75,,,0,0,,,,,,,,,,,583.75,567,581.75,467086,563.2230050688185,555.5024770656806
2025-01-13,581,588.25,580.5,587.75,,,0,0,,,,,,,,,,,588.25,580.5,587.75,376883,565.4527318807441,556.767085808203
2025-01-14,586.75,591,584.75,585.75,,,0,0,,,,,,,,,,,591,584.75,585.75,278017,567.2979380734037,557.9036706784696
2025-01-15,585.5,590.75,585.25,590,,,0,0,,,,,,,,,,,590.75,585.25,590,218140,569.3617618849124,559.162350259706
2025-01-16,590,590.25,584.5,585.75,,,0,0,,,,,,,,,,,590.25,584.5,585.75,209824,570.8516017135568,560.205003190698
2025-01-17,585.25,596.25,585.25,595.5,,,0,0,,,,,,,,,,,596.25,585.25,595.5,305007,573.0923651941425,561.5891207126314
2025-01-21,595.5,601.75,593.75,601.25,,,0,0,,,,,,,,,,,601.75,593.75,601.25,295105,575.6521501764933,563.144449312136
2025-01-22,600.75,603.5,593.75,595.5,,,0,0,,,,,,,,,,,603.5,593.75,595.5,264538,577.4565001604484,564.4132944371503
2025-01-23,595.5,605.75,591.75,601,,,0,0,,,,,,,,,,,605.75,591.75,601,250550,579.5968183276804,565.8480672043208
2025-01-24,598.25,600.75,594.75,597.75,,,0,0,,,,,,,,,,,600.75,594.75,597.75,208959,581.2471075706185,567.0991233923867
2025-01-27,595.75,596,589,593.25,,,0,0,,,,,,,,,,,596,589,593.25,216234,582.3382796096531,568.1246479652342
2025-01-28,593.5,600.5,592.25,596.5,,,0,0,,,,,,,,,,,600.5,592.25,596.5,225855,583.6257087360483,569.2374068685583
2025-01-29,596.25,608.75,596.25,608.25,,,0,0,,,,,,,,,,,608.75,596.25,608.25,277207,585.8642806691348,570.767312481556
2025-01-30,607.5,608.25,601.25,601.5,,,0,0,,,,,,,,,,,608.25,601.25,601.5,218110,587.2857096992135,571.9725159136518
2025-01-31,599.5,600,590.5,593.25,,,0,0,,,,,,,,,,,600,590.5,593.25,318483,587.8279179083759,572.8069270542929
2025-02-03,588,602.25,583.75,600,,,0,0,,,,,,,,,,,602.25,583.75,600,322166,588.9344708257962,573.8733220717717
2025-02-04,599.25,608.5,598.5,605.75,,,0,0,,,,,,,,,,,608.5,598.5,605.75,279780,590.4631552961783,575.1233878728787
2025-02-05,605.25,609.75,601,604.5,,,0,0,,,,,,,,,,,609.75,601,604.5,226004,591.7392320874349,576.2754118778638
2025-02-06,604.5,607.75,597.25,606.5,,,0,0,,,,,,,,,,,607.75,597.25,606.5,299134,593.0811200794863,577.4606898434378
2025-02-07,606.75,607.75,596.75,598.75,,,0,0,,,,,,,,,,,607.75,596.75,598.75,287303,593.596472799533,578.2955647515382
2025-02-10,597,604,593.5,602.75,,,0,0,,,,,,,,,,,604,593.5,602.75,250904,594.4286116359391,579.2545622122622
2025-02-11,603,608.25,594.5,595.25,,,0,0,,,,,,,,,,,608.25,594.5,595.25,311257,594.5032833053991,579.8818342823695
2025-02-12,595,603.5,592.75,601.5,,,0,0,,,,,,,,,,,603.5,592.75,601.5,271391,595.1393484594538,580.7296054869825
2025-02-13,601,605.5,596.5,604.75,,,0,0,,,,,,,,,,,605.5,596.5,604.75,269316,596.0130440540489,581.6715817423949
2025-02-14,604.25,611,603.75,607.5,,,0,0,,,,,,,,,,,611,603.75,607.5,195600,597.0573127764081,582.6844608897519
2025-02-18,607.5,615.5,604.5,613.25,,,0,0,,,,,,,,,,,615.5,604.5,613.25,238775,598.5293752512802,583.8831094823106
2025-02-19,613.25,615.75,607.5,608.75,,,0,0,,,,,,,,,,,615.75,607.5,608.75,210080,599.4585229557092,584.8582816594749
2025-02-20,609,614.5,608.75,609.25,,,0,0,,,,,,,,,,,614.5,608.75,609.25,163804,600.3486572324629,585.8148196336131
2025-02-21,609.25,610.75,601.25,602.5,,,0,0,,,,,,,,,,,610.75,601.25,602.5,209485,600.5442338476935,586.4691404322949
2025-02-24,601.25,602.25,592.75,593.75,,,0,0,,,,,,,,,,,602.25,592.75,593.75,189315,599.9265762251758,586.7546643369108
2025-02-25,594.5,595.75,585.5,591,,,0,0,,,,,,,,,,,595.75,585.5,591,116438,599.1150692956144,586.9211480884045
2025-02-26,591.5,596.25,588.25,589.5,,,0,0,,,,,,,,,,,596.25,588.25,589.5,101750,598.2409720869222,587.0222795359181
2025-02-27,589.5,592.5,575,576,,,0,0,,,,,,,,,,,592.5,575,576,86413,596.2190655335656,586.5900332796076
2025-02-28,576.25,578.75,564,564.5,,,0,0,,,,,,,,,,,578.75,564,564.5,287883,593.3355141214233,585.7237574647211
2025-03-03,564.75,567.75,549.5,551.25,,,0,0,,,,,,,,,,,567.75,549.5,551.25,353207,589.509558292203,584.3718454072811
2025-03-04,551,554.25,537.5,546.5,,,0,0,,,,,,,,,,,554.25,537.5,546.5,391274,585.5995984474573,582.8866749991524
2025-03-05,549.5,555.5,543.5,550.75,,,0,0,,,,,,,,,,,555.5,543.5,550.75,277827,582.431453134052,581.6264132344797
2025-03-06,552,568.5,547.75,559,,,0,0,,,,,,,,,,,568.5,547.75,559,313858,580.3013210309564,580.7391029115589
2025-03-07,559.75,566,555.75,564.25,,,0,0,,,,,,,,,,,566,555.75,564.25,191869,578.8421100281422,580.0924714248312
2025-03-10,564.5,569.75,561.5,567,,,0,0,,,,,,,,,,,569.75,561.5,567,158427,577.7655545710384,579.5790411728769
2025-03-11,567,572.5,564,565.25,,,0,0,,,,,,,,,,,572.5,564,565.25,189880,576.6277768827622,579.0171179896269
2025-03-12,564.25,567,551.25,555.75,,,0,0,,,,,,,,,,,567,551.25,555.75,231919,574.7297971661475,578.1046819900337
2025-03-13,556.5,565,554.5,560.25,,,0,0,,,,,,,,,,,565,554.5,560.25,189221,573.413451969225,577.4044983825813
2025-03-14,558.25,558.5,551.5,553.5,,,0,0,,,,,,,,,,,558.5,551.5,553.5,242039,571.6031381538409,576.4670670734605
2025-03-17,555,560.5,552.25,556,,,0,0,,,,,,,,,,,560.5,552.25,556,180875,570.1846710489463,575.6644369921484
2025-03-18,556,557.5,550.25,553.75,,,0,0,,,,,,,,,,,557.5,550.25,553.75,177170,568.6906100444966,574.8050473061818
2025-03-19,553.25,558,550.75,557,,,0,0,,,,,,,,,,,558,550.75,557,185225,567.6278273131787,574.1068101569198
2025-03-20,557,565.25,557,564,,,0,0,,,,,,,,,,,565.25,557,564,219751,567.2980248301625,573.71046466057
2025-03-21,562.25,564.75,556.25,559.25,,,0,0,,,,,,,,,,,564.75,556.25,559.25,182427,566.5663862092387,573.1433876150575
2025-03-24,560,561.25,554.5,559.5,,,0,0,,,,,,,,,,,561.25,554.5,559.5,125182,565.9239874629442,572.6083528066239
2025-03-25,559.5,559.75,552,552.75,,,0,0,,,,,,,,,,,559.75,552,552.75,148189,564.7263522390401,571.8295938730308
2025-03-26,553.75,556,545.75,546.25,,,0,0,,,,,,,,,,,556,545.75,546.25,154487,563.0466838536728,570.8264725446767
2025-03-27,546.75,547.75,542.25,545,,,0,0,,,,,,,,,,,547.75,542.25,545,206960,561.4060762306116,569.8136696997874
2025-03-28,545.25,549,537,548.25,,,0,0,,,,,,,,,,,549,537,548.25,206960,560.210069300556,568.9680355939133
2025-03-31,548,554.25,539,552.25,,,0,0,,,,,,,,,,,554.25,539,552.25,282804,559.4864266368692,568.3124263549363
2025-04-01,552.75,560,549,556.75,,,0,0,,,,,,,,,,,560,549,556.75,179571,559.2376605789719,567.858997870429
2025-04-02,555.25,555.75,549,552.75,,,0,0,,,,,,,,,,,555.75,549,552.75,159591,558.6478732536109,567.26648815002
2025-04-03,545,557.25,542.5,552.5,,,0,0,,,,,,,,,,,557.25,542.5,552.5,212888,558.0889756851008,566.6874101833525
2025-04-04,552.75,557.5,544.25,555.25,,,0,0,,,,,,,,,,,557.5,544.25,555.25,188075,557.8308869864552,566.2388842938093
2025-04-07,551,562.5,549.25,559.5,,,0,0,,,,,,,,,,,562.5,549.25,559.5,212888,557.9826245331411,565.974614321503
2025-04-08,559.5,564.75,557.75,564,,,0,0,,,,,,,,,,,564.75,557.75,564,216782,558.529658666492,565.8971784657579
2025-04-09,563,570.5,560.75,569,,,0,0,,,,,,,,,,,570.5,560.75,569,255177,559.481507878629,566.0188577416105
2025-04-10,568.25,579,568,578,,,0,0,,,,,,,,,,,579,568,578,326270,561.16500716239,566.4887064576258
2025-04-11,577,585.75,576.75,585.25,,,0,0,,,,,,,,,,,585.75,576.75,585.25,255857,563.354551965809,567.2244434592875
2025-04-14,584,585.25,579.25,580,,,0,0,,,,,,,,,,,585.25,579.25,580,284335,564.8677745143718,567.7254456765703
2025-04-15,580,583.75,574,576.25,,,0,0,,,,,,,,,,,583.75,574,576.25,201393,565.9025222857925,568.0597419245479
2025-04-16,576.25,582,574.25,579.25,,,0,0,,,,,,,,,,,582,574.25,579.25,178411,567.1159293507205,568.4985755745656
2025-04-17,578.25,581.5,576.5,577.25,,,0,0,,,,,,,,,,,581.5,576.5,577.25,117566,568.0372085006551,568.8417686892885
2025-04-21,578.25,582.25,576.25,576.75,,,0,0,,,,,,,,,,,582.25,576.25,576.75,117566,568.829280455141,569.1518954073556
2025-04-22,576.75,578,570,570.75,,,0,0,,,,,,,,,,,578,570,570.75,128840,569.0038913228555,569.2145661756946
2025-04-23,571.25,572,565.25,567,,,0,0,,,,,,,,,,,572,565.25,567,152079,568.821719384414,569.1277204433144
2025-04-24,567.25,573.5,567.25,572.25,,,0,0,,,,,,,,,,,573.5,567.25,572.25,146915,569.1333812585582,569.2501627788707
2025-04-25,572,575.75,571.75,573.75,,,0,0,,,,,,,,,,,575.75,571.75,573.75,102900,569.5530738714166,569.4266269836208
2025-04-28,572,573.75,564.5,570.5,,,0,0,,,,,,,,,,,573.75,564.5,570.5,129454,569.6391580649241,569.4687200430867
2025-04-29,570.5,572.25,555.25,555.5,,,0,0,,,,,,,,,,,572.25,555.25,555.5,176588,568.3537800590219,568.9209271002205
2025-04-30,556,563.75,553.75,560.75,,,0,0,,,,,,,,,,,563.75,553.75,560.75,318620,567.6625273263836,568.6004985864864
2025-05-01,560.25,565.25,555.25,557.5,,,0,0,,,,,,,,,,,565.25,555.25,557.5,154904,566.7386612058033,568.1651849164282
2025-05-02,557.5,562.25,553.5,554.25,,,0,0,,,,,,,,,,,562.25,553.5,554.25,152085,565.6033283689121,567.6194913902938
2025-05-05,554.25,556,538.5,539.5,,,0,0,,,,,,,,,,,556,538.5,539.5,163656,563.2302985171929,566.5167662377332
2025-05-06,540,542.5,537.75,540.75,,,0,0,,,,,,,,,,,542.5,537.75,540.75,270570,561.1866350156299,565.5063048166456
2025-05-07,542.25,548.75,533.75,534.5,,,0,0,,,,,,,,,,,548.75,533.75,534.5,218024,558.7605772869363,564.2903712944243
2025-05-08,535.25,537.25,527.5,532.75,,,0,0,,,,,,,,,,,537.25,527.5,532.75,256171,556.3959793517603,563.0534939887606
2025-05-09,534.25,540.25,532.25,535,,,0,0,,,,,,,,,,,540.25,532.25,535,164273,554.450890319782,561.9533569695935
2025-05-12,538.25,544,531,533.25,,,0,0,,,,,,,,,,,544,531,533.25,179566,552.5235366543474,560.8277351276487
2025-05-13,533.25,533.25,521.75,527.75,,,0,0,,,,,,,,,,,533.25,521.75,527.75,219722,550.2713969584976,559.5305690442115
2025-05-14,528.25,533,523.75,530.75,,,0,0,,,,,,,,,,,533,523.75,530.75,241737,548.496724507725,558.4019192777718
2025-05-15,530,535.75,528.75,533.75,,,0,0,,,,,,,,,,,535.75,528.75,533.75,191182,547.156113188841,557.4351773453101
2025-05-16,534.25,536.75,528,528.75,,,0,0,,,,,,,,,,,536.75,528,528.75,158513,545.4828301716736,556.3102684298077
2025-05-19,528.75,535,528.25,532.75,,,0,0,,,,,,,,,,,535,528.25,532.75,173410,544.325300156067,555.3863363345212
2025-05-20,532,540.75,530,539.75,,,0,0,,,,,,,,,,,540.75,530,539.75,179623,543.9093637782427,554.7731466743438
2025-05-21,539.75,547.25,538.75,546.25,,,0,0,,,,,,,,,,,547.25,538.75,546.25,194894,544.1221488893115,554.4389056282911
2025-05-22,544.5,550,541.75,548.25,,,0,0,,,,,,,,,,,550,541.75,548.25,192800,544.4974080811922,554.1962034467895
2025-05-23,548,549.75,540.25,544.75,,,0,0,,,,,,,,,,,549.75,540.25,544.75,150730,544.520370982902,553.825764095935
2025-05-27,544.25,548.25,541.25,544.75,,,0,0,,,,,,,,,,,548.25,541.25,544.75,153148,544.5412463480927,553.4698517784474
2025-05-28,544.75,548.25,535.25,536.25,,,0,0,,,,,,,,,,,548.25,535.25,536.25,196402,543.7874966800842,552.7945634734102
2025-05-29,537.5,538.25,528.75,532.25,,,0,0,,,,,,,,,,,538.25,528.75,532.25,157586,542.7386333455312,551.9888943175902
2025-05-30,532.25,534.75,528.25,529.25,,,0,0,,,,,,,,,,,534.75,528.25,529.25,140113,541.5123939504829,551.0971729718024
2025-06-02,529.25,536.25,523,523.5,,,0,0,,,,,,,,,,,536.25,523,523.5,211154,539.874903591348,550.0149308944768
2025-06-03,523.5,527.75,519.5,523.75,,,0,0,,,,,,,,,,,527.75,519.5,523.75,209493,538.4090032648618,548.9849336044973
2025-06-04,523.75,531.25,522.75,524,,,0,0,,,,,,,,,,,531.25,522.75,524,220751,537.0990938771471,548.0051322866739
2025-06-05,523.75,528,518.5,524.75,,,0,0,,,,,,,,,,,528,518.5,524.75,229798,535.9764489792246,547.0931663146474
2025-06-06,523.5,530.25,520.25,527.75,,,0,0,,,,,,,,,,,530.25,520.25,527.75,229798,535.2285899811133,546.3346107728966
2025-06-09,527.5,531,518,518.75,,,0,0,,,,,,,,,,,531,518,518.75,185861,533.7305363464666,545.2528613308222
2025-06-10,518.75,524.75,514.5,524,,,0,0,,,,,,,,,,,524.75,514.5,524,245097,532.8459421331514,544.4194157884369
2025-06-11,524.25,530,521.25,522.25,,,0,0,,,,,,,,,,,530,521.25,522.25,201677,531.8826746665013,543.5500269339884
2025-06-12,521.75,527,520.5,523.75,,,0,0,,,,,,,,,,,527,520.5,523.75,190442,531.1433406059103,542.7735552895183
2025-06-13,523.5,530.5,520.25,529.75,,,0,0,,,,,,,,,,,530.5,520.25,529.75,159758,531.0166732781003,542.2628276311058
2025-06-16,529.25,531.75,516.5,520,,,0,0,,,,,,,,,,,531.75,516.5,520,177619,530.0151575255456,541.3897755671409
2025-06-17,520,522.75,514.75,516.75,,,0,0,,,,,,,,,,,522.75,514.75,516.75,231168,528.8092341141324,540.4235098586255
2025-06-18,516.75,519.75,515.25,518.75,,,0,0,,,,,,,,,,,519.75,515.25,518.75,81382,527.894758285575,539.5735682955421
2025-06-20,518.25,520.25,513.5,514,,,0,0,,,,,,,,,,,520.25,513.5,514,146489,526.6315984414318,538.5706832643444
2025-06-23,515.25,516,502.5,504.5,,,0,0,,,,,,,,,,,516,502.5,504.5,197265,524.6196349467563,537.2345780382917
2025-06-24,504.25,507.75,500.25,501.5,,,0,0,,,,,,,,,,,507.75,500.25,501.5,192057,522.5178499515966,535.8332220367901
2025-06-25,500.75,502.75,493.25,495.5,,,0,0,,,,,,,,,,,502.75,493.25,495.5,144137,520.0616817741787,534.2515270549552
2025-06-26,495.25,499.75,493.25,494.75,,,0,0,,,,,,,,,,,499.75,493.25,494.75,159014,517.760619794708,532.702447562604
2025-06-27,495,503,495,502.25,,,0,0,,,,,,,,,,,503,495,502.25,189078,516.3505634497345,531.508233932698
2025-06-30,501.75,504.5,496.25,500,,,0,0,,,,,,,,,,,504.5,496.25,500,161235,514.8641485906677,530.2726169157294
2025-07-01,499,499.5,491,496.75,,,0,0,,,,,,,,,,,499.5,491,496.75,147773,513.2174078096979,528.9580044876616
2025-07-02,496.5,509.5,492.75,508.75,,,0,0,,,,,,,,,,,509.5,492.75,508.75,165858,512.8112798269981,528.1655337234396
2025-07-03,508,517,508,511,,,0,0,,,,,,,,,,,517,508,511,153367,512.6466180245437,527.4923755382066
2025-07-07,503,503.75,493.25,494.25,,,0,0,,,,,,,,,,,503.75,493.25,494.25,163226,510.9741982041307,526.1887529680808
2025-07-08,494.25,494.5,487.5,488.75,,,0,0,,,,,,,,,,,494.5,487.5,488.75,199608,508.9538165492097,524.7205665771758
2025-07-09,488.75,491.75,487,490,,,0,0,,,,,,,,,,,491.75,487,490,177946,507.23074231746335,523.358975731012
2025-07-10,489.75,491.25,487,490,,,0,0,,,,,,,,,,,491.25,487,490,132798,505.66431119769396,522.0507806043057
2025-07-11,489.25,492.25,485.25,486.75,,,0,0,,,,,,,,,,,492.25,485.25,486.75,145838,503.94482836154,520.666436266882
2025-07-14,485.25,491.75,482,490.75,,,0,0,,,,,,,,,,,491.75,482,490.75,170331,502.7452985104909,519.4932426877886
2025-07-15,490.25,497,485.75,492,,,0,0,,,,,,,,,,,497,485.75,492,182568,501.7684531913554,518.4150763078753
2025-07-16,490.75,498,490.75,496,,,0,0,,,,,,,,,,,498,490.75,496,163241,501.24404835577764,517.5360537075665
2025-07-17,495.75,497.75,491,492.75,,,0,0,,,,,,,,,,,497.75,491,492.75,103691,500.47186214161604,516.5640516013874
2025-07-18,493.75,501.75,493.25,499.25,,,0,0,,,,,,,,,,,501.75,493.25,499.25,111444,500.3607837651055,515.8850691856467
2025-07-21,497.25,499.5,491,494.5,,,0,0,,,,,,,,,,,499.5,491,494.5,112066,499.827985241005,515.0464390215037
2025-07-22,495.25,496.75,489.25,490,,,0,0,,,,,,,,,,,496.75,489.25,490,114958,498.9345320372773,514.0642257265428
2025-07-23,490,492.5,488,489.25,,,0,0,,,,,,,,,,,492.5,488,489.25,92982,498.0541200338884,513.0911188353058
2025-07-24,489,495,489,492.5,,,0,0,,,,,,,,,,,495,489,492.5,111447,497.54920003080764,512.2836239790192
2025-07-25,492.25,493.75,489,490.25,,,0,0,,,,,,,,,,,493.75,489,490.25,81912,496.8856363916433,511.4195602935675
2025-07-28,489.75,490.75,482.75,484.5,,,0,0,,,,,,,,,,,490.75,482.75,484.5,141670,495.75966944694846,510.36389126244717
2025-07-29,482.75,485,478.5,480,,,0,0,,,,,,,,,,,485,478.5,480,147907,494.3269722244986,509.1731504286257
2025-07-30,479.75,484.25,479,482.5,,,0,0,,,,,,,,,,,484.25,479,482.5,132091,493.2517929313624,508.1271445294639
2025-07-31,482,485.5,478.75,484.75,,,0,0,,,,,,,,,,,485.5,478.75,484.75,124175,492.4789026648749,507.2103937636026
2025-08-01,484.75,487,479.5,480.25,,,0,0,,,,,,,,,,,487,479.5,480.25,111475,491.3671842407954,506.15312341993194
2025-08-04,480.25,483.25,477.25,477.75,,,0,0,,,,,,,,,,,483.25,477.25,477.75,133486,490.1292584007231,505.0392754426797
2025-08-05,477,477.5,471.25,472.25,,,0,0,,,,,,,,,,,477.5,471.25,472.25,166267,488.5038712733846,503.7534215037511
2025-08-06,471.75,472,465.75,470.5,,,0,0,,,,,,,,,,,472,465.75,470.5,151730,486.86715570307695,502.44936575850596
2025-08-07,470.5,476.75,470.5,475.25,,,0,0,,,,,,,,,,,476.75,470.5,475.25,125922,485.81105063916084,501.3827239640548
2025-08-08,474.75,480,472.75,473.5,,,0,0,,,,,,,,,,,480,472.75,473.5,174531,484.6918642174189,500.2892838086016
2025-08-11,473.25,477.75,471.25,475.75,,,0,0,,,,,,,,,,,477.75,471.25,475.75,180486,483.8789674703808,499.32695895336235
2025-08-12,475.25,475.5,459.5,462.25,,,0,0,,,,,,,,,,,475.5,459.5,462.25,252732,481.9126977003462,497.87296056303444
2025-08-13,462.25,466.75,461.5,464.75,,,0,0,,,,,,,,,,,466.75,461.5,464.75,167774,480.35245245486016,496.5740209331115
2025-08-14,464,467.5,460.25,465.75,,,0,0,,,,,,,,,,,467.5,460.25,465.75,112000,479.0249567771456,495.3652357984797
2025-08-15,466.25,475,465.25,474.5,,,0,0,,,,,,,,,,,475,465.25,474.5,106122,478.61359707013236,494.5469912573629
2025-08-18,473.75,475.5,470,473.75,,,0,0,,,,,,,,,,,475.5,470,473.75,104730,478.1714518819385,493.7314229727604
2025-08-19,473.75,473.75,468.5,470.25,,,0,0,,,,,,,,,,,473.75,468.5,470.25,79845,477.45131989267134,492.81058285618155
2025-08-20,470.25,473,469,470.75,,,0,0,,,,,,,,,,,473,469,470.75,109776,476.8421089933376,491.9454619598607
2025-08-21,470.5,480.25,470,478,,,0,0,,,,,,,,,,,480.25,470,478,99764,476.9473718121251,491.3985810986897
2025-08-22,478,480,476.25,479,,,0,0,,,,,,,,,,,480,476.25,479,108358,477.13397437465915,490.91236223207443
2025-08-25,480,484.75,479,480,,,0,0,,,,,,,,,,,484.75,479,480,123992,477.39452215878106,490.4844264582676
2025-08-26,479.75,482.75,477.5,478.25,,,0,0,,,,,,,,,,,482.75,477.5,478.25,170218,477.4722928716191,490.0046450285316
2025-08-27,477.75,478.25,472.5,473.25,,,0,0,,,,,,,,,,,478.25,472.5,473.25,108482,477.0884480651083,489.34760012545195
2025-08-28,473.25,478.25,470.75,477.25,,,0,0,,,,,,,,,,,478.25,470.75,477.25,277558,477.1031346046439,488.8731844342578
2025-08-29,477.25,487.75,477,487.5,,,0,0,,,,,,,,,,,487.75,477,487.5,277558,478.0483041860399,488.81933406428686
2025-09-02,485.25,490.75,481.25,490.25,,,0,0,,,,,,,,,,,490.75,481.25,490.25,246406,479.15754926003626,488.8754386107854
2025-09-03,490.25,491.5,483.5,485.25,,,0,0,,,,,,,,,,,491.5,483.5,485.25,187053,479.7114084182148,488.73326454761735
2025-09-04,485.25,488.25,481.5,487,,,0,0,,,,,,,,,,,488.25,481.5,487,166147,480.3740076529225,488.6652933888873
2025-09-05,487.25,492,484.5,485.25,,,0,0,,,,,,,,,,,492,484.5,485.25,166147,480.817279684475,488.53136031481324
2025-09-08,484.25,489.5,482.25,489,,,0,0,,,,,,,,,,,489.5,482.25,489,133439,481.56116334952276,488.54973834168334
2025-09-09,488,489.75,486.25,487,,,0,0,,,,,,,,,,,489.75,486.25,487,116928,482.0556030450207,488.4889642890683
2025-09-10,486.5,487.25,484,484.25,,,0,0,,,,,,,,,,,487.25,484,484.25,98507,482.25509367729154,488.3227303953793
2025-09-11,484.25,488.5,483.75,487,,,0,0,,,,,,,,,,,488.5,483.75,487,138704,482.68644879753776,488.2708586151684
2025-09-12,487,497.5,484.25,497.25,,,0,0,,,,,,,,,,,497.5,484.25,497.25,343075,484.0104079977616,488.6229818067304
2025-09-15,493.5,495.75,489.25,490.5,,,0,0,,,,,,,,,,,495.75,489.25,490.5,192792,484.600370907056,488.6965903633292
2025-09-16,490.25,498.5,490.25,496.75,,,0,0,,,,,,,,,,,498.5,490.25,496.75,178779,485.70488264277816,489.012410349081
2025-09-17,496,498.5,492.75,494,,,0,0,,,,,,,,,,,498.5,492.75,494,146851,486.4589842207074,489.2080021000974
2025-09-18,493.75,495.25,490.75,491,,,0,0,,,,,,,,,,,495.25,490.75,491,162409,486.8718038370067,489.27827652754456
2025-09-19,491.25,497,489.5,491.25,,,0,0,,,,,,,,,,,497,489.5,491.25,162409,487.26982167000614,489.35559901666045
2025-09-22,491.25,492,485.5,489,,,0,0,,,,,,,,,,,492,485.5,489,189769,487.4271106090965,489.34165395718355
2025-09-23,489,493.75,486,493.5,,,0,0,,,,,,,,,,,493.75,486,493.5,145931,487.979191462815,489.5047263510195
2025-09-24,492.25,494.75,490.75,491.5,,,0,0,,,,,,,,,,,494.75,490.75,491.5,134256,488.29926496619544,489.5829723764697
2025-09-25,491,495.5,490.75,493,,,0,0,,,,,,,,,,,495.5,490.75,493,146851,488.72660451472314,489.71697345974536
2025-09-26,492.5,493,488.5,489.25,,,0,0,,,,,,,,,,,493,488.5,489.25,114153,488.77418592247557,489.69866077504946
2025-09-29,488.25,490,486,488.75,,,0,0,,,,,,,,,,,490,486,488.75,146154,488.7719872022505,489.6614583917142
2025-09-30,488.5,488.75,481.25,482.75,,,0,0,,,,,,,,,,,488.75,481.25,482.75,279177,488.22453382022775,489.3904208077254
2025-10-01,483,486.75,477.75,483.75,,,0,0,,,,,,,,,,,486.75,477.75,483.75,285170,487.8177580183889,489.1692278348734
2025-10-02,484.5,489.75,482,489,,,0,0,,,,,,,,,,,489.75,482,489,192896,487.9252345621717,489.1625914491921
2025-10-03,488,490.25,485.75,486.25,,,0,0,,,,,,,,,,,490.25,485.75,486.25,179524,487.77294051106514,489.0483721766748
2025-10-06,486.25,489.75,484.5,489,,,0,0,,,,,,,,,,,489.75,484.5,489,141859,487.8844913736956,489.0464752285699
2025-10-07,488.75,491.75,486.25,487,,,0,0,,,,,,,,,,,491.75,486.25,487,219828,487.804083066996,488.96622129803774
2025-10-08,486.5,490,485.75,489.25,,,0,0,,,,,,,,,,,490,485.75,489.25,167360,487.9355300609054,488.9773498745853
2025-10-09,489.25,490.5,485.25,485.5,,,0,0,,,,,,,,,,,490.5,485.25,485.5,207206,487.71411823718677,488.8409832128368
2025-10-10,485.5,486.5,479.5,480.25,,,0,0,,,,,,,,,,,486.5,479.5,480.25,206308,487.0355620338062,488.50408191037263
2025-10-13,480.25,482.25,477.75,478,,,0,0,,,,,,,,,,,482.25,477.75,478,233653,486.21414730346015,488.0921571295737
2025-10-14,478,480.75,476.5,480.25,,,0,0,,,,,,,,,,,480.75,476.5,480.25,192433,485.6719520940547,487.78462155586493
2025-10-15,480,485.75,478.5,484,,,0,0,,,,,,,,,,,485.75,478.5,484,195171,485.51995644914064,487.6362050242624
2025-10-16,484,490.75,483.5,489,,,0,0,,,,,,,,,,,490.75,483.5,489,304262,485.8363240446733,487.6896871801737
2025-10-17,488.5,492,488.25,489.75,,,0,0,,,,,,,,,,,492,488.25,489.75,185452,486.1921127678848,487.7704837613433
2025-10-20,489.75,491.25,486.75,490.5,,,0,0,,,,,,,,,,,491.25,486.75,490.5,179465,486.5837388798953,487.8775236138396
2025-10-21,490.5,491.75,485.75,487,,,0,0,,,,,,,,,,,491.75,485.75,487,181051,486.6215807999048,487.8431109231008
2025-10-22,487,491.25,485.75,490.25,,,0,0,,,,,,,,,,,491.25,485.75,490.25,186819,486.95143709082254,487.93749873003804
2025-10-23,490.25,495.75,488.25,495.25,,,0,0,,,,,,,,,,,495.75,488.25,495.25,211852,487.70585190074775,488.2242634857228
2025-10-24,494.5,494.75,490.25,490.5,,,0,0,,,,,,,,,,,494.75,490.25,490.5,211852,487.95986536431616,488.31350805491013
2025-10-27,494.25,499,493.25,496,,,0,0,,,,,,,,,,,499,493.25,496,295622,488.69078669483287,488.6149391115803
2025-10-28,495.25,503.5,494.5,499.25,,,0,0,,,,,,,,,,,503.5,494.5,499.25,378016,489.6507151771208,489.0320003228909
2025-10-29,498.5,502.25,497.25,501.25,,,0,0,,,,,,,,,,,502.25,497.25,501.25,239879,490.7051956155644,489.51113756513047
2025-10-30,501.25,504.25,495,497.5,,,0,0,,,,,,,,,,,504.25,495,497.5,301183,491.3229051050585,489.82442628806655
2025-10-31,496.5,499.5,493.75,498.75,,,0,0,,,,,,,,,,,499.5,493.75,498.75,182315,491.99809555005316,490.17444878657375
2025-11-03,498.25,502.25,495,501.5,,,0,0,,,,,,,,,,,502.25,495,501.5,228945,492.86190504550285,490.61858804984536
2025-11-04,501.25,501.75,496.5,498.75,,,0,0,,,,,,,,,,,501.75,496.5,498.75,183033,493.39718640500257,490.9374669498514
2025-11-05,497.75,503.25,496,502.5,,,0,0,,,,,,,,,,,503.25,496,502.5,178530,494.2247149136387,491.3908996184847
2025-11-06,501.75,502,495.5,496,,,0,0,,,,,,,,,,,502,495.5,496,228266,494.3861044669443,491.5716486530539
2025-11-07,495.75,497.75,494,494.5,,,0,0,,,,,,,,,,,497.75,494,494.5,186066,494.396458606313,491.68648596077725
2025-11-10,494,498.5,493.5,497,,,0,0,,,,,,,,,,,498.5,493.5,497,220392,494.63314418755726,491.89485906035463
2025-11-11,496.25,500,495.75,499.25,,,0,0,,,,,,,,,,,500,495.75,499.25,221848,495.0528583523248,492.18329595994857
2025-11-12,498.75,503.25,498.25,502.5,,,0,0,,,,,,,,,,,503.25,498.25,502.5,271699,495.72987122938616,492.5878725889702
2025-11-13,502,510,501.25,508.75,,,0,0,,,,,,,,,,,510,501.25,508.75,400924,496.913519299442,493.22168150704977
2025-11-14,508.75,510,496.75,497.5,,,0,0,,,,,,,,,,,510,496.75,497.5,388692,496.96683572676545,493.38945870285175
2025-11-17,497,504.5,495.75,502,,,0,0,,,,,,,,,,,504.5,495.75,502,219642,497.42439611524134,493.72712698901444
2025-11-18,502,505.75,500.5,504,,,0,0,,,,,,,,,,,505.75,500.5,504,162294,498.022178286583,494.1299847541511
2025-11-19,502.75,503.5,495.5,497,,,0,0,,,,,,,,,,,503.5,495.5,497,198902,497.9292529878027,494.2425343716354
2025-11-20,497,498.5,493,493.75,,,0,0,,,,,,,,,,,498.5,493,493.75,194578,497.54932089800246,494.2232192982379
2025-11-21,493.5,495,491.25,492.75,,,0,0,,,,,,,,,,,495,491.25,492.75,194578,497.11301899818403,494.1654459924246
2025-11-24,493.25,493.75,489.5,491,,,0,0,,,,,,,,,,,493.75,489.5,491,227312,496.5572899983491,494.0413108554668
2025-11-25,491,493.25,489.5,490.75,,,0,0,,,,,,,,,,,493.25,489.5,490.75,227795,496.02935454395373,493.9122398415269
2025-11-26,490.25,500.75,490.25,499,,,0,0,,,,,,,,,,,500.75,490.25,499,158325,496.2994132217761,494.11175984774155
2025-11-28,499,502.25,497.25,501.5,,,0,0,,,,,,,,,,,502.25,497.25,501.5,78853,496.77219383797825,494.40149475567324
2025-12-01,501,502.75,497.75,498.75,,,0,0,,,,,,,,,,,502.75,497.75,498.75,168991,496.95199439816207,494.5720243730978
2025-12-02,498.75,506,496,503.75,,,0,0,,,,,,,,,,,506,496,503.75,211525,497.56999490742004,494.9319449859175
2025-12-03,503,503.75,496.5,497.25,,,0,0,,,,,,,,,,,503.75,496.5,497.25,187591,497.54090446129095,495.0228491041168
2025-12-04,496.75,501.75,495.5,501,,,0,0,,,,,,,,,,,501.75,495.5,501,151430,497.85536769208267,495.25724717846515
2025-12-05,500,501.75,497.75,498.5,,,0,0,,,,,,,,,,,501.75,497.75,498.5,100378,497.91397062916604,495.38441395578025
2025-12-08,498.5,501,496.25,497.5,,,0,0,,,,,,,,,,,501,496.25,497.5,114701,497.8763369356055,495.4673781143771
2025-12-09,497.5,502.75,497.25,501.75,,,0,0,,,,,,,,,,,502.75,497.25,501.75,178807,498.2284881232777,495.71375544322507
2025-12-10,501.25,502.5,497.25,498,,,0,0,,,,,,,,,,,502.5,497.25,498,149641,498.207716475707,495.80341209251037
2025-12-11,497.75,501.75,497.25,500.25,,,0,0,,,,,,,,,,,501.75,497.25,500.25,137901,498.3933786142791,495.9777880888825
2025-12-12,500.25,501,493.75,494.5,,,0,0,,,,,,,,,,,501,493.75,494.5,206651,498.03943510389007,495.9198356148087
2025-12-15,494,495,490.5,493.5,,,0,0,,,,,,,,,,,495,490.5,493.5,182672,497.6267591853546,495.82494010050243
2025-12-16,493.5,493.75,489.25,490.25,,,0,0,,,,,,,,,,,493.75,489.25,490.25,146742,496.95614471395874,495.60631499852195
2025-12-17,489.75,495.25,489.75,494.25,,,0,0,,,,,,,,,,,495.25,489.75,494.25,164256,496.7101315581443,495.5531261750505
2025-12-18,494.25,499.75,494.25,498.25,,,0,0,,,,,,,,,,,499.75,494.25,498.25,178974,496.85011959831303,495.6588859328917
2025-12-19,497.75,498.5,496.25,497.5,,,0,0,,,,,,,,,,,498.5,496.25,497.5,129516,496.90919963483003,495.73108648454297
2025-12-22,497,501.5,496.75,500.75,,,0,0,,,,,,,,,,,501.5,496.75,500.75,122252,497.2583633043909,495.927906622404
2025-12-23,500.25,502.75,500,501.25,,,0,0,,,,,,,,,,,502.75,500,501.25,95803,497.6212393676281,496.13661616662347
2025-12-24,500.75,505,500.5,504.75,,,0,0,,,,,,,,,,,505,500.5,504.75,86944,498.26930851602555,496.4743959247951
2025-12-26,504.75,506.75,502.5,503.75,,,0,0,,,,,,,,,,,506.75,502.5,503.75,100523,498.76755319638687,496.7597137316659
2025-12-29,503.75,504.75,495.75,496,,,0,0,,,,,,,,,,,504.75,495.75,496,169679,498.5159574512608,496.72992103630645
2025-12-30,495.75,496.75,493.5,494.25,,,0,0,,,,,,,,,,,496.75,493.5,494.25,98189,498.1281431375098,496.6326692309611
2025-12-31,494.25,496.25,492.75,494,,,0,0,,,,,,,,,,,496.25,492.75,494,98189,497.7528573977362,496.52942730033516
2026-01-02,494.5,494.5,490.75,491.25,,,0,0,,,,,,,,,,,494.5,490.75,491.25,143948,497.16168854339656,496.3223909356161
2026-01-05,491,499.25,490,498.25,,,0,0,,,,,,,,,,,499.25,490,498.25,183496,497.2606259485423,496.3979834479449
2026-01-06,497.75,500.75,497.25,497.75,,,0,0,,,,,,,,,,,500.75,497.25,497.75,185037,497.30511449867487,496.45100370488825
2026-01-07,497.5,501,497.5,500.5,,,0,0,,,,,,,,,,,501,497.5,500.5,155458,497.59555863515897,496.609787873324
2026-01-08,499.75,501.75,499.25,499.75,,,0,0,,,,,,,,,,,501.75,499.25,499.75,171304,497.7914169410536,496.73293344691916
2026-01-09,499,501.25,497.5,499.5,,,0,0,,,,,,,,,,,501.25,497.5,499.5,171304,497.9467426736851,496.8414458607655
2026-01-12,498.75,502.5,473.75,475.25,,,0,0,,,,,,,,,,,502.5,473.75,475.25,570230,495.8834024306228,495.99472249367665
2026-01-13,475.5,476.5,471,473.5,,,0,0,,,,,,,,,,,476.5,471,473.5,357198,493.84854766420256,495.1125765135325
2026-01-14,473.75,478.75,473.25,475.75,,,0,0,,,,,,,,,,,478.75,473.25,475.75,232729,492.20322514927506,494.3532597875116
2026-01-15,476.25,478.75,473.75,474,,,0,0,,,,,,,,,,,478.75,473.75,474,193927,490.54838649934095,493.55509273702097
2026-01-16,474,481,473.75,478.5,,,0,0,,,,,,,,,,,481,473.75,478.5,177978,489.4530786357645,492.9646969434123
2026-01-20,477.25,479.25,475.75,477.5,,,0,0,,,,,,,,,,,479.25,475.75,477.5,174838,488.36643512342226,492.3582382397491
2026-01-21,477.5,481.5,475,475.5,,,0,0,,,,,,,,,,,481.5,475,475.5,155623,487.1967592031111,491.69713085779813
2026-01-22,476.25,478,474.75,477.75,,,0,0,,,,,,,,,,,478,474.75,477.75,133666,486.3379629119192,491.15018454964917
2026-01-23,477.5,485,476.25,484.25,,,0,0,,,,,,,,,,,485,476.25,484.25,257317,486.1481481017447,490.8795890771139
2026-01-26,483.75,485.25,481,482,,,0,0,,,,,,,,,,,485.25,481,482,142164,485.77104372885884,490.53136989761924
2026-01-27,482,483.5,479.75,480.25,,,0,0,,,,,,,,,,,483.5,479.75,480.25,124209,485.26913066259897,490.128178921242
2026-01-28,480.75,487,480.5,483.75,,,0,0,,,,,,,,,,,487,480.5,483.75,200201,485.13102787508996,489.8780542576639
2026-01-29,483.75,487.75,481.75,484.5,,,0,0,,,,,,,,,,,487.75,481.75,484.5,193268,485.0736617046272,489.6671501691281
2026-01-30,484.5,485.5,479,482,,,0,0,,,,,,,,,,,485.5,479,482,193268,484.7942379132975,489.36647761347604
2026-02-02,482,482,477.75,479.5,,,0,0,,,,,,,,,,,482,477.75,479.5,153885,484.3129435575432,488.9795569227515
2026-02-03,479.5,483,479.25,482.25,,,0,0,,,,,,,,,,,483,479.25,482.25,158964,484.12540323413015,488.7156527297024
2026-02-04,482.25,486.5,479,483.25,,,0,0,,,,,,,,,,,486.5,479,483.25,240663,484.0458211219365,488.50131340696896
2026-02-05,482.75,489.5,480.75,488.75,,,0,0,,,,,,,,,,,489.5,480.75,488.75,240381,484.473473747215,488.51106582238197
2026-02-06,488.25,489.75,482.5,484,,,0,0,,,,,,,,,,,489.75,482.5,484,240381,484.43043067928636,488.33416128032775
2026-02-09,482.5,483.75,481,482.5,,,0,0,,,,,,,,,,,483.75,481,482.5,182317,484.2549369811694,488.1053706418835
2026-02-10,481.75,484.75,481.5,482.5,,,0,0,,,,,,,,,,,484.75,481.5,482.5,222724,484.09539725560853,487.88555218533907
2026-02-11,482.5,483.25,479,481.25,,,0,0,,,,,,,,,,,483.25,479,481.25,252146,483.83672477782596,487.62533445258066
2026-02-12,481.75,485.25,480.75,485,,,0,0,,,,,,,,,,,485.25,480.75,485,339184,483.9424770707509,487.5223801603226
2026-02-13,484.75,486.5,483.25,485.5,,,0,0,,,,,,,,,,,486.5,483.25,485.5,206404,484.084070064319,487.4430711344276
2026-02-17,484.75,485,479.75,480,,,0,0,,,,,,,,,,,485,479.75,480,236783,483.71279096756274,487.15118599190106
2026-02-18,480,482.25,479,480.75,,,0,0,,,,,,,,,,,482.25,479,480.75,194390,483.44344633414795,486.9001590902579
2026-02-19,480.5,481.5,477.75,479.5,,,0,0,,,,,,,,,,,481.5,477.75,479.5,249050,483.08495121286177,486.60995677299286
2026-02-20,479.5,482.5,477.75,481.25,,,0,0,,,,,,,,,,,482.5,477.75,481.25,217302,482.91813746623797,486.3997623897382
2026-02-23,481,485.25,479,481.25,,,0,0,,,,,,,,,,,485.25,479,481.25,249050,482.7664886056709,486.197810923474
2026-02-24,481.25,482.75,479.75,481.5,,,0,0,,,,,,,,,,,482.75,479.75,481.5,234474,482.6513532778826,486.0135830441221
2026-02-25,481.75,485,480.5,484.25,,,0,0,,,,,,,,,,,485,480.5,484.25,158332,482.7966847980751,485.94442292474474
2026-02-26,483.75,487.5,481.75,487,,,0,0,,,,,,,,,,,487.5,481.75,487,103287,483.1788043618864,485.9858181041665
2026-02-27,486.5,493.5,485.5,492,,,0,0,,,,,,,,,,,493.5,485.5,492,239182,483.9807312380786,486.2216683745914
2026-03-02,494.5,496,487,489.25,,,0,0,,,,,,,,,,,496,487,489.25,253884,484.45975567098054,486.3404264775486
2026-03-03,489.25,495.25,487.75,490,,,0,0,,,,,,,,,,,495.25,487.75,490,242894,484.96341424634596,486.48393916470354
2026-03-04,489.5,490.5,483.75,487.25,,,0,0,,,,,,,,,,,490.5,483.75,487.25,246772,485.1712856784963,486.51398076608774
2026-03-05,486,498,486,497,,,0,0,,,,,,,,,,,498,486,497,355146,486.24662334408754,486.9251972066333
2026-03-06,496.25,505.5,495.75,504,,,0,0,,,,,,,,,,,505.5,495.75,504,331641,487.8605666764432,487.5947973161771
2026-03-09,507.5,519.5,496.5,497.25,,,0,0,,,,,,,,,,,519.5,496.5,497.25,411655,488.7141515240393,487.9734327155427
2026-03-10,493.5,497.5,489,495.75,,,0,0,,,,,,,,,,,497.5,489,495.75,432669,489.353774112763,488.2783961384626
2026-03-11,496.75,505.5,495,503.75,,,0,0,,,,,,,,,,,505.5,495,503.75,301276,490.6625219206936,488.8851257016601
2026-03-12,506,513,504.5,506,,,0,0,,,,,,,,,,,513,504.5,506,244210,492.05683810972147,489.5562972427715
2026-03-13,505.75,511,502,510.75,,,0,0,,,,,,,,,,,511,502,510.75,167732,493.75621646338317,490.3874228410942
2026-03-16,508.25,509.5,495.5,497.5,,,0,0,,,,,,,,,,,509.5,495.5,497.5,182865,494.09656042125744,490.6663474355611
2026-03-17,497.25,502.5,492.75,497.5,,,0,0,,,,,,,,,,,502.5,492.75,497.5,279245,494.4059640193249,490.9343338106371
2026-03-18,498.25,508,495,506.75,,,0,0,,,,,,,,,,,508,495,506.75,200108,495.5281491084772,491.55455601414155
2026-03-19,506.75,513.5,506.75,513.25,,,0,0,,,,,,,,,,,513.5,506.75,513.25,201532,497.139226462252,492.4053577390772
2026-03-20,512.5,512.75,507.5,509,,,0,0,,,,,,,,,,,512.75,507.5,509,143588,498.21747860204727,493.05612802381927
2026-03-23,508.75,517.25,500,503,,,0,0,,,,,,,,,,,517.25,500,503,233069,498.6522532745884,493.4460837875911
2026-03-24,503.5,509.25,502.5,506,,,0,0,,,,,,,,,,,509.25,502.5,506,158575,499.3202302496258,493.9383942272934
2026-03-25,504.75,512,501.5,510.75,,,0,0,,,,,,,,,,,512,501.5,510.75,138905,500.35930022693253,494.59767288504656
2026-03-26,510.25,512.25,505.5,510.5,,,0,0,,,,,,,,,,,512.25,505.5,510.5,150155,501.2811820244841,495.2212935562212
2026-03-27,509.5,514,504.25,505.5,,,0,0,,,,,,,,,,,514,504.25,505.5,162031,501.6647109313492,495.6243800834282
2026-03-30,506.25,509.25,498.5,499.25,,,0,0,,,,,,,,,,,509.25,498.5,499.25,145144,501.445191755772,495.7665612566271
2026-03-31,499,505.5,494.75,501.25,,,0,0,,,,,,,,,,,505.5,494.75,501.25,258852,501.4274470507018,495.9815980700927
2026-04-01,501,503.5,492,497.75,,,0,0,,,,,,,,,,,503.5,492,497.75,175029,501.0931336824562,496.05094716538315
2026-04-02,497.5,504,494.75,495.75,,,0,0,,,,,,,,,,,504,494.75,495.75,148345,500.6073942567784,496.03914531576027
2026-04-06,496.5,498,491.75,497.5,,,0,0,,,,,,,,,,,498,491.75,497.5,103159,500.3249038697985,496.09643373475006
2026-04-07,497.5,498.5,491.75,492.5,,,0,0,,,,,,,,,,,498.5,491.75,492.5,148547,499.6135489725441,495.95539711770107
2026-04-08,490.5,491.75,485.75,490.75,,,0,0,,,,,,,,,,,491.75,485.75,490.75,256162,498.8077717932219,495.75126389739904
2026-04-09,490.75,493.75,485.75,487.5,,,0,0,,,,,,,,,,,493.75,485.75,487.5,215851,497.7797925392926,495.42768492103045
2026-04-10,488.25,489.75,481.5,484.5,,,0,0,,,,,,,,,,,489.75,481.5,484.5,199969,496.5725386720842,494.9991482574606
2026-04-13,489.5,489.5,483.5,483.75,,,0,0,,,,,,,,,,,489.5,483.5,483.75,219484,495.4068533382584,494.55800518854056
2026-04-14,484,489.5,483.75,486.5,,,0,0,,,,,,,,,,,489.5,483.75,486.5,194496,494.5971393984167,494.2420049850684
2026-04-15,486.5,495.5,486.25,494.75,,,0,0,,,,,,,,,,,495.5,486.25,494.75,216304,494.61103581674246,494.26192635820297
2026-04-16,494.5,496.25,491,492,,,0,0,,,,,,,,,,,496.25,491,492,157033,494.37366892431135,494.1732233637636
2026-04-17,491.75,494.5,486.75,492.25,,,0,0,,,,,,,,,,,494.5,486.75,492.25,145271,494.1806081130103,494.09780283969445
2026-04-20,492.5,497.5,490.25,495.5,,,0,0,,,,,,,,,,,497.5,490.25,495.5,159236,494.30055283000934,494.152790963628
2026-04-21,495.5,498.75,494.25,497.25,,,0,0,,,,,,,,,,,498.75,494.25,497.25,148741,494.56868439091755,494.27425014152493
2026-04-22,497,500.5,496.25,497.75,,,0,0,,,,,,,,,,,500.5,496.25,497.75,135572,494.85789490083414,494.41055405754355
2026-04-23,497,500.25,496,499,,,0,0,,,,,,,,,,,500.25,496,499,95596,495.2344499098492,494.59053232979676
2026-04-24,499,501.25,497,498.5,,,0,0,,,,,,,,,,,501.25,497,498.5,89175,495.5313180998629,494.7438447874518
2026-04-27,497.75,504.75,497.75,504.25,,,0,0,,,,,,,,,,,504.75,497.75,504.25,160392,496.3239255453299,495.11663518794387
2026-04-28,503.75,509,503.5,508.75,,,0,0,,,,,,,,,,,509,503.5,508.75,156426,497.45356867757266,495.6512769452794
2026-04-29,507.75,511.75,506.25,510,,,0,0,,,,,,,,,,,511.75,506.25,510,102178,498.59415334324785,496.21397196703316
2026-04-30,509.25,512.25,503.5,507,,,0,0,,,,,,,,,,,512.25,503.5,507,185861,499.3583212211344,496.63695345852204
2026-05-01,506,515.75,505,512.5,,,0,0,,,,,,,,,,,515.75,505,512.5,217090,500.55301929194036,497.2590337150506
2026-05-04,511.25,518.5,509.5,518,,,0,0,,,,,,,,,,,518.5,509.5,518,195881,502.1391084472185,498.0724049419113
2026-05-05,517.25,519.75,509.5,512.25,,,0,0,,,,,,,,,,,519.75,509.5,512.25,180357,503.0582804065623,498.62838906183634
2026-05-06,510.5,511.75,499.75,500.75,,,0,0,,,,,,,,,,,511.75,499.75,500.75,243025,502.84843673323843,498.7115894907839
2026-05-07,500.5,502,493.25,499.75,,,0,0,,,,,,,,,,,502,493.25,499.75,227261,502.56676066658036,498.7523114715375
2026-05-08,499,505.25,497.5,503.5,,,0,0,,,,,,,,,,,505.25,497.5,503.5,142817,502.65160060598214,498.9384953353988
2026-05-11,503.25,508.5,503,507.5,,,0,0,,,,,,,,,,,508.5,503,507.5,124560,503.09236418725646,499.27424061636356
2026-05-12,507.25,514,505,512.25,,,0,0,,,,,,,,,,,514,505,512.25,277597,503.9248765338695,499.78309392552575
2026-05-13,510.5,516.75,509.75,513,,,0,0,,,,,,,,,,,516.75,509.75,513,138592,504.7498877580632,500.301403967662
2026-05-14,511.5,515.75,497.5,499.75,,,0,0,,,,,,,,,,,515.75,497.5,499.75,260137,504.29535250733016,500.2797802826556
2026-05-15,500.5,506,487.25,488,,,0,0,,,,,,,,,,,506,487.25,488,279770,502.8139568248456,499.7982202715711
2026-05-18,501.25,510.25,496.25,509.25,,,0,0,,,,,,,,,,,510.25,496.25,509.25,342432,503.39905165895055,500.16887830013695
2026-05-19,509,514,504.25,507.5,,,0,0,,,,,,,,,,,514,504.25,507.5,208541,503.7718651445005,500.456373268759
2026-05-20,508,509.25,495,498,,,0,0,,,,,,,,,,,509.25,495,498,230747,503.2471501313641,500.3600449052783
2026-05-21,497.25,501.5,492.25,494.5,,,0,0,,,,,,,,,,,501.5,492.25,494.5,196643,502.45195466487644,500.1302392227184
2026-05-22,494.75,500,493.25,495.5,,,0,0,,,,,,,,,,,500,493.25,495.5,149851,501.81995878625133,499.94866121398434
2026-05-26,490.5,495.25,488.75,489.75,,,0,0,,,,,,,,,,,495.25,488.75,489.75,209644,500.72268980568305,499.54871371539673
2026-05-27,490.75,492,484,484.75,,,0,0,,,,,,,,,,,492,484,484.75,149475,499.2706270960755,498.96837200106745
2026-05-28,484.5,490.5,483.75,488,,,0,0,,,,,,,,,,,490.5,483.75,488,214949,498.2460246327959,498.5382397657315
2026-05-29,490,491.25,477.25,479,,,0,0,,,,,,,,,,,491.25,477.25,479,226513,496.49638602981446,497.7720342847224
2026-06-01,478.25,481.5,472.25,476.25,,,0,0,,,,,,,,,,,481.5,472.25,476.25,214241,494.6558054816495,496.9280329402235
2026-06-02,477,478,471.25,472.75,,,0,0,,,,,,,,,,,478,471.25,472.75,187060,492.6643686196814,495.9798747857049
2026-06-03,473,474.25,462.5,463.75,,,0,0,,,,,,,,,,,474.25,462.5,463.75,220561,490.03578965425584,494.715958127442
2026-06-04,463.25,463.75,453.75,456.75,,,0,0,,,,,,,,,,,463.75,453.75,456.75,245718,487.00980877659623,493.22709702440505
2026-06-05,456.25,456.75,448.25,449.75,,,0,0,,,,,,,,,,,456.75,448.25,449.75,261421,483.6225534332693,491.52211282736954
2026-06-08,452.75,453.25,444.75,451,,,0,0,,,,,,,,,,,453.25,444.75,451,239975,480.65686675751755,489.93301036355115
2026-06-09,451.25,457.75,449.75,451.75,,,0,0,,,,,,,,,,,457.75,449.75,451.75,252287,478.0289697795614,488.43563740811777
2026-06-10,452,458,450.5,451.25,,,0,0,,,,,,,,,,,458,450.5,451.25,214884,475.5945179814195,486.97737711760334
2026-06-11,452,452.25,442.75,444,,,0,0,,,,,,,,,,,452.25,442.75,444,278140,472.7222890740177,485.29198977965814
2026-06-12,444,449.25,440.75,445,,,0,0,,,,,,,,,,,449.25,440.75,445,193539,470.2020809763797,483.7119117490833
2026-06-15,444,449,438.5,447.75,,,0,0,,,,,,,,,,,449,438.5,447.75,183884,468.1609827057997,482.30164070009965
2026-06-16,447.25,453.25,444.75,446,,,0,0,,,,,,,,,,,453.25,444.75,446,256156,466.1463479143634,480.8780469471546
2026-06-17,446.5,454,444.5,453.25,,,0,0,,,,,,,,,,,454,444.5,453.25,177354,464.9739526494213,479.79459412569753
2026-06-18,452,454.25,447.25,449.75,,,0,0,,,,,,,,,,,454.25,447.25,449.75,156097,463.5899569540193,478.6163747482192
2026-06-22,449.75,450.25,443.5,443.75,,,0,0,,,,,,,,,,,450.25,443.5,443.75,152303,461.78632450365393,477.24906593456353
2026-06-23,443.75,446.75,439.25,442,,,0,0,,,,,,,,,,,446.75,439.25,442,166410,459.9875677305945,475.8667496234042
2026-06-24,442.25,444.75,438,439.25,,,0,0,,,,,,,,,,,444.75,438,439.25,123358,458.10233430054046,474.4307986577805
2026-06-25,438.25,448.25,436,447,,,0,0,,,,,,,,,,,448.25,436,447,177972,457.0930311823095,473.3550810633577
2026-06-26,446.5,449.75,443.5,445,,,0,0,,,,,,,,,,,449.75,443.5,445,221290,455.9936647111905,472.2431171000888
2026-06-29,444.5,444.5,430.25,433.5,,,0,0,,,,,,,,,,,444.5,430.25,433.5,213571,453.94878610108225,470.7237791745951
2026-06-30,433.25,445.75,429.5,440,,,0,0,,,,,,,,,,,445.75,429.5,440,198783,452.6807146373475,469.5189250893169
2026-07-01,440,448,439,446,,,0,0,,,,,,,,,,,448,439,446,112729,452.0733769430432,468.59661430150055
2026-07-02,446.5,450.25,444.75,446.25,,,0,0,,,,,,,,,,,450.25,444.75,446.25,108472,451.54397903913014,467.72027648575545
2026-07-06,448.25,462.5,448.25,461.5,,,0,0,,,,,,,,,,,462.5,448.25,461.5,170070,452.4490718537547,467.47634407454933
2026-07-07,460.25,467.75,459,467,,,0,0,,,,,,,,,,,467.75,459,467,151780,453.77188350341333,467.4576639147631
2026-07-08,466.25,468,456.5,458.25,,,0,0,,,,,,,,,,,468,456.5,458.25,117061,454.17898500310304,467.0965790553606
2026-07-09,457,458,452,454.75,,,0,0,,,,,,,,,,,458,452,454.75,95658,454.2308954573664,466.61239948456216
2026-07-10,453.5,463.25,450,462.75,,,0,0,,,,,,,,,,,463.25,450,462.75,159984,455.0053595066967,466.46093283810876
2026-07-13,468.25,470.75,463.5,464.25,,,0,0,,,,,,,,,,,470.75,463.5,464.25,131170,455.8457813697243,466.37422958955545
2026-07-14,463.25,463.5,458,461.75,,,0,0,,,,,,,,,,,463.5,458,461.75,73820,456.3825285179312,466.19288725271014
2026-07-15,461.25,472.25,460.25,470.75,,,0,0,,,,,,,,,,,472.25,460.25,470.75,139132,457.68866228902834,466.37159755652544
2026-07-16,470,475.25,463.5,464.75,,,0,0,,,,,,,,,,,475.25,463.5,464.75,111848,458.33060208093485,466.30800549548525
2026-07-17,464.25,468.75,459.25,468,,,0,0,,,,,,,,,,,468.75,459.25,468,94099,459.2096382553953,466.3743582211525
2026-07-20,472.25,475.75,470.25,472.75,,,0,0,,,,,,,,,,,475.75,470.25,472.75,139378,460.4405802321775,466.62438338895043
2026-07-21,470.25,477,468.75,476,,,0,0,,,,,,,,,,,477,468.75,476,90597,461.8550729383432,466.9920546285994
2026-07-22,475.5,486.25,475.25,485.25,,,0,0,,,,,,,,,,,486.25,475.25,485.25,136616,463.9818844894029,467.7080524863014
2026-07-23,483.25,490,483.25,487.25,,,0,0,,,,,,,,,,,490,483.25,487.25,105481,466.09716771763897,468.4744033691916
2026-07-24,485.75,491.25,478.75,487.5,,,0,0,,,,,,,,,,,491.25,478.75,487.5,125141,468.04287974330816,469.22050519785074
2026-07-27,482.5,484.5,472,475,,,0,0,,,,,,,,,,,484.5,472,475,117612,468.6753452211892,469.447152052837
2026-07-28,475.25,485.5,474.75,481.75,,,0,0,,,,,,,,,,,485.5,474.75,481.75,107965,469.8639502010811,469.92961667821595
2026-07-29,482.5,485,471.25,472.25,,,0,0,,,,,,,,,,,485,471.25,472.25,117328,470.0808638191646,470.0206121025996
2026-07-30,471.5,475.75,468.5,469,,,0,0,,,,,,,,,,,475.75,468.5,469,98444,469.9826034719678,469.9805880985761
2026-07-31,468.75,470.25,461.25,464,,,0,0,,,,,,,,,,,470.25,461.25,464,102771,469.43873042906165,469.7460552319653
2026-08-03,461.25,473.75,458.5,472.5,,,0,0,,,,,,,,,,,473.75,458.5,472.5,106513,469.7170276627833,469.85405306600586
2026-08-04,473.75,475.25,464.25,465.5,,,0,0,,,,,,,,,,,475.25,464.25,465.5,116021,469.3336615116212,469.6833058869468
2026-08-05,465,466.25,458.75,460,,,0,0,,,,,,,,,,,466.25,458.75,460,90877,468.4851468287465,469.3035684011842
2026-08-06,460.25,463.5,457.5,462.25,,,0,0,,,,,,,,,,,463.5,457.5,462.25,87927,467.9183152988605,469.02695787564755
2026-08-07,462.25,467.75,461.75,462.25,,,0,0,,,,,,,,,,,467.75,461.75,462.25,126600,467.40301390805496,468.7611948217006
2026-08-10,464,465.5,459.75,461.5,,,0,0,,,,,,,,,,,465.5,459.75,461.5,141010,466.86637628004996,468.4764420835947
2026-08-11,461.75,464.25,457.25,460,,,0,0,,,,,,,,,,,464.25,457.25,460,177648,466.2421602545909,468.1440325901204
2026-08-12,460,481,459.25,480.25,,,0,0,,,,,,,,,,,481,459.25,480.25,231489,467.5156002314463,468.6187764101157
2026-08-13,480,480.5,470,471.25,,,0,0,,,,,,,,,,,480.5,470,471.25,123322,467.85509111949665,468.72196164893467
2026-08-14,471.25,483,470.75,482.25,,,0,0,,,,,,,,,,,483,470.75,482.25,104760,469.1637191995424,469.2524729568196
2026-08-17,481.75,490,481.25,488.25,,,0,0,,,,,,,,,,,490,481.25,488.25,111426,470.89883563594765,469.99747401733646
2026-08-18,487.5,491.5,485.5,486.5,,,0,0,,,,,,,,,,,491.5,485.5,486.5,90723,472.31712330540694,470.64463189900954
2026-08-19,486,496.75,484.75,496.25,,,0,0,,,,,,,,,,,496.75,484.75,496.25,155321,474.49283936855176,471.6487639814013
2026-08-20,496,504.5,495.5,502,,,0,0,,,,,,,,,,,504.5,495.5,502,168909,476.99349033504706,472.8390085311503
2026-08-21,500.25,507.5,497.75,507,,,0,0,,,,,,,,,,,507.5,497.75,507,97412,479.72135485004276,474.1786552554189
2026-08-24,508.25,522,508.25,514.75,,,0,0,,,,,,,,,,,522,508.25,514.75,156022,482.9057771364025,475.76968838265736
2026-08-25,514.75,525,512.25,523.75,,,0,0,,,,,,,,,,,525,512.25,523.75,152356,486.61888830582046,477.6512692303963
2026-08-26,523.75,540.25,522.25,537.25,,,0,0,,,,,,,,,,,540.25,522.25,537.25,121413,491.22171664165495,479.98847435861603
2026-08-27,535.25,538,528.75,533.5,,,0,0,,,,,,,,,,,538,528.75,533.5,65233,495.065196946959,482.0869655602389
2026-08-28,531.5,541.25,530.75,536.5,,,0,0,,,,,,,,,,,541.25,530.75,536.5,385758,498.8319972245082,484.2208100480727
2026-08-31,536,542,531.5,537.75,,,0,0,,,,,,,,,,,542,531.5,537.75,263021,502.36999747682563,486.3199939677561
2026-09-01,537.25,548,534.25,546,,,0,0,,,,,,,,,,,548,534.25,546,286190,506.33636134256875,488.6603863611774
2026-09-02,545.75,549.75,536,543.5,,,0,0,,,,,,,,,,,549.75,536,543.5,309668,509.7148739477898,490.8109594450528
2026-09-03,542.5,542.75,526.5,540.75,,,0,0,,,,,,,,,,,542.75,526.5,540.75,361421,512.5362490434453,492.76935319230563
2026-09-04,539,544.75,535.75,536.75,,,0,0,,,,,,,,,,,544.75,535.75,536.75,191255,514.7374991304048,494.4940844396662
2026-09-08,539.25,543.5,532,533.5,,,0,0,,,,,,,,,,,543.5,532,533.5,229265,516.4431810276407,496.0237281871303
2026-09-09,532.5,534.75,526.5,527.75,,,0,0,,,,,,,,,,,534.75,526.5,527.75,234291,517.4710736614915,497.26789570920363
2026-09-10,527.5,534.5,526.5,533.75,,,0,0,,,,,,,,,,,534.5,526.5,533.75,224965,518.9509760559014,498.6985664657054
2026-09-11,533.25,544.75,523.25,530.25,,,0,0,,,,,,,,,,,544.75,523.25,530.25,387147,519.9781600508194,499.9358775846974
2026-09-14,530.5,536.5,526.25,533.25,,,0,0,,,,,,,,,,,536.5,526.25,533.25,221955,521.1846909552903,501.2423137578465
2026-09-15,533.25,536.25,527.25,535.75,,,0,0,,,,,,,,,,,536.25,527.25,535.75,186188,522.5088099593548,502.595556355578
2026-09-16,535.75,539.25,529,534.25,,,0,0,,,,,,,,,,,539.25,529,534.25,189071,523.5761908721407,503.83690708673186
2026-09-17,533.75,536.75,527,530.5,,,0,0,,,,,,,,,,,536.75,527,530.5,201884,524.2056280655825,504.8825185735267
2026-09-18,530.5,532.75,525.5,527.5,,,0,0,,,,,,,,,,,532.75,525.5,527.5,168498,524.5051164232568,505.7694786294668
2026-09-21,527.5,543.5,526.25,543,,,0,0,,,,,,,,,,,543.5,526.25,543,229020,526.186469475688,507.22949907537003
2026-09-22,543,544.5,535.5,536.75,,,0,0,,,,,,,,,,,544.5,535.5,536.75,183635,527.1467904324436,508.3871657782967
2026-09-23,536,536.25,527.5,529,,,0,0,,,,,,,,,,,536.25,527.5,529,210150,527.3152640294942,509.1955122183635
2026-09-24,526.5,530.75,525.5,527.5,,,0,0,,,,,,,,,,,530.75,525.5,527.5,198190,527.3320582086311,509.91333526862377
2026-09-25,526.5,529,514.75,528.25,,,0,0,,,,,,,,,,,529,514.75,528.25,331601,527.4155074623919,510.6324201600503
2026-09-28,528.75,529,517.25,523,,,0,0,,,,,,,,,,,529,517.25,523,226016,527.0140976930836,511.11742329102873
2026-09-29,522,526.5,519.25,522,,,0,0,,,,,,,,,,,526.5,519.25,522,170320,526.558270630076,511.54419100510603
2026-09-30,522,526.25,498.75,500.75,,,0,0,,,,,,,,,,,526.25,498.75,500.75,457925,524.21206420916,511.1208893970627
2026-10-01,501,505,495,502.25,,,0,0,,,,,,,,,,,505,495,502.25,326649,522.2155129174181,510.7730113814916
2026-10-02,501.5,502.25,495,497.75,,,,,,,,,,,,,,,502.25,495,497.75,202666,519.991375379471,510.26230505280563
2026-10-05,497.5,503.25,495,497.25,,,,,,,,,,,,,,,503.25,495,497.25,203372,517.923977617701,509.75201858014657
2026-10-06,499.25,509,496,508,,,,,,,,,,,,,,,509,496,508,172339,517.0217978342736,509.68331196916046
2026-10-07,508.25,509.75,500.5,502,,,,,,,,,,,,,,,509.75,500.5,502,166110,515.6561798493397,509.38200561742866
2026-10-08,502,503.75,501.5,502,,,,,,,,,,,,,,,503.75,501.5,502,18305,514.4147089539451,509.0925152010589