time,open,high,low,close,Plot,Plot,Shapes,Shapes,DO,PDH,PDL,PDC / NDOG edge,Weekly Open / NWOG edge,Previous Week Close / NWOG edge,H4 Range High,H4 Equilibrium,H4 Range Low,PlotCandle (Open),PlotCandle (High,PlotCandle (Low),PlotCandle (Close),Volume,Moving Average #1,Moving Average #2
2008-11-21,1675.5,1682,1664,1666.75,,,0,0,,,,,,,,,,,1682,1664,1666.75,22312,1707.1954640729648,1763.9933964488284
2008-11-24,1673,1726.75,1669.25,1705.5,,,0,0,,,,,,,,,,,1726.75,1669.25,1705.5,43890,1707.0413309754226,1761.6995377645605
2008-11-25,1703.75,1709.75,1696,1701.5,,,0,0,,,,,,,,,,,1709.75,1696,1701.5,35459,1706.5375736140206,1759.338771577715
2008-11-26,1704.75,1713.5,1692.25,1702.75,,,0,0,,,,,,,,,,,1713.5,1692.25,1702.75,44900,1706.1932487400188,1757.1196040648636
2008-11-28,1712.75,1714,1698.75,1710,,,0,0,,,,,,,,,,,1714,1698.75,1710,30296,1706.5393170363807,1755.2717764544768
2008-12-01,1710,1710.5,1670.75,1676.75,,,0,0,,,,,,,,,,,1710.5,1670.75,1676.75,46541,1703.8311973058005,1752.192491103321
2008-12-02,1674.75,1686.75,1671.25,1677.25,,,0,0,,,,,,,,,,,1686.75,1671.25,1677.25,34789,1701.4147248234551,1749.2535698835827
2008-12-03,1677.75,1682.75,1667.25,1668.5,,,0,0,,,,,,,,,,,1682.75,1667.25,1668.5,34113,1698.422477112232,1746.0867632214815
2008-12-04,1670,1670.5,1633.75,1634.75,,,0,0,,,,,,,,,,,1670.5,1633.75,1634.75,45722,1692.634070102029,1741.7206156441684
2008-12-05,1635,1635.25,1619.75,1624.25,,,0,0,,,,,,,,,,,1635.25,1619.75,1624.25,50405,1686.41733645639,1737.1139248345933
2008-12-08,1629.75,1649.25,1627.5,1639.25,,,0,0,,,,,,,,,,,1649.25,1627.5,1639.25,31164,1682.1293967785364,1733.2761238606877
2008-12-09,1640.25,1648.5,1635,1638.25,,,0,0,,,,,,,,,,,1648.5,1635,1638.25,21789,1678.1403607077602,1729.5496091994842
2008-12-10,1637.5,1660.5,1636.75,1658.25,,,0,0,,,,,,,,,,,1660.5,1636.75,1658.25,35223,1676.332146097964,1726.753546093622
2008-12-11,1657,1665.75,1650.5,1656.25,,,0,0,,,,,,,,,,,1665.75,1650.5,1656.25,30668,1674.5064964526944,1723.988701148774
2008-12-12,1656.25,1681.25,1637.75,1661.75,,,0,0,,,,,,,,,,,1681.25,1637.75,1661.75,40919,1673.3468149569949,1721.5479677703906
2008-12-15,1665.25,1683,1664.75,1668.75,,,0,0,,,,,,,,,,,1683,1664.75,1668.75,24895,1672.9289226881772,1719.4774592303754
2008-12-16,1668,1700.75,1663.75,1692.75,,,0,0,,,,,,,,,,,1700.75,1663.75,1692.75,33129,1674.7308388074339,1718.4293235742823
2008-12-17,1701.5,1709.75,1689.25,1706.25,,,0,0,,,,,,,,,,,1709.75,1689.25,1706.25,37426,1677.5962170976672,1717.9517030419574
2008-12-18,1705.25,1724.25,1702.25,1720.25,,,0,0,,,,,,,,,,,1724.25,1702.25,1720.25,32653,1681.473833725152,1718.0418323344297
2008-12-19,1718.75,1718.75,1706.75,1712,,,0,0,,,,,,,,,,,1718.75,1706.75,1712,19368,1684.248939750138,1717.8048977330795
2008-12-22,1714.25,1719,1706.25,1717.75,,,0,0,,,,,,,,,,,1719,1706.25,1717.75,13273,1687.2944906819437,1717.8027448808018
2008-12-23,1717.5,1729.75,1701.75,1724,,,0,0,,,,,,,,,,,1729.75,1701.75,1724,21738,1690.6313551654034,1718.0457744933194
2008-12-24,1724,1734,1721.25,1731,,,0,0,,,,,,,,,,,1734,1721.25,1731,8868,1694.3012319685486,1718.5537833367187
2008-12-26,1730.75,1751.25,1728.75,1748,,,0,0,,,,,,,,,,,1751.25,1728.75,1748,10380,1699.182938153226,1719.7085369313572
2008-12-29,1748,1764.75,1737,1740.75,,,0,0,,,,,,,,,,,1764.75,1737,1740.75,22156,1702.961761957478,1720.5336923458137
2008-12-30,1739,1755.75,1733.5,1753.5,,,0,0,,,,,,,,,,,1755.75,1733.5,1753.5,20379,1707.556147234071,1721.8264887244093
2008-12-31,1752.25,1763.75,1740.75,1759.5,,,0,0,,,,,,,,,,,1763.75,1740.75,1759.5,23338,1712.2783156673372,1723.303881323452
2009-01-02,1755,1763.75,1740.75,1759.75,,,0,0,,,,,,,,,,,1763.75,1740.75,1759.75,23818,1716.593923333943,1724.733140879395
2009-01-05,1761.75,1768.25,1745,1765.5,,,0,0,,,,,,,,,,,1768.25,1745,1765.5,24454,1721.0399303035845,1726.3318412370659
2009-01-06,1763.75,1793.75,1760.25,1792.25,,,0,0,,,,,,,,,,,1793.75,1760.25,1792.25,43517,1727.5135730032587,1728.9168670709064
2009-01-07,1790.25,1795,1758.25,1762,,,0,0,,,,,,,,,,,1795,1758.25,1762,38683,1730.648702730235,1730.2142448328316
2009-01-08,1759,1769.5,1746.75,1761.25,,,0,0,,,,,,,,,,,1769.5,1746.75,1761.25,33950,1733.4306388456682,1731.4313332707598
2009-01-09,1762.5,1780.75,1761.25,1778.25,,,0,0,,,,,,,,,,,1780.75,1761.25,1778.25,32554,1737.5051262233349,1733.2673594170044
2009-01-12,1778.5,1786.25,1718.25,1718.5,,,0,0,,,,,,,,,,,1786.25,1718.25,1718.5,40154,1735.777387475759,1732.6882472830043
2009-01-13,1715.75,1738.75,1709.75,1719.5,,,0,0,,,,,,,,,,,1738.75,1709.75,1719.5,35207,1734.2976249779629,1732.1710611150434
2009-01-14,1723.5,1730,1709.25,1723,,,0,0,,,,,,,,,,,1730,1709.25,1723,30125,1733.2705681617845,1731.8114116595514
2009-01-15,1721.75,1725.75,1711.5,1717.5,,,0,0,,,,,,,,,,,1725.75,1711.5,1717.5,25267,1731.8368801470767,1731.250179829765
2009-01-16,1717,1733.5,1716.75,1727,,,0,0,,,,,,,,,,,1733.5,1716.75,1727,25139,1731.3971637700697,1731.0835061109508
2009-01-20,1727.75,1737.5,1697,1698.75,,,0,0,,,,,,,,,,,1737.5,1697,1698.75,38543,1728.4292397909724,1729.8155254791488
2009-01-21,1701.75,1721.75,1700.5,1720.5,,,0,0,,,,,,,,,,,1721.75,1700.5,1720.5,31129,1727.708399809975,1729.4502107544763
2009-01-22,1720.75,1729.25,1708.75,1715.5,,,0,0,,,,,,,,,,,1729.25,1708.75,1715.5,21363,1726.5985452817954,1728.9031436660655
2009-01-23,1715.25,1747.5,1705.75,1731.5,,,0,0,,,,,,,,,,,1747.5,1705.75,1731.5,56308,1727.0441320743594,1729.004981169357
2009-01-26,1732.5,1759.75,1724,1741.25,,,0,0,,,,,,,,,,,1759.75,1724,1741.25,36588,1728.335574613054,1729.485177986245
2009-01-27,1742.75,1749.75,1730,1733.5,,,0,0,,,,,,,,,,,1749.75,1730,1733.5,25894,1728.805067830049,1729.6426219867844
2009-01-28,1733,1749.5,1729.25,1744,,,0,0,,,,,,,,,,,1749.5,1729.25,1744,25390,1730.1864253000444,1730.2056564186753
2009-01-29,1743.75,1745.25,1721.75,1726.75,,,0,0,,,,,,,,,,,1745.25,1721.75,1726.75,35761,1729.8740230000403,1730.070140480688
2009-01-30,1727.75,1735.5,1715,1716.75,,,0,0,,,,,,,,,,,1735.5,1715,1716.75,35761,1728.6809300000366,1729.547782030465
2009-02-02,1716.75,1719.75,1700.5,1712.5,,,0,0,,,,,,,,,,,1719.75,1700.5,1712.5,32636,1727.2099363636696,1728.879241558682
2009-02-03,1710.5,1718.25,1699.75,1701.25,,,0,0,,,,,,,,,,,1718.25,1699.75,1701.25,22780,1724.8499421487907,1727.795741889714
2009-02-04,1702,1710.75,1687.5,1691,,,0,0,,,,,,,,,,,1710.75,1687.5,1691,53934,1721.7726746807189,1726.3527716195292
2009-02-05,1691,1716.25,1690.25,1710.5,,,0,0,,,,,,,,,,,1716.25,1690.25,1710.5,36542,1720.7478860733809,1725.7310943011164
2009-02-06,1710.75,1719.25,1702.75,1705.75,,,0,0,,,,,,,,,,,1719.25,1702.75,1705.75,47783,1719.3844418848917,1724.9475219755825
2009-02-09,1709,1725.75,1705,1713.75,,,0,0,,,,,,,,,,,1725.75,1705,1713.75,43438,1718.872219895356,1724.5084034667361
2009-02-10,1711.75,1714.75,1692.25,1704.75,,,0,0,,,,,,,,,,,1714.75,1692.25,1704.75,47185,1717.5883817230508,1723.7335641150994
2009-02-11,1701.75,1705.25,1690.75,1692,,,0,0,,,,,,,,,,,1705.25,1690.75,1692,42456,1715.2621652027735,1722.4891106203895
2009-02-12,1693,1701,1685.75,1687.5,,,0,0,,,,,,,,,,,1701,1685.75,1687.5,38748,1712.7383320025215,1721.1169886352761
2009-02-13,1688,1693.75,1683,1684.25,,,0,0,,,,,,,,,,,1693.75,1683,1684.25,15792,1710.148483638656,1719.6712243750692
2009-02-17,1685.5,1685.5,1661.25,1664,,,0,0,,,,,,,,,,,1685.5,1661.25,1664,31622,1705.9531669442326,1717.4880391054587
2009-02-18,1663.5,1666.25,1658.25,1659,,,0,0,,,,,,,,,,,1666.25,1658.25,1659,23412,1701.6846972220296,1715.1943905130877
2009-02-19,1658,1671,1658,1667,,,0,0,,,,,,,,,,,1671,1658,1667,40890,1698.531542929118,1713.3044144145351
2009-02-20,1668,1671.25,1651.5,1666.5,,,0,0,,,,,,,,,,,1671.25,1651.5,1666.5,34350,1695.6195844810163,1711.4689471825925
2009-02-23,1671,1675.25,1656,1657.5,,,0,0,,,,,,,,,,,1675.25,1656,1657.5,37123,1692.154167710015,1709.3525178813143
2009-02-24,1656.25,1664,1652,1662.25,,,0,0,,,,,,,,,,,1664,1652,1662.25,29074,1689.4356070091044,1707.5053603173412
2009-02-25,1662.75,1675.75,1656.5,1671.75,,,0,0,,,,,,,,,,,1675.75,1656.5,1671.75,31551,1687.8278245537313,1706.1031893245042
2009-02-26,1673.25,1680.75,1658.75,1661,,,0,0,,,,,,,,,,,1680.75,1658.75,1661,38727,1685.3889314124829,1704.3344368019746
2009-02-27,1661,1664.5,1653,1657.5,,,0,0,,,,,,,,,,,1664.5,1653,1657.5,42343,1682.853574011348,1702.497792221505
2009-03-02,1654,1665,1638.75,1642,,,0,0,,,,,,,,,,,1665,1638.75,1642,37653,1679.139612737589,1700.125329781446
2009-03-03,1642.75,1649,1634.5,1637.75,,,0,0,,,,,,,,,,,1649,1634.5,1637.75,30880,1675.3769206705354,1697.6792384174678
2009-03-04,1638,1661,1637.5,1659,,,0,0,,,,,,,,,,,1661,1637.5,1659,32974,1673.8881097004867,1696.1624055383513
2009-03-05,1660,1664,1647.75,1651,,,0,0,,,,,,,,,,,1664,1647.75,1651,26574,1671.807372454988,1694.3913308113572
2009-03-06,1650,1669,1648,1663,,,0,0,,,,,,,,,,,1669,1648,1663,31828,1671.0067022318071,1693.1602982305196
2009-03-09,1667.75,1675.75,1656,1659.25,,,0,0,,,,,,,,,,,1675.75,1656,1659.25,27707,1669.9379111198248,1691.8304826136366
2009-03-10,1661,1675,1658.25,1668.75,,,0,0,,,,,,,,,,,1675,1658.25,1668.75,27469,1669.8299191998408,1690.9253656483959
2009-03-11,1672.5,1673.25,1642.5,1644.25,,,0,0,,,,,,,,,,,1673.25,1642.5,1644.25,31255,1667.5044719998552,1689.0949591523804
2009-03-12,1645.75,1662.5,1644.5,1661,,,0,0,,,,,,,,,,,1662.5,1644.5,1661,41407,1666.9131563635049,1687.9931960483655
2009-03-13,1660.25,1663.75,1651.5,1654.25,,,0,0,,,,,,,,,,,1663.75,1651.5,1654.25,22572,1665.761960330459,1686.6699334582336
2009-03-16,1650.25,1682.5,1647.5,1680.25,,,0,0,,,,,,,,,,,1682.5,1647.5,1680.25,52326,1667.079054845872,1686.4181713618323
2009-03-17,1676.25,1690.75,1672.75,1688.5,,,0,0,,,,,,,,,,,1690.75,1672.75,1688.5,41956,1669.0264134962472,1686.499811700584
2009-03-18,1690,1695,1664.25,1666,,,0,0,,,,,,,,,,,1695,1664.25,1666,39580,1668.7512849965883,1685.6958975162472
2009-03-19,1676.5,1695.5,1673.75,1691.25,,,0,0,,,,,,,,,,,1695.5,1673.75,1691.25,33365,1670.7966227241711,1685.9137054567866
2009-03-20,1692.25,1697,1677,1686.25,,,0,0,,,,,,,,,,,1697,1677,1686.25,27808,1672.201475203792,1685.9268934780891
2009-03-23,1688,1699,1681,1685.25,,,0,0,,,,,,,,,,,1699,1681,1685.25,28741,1673.3877047307199,1685.900348635811
2009-03-24,1687.75,1688.75,1666.25,1671,,,0,0,,,,,,,,,,,1688.75,1666.25,1671,33870,1673.1706406642909,1685.3160212383282
2009-03-25,1672,1672,1642.75,1644,,,0,0,,,,,,,,,,,1672,1642.75,1644,47773,1670.5187642402645,1683.695785111335
2009-03-26,1646,1654,1643.25,1650.5,,,0,0,,,,,,,,,,,1654,1643.25,1650.5,22785,1668.6988765820586,1682.3939896167728
2009-03-27,1650,1653.5,1639,1643.25,,,0,0,,,,,,,,,,,1653.5,1639,1643.25,21390,1666.385342347326,1680.8589312004287
2009-03-30,1645,1652,1637,1648.5,,,0,0,,,,,,,,,,,1652,1637,1648.5,25890,1664.7594021339328,1679.5899535062943
2009-03-31,1649.75,1670,1644,1668.75,,,0,0,,,,,,,,,,,1670,1644,1668.75,45379,1665.1221837581206,1679.1648572903612
2009-04-01,1663.75,1667.25,1651.75,1661.5,,,0,0,,,,,,,,,,,1667.25,1651.75,1661.5,52522,1664.7928943255642,1678.4721177887784
2009-04-02,1661.5,1688,1659.5,1686.5,,,0,0,,,,,,,,,,,1688,1659.5,1686.5,58003,1666.7662675686947,1678.7869366990224
2009-04-03,1687,1700.75,1682,1699.5,,,0,0,,,,,,,,,,,1700.75,1682,1699.5,43757,1669.7420614260861,1679.5992136912175
2009-04-06,1702,1708.75,1689,1693,,,0,0,,,,,,,,,,,1708.75,1689,1693,31577,1671.85641947826,1680.1247347229346
2009-04-07,1693,1700.5,1674.75,1675.75,,,0,0,,,,,,,,,,,1700.5,1674.75,1675.75,52496,1672.2103813438728,1679.9531764985059
2009-04-08,1676,1680.75,1667,1668,,,0,0,,,,,,,,,,,1680.75,1667,1668,46945,1671.8276194035207,1679.4844244789565
2009-04-09,1668.5,1679.5,1657,1658,,,0,0,,,,,,,,,,,1679.5,1657,1658,57742,1670.5705630941097,1678.6418980288013
2009-04-13,1658,1666.5,1651.25,1659.25,,,0,0,,,,,,,,,,,1666.5,1651.25,1659.25,41375,1669.5414209946453,1677.8814314394365
2009-04-14,1660,1669.25,1654.25,1658.25,,,0,0,,,,,,,,,,,1669.25,1654.25,1658.25,46970,1668.5149281769502,1677.111571382988
2009-04-15,1659,1666,1650.75,1651.25,,,0,0,,,,,,,,,,,1666,1650.75,1651.25,37558,1666.945389251773,1676.097392113067
2009-04-16,1652,1663.5,1649.5,1660.75,,,0,0,,,,,,,,,,,1663.5,1649.5,1660.75,29717,1666.3821720470662,1675.495533598829
2009-04-17,1661.75,1667.75,1656,1659,,,0,0,,,,,,,,,,,1667.75,1656,1659,16055,1665.7110654973328,1674.8486499282867
2009-04-20,1658.25,1661,1636.75,1640.5,,,0,0,,,,,,,,,,,1661,1636.75,1640.5,40448,1663.4191504521207,1673.5016440487461
2009-04-21,1640.75,1652,1639.25,1645,,,0,0,,,,,,,,,,,1652,1639.25,1645,34013,1661.7446822292006,1672.3839325174229
2009-04-22,1645.25,1653.5,1644.5,1652.25,,,0,0,,,,,,,,,,,1653.5,1644.5,1652.25,28077,1660.8815292992733,1671.5943665363475
2009-04-23,1652.25,1668.5,1647.75,1665,,,0,0,,,,,,,,,,,1668.5,1647.75,1665,48785,1661.255935726612,1671.335763927079
2009-04-24,1664.5,1669.25,1660.5,1667.5,,,0,0,,,,,,,,,,,1669.25,1660.5,1667.5,34468,1661.8235779332838,1671.1853418122914
2009-04-27,1667.25,1674.75,1642.5,1643.75,,,0,0,,,,,,,,,,,1674.75,1642.5,1643.75,58910,1660.1805253938944,1670.1094460549466
2009-04-28,1644.75,1654,1642.5,1646.25,,,0,0,,,,,,,,,,,1654,1642.5,1646.25,35974,1658.9141139944495,1669.1737815037723
2009-04-29,1646.25,1659.25,1642.75,1656.25,,,0,0,,,,,,,,,,,1659.25,1642.75,1656.25,46497,1658.671921813136,1668.66696654284
2009-04-30,1655.25,1669,1653.75,1660.75,,,0,0,,,,,,,,,,,1669,1653.75,1660.75,64487,1658.8608380119417,1668.3564972666502
2009-05-01,1661.25,1698,1660.75,1694.25,,,0,0,,,,,,,,,,,1698,1660.75,1694.25,79060,1662.0780345563107,1669.3719287463894
2009-05-04,1688.25,1695.5,1670.75,1675.25,,,0,0,,,,,,,,,,,1695.5,1670.75,1675.25,43372,1663.2754859602826,1669.6024413445703
2009-05-05,1675.25,1687.25,1674.5,1677.75,,,0,0,,,,,,,,,,,1687.25,1674.5,1677.75,37787,1664.591350872984,1669.9219534487047
2009-05-06,1676.75,1686,1672.25,1683,,,0,0,,,,,,,,,,,1686,1672.25,1683,30481,1666.2648644299854,1670.4348180193438
2009-05-07,1683.25,1703.75,1679.75,1694.5,,,0,0,,,,,,,,,,,1703.75,1679.75,1694.5,60650,1668.8316949363505,1671.3785506460363
2009-05-08,1692,1716.25,1689.75,1715.25,,,0,0,,,,,,,,,,,1716.25,1689.75,1715.25,55441,1673.0515408512276,1673.0989996403093
2009-05-11,1714.75,1720,1707,1715,,,0,0,,,,,,,,,,,1720,1707,1715,55441,1676.8650371374797,1674.742176125003
2009-05-12,1715.25,1721.75,1703.5,1717,,,0,0,,,,,,,,,,,1721.75,1703.5,1717,43656,1680.5136701249814,1676.3993456887283
2009-05-13,1715.75,1726.5,1708,1713,,,0,0,,,,,,,,,,,1726.5,1708,1713,38973,1683.4669728408921,1677.834665465641
2009-05-14,1711.25,1719.75,1704.25,1717.5,,,0,0,,,,,,,,,,,1719.75,1704.25,1717.5,34230,1686.5608844008111,1679.3901687807138
2009-05-15,1716.25,1719.5,1699.5,1701.75,,,0,0,,,,,,,,,,,1719.5,1699.5,1701.75,32412,1687.9417130916465,1680.2670249069604
2009-05-18,1696.25,1723.5,1687.5,1714.75,,,0,0,,,,,,,,,,,1723.5,1687.5,1714.75,50770,1690.378830083315,1681.6192984400207
2009-05-19,1713.5,1720.5,1708.25,1713,,,0,0,,,,,,,,,,,1720.5,1708.25,1713,34244,1692.435300075741,1682.8499141874709
2009-05-20,1712,1729,1710,1722,,,0,0,,,,,,,,,,,1729,1710,1722,37985,1695.1230000688554,1684.3852116703151
2009-05-21,1721.5,1725.75,1708.75,1717.75,,,0,0,,,,,,,,,,,1725.75,1708.75,1717.75,35755,1697.1800000625958,1685.6936347420674
2009-05-22,1717.25,1742.25,1717.25,1736.75,,,0,0,,,,,,,,,,,1742.25,1717.25,1736.75,46178,1700.777272784178,1687.6958451443393
2009-05-26,1733.5,1744,1726.75,1736.25,,,0,0,,,,,,,,,,,1744,1726.75,1736.25,31804,1704.0020661674346,1689.5999296484829
2009-05-27,1737,1753,1734.25,1750,,,0,0,,,,,,,,,,,1753,1734.25,1750,39998,1708.1836965158495,1691.9685598583462
2009-05-28,1748,1770.5,1742.25,1754.75,,,0,0,,,,,,,,,,,1770.5,1742.25,1754.75,51775,1712.4169968325905,1694.4305771188033
2009-05-29,1754.5,1768.75,1749.25,1761.5,,,0,0,,,,,,,,,,,1768.75,1749.25,1761.5,45983,1716.8790880296276,1697.0607505651246
2009-06-01,1761,1801.25,1759.25,1798.75,,,0,0,,,,,,,,,,,1801.25,1759.25,1798.75,65787,1724.3218982087524,1701.048564268453
2009-06-02,1796.25,1797.5,1782.5,1793.75,,,0,0,,,,,,,,,,,1797.5,1782.5,1793.75,65951,1730.6335438261385,1704.683914689298
2009-06-03,1791.5,1792.75,1738.75,1741.75,,,0,0,,,,,,,,,,,1792.75,1738.75,1741.75,92739,1731.644130751035,1706.1374866622668
2009-06-04,1742.5,1767,1738.5,1759.5,,,0,0,,,,,,,,,,,1767,1738.5,1759.5,62655,1734.176482500941,1708.2301342441388
2009-06-05,1763.5,1763.75,1745.25,1747.25,,,0,0,,,,,,,,,,,1763.75,1745.25,1747.25,62365,1735.3649840917644,1709.7603250580942
2009-06-08,1747.5,1749.25,1720,1722.25,,,0,0,,,,,,,,,,,1749.25,1720,1722.25,68325,1734.172712810695,1710.2501162322865
2009-06-09,1722.5,1741.75,1721.5,1738,,,0,0,,,,,,,,,,,1741.75,1721.5,1738,61482,1734.5206480097227,1711.3383469682753
2009-06-10,1737.75,1741.5,1716.25,1720.25,,,0,0,,,,,,,,,,,1741.5,1716.25,1720.25,64856,1733.2233163724752,1711.6878235577547
2009-06-11,1720.75,1731.75,1713.25,1719,,,0,0,,,,,,,,,,,1731.75,1713.25,1719,48998,1731.930287611341,1711.9745755750976
2009-06-12,1716.25,1722.25,1701.25,1709,,,0,0,,,,,,,,,,,1722.25,1701.25,1709,38835,1729.84571601031,1711.8579255525447
2009-06-15,1711.25,1711.5,1692.25,1699.5,,,0,0,,,,,,,,,,,1711.5,1692.25,1699.5,38797,1727.0870145548274,1711.3733010210724
2009-06-16,1701,1707.75,1689,1690,,,0,0,,,,,,,,,,,1707.75,1689,1690,37563,1723.715467777116,1710.5351323535795
2009-06-17,1689,1696.75,1679.75,1690.5,,,0,0,,,,,,,,,,,1696.75,1679.75,1690.5,43343,1720.6958797973782,1709.7494408887333
2009-06-18,1690.75,1695,1680.5,1685,,,0,0,,,,,,,,,,,1695,1680.5,1685,18138,1717.4507998157983,1708.7788745793712
2009-06-19,1686.75,1692.5,1677,1680.25,,,0,0,,,,,,,,,,,1692.5,1677,1680.25,17498,1714.068908923453,1707.6600951841017
2009-06-22,1680,1680.25,1666.75,1670.75,,,0,0,,,,,,,,,,,1680.25,1666.75,1670.75,24562,1710.1308262940481,1706.2126404709998
2009-06-23,1671.5,1677,1665.75,1671.5,,,0,0,,,,,,,,,,,1677,1665.75,1671.5,41541,1706.6189329945892,1704.8513604525292
2009-06-24,1671,1677,1660.75,1663.5,,,0,0,,,,,,,,,,,1677,1660.75,1663.5,53976,1702.699029995081,1703.2297384739986
2009-06-25,1662,1665.25,1651.5,1657.25,,,0,0,,,,,,,,,,,1665.25,1651.5,1657.25,29685,1698.5672999955282,1701.4266114750183
2009-06-26,1656.75,1662.5,1654.75,1658.75,,,0,0,,,,,,,,,,,1662.5,1654.75,1658.75,25303,1694.9475454504802,1699.7530188681549
2009-06-29,1657.75,1664,1649.75,1653.5,,,0,0,,,,,,,,,,,1664,1649.75,1653.5,61132,1691.179586773164,1697.9391749909723
2009-06-30,1653.75,1661.75,1620.75,1636.5,,,0,0,,,,,,,,,,,1661.75,1620.75,1636.5,62920,1686.208715248331,1695.5297955795616
2009-07-01,1637.5,1645.5,1625.5,1631.25,,,0,0,,,,,,,,,,,1645.5,1625.5,1631.25,47524,1681.2124684075736,1693.0090192823238
2009-07-02,1631.75,1637.75,1623,1624.75,,,0,0,,,,,,,,,,,1637.75,1623,1624.75,33364,1676.0795167341578,1690.3321949967426
2009-07-06,1625,1626.5,1613.5,1615,,,0,0,,,,,,,,,,,1626.5,1613.5,1615,30070,1670.526833394689,1687.37799127138
2009-07-07,1615,1623,1607.75,1608.25,,,0,0,,,,,,,,,,,1623,1607.75,1608.25,45930,1664.865303086081,1684.2749327901495
2009-07-08,1609,1619,1608.25,1613,,,0,0,,,,,,,,,,,1619,1608.25,1613,36233,1660.1502755328008,1681.4798373866142
2009-07-09,1615.75,1627.75,1614.75,1618,,,0,0,,,,,,,,,,,1627.75,1614.75,1618,39559,1656.3184323025462,1678.990431998904
2009-07-10,1618,1619.5,1610,1614.5,,,0,0,,,,,,,,,,,1619.5,1610,1614.5,35985,1652.5167566386783,1676.4613954499273
2009-07-13,1615.75,1640.5,1612.75,1638.5,,,0,0,,,,,,,,,,,1640.5,1612.75,1638.5,48424,1651.242506035162,1674.9727132754203
2009-07-14,1638,1640.25,1621.25,1625.75,,,0,0,,,,,,,,,,,1640.25,1621.25,1625.75,35375,1648.9250054865108,1673.0424107940314
2009-07-15,1625.75,1644.75,1623.5,1630.5,,,0,0,,,,,,,,,,,1644.75,1623.5,1630.5,37769,1647.2500049877372,1671.3740809589713
2009-07-16,1629.75,1644.5,1623.75,1629,,,0,0,,,,,,,,,,,1644.5,1623.75,1629,35036,1645.5909136252155,1669.7123522939135
2009-07-17,1628.75,1643.25,1624.5,1637.5,,,0,0,,,,,,,,,,,1643.25,1624.5,1637.5,28086,1644.855376022923,1668.4491227921912
2009-07-20,1637.5,1649.5,1627.5,1638,,,0,0,,,,,,,,,,,1649.5,1627.5,1638,31287,1644.2321600208393,1667.2550395454386
2009-07-21,1638,1640,1626,1630.5,,,0,0,,,,,,,,,,,1640,1626,1630.5,27603,1642.9837818371266,1665.8136654456175
2009-07-22,1626.75,1628.25,1609,1617.75,,,0,0,,,,,,,,,,,1628.25,1609,1617.75,49286,1640.689801670115,1663.9288158202992
2009-07-23,1618.5,1634.5,1616,1627.5,,,0,0,,,,,,,,,,,1634.5,1616,1627.5,36572,1639.4907287910137,1662.5002348077385
2009-07-24,1626.75,1631.25,1611.25,1612,,,0,0,,,,,,,,,,,1631.25,1611.25,1612,27659,1636.9915716281942,1660.5198334427291
2009-07-27,1612,1619.5,1607.75,1616.25,,,0,0,,,,,,,,,,,1619.5,1607.75,1616.25,22261,1635.1059742074492,1658.7837615430142
2009-07-28,1615.75,1623.75,1610.25,1612,,,0,0,,,,,,,,,,,1623.75,1610.25,1612,29740,1633.0054310976811,1656.9491042276018
2009-07-29,1610.5,1613.75,1601,1607.25,,,0,0,,,,,,,,,,,1613.75,1601,1607.25,26669,1630.6640282706192,1655.000119748088
2009-07-30,1607.75,1623,1607.5,1612,,,0,0,,,,,,,,,,,1623,1607.5,1612,37819,1628.9672984278357,1653.3138405422808
2009-07-31,1611.75,1625.75,1610.5,1624,,,0,0,,,,,,,,,,,1625.75,1610.5,1624,32936,1628.515725843487,1652.1642781680737
2009-08-03,1627.5,1653.25,1623.75,1645,,,0,0,,,,,,,,,,,1653.25,1623.75,1645,89009,1630.0142962213517,1651.883326083051
2009-08-04,1644.5,1646.25,1634,1638,,,0,0,,,,,,,,,,,1646.25,1634,1638,39671,1630.740269292138,1651.3388819229315
2009-08-05,1637.75,1642.5,1618,1624.5,,,0,0,,,,,,,,,,,1642.5,1618,1624.5,49325,1630.1729720837618,1650.2863767494832
2009-08-06,1625,1625.75,1595.25,1596,,,0,0,,,,,,,,,,,1625.75,1595.25,1596,46686,1627.0663382579653,1648.1574992298956
2009-08-07,1596.75,1600.75,1583.75,1585.25,,,0,0,,,,,,,,,,,1600.75,1583.75,1585.25,76899,1623.2648529617866,1645.690538475782
2009-08-10,1583.75,1597.25,1581,1590,,,0,0,,,,,,,,,,,1597.25,1581,1590,65231,1620.240775419806,1643.5065957904571
2009-08-11,1590,1595.5,1579.25,1581,,,0,0,,,,,,,,,,,1595.5,1579.25,1581,50428,1616.6734321998235,1641.055356739851
2009-08-12,1581.5,1586.75,1572,1586,,,0,0,,,,,,,,,,,1586.75,1572,1586,42711,1613.8849383634758,1638.89632314221
2009-08-13,1582.75,1592.25,1576,1577.25,,,0,0,,,,,,,,,,,1592.25,1576,1577.25,43190,1610.5544894213417,1636.478820273888
2009-08-14,1578,1582.25,1569.5,1577.5,,,0,0,,,,,,,,,,,1582.25,1569.5,1577.5,30316,1607.5495358375833,1634.1659253611865
2009-08-17,1577,1577,1561,1567.5,,,0,0,,,,,,,,,,,1577,1561,1567.5,27468,1603.9086689432577,1631.5515753470224
2009-08-18,1566.75,1574.5,1563.75,1566.25,,,0,0,,,,,,,,,,,1574.5,1563.75,1566.25,32544,1600.4851535847797,1628.9907292549824
2009-08-19,1569,1576,1553.5,1561.5,,,0,0,,,,,,,,,,,1576,1553.5,1561.5,48125,1596.9410487134362,1626.344033990081
2009-08-20,1562.75,1566.75,1557.5,1564.5,,,0,0,,,,,,,,,,,1566.75,1557.5,1564.5,21113,1593.9918624667603,1623.9187777551758
2009-08-21,1564.5,1571,1553.75,1555.25,,,0,0,,,,,,,,,,,1571,1553.75,1555.25,38622,1590.469874969782,1621.2258845098747
2009-08-24,1557.25,1568,1554,1567.25,,,0,0,,,,,,,,,,,1568,1554,1567.25,45718,1588.3589772452565,1619.1091831565464
2009-08-25,1565.75,1584.5,1562,1566.75,,,0,0,,,,,,,,,,,1584.5,1562,1566.75,48575,1586.394524768415,1617.0558818562897
2009-08-26,1567,1577.5,1565,1574.75,,,0,0,,,,,,,,,,,1577.5,1565,1574.75,35942,1585.33593160765,1615.396827665847
2009-08-27,1574.5,1578.5,1560,1571,,,0,0,,,,,,,,,,,1578.5,1560,1571,37014,1584.0326650978636,1613.6557756005197
2009-08-28,1571.25,1577.5,1555.5,1563.25,,,0,0,,,,,,,,,,,1577.5,1555.5,1563.25,46927,1582.1433319071486,1611.6790785181465
2009-08-31,1562.75,1570,1548.75,1566.75,,,0,0,,,,,,,,,,,1570,1548.75,1566.75,50502,1580.7439380974079,1609.917153870376
2009-09-01,1566.25,1567.75,1550,1555.25,,,0,0,,,,,,,,,,,1567.75,1550,1555.25,39574,1578.42630736128,1607.773343914675
2009-09-02,1554.25,1558,1550.75,1553.75,,,0,0,,,,,,,,,,,1558,1550.75,1553.75,26760,1576.1830066920727,1605.654781408217
2009-09-03,1553.5,1561.5,1543.25,1546.75,,,0,0,,,,,,,,,,,1561.5,1543.25,1546.75,29721,1573.507278810975,1603.344789980444
2009-09-04,1546,1547.5,1539,1539.75,,,0,0,,,,,,,,,,,1547.5,1539,1539.75,24003,1570.4384352827046,1600.8508766478774
2009-09-08,1539.25,1543.75,1525,1527,,,0,0,,,,,,,,,,,1543.75,1525,1527,31703,1566.4894866206405,1597.9547638381566
2009-09-09,1526,1531.75,1520.75,1524.25,,,0,0,,,,,,,,,,,1531.75,1520.75,1524.25,30874,1562.6495332914913,1595.0643809425426
2009-09-10,1524.5,1530.5,1521,1526.75,,,0,0,,,,,,,,,,,1530.5,1521,1526.75,25003,1559.3859393559012,1592.3853856114624
2009-09-11,1525.5,1536.5,1519,1535.25,,,0,0,,,,,,,,,,,1536.5,1519,1535.25,38946,1557.1917630508192,1590.1447822541502
2009-09-14,1535,1535,1520.25,1522,,,0,0,,,,,,,,,,,1535,1520.25,1522,25951,1553.9925118643812,1587.4724378520266
2009-09-15,1521.25,1549.5,1518,1538.5,,,0,0,,,,,,,,,,,1549.5,1518,1538.5,51514,1552.584101694892,1585.5519500931237
2009-09-16,1537.5,1541.75,1524.25,1535.25,,,0,0,,,,,,,,,,,1541.75,1524.25,1535.25,31700,1551.0082742680836,1583.5793245992757
2009-09-17,1535.5,1544.75,1526.25,1529.75,,,0,0,,,,,,,,,,,1544.75,1526.25,1529.75,24999,1549.075703880076,1581.4683706934218
2009-09-18,1529.5,1533.25,1524.25,1525.25,,,0,0,,,,,,,,,,,1533.25,1524.25,1525.25,20047,1546.909730800069,1579.2637287054445
2009-09-21,1525,1531,1520.75,1524,,,0,0,,,,,,,,,,,1531,1520.75,1524,26199,1544.8270280000627,1577.0965236581721
2009-09-22,1524.25,1532.5,1520.75,1523.75,,,0,0,,,,,,,,,,,1532.5,1520.75,1523.75,31349,1542.9109345455115,1575.0045031225575
2009-09-23,1523.5,1537,1519.25,1528,,,0,0,,,,,,,,,,,1537,1519.25,1528,39844,1541.5553950413741,1573.1611892746141
2009-09-24,1525.5,1542,1521.75,1541,,,0,0,,,,,,,,,,,1542,1521.75,1541,46192,1541.5049045830674,1571.8999661658056
2009-09-25,1539.75,1545.25,1516,1517.75,,,0,0,,,,,,,,,,,1545.25,1516,1517.75,60761,1539.3453678027886,1569.7764380808721
2009-09-28,1530,1530,1518.5,1523.75,,,0,0,,,,,,,,,,,1530,1518.5,1523.75,30402,1537.927607093444,1567.9714797247595
2009-09-29,1524,1528,1509.25,1515.5,,,0,0,,,,,,,,,,,1528,1509.25,1515.5,33411,1535.8887337213127,1565.913774637514
2009-09-30,1515.5,1528,1507.5,1525.5,,,0,0,,,,,,,,,,,1528,1507.5,1525.5,41782,1534.9443033830116,1564.3289207301605
2009-10-01,1520,1522,1513.5,1520.75,,,0,0,,,,,,,,,,,1522,1513.5,1520.75,25947,1533.6539121663743,1562.6199434466248
2009-10-02,1519.5,1522,1507.25,1509.25,,,0,0,,,,,,,,,,,1522,1507.25,1509.25,27474,1531.435374696704,1560.5270044879337
2009-10-05,1509.25,1520,1507.25,1510.75,,,0,0,,,,,,,,,,,1520,1507.25,1510.75,29941,1529.5548860879128,1558.57496509625
2009-10-06,1511,1539.5,1510.75,1528.25,,,0,0,,,,,,,,,,,1539.5,1510.75,1528.25,46789,1529.4362600799207,1557.38575077875
2009-10-07,1526.75,1534,1521.75,1531.25,,,0,0,,,,,,,,,,,1534,1521.75,1531.25,26401,1529.6011455272005,1556.3608193756618
2009-10-08,1532,1551,1530.5,1542,,,0,0,,,,,,,,,,,1551,1530.5,1542,61625,1530.7283141156367,1555.797649988381
2009-10-09,1541.25,1542.25,1529,1536,,,0,0,,,,,,,,,,,1542.25,1529,1536,38632,1531.2075582869425,1555.0212715574642
2009-10-12,1538.25,1564.5,1532.75,1562.25,,,0,0,,,,,,,,,,,1564.5,1532.75,1562.25,38270,1534.029598442675,1555.3047511042303
2009-10-13,1560.75,1582.5,1554,1579.25,,,0,0,,,,,,,,,,,1582.5,1554,1579.25,56272,1538.1405440387955,1556.243780472692
2009-10-14,1579.5,1597,1573,1581,,,0,0,,,,,,,,,,,1597,1573,1581,55673,1542.0368582170868,1557.2146126110176
2009-10-15,1580.75,1581.75,1564.25,1573,,,0,0,,,,,,,,,,,1581.75,1564.25,1573,39749,1544.8516892882608,1557.8336474105856
2009-10-16,1572.25,1579.25,1563.5,1566.75,,,0,0,,,,,,,,,,,1579.25,1563.5,1566.75,25743,1546.8424448075098,1558.183308296445
2009-10-19,1565.25,1591,1563.75,1585.75,,,0,0,,,,,,,,,,,1591,1563.75,1585.75,41029,1550.3794952795542,1559.2643550299176
2009-10-20,1585.75,1595,1576,1585.5,,,0,0,,,,,,,,,,,1595,1576,1585.5,45349,1553.5722684359584,1560.2932038522738
2009-10-21,1585.75,1616.5,1582.5,1610.5,,,0,0,,,,,,,,,,,1616.5,1582.5,1610.5,55443,1558.7475167599623,1562.2620978188513
2009-10-22,1606.25,1623.75,1601.5,1619.75,,,0,0,,,,,,,,,,,1623.75,1601.5,1619.75,53245,1564.2931970545112,1564.5165253553669
2009-10-23,1619.75,1642.75,1614.75,1615.75,,,0,0,,,,,,,,,,,1642.75,1614.75,1615.75,76800,1568.9710882313739,1566.5256812237837
2009-10-26,1614.5,1627.75,1594,1595,,,0,0,,,,,,,,,,,1627.75,1594,1595,70143,1571.3373529376126,1567.6423211757922
2009-10-27,1594,1597.25,1570.75,1571.25,,,0,0,,,,,,,,,,,1597.25,1570.75,1571.25,56270,1571.329411761466,1567.7837987767416
2009-10-28,1571,1576.75,1559.25,1562.75,,,0,0,,,,,,,,,,,1576.75,1559.25,1562.75,45955,1570.5494652376963,1567.5863949031439
2009-10-29,1564.75,1579.25,1562.25,1571.75,,,0,0,,,,,,,,,,,1579.25,1562.25,1571.75,48038,1570.6586047615422,1567.7496735343932
2009-10-30,1573,1577.25,1556,1562.25,,,0,0,,,,,,,,,,,1577.25,1556,1562.25,48361,1569.8941861468566,1567.5340000624562
2009-11-02,1558,1586.75,1555.75,1584.75,,,0,0,,,,,,,,,,,1586.75,1555.75,1584.75,56540,1571.2447146789605,1568.209137314909
2009-11-03,1584.5,1588.75,1572.75,1583.75,,,0,0,,,,,,,,,,,1588.75,1572.75,1583.75,39810,1572.381558799055,1568.8185829104027
2009-11-04,1585,1596.25,1573,1589,,,0,0,,,,,,,,,,,1596.25,1573,1589,47229,1573.8923261809591,1569.6100110315633
2009-11-05,1588.75,1589.25,1578.75,1580.25,,,0,0,,,,,,,,,,,1589.25,1578.75,1580.25,30257,1574.4702965281447,1570.0272655009137
2009-11-06,1579.75,1583.25,1564.5,1565.25,,,0,0,,,,,,,,,,,1583.25,1564.5,1565.25,47550,1573.6320877528588,1569.8399217557799
2009-11-09,1566,1592.25,1564.75,1588,,,0,0,,,,,,,,,,,1592.25,1564.75,1588,55787,1574.938261593508,1570.5520816869257
2009-11-10,1586,1595,1575.75,1591,,,0,0,,,,,,,,,,,1595,1575.75,1591,60450,1576.3984196304618,1571.353960836458
2009-11-11,1589.75,1608,1587.5,1599.75,,,0,0,,,,,,,,,,,1608,1587.5,1599.75,69290,1578.521290573147,1572.4675309997342
2009-11-12,1597,1609.75,1590,1599.75,,,0,0,,,,,,,,,,,1609.75,1590,1599.75,79147,1580.4511732483156,1573.5374317448427
2009-11-13,1599,1608.25,1595.5,1607,,,0,0,,,,,,,,,,,1608.25,1595.5,1607,35850,1582.864702953014,1574.8496893234762
2009-11-16,1610.75,1632.75,1609.25,1631,,,0,0,,,,,,,,,,,1632.75,1609.25,1631,54797,1587.2406390481947,1577.051662291183
2009-11-17,1630.75,1644.25,1624.25,1643.75,,,0,0,,,,,,,,,,,1644.25,1624.25,1643.75,55998,1592.377853680177,1579.6672833778032
2009-11-18,1642.5,1652,1634,1635.25,,,0,0,,,,,,,,,,,1652,1634,1635.25,44848,1596.2753215274336,1581.8469977551442
2009-11-19,1635.5,1640,1614.75,1631.25,,,0,0,,,,,,,,,,,1640,1614.75,1631.25,32988,1599.4548377522124,1583.7843703921974
2009-11-20,1631.25,1641,1621.75,1628,,,0,0,,,,,,,,,,,1641,1621.75,1628,25441,1602.0498525020112,1585.5183166513268
2009-11-23,1627.25,1647.75,1625,1625.75,,,0,0,,,,,,,,,,,1647.75,1625,1625.75,41853,1604.2044113654647,1587.096029723824
2009-11-24,1624.75,1628.25,1599.25,1600.75,,,0,0,,,,,,,,,,,1628.25,1599.25,1600.75,43485,1603.8903739686043,1587.6314795385758
2009-11-25,1603.25,1622.5,1601.75,1618.75,,,0,0,,,,,,,,,,,1622.5,1601.75,1618.75,47330,1605.2412490623676,1588.851813674318
2009-11-27,1606.25,1619.25,1599.25,1617,,,0,0,,,,,,,,,,,1619.25,1599.25,1617,30241,1606.3102264203342,1589.9556641184624
2009-11-30,1619.25,1637.25,1619,1636,,,0,0,,,,,,,,,,,1637.25,1619,1636,50071,1609.0092967457583,1591.761324349111
2009-12-01,1631.5,1645.25,1627.25,1631.25,,,0,0,,,,,,,,,,,1645.25,1627.25,1631.25,50199,1611.0311788597803,1593.309899864832
2009-12-02,1630,1633.75,1617.75,1623.25,,,0,0,,,,,,,,,,,1633.75,1617.75,1623.25,32884,1612.1419807816185,1594.4840214387602
2009-12-03,1623.25,1629.25,1616.5,1618.75,,,0,0,,,,,,,,,,,1629.25,1616.5,1618.75,28232,1612.7427098014714,1595.4356284411617
2009-12-04,1617.25,1623.25,1602.75,1605.25,,,0,0,,,,,,,,,,,1623.25,1602.75,1605.25,35639,1612.061554364974,1595.8205057571945
2009-12-07,1604.25,1609.75,1594.75,1595.25,,,0,0,,,,,,,,,,,1609.75,1594.75,1595.25,33464,1610.5332312408855,1595.7981329824026
2009-12-08,1594.25,1601.5,1584.5,1587,,,0,0,,,,,,,,,,,1601.5,1584.5,1587,33306,1608.3938465826232,1595.4531081595633
2009-12-09,1586.75,1591.75,1579.75,1582.5,,,0,0,,,,,,,,,,,1591.75,1579.75,1582.5,32671,1606.0398605296575,1594.9451431336981
2009-12-10,1582.5,1591.25,1577.25,1584.25,,,0,0,,,,,,,,,,,1591.25,1577.25,1584.25,33334,1604.0589641178706,1594.525725755906
2009-12-11,1584.25,1592,1577.5,1584.75,,,0,0,,,,,,,,,,,1592,1577.5,1584.75,27985,1602.3036037435188,1594.1423639615568
2009-12-14,1584.75,1595.25,1578.75,1590.75,,,0,0,,,,,,,,,,,1595.25,1578.75,1590.75,30960,1601.2532761304717,1594.0093300807114
2009-12-15,1590,1594.25,1583.25,1584,,,0,0,,,,,,,,,,,1594.25,1583.25,1584,33861,1599.684796482247,1593.6168073324482
2009-12-16,1583.25,1591.25,1575,1584.5,,,0,0,,,,,,,,,,,1591.25,1575,1584.5,40739,1598.3043604384063,1593.2592854762738
2009-12-17,1585,1586.5,1561.5,1565.75,,,0,0,,,,,,,,,,,1586.5,1561.5,1565.75,45340,1595.3448731258238,1592.1804899674003
2009-12-18,1569.25,1576.25,1562.25,1575.25,,,0,0,,,,,,,,,,,1576.25,1562.25,1575.25,36078,1593.5180664780216,1591.516549184365
2009-12-21,1574.5,1577.25,1566.25,1566.75,,,0,0,,,,,,,,,,,1577.25,1566.25,1566.75,19468,1591.0846058891107,1590.5453119614488
2009-12-22,1565.75,1572.25,1562.5,1570.25,,,0,0,,,,,,,,,,,1572.25,1562.5,1570.25,18945,1589.1905508082825,1589.7494173747252
2009-12-23,1570.25,1577,1566,1576.25,,,0,0,,,,,,,,,,,1577,1566,1576.25,14599,1588.0141370984386,1589.2200284580692
2009-12-24,1576.5,1578.5,1568,1571.75,,,0,0,,,,,,,,,,,1578.5,1568,1571.75,10723,1586.5355791803988,1588.5349293028507
2009-12-28,1571.75,1598,1569.75,1598,,,0,0,,,,,,,,,,,1598,1569.75,1598,30953,1587.577799254908,1588.9061085458761
2009-12-29,1597.25,1602,1587.25,1588.25,,,0,0,,,,,,,,,,,1602,1587.25,1588.25,24514,1587.6389084135528,1588.880378798979
2009-12-30,1587.25,1597.25,1587.25,1592,,,0,0,,,,,,,,,,,1597.25,1587.25,1592,19911,1588.035371285048,1589.0027168852937
2009-12-31,1591,1597.25,1587.25,1588.75,,,0,0,,,,,,,,,,,1597.25,1587.25,1588.75,14383,1588.100337531862,1588.9928064192038
2010-01-04,1592,1608.5,1591.25,1605,,,0,0,,,,,,,,,,,1608.5,1591.25,1605,41278,1589.636670483511,1589.6205395008037
2010-01-05,1604,1608.75,1599.25,1600.25,,,0,0,,,,,,,,,,,1608.75,1599.25,1600.25,36720,1590.6015186213735,1590.0373810890076
2010-01-06,1599.25,1615,1598.25,1614.5,,,0,0,,,,,,,,,,,1615,1598.25,1614.5,38503,1592.7741078376123,1590.996699477674
2010-01-07,1613.75,1615.25,1603.25,1605,,,0,0,,,,,,,,,,,1615.25,1603.25,1605,33873,1593.8855525796475,1591.545848517765
2010-01-08,1604.75,1617.25,1592.5,1615.75,,,0,0,,,,,,,,,,,1617.25,1592.5,1615.75,33873,1595.8732296178614,1592.495030928833
2010-01-11,1616.25,1622.25,1611,1619.75,,,0,0,,,,,,,,,,,1622.25,1611,1619.75,33873,1598.0438451071468,1593.5638532453495
2010-01-12,1617.25,1617.75,1567.75,1583,,,0,0,,,,,,,,,,,1617.75,1567.75,1583,33873,1596.676222824679,1593.1495844906299
2010-01-13,1582,1585.25,1566.5,1584.25,,,0,0,,,,,,,,,,,1585.25,1566.5,1584.25,60488,1595.5465662042536,1592.8005811772719
2010-01-14,1584,1584.5,1572.75,1575,,,0,0,,,,,,,,,,,1584.5,1572.75,1575,40114,1593.6786965493216,1592.10251917032
2010-01-15,1572.5,1573,1556.5,1557.25,,,0,0,,,,,,,,,,,1573,1556.5,1557.25,42330,1590.3669968630195,1590.7357537126604
2010-01-19,1558.25,1562.5,1543.75,1547.75,,,0,0,,,,,,,,,,,1562.5,1543.75,1547.75,49469,1586.4927244209268,1589.0500378807915
2010-01-20,1548.25,1548.75,1532.5,1544.75,,,0,0,,,,,,,,,,,1548.75,1532.5,1544.75,48241,1582.6979312917517,1587.3127814933096
2010-01-21,1545,1547.75,1540.25,1546.75,,,0,0,,,,,,,,,,,1547.75,1540.25,1546.75,35457,1579.4299375379562,1585.7220841798464
2010-01-22,1547.75,1549.25,1538.75,1545.75,,,0,0,,,,,,,,,,,1549.25,1538.75,1545.75,30415,1576.3681250345057,1584.1545514669112
2010-01-25,1547.5,1551.25,1543.5,1545.5,,,0,0,,,,,,,,,,,1551.25,1543.5,1545.5,30539,1573.5619318495508,1582.638686703503
2010-01-26,1544.5,1547.75,1538.75,1541.25,,,0,0,,,,,,,,,,,1547.75,1538.75,1541.25,30418,1570.6244834995916,1581.0156009504244
2010-01-27,1540.75,1542.25,1530.25,1531,,,0,0,,,,,,,,,,,1542.25,1530.25,1531,42885,1567.0222577269014,1579.0542048347215
2010-01-28,1533,1536.5,1530,1534.25,,,0,0,,,,,,,,,,,1536.5,1530,1534.25,35797,1564.0429615699104,1577.2971771941443
2010-01-29,1533.75,1535.75,1520.25,1521.25,,,0,0,,,,,,,,,,,1535.75,1520.25,1521.25,62568,1560.1526923362821,1575.0992486767268
2010-02-01,1523.25,1531,1520.25,1522,,,0,0,,,,,,,,,,,1531,1520.25,1522,57026,1556.6842657602565,1573.0169251992081
2010-02-02,1521.5,1539.75,1521.5,1534.5,,,0,0,,,,,,,,,,,1539.75,1521.5,1534.5,65546,1554.6675143275058,1571.5064575443373
2010-02-03,1534.75,1542,1515.5,1516.25,,,0,0,,,,,,,,,,,1542,1515.5,1516.25,61505,1551.1750130250052,1569.339537640638
2010-02-04,1518.25,1529.25,1513.75,1523,,,0,0,,,,,,,,,,,1529.25,1513.75,1523,50470,1548.6136482045501,1567.5223008704168
2010-02-05,1522.25,1523.75,1514.25,1520.5,,,0,0,,,,,,,,,,,1523.75,1514.25,1520.5,55763,1546.0578620041365,1565.678289071577
2010-02-08,1526.75,1536.25,1523.5,1531.25,,,0,0,,,,,,,,,,,1536.25,1523.5,1531.25,55118,1544.7116927310333,1564.328160088378
2010-02-09,1530.25,1535.75,1524,1529.5,,,0,0,,,,,,,,,,,1535.75,1524,1529.5,63813,1543.3288115736666,1562.9623498888336
2010-02-10,1530.75,1550.25,1528,1544,,,0,0,,,,,,,,,,,1550.25,1528,1544,87561,1543.3898287033333,1562.2187283245655
2010-02-11,1545,1548.75,1533.75,1540.75,,,0,0,,,,,,,,,,,1548.75,1533.75,1540.75,54328,1543.1498442757575,1561.3768174098766
2010-02-12,1540.75,1541,1527.25,1533.5,,,0,0,,,,,,,,,,,1541,1527.25,1533.5,25999,1542.272585705234,1560.283608883999
2010-02-16,1537,1555.5,1535.25,1551.75,,,0,0,,,,,,,,,,,1555.5,1535.25,1551.75,25936,1543.13416882294,1559.9489575552147
2010-02-17,1551,1551.75,1539,1541.5,,,0,0,,,,,,,,,,,1551.75,1539,1541.5,27988,1542.9856080208544,1559.2254690236377
2010-02-18,1542,1546.25,1529.5,1531.75,,,0,0,,,,,,,,,,,1546.25,1529.5,1531.75,27514,1541.9641891098677,1558.1479996501619
2010-02-19,1527.5,1537,1524.25,1536.25,,,0,0,,,,,,,,,,,1537,1524.25,1536.25,31532,1541.4447173726069,1557.2892545658417
2010-02-22,1536.25,1550,1531.25,1547.5,,,0,0,,,,,,,,,,,1550,1531.25,1547.5,46266,1541.9951976114608,1556.9053622299264
2010-02-23,1545.25,1547.5,1537,1538,,,0,0,,,,,,,,,,,1547.5,1537,1538,41943,1541.6319978286008,1556.1639754758116
2010-02-24,1538,1548.25,1535.25,1546,,,0,0,,,,,,,,,,,1548.25,1535.25,1546,44030,1542.0290889350915,1555.7653882022505
2010-02-25,1545.75,1546.5,1534,1536,,,0,0,,,,,,,,,,,1546.5,1534,1536,38866,1541.4809899409922,1554.990274939417
2010-02-26,1535.5,1552.5,1535.25,1551.5,,,0,0,,,,,,,,,,,1552.5,1535.25,1551.5,49119,1542.3918090372656,1554.8534014123811
2010-03-01,1553,1558.25,1528.5,1536.75,,,0,0,,,,,,,,,,,1558.25,1528.5,1536.75,49552,1541.878917306605,1554.1434641020917
2010-03-02,1538,1542,1530.5,1536.75,,,0,0,,,,,,,,,,,1542,1530.5,1536.75,35035,1541.4126520969137,1553.461367470637
2010-03-03,1536,1550,1536,1548,,,0,0,,,,,,,,,,,1550,1536,1548,33736,1542.0115019062853,1553.2471961972788
2010-03-04,1547,1547.5,1531.75,1534.5,,,0,0,,,,,,,,,,,1547.5,1531.75,1534.5,34897,1541.328638096623,1552.5120120326796
2010-03-05,1535.75,1540.75,1524.5,1525.75,,,0,0,,,,,,,,,,,1540.75,1524.5,1525.75,36061,1539.9123982696574,1551.4625213647314
2010-03-08,1527.75,1531,1525,1527.25,,,0,0,,,,,,,,,,,1531,1525,1527.25,28231,1538.761271154234,1550.5130107229772
2010-03-09,1526.5,1526.75,1520.25,1521.75,,,0,0,,,,,,,,,,,1526.75,1520.25,1521.75,24142,1537.2147919583945,1549.3850495181546
2010-03-10,1521,1524.25,1510.25,1513.75,,,0,0,,,,,,,,,,,1524.25,1510.25,1513.75,46307,1535.0816290530859,1547.987596595874
2010-03-11,1513,1515.5,1507.75,1511,,,0,0,,,,,,,,,,,1515.5,1507.75,1511,27932,1532.8923900482598,1546.537102611722
2010-03-12,1511.5,1518.5,1509.5,1517.5,,,0,0,,,,,,,,,,,1518.5,1509.5,1517.5,24060,1531.4930818620544,1545.39839270538
2010-03-15,1517,1519.25,1509,1511.5,,,0,0,,,,,,,,,,,1519.25,1509,1511.5,20569,1529.675528965504,1544.0690439718358
2010-03-16,1512.5,1521.25,1511.75,1519.25,,,0,0,,,,,,,,,,,1521.25,1511.75,1519.25,26171,1528.7277536050037,1543.095748129803
2010-03-17,1520,1530.5,1517.5,1528.25,,,0,0,,,,,,,,,,,1530.5,1517.5,1528.25,34563,1528.6843214590942,1542.5135619286343
2010-03-18,1526.75,1527,1516.75,1521.5,,,0,0,,,,,,,,,,,1527,1516.75,1521.5,34830,1528.0312013264493,1541.689500676531
2010-03-19,1521.5,1523,1514.75,1516,,,0,0,,,,,,,,,,,1523,1514.75,1516,21371,1526.9374557513174,1540.6820692774513
2010-03-22,1516.5,1525,1514.5,1518.75,,,0,0,,,,,,,,,,,1525,1514.5,1518.75,23468,1526.1931415921067,1539.821988129316
2010-03-23,1517.5,1521.25,1508,1509,,,0,0,,,,,,,,,,,1521.25,1508,1509,31447,1524.630128720097,1538.61328271248
2010-03-24,1509.25,1511,1504.25,1508.25,,,0,0,,,,,,,,,,,1511,1504.25,1508.25,24110,1523.1410261091792,1537.422565743363
2010-03-25,1507.75,1510.5,1496.75,1498.75,,,0,0,,,,,,,,,,,1510.5,1496.75,1498.75,33361,1520.9236600992538,1535.905994537741
2010-03-26,1498.5,1501,1496.25,1497,,,0,0,,,,,,,,,,,1501,1496.25,1497,26997,1518.7487819084124,1534.3802692617512
2010-03-29,1497.75,1503.5,1496.25,1497,,,0,0,,,,,,,,,,,1503.5,1496.25,1497,32286,1516.7716199167385,1532.9143763495256
2010-03-30,1497,1506,1494.5,1504.25,,,0,0,,,,,,,,,,,1506,1494.5,1504.25,34897,1515.6332908333986,1531.790283159348
2010-03-31,1504.25,1506.5,1482.25,1482.75,,,0,0,,,,,,,,,,,1506.5,1482.25,1482.75,58287,1512.643900757635,1529.867134800158
2010-04-01,1484.75,1490,1481.75,1487,,,0,0,,,,,,,,,,,1490,1481.75,1487,68,1510.3126370523955,1528.1860706903478
2010-04-05,1488.25,1491.75,1479.25,1485.75,,,0,0,,,,,,,,,,,1491.75,1479.25,1485.75,20682,1508.0796700476324,1526.5219110554322
2010-04-06,1486.25,1502.25,1481,1495.75,,,0,0,,,,,,,,,,,1502.25,1481,1495.75,46216,1506.958790952393,1525.3151694454152
2010-04-07,1496,1512,1488.75,1507.5,,,0,0,,,,,,,,,,,1512,1488.75,1507.5,55200,1507.0079917749026,1524.6165353495167
2010-04-08,1506.5,1507,1499.25,1501.5,,,0,0,,,,,,,,,,,1507,1499.25,1501.5,48344,1506.5072652499114,1523.7100045514965
2010-04-09,1501.75,1511,1494.75,1498,,,0,0,,,,,,,,,,,1511,1494.75,1498,48279,1505.7338774999193,1522.7017690788887
2010-04-12,1501.25,1506.75,1498.25,1500,,,0,0,,,,,,,,,,,1506.75,1498.25,1500,79561,1505.2126159090176,1521.8115036248146
2010-04-13,1499.25,1508.75,1495.75,1508.25,,,0,0,,,,,,,,,,,1508.75,1495.75,1508.25,64576,1505.4887417354705,1521.2796799532532
2010-04-14,1507.5,1514.25,1502.75,1507,,,0,0,,,,,,,,,,,1514.25,1502.75,1507,69661,1505.6261288504277,1520.719692504106
2010-04-15,1506.5,1514.75,1504.75,1512.5,,,0,0,,,,,,,,,,,1514.75,1504.75,1512.5,41466,1506.2510262276614,1520.397351621592
2010-04-16,1512,1523.5,1508.5,1522.75,,,0,0,,,,,,,,,,,1523.5,1508.5,1522.75,39879,1507.7509329342377,1520.4896123423139
2010-04-19,1521.75,1521.75,1498.75,1499.75,,,0,0,,,,,,,,,,,1521.75,1498.75,1499.75,43810,1507.0235753947616,1519.6762942112427
2010-04-20,1500.5,1519.75,1500.5,1518.75,,,0,0,,,,,,,,,,,1519.75,1500.5,1518.75,56058,1508.0896139952379,1519.6399689480568
2010-04-21,1519.25,1522.5,1514,1520,,,0,0,,,,,,,,,,,1522.5,1514,1520,42981,1509.1723763593072,1519.654087812839
2010-04-22,1518.75,1532.25,1512.75,1531.25,,,0,0,,,,,,,,,,,1532.25,1512.75,1531.25,46719,1511.1794330539158,1520.1088294672375
2010-04-23,1530.5,1532.25,1522.25,1525.75,,,0,0,,,,,,,,,,,1532.25,1522.25,1525.75,50343,1512.5040300490143,1520.3300518410713
2010-04-26,1524.25,1535,1493.75,1508.25,,,0,0,,,,,,,,,,,1535,1493.75,1508.25,64370,1512.1173000445585,1519.856324317892
2010-04-27,1509,1513.75,1503.75,1510.75,,,0,0,,,,,,,,,,,1513.75,1503.75,1510.75,43176,1511.9930000405077,1519.4992135603275
2010-04-28,1508.25,1516.75,1502.5,1508.25,,,0,0,,,,,,,,,,,1516.75,1502.5,1508.25,45539,1511.6527273095523,1519.0580679305108
2010-04-29,1508,1527.75,1507.75,1515.75,,,0,0,,,,,,,,,,,1527.75,1507.75,1515.75,53785,1512.0252066450475,1518.9283397763732
2010-04-30,1515.25,1525.5,1513.5,1523.25,,,0,0,,,,,,,,,,,1525.5,1513.5,1523.25,42547,1513.0456424045888,1519.0978166478878
2010-05-03,1523.25,1528.25,1511.75,1522,,,0,0,,,,,,,,,,,1528.25,1511.75,1522,39248,1513.8596749132626,1519.2116277597354
2010-05-04,1521.75,1532.25,1513.5,1531,,,0,0,,,,,,,,,,,1532.25,1513.5,1531,48824,1515.4178862847841,1519.6739168671968
2010-05-05,1530.5,1533.5,1522.25,1532.25,,,0,0,,,,,,,,,,,1533.5,1522.25,1532.25,39540,1516.9480784407128,1520.167096597895
2010-05-06,1532,1534.25,1520.5,1528.5,,,0,0,,,,,,,,,,,1534.25,1520.5,1528.5,54094,1517.9982531279209,1520.4938771234677
2010-05-07,1524.5,1537.25,1518.75,1530.75,,,0,0,,,,,,,,,,,1537.25,1518.75,1530.75,44867,1519.1575028435643,1520.8960780205866
2010-05-10,1531,1534.75,1511.75,1513,,,0,0,,,,,,,,,,,1534.75,1511.75,1513,51113,1518.5977298577857,1520.5864279021323
2010-05-11,1513.75,1518.75,1509.25,1513.5,,,0,0,,,,,,,,,,,1518.75,1509.25,1513.5,35260,1518.1342998707144,1520.3085287687154
2010-05-12,1513.5,1528.75,1510.25,1511.75,,,0,0,,,,,,,,,,,1528.75,1510.25,1511.75,49149,1517.5539089733768,1519.97290018955
2010-05-13,1511.25,1513.25,1497.75,1499.25,,,0,0,,,,,,,,,,,1513.25,1497.75,1499.25,44535,1515.8899172485244,1519.1602374370186
2010-05-14,1499.25,1501.75,1490.75,1491.75,,,0,0,,,,,,,,,,,1501.75,1490.75,1491.75,34507,1513.6953793168404,1518.0853261649786
2010-05-17,1491.25,1494.75,1486.5,1489.25,,,0,0,,,,,,,,,,,1494.75,1486.5,1489.25,32094,1511.4730721062185,1516.9545290604697
2010-05-18,1489.25,1493.75,1486.25,1488,,,0,0,,,,,,,,,,,1493.75,1486.25,1488,32717,1509.3391564601986,1515.819057332608
2010-05-19,1488,1492.25,1485.5,1489.5,,,0,0,,,,,,,,,,,1492.25,1485.5,1489.5,28939,1507.5355967819987,1514.7869374372117
2010-05-20,1490.75,1492.5,1481.5,1490,,,0,0,,,,,,,,,,,1492.5,1481.5,1490,42108,1505.9414516199988,1513.8149006749682
2010-05-21,1489.75,1495.25,1486.75,1492.25,,,0,0,,,,,,,,,,,1495.25,1486.75,1492.25,32362,1504.696774199999,1512.9692182955575
2010-05-24,1494,1496.25,1486.25,1487.75,,,0,0,,,,,,,,,,,1496.25,1486.25,1487.75,32240,1503.1561583636355,1511.9802293427906
2010-05-25,1485.75,1487,1476.5,1480.75,,,0,0,,,,,,,,,,,1487,1476.5,1480.75,41281,1501.1192348760324,1510.7555144666028
2010-05-26,1483,1492.25,1479.25,1482,,,0,0,,,,,,,,,,,1492.25,1479.25,1482,49496,1499.381122614575,1509.6278472326185
2010-05-27,1480.75,1493.75,1478.25,1488,,,0,0,,,,,,,,,,,1493.75,1478.25,1488,30745,1498.346475104159,1508.7796963607511
2010-05-28,1488.75,1493.75,1476.75,1478,,,0,0,,,,,,,,,,,1493.75,1476.75,1478,66816,1496.4967955492355,1507.5726494446433
2010-06-01,1478,1481.5,1469,1471,,,0,0,,,,,,,,,,,1481.5,1469,1471,47763,1494.1789050447594,1506.1384278977946
2010-06-02,1470.25,1474.75,1462.25,1462.75,,,0,0,,,,,,,,,,,1474.75,1462.25,1462.75,61748,1491.3217318588722,1504.4369209214105
2010-06-03,1463.75,1468.25,1460.75,1462,,,0,0,,,,,,,,,,,1468.25,1460.75,1462,51410,1488.656119871702,1502.7727279441003
2010-06-04,1462.75,1464.5,1455.5,1456,,,0,0,,,,,,,,,,,1464.5,1455.5,1456,54534,1485.6873817015473,1500.9385033188414
2010-06-07,1455.5,1458.75,1451.5,1452.5,,,0,0,,,,,,,,,,,1458.75,1451.5,1452.5,47975,1482.6703470014068,1499.038954169083
2010-06-08,1452.5,1456.75,1451.5,1452.5,,,0,0,,,,,,,,,,,1456.75,1451.5,1452.5,57042,1479.927588183097,1497.2138971428444
2010-06-09,1453,1456.25,1445.75,1448.25,,,0,0,,,,,,,,,,,1456.25,1445.75,1448.25,62604,1477.047807439179,1495.2937443137132
2010-06-10,1448.25,1457.75,1447,1453.5,,,0,0,,,,,,,,,,,1457.75,1447,1453.5,62662,1474.9070976719809,1493.6547739484695
2010-06-11,1453.25,1469.25,1447.75,1461,,,0,0,,,,,,,,,,,1469.25,1447.75,1461,92624,1473.642816065437,1492.3741945779414
2010-06-14,1463,1475,1462,1471.75,,,0,0,,,,,,,,,,,1475,1462,1471.75,72669,1473.47074187767,1491.5654026337083
2010-06-15,1471.25,1476.5,1465.5,1472,,,0,0,,,,,,,,,,,1476.5,1465.5,1472,41286,1473.337038070609,1490.7981319421904
2010-06-16,1471.75,1488.25,1471.25,1481.5,,,0,0,,,,,,,,,,,1488.25,1471.25,1481.5,70631,1474.0791255187355,1490.4334993170064
2010-06-17,1481.5,1485.5,1474.25,1483.25,,,0,0,,,,,,,,,,,1485.5,1474.25,1483.25,38687,1474.9128413806686,1490.1517934614376
2010-06-18,1482.75,1490.75,1479.75,1482.5,,,0,0,,,,,,,,,,,1490.75,1479.75,1482.5,33006,1475.6025830733352,1489.8517231296164
2010-06-21,1483.5,1489.75,1475.25,1482,,,0,0,,,,,,,,,,,1489.75,1475.25,1482,34330,1476.1841664303047,1489.543812418651
2010-06-22,1480.75,1483.5,1475.75,1480.5,,,0,0,,,,,,,,,,,1483.5,1475.75,1480.5,23373,1476.5765149366407,1489.1891531081158
2010-06-23,1479,1486.75,1477.75,1480.5,,,0,0,,,,,,,,,,,1486.75,1477.75,1480.5,38479,1476.933195396946,1488.8484020058368
2010-06-24,1479.75,1488.5,1479.25,1482.25,,,0,0,,,,,,,,,,,1488.5,1479.25,1482.25,40169,1477.416541269951,1488.5896411428628
2010-06-25,1481.75,1484,1475,1475.75,,,0,0,,,,,,,,,,,1484,1475,1475.75,29610,1477.2650375181372,1488.086125803927
2010-06-28,1475.5,1475.5,1464.25,1469.75,,,0,0,,,,,,,,,,,1475.5,1464.25,1469.75,56754,1476.5818522892157,1487.3670620469102
2010-06-29,1469.5,1469.5,1459.75,1461.75,,,0,0,,,,,,,,,,,1469.5,1459.75,1461.75,45364,1475.2335020811051,1486.3624713784038
2010-06-30,1461.25,1497.5,1461.25,1485,,,0,0,,,,,,,,,,,1497.5,1461.25,1485,82849,1476.1213655282775,1486.3090411282703
2010-07-01,1484,1508.75,1480.25,1504.5,,,0,0,,,,,,,,,,,1508.75,1480.25,1504.5,77177,1478.701241389343,1487.0224120644166
2010-07-02,1503,1512.75,1499.75,1507.75,,,0,0,,,,,,,,,,,1512.75,1499.75,1507.75,53151,1481.3420376266756,1487.8352586501258
2010-07-06,1504.75,1530.75,1504.75,1512.25,,,0,0,,,,,,,,,,,1530.75,1504.75,1512.25,60458,1484.151852387887,1488.7926994873758
2010-07-07,1509.5,1537,1509.5,1535.25,,,0,0,,,,,,,,,,,1537,1509.5,1535.25,78724,1488.7971385344426,1490.6145544094395
2010-07-08,1533.75,1554,1529.25,1553.25,,,0,0,,,,,,,,,,,1554,1529.25,1553.25,67724,1494.656489576766,1493.0708463933831
2010-07-09,1551,1551,1537.25,1542.75,,,0,0,,,,,,,,,,,1551,1537.25,1542.75,52331,1499.028626887969,1495.0190484956033
2010-07-12,1539.75,1546.5,1538.25,1540.5,,,0,0,,,,,,,,,,,1546.5,1538.25,1540.5,39567,1502.7987517163356,1496.802615221266
2010-07-13,1538.75,1556.5,1535.5,1554,,,0,0,,,,,,,,,,,1556.5,1535.5,1554,56636,1507.4534106512142,1499.0456499184713
2010-07-14,1550.75,1570.75,1550,1563.75,,,0,0,,,,,,,,,,,1570.75,1550,1563.75,59964,1512.5712824101947,1501.5830754118647
2010-07-15,1561.5,1603.25,1560.25,1601,,,0,0,,,,,,,,,,,1603.25,1560.25,1601,93931,1520.6102567365406,1505.4817783368896
2010-07-16,1600.25,1602.5,1583.5,1592,,,0,0,,,,,,,,,,,1602.5,1583.5,1592,69220,1527.1002333968552,1508.8746497746588
2010-07-19,1587.25,1602.5,1580,1587,,,0,0,,,,,,,,,,,1602.5,1580,1587,51738,1532.5456667244139,1511.938388999182
2010-07-20,1585.25,1585.75,1577.5,1581.75,,,0,0,,,,,,,,,,,1585.75,1577.5,1581.75,37416,1537.0187879312853,1514.6760992345082
2010-07-21,1581.75,1598.75,1578.75,1593,,,0,0,,,,,,,,,,,1598.75,1578.75,1593,48904,1542.1079890284411,1517.7476247547236
2010-07-22,1591.75,1614.75,1588.5,1601.25,,,0,0,,,,,,,,,,,1614.75,1588.5,1601.25,62992,1547.484535480401,1521.0222277055186
2010-07-23,1600.75,1608.5,1598,1601,,,0,0,,,,,,,,,,,1608.5,1598,1601,35816,1552.3495777094556,1524.1586109327532
2010-07-26,1601,1601,1589.25,1594.25,,,0,0,,,,,,,,,,,1601,1589.25,1594.25,30102,1556.158707008596,1526.907292856959
2010-07-27,1591.75,1608.75,1587.25,1599.75,,,0,0,,,,,,,,,,,1608.75,1587.25,1599.75,52862,1560.1215518259962,1529.7638696076665
2010-07-28,1597.75,1628,1596.75,1620.25,,,0,0,,,,,,,,,,,1628,1596.75,1620.25,61593,1565.5877743872693,1533.3123453093267
2010-07-29,1620,1636.75,1617.75,1632.25,,,0,0,,,,,,,,,,,1636.75,1617.75,1632.25,57886,1571.6479767156993,1537.192253336412
2010-07-30,1631,1667.75,1630.5,1666.25,,,0,0,,,,,,,,,,,1667.75,1630.5,1666.25,80164,1580.2481606506358,1542.2533414408665
2010-08-02,1664.75,1716,1661.75,1698,,,0,0,,,,,,,,,,,1716,1661.75,1698,115906,1590.9528733187599,1548.3610535412247
2010-08-03,1696.75,1702.25,1679.5,1684.75,,,0,0,,,,,,,,,,,1702.25,1679.5,1684.75,66221,1599.4798848352364,1553.709639676863
2010-08-04,1684.75,1736.75,1683,1730.5,,,0,0,,,,,,,,,,,1736.75,1683,1730.5,91773,1611.3908043956694,1560.6425949836525
2010-08-05,1731,1790.5,1728.75,1790.5,,,0,0,,,,,,,,,,,1790.5,1728.75,1790.5,88514,1627.6734585415177,1569.6566108666466
2010-08-06,1793,1845.75,1730.5,1730.5,,,0,0,,,,,,,,,,,1845.75,1730.5,1730.5,126816,1637.0213259468342,1575.964194754229
2010-08-09,1715.5,1743,1689.25,1717.25,,,0,0,,,,,,,,,,,1743,1689.25,1717.25,131546,1644.3148417698492,1581.5048145677888
2010-08-10,1717.75,1723,1694.75,1699.5,,,0,0,,,,,,,,,,,1723,1694.75,1699.5,99701,1649.3316743362266,1586.132076741601
2010-08-11,1699.75,1714.25,1685.25,1699.5,,,0,0,,,,,,,,,,,1714.25,1685.25,1699.5,90223,1653.8924312147515,1590.577877653695
2010-08-12,1699.75,1739.25,1693.75,1717.75,,,0,0,,,,,,,,,,,1739.25,1693.75,1717.75,78265,1659.6976647406832,1595.5650197064913
2010-08-13,1714.75,1729.5,1705,1707.25,,,0,0,,,,,,,,,,,1729.5,1705,1707.25,40717,1664.020604309712,1599.9448228552562
2010-08-16,1704.75,1713.75,1660.5,1668.5,,,0,0,,,,,,,,,,,1713.75,1660.5,1668.5,53329,1664.4278220997383,1602.633261174658
2010-08-17,1669.5,1681.5,1654.5,1655.75,,,0,0,,,,,,,,,,,1681.5,1654.5,1655.75,41916,1663.6389291815801,1604.7162705403575
2010-08-18,1657,1670,1649.5,1660.75,,,0,0,,,,,,,,,,,1670,1649.5,1660.75,55408,1663.3762992559818,1606.9136716956377
2010-08-19,1661.25,1704,1661.25,1686.25,,,0,0,,,,,,,,,,,1704,1661.25,1686.25,74884,1665.4557265963472,1610.0249002565931
2010-08-20,1690.75,1701,1675,1684,,,0,0,,,,,,,,,,,1701,1675,1684,40453,1667.141569633043,1612.9258845602562
2010-08-23,1684,1701.75,1681.25,1697.5,,,0,0,,,,,,,,,,,1701.75,1681.25,1697.5,40264,1669.90142693913,1616.2425165382854
2010-08-24,1697,1698.25,1673.5,1679.75,,,0,0,,,,,,,,,,,1698.25,1673.5,1679.75,58938,1670.7967517628456,1618.7330060858035
2010-08-25,1679,1688.25,1651.25,1652.5,,,0,0,,,,,,,,,,,1688.25,1651.25,1652.5,71379,1669.133410693496,1620.0572019255758
2010-08-26,1654,1670,1654,1660.5,,,0,0,,,,,,,,,,,1670,1654,1660.5,48269,1668.3485551759054,1621.6431940069258
2010-08-27,1662,1677.75,1659,1667,,,0,0,,,,,,,,,,,1677.75,1659,1667,45576,1668.225959250823,1623.421892281164
2010-08-30,1671.25,1700.75,1671.25,1676.5,,,0,0,,,,,,,,,,,1700.75,1671.25,1676.5,67986,1668.9781447734756,1625.5033867015104
2010-08-31,1674,1686,1655.25,1657.75,,,0,0,,,,,,,,,,,1686,1655.25,1657.75,66970,1667.9574043395232,1626.7679597720394
2010-09-01,1660.5,1684,1657.75,1680.75,,,0,0,,,,,,,,,,,1684,1657.75,1680.75,55511,1669.1203675813847,1628.884902526077
2010-09-02,1680.5,1695,1678,1685.75,,,0,0,,,,,,,,,,,1695,1678,1685.75,42311,1670.6321523467134,1631.1149063485839
2010-09-03,1687.25,1714,1686,1713.25,,,0,0,,,,,,,,,,,1714,1686,1713.25,48738,1674.5065021333758,1634.3358904133454
2010-09-07,1713.25,1720.5,1699,1707.25,,,0,0,,,,,,,,,,,1720.5,1699,1707.25,40518,1677.4831837576144,1637.195267259881
2010-09-08,1707.5,1707.5,1680.5,1683,,,0,0,,,,,,,,,,,1707.5,1680.5,1683,50120,1677.984712506922,1638.9915312889052
2010-09-09,1684.5,1715,1678,1710,,,0,0,,,,,,,,,,,1715,1678,1710,50049,1680.8951931881109,1641.7761771207129
2010-09-10,1708,1716.25,1689,1708.75,,,0,0,,,,,,,,,,,1716.25,1689,1708.75,53233,1683.4274483528282,1644.4026015473517
2010-09-13,1710,1726.5,1704.75,1717,,,0,0,,,,,,,,,,,1726.5,1704.75,1717,40685,1686.479498502571,1647.2495583494162
2010-09-14,1720,1723,1702.5,1708,,,0,0,,,,,,,,,,,1723,1702.5,1708,44074,1688.43590772961,1649.6319286102234
2010-09-15,1707.75,1716.25,1695,1698.75,,,0,0,,,,,,,,,,,1716.25,1695,1698.75,44548,1689.3735524814638,1651.5581274882538
2010-09-16,1700.25,1709.75,1683.5,1691.25,,,0,0,,,,,,,,,,,1709.75,1683.5,1691.25,45246,1689.5441386195125,1653.1146715083223
2010-09-17,1697.5,1715,1695,1711.25,,,0,0,,,,,,,,,,,1715,1695,1711.25,41536,1691.5173987450114,1655.3944883119175
2010-09-20,1710.5,1729,1701,1703.75,,,0,0,,,,,,,,,,,1729,1701,1703.75,38596,1692.6294534045558,1657.2907828879206
2010-09-21,1700.75,1706,1688.5,1690,,,0,0,,,,,,,,,,,1706,1688.5,1690,36945,1692.3904121859598,1658.5734972844728
2010-09-22,1693,1704,1685.5,1691.75,,,0,0,,,,,,,,,,,1704,1685.5,1691.75,37375,1692.3321928963271,1659.8745366066503
2010-09-23,1692.5,1694,1665,1669.25,,,0,0,,,,,,,,,,,1694,1665,1669.25,52999,1690.2338117239337,1660.242201837762
2010-09-24,1673.25,1695,1669.5,1692,,,0,0,,,,,,,,,,,1695,1669.5,1692,51154,1690.3943742944853,1661.4876056872615
2010-09-27,1694,1703,1674,1678.5,,,0,0,,,,,,,,,,,1703,1674,1678.5,37631,1689.3130675404411,1662.154758405408
2010-09-28,1677,1679.75,1656.5,1656.75,,,0,0,,,,,,,,,,,1679.75,1656.5,1656.75,46561,1686.3527886731283,1661.942807095392
2010-09-29,1657.25,1660.25,1635.25,1655.5,,,0,0,,,,,,,,,,,1660.25,1635.25,1655.5,57177,1683.547989702844,1661.6901479936118
2010-09-30,1657.75,1658,1623,1646,,,0,0,,,,,,,,,,,1658,1623,1646,75444,1680.1345360934945,1661.0748480722937
2010-10-01,1646,1650.25,1618.5,1627,,,0,0,,,,,,,,,,,1650.25,1618.5,1627,56388,1675.3041237213586,1659.738579520439
2010-10-04,1622,1627.75,1615.5,1619.25,,,0,0,,,,,,,,,,,1627.75,1615.5,1619.25,38228,1670.208294292144,1658.150792088265
2010-10-05,1619.75,1639.75,1616,1635.5,,,0,0,,,,,,,,,,,1639.75,1616,1635.5,48567,1667.05299481104,1657.2625257318625
2010-10-06,1636.25,1645.25,1627,1630.25,,,0,0,,,,,,,,,,,1645.25,1627,1630.25,29587,1663.7072680100364,1656.2032109972797
2010-10-07,1630,1648.25,1628.5,1631.25,,,0,0,,,,,,,,,,,1648.25,1628.5,1631.25,36542,1660.7566072818513,1655.2246537032688
2010-10-08,1632.75,1691.25,1629,1691.25,,,0,0,,,,,,,,,,,1691.25,1629,1691.25,41711,1663.528733892592,1656.637412381572
2010-10-11,1709.5,1711.75,1675,1681.25,,,0,0,,,,,,,,,,,1711.75,1675,1681.25,61235,1665.1397580841747,1657.60261189602
2010-10-12,1680.25,1691.75,1675,1682,,,0,0,,,,,,,,,,,1691.75,1675,1682,44605,1666.6725073492496,1658.5593722138233
2010-10-13,1684,1694.25,1667,1674.75,,,0,0,,,,,,,,,,,1694.25,1667,1674.75,50559,1667.4068248629542,1659.1942987936734
2010-10-14,1674,1684.25,1669.5,1672.75,,,0,0,,,,,,,,,,,1684.25,1669.5,1672.75,40266,1667.892568057231,1659.7258949194118
2010-10-15,1674,1685.75,1667,1676.5,,,0,0,,,,,,,,,,,1685.75,1667,1676.5,49322,1668.6750618702101,1660.3837029617878
2010-10-18,1673.75,1681,1659.25,1662,,,0,0,,,,,,,,,,,1681,1659.25,1662,41689,1668.0682380638275,1660.4470871593646
2010-10-19,1663,1668.5,1640.25,1643.5,,,0,0,,,,,,,,,,,1668.5,1640.25,1643.5,49092,1665.8347618762068,1659.7824955060562
2010-10-20,1645.5,1659.75,1645.5,1655,,,0,0,,,,,,,,,,,1659.75,1645.5,1655,36051,1664.8497835238243,1659.5949466626814
2010-10-21,1655,1664.25,1639,1640.75,,,0,0,,,,,,,,,,,1664.25,1639,1640.75,33133,1662.6588941125676,1658.8559291464978
2010-10-22,1642.25,1648,1637,1642.75,,,0,0,,,,,,,,,,,1648,1637,1642.75,29604,1660.8489946477887,1658.2243240819294
2010-10-25,1641.25,1658,1641,1646,,,0,0,,,,,,,,,,,1658,1641,1646,35789,1659.4990860434443,1657.7449388238144
2010-10-26,1646,1671,1642.5,1664,,,0,0,,,,,,,,,,,1671,1642.5,1664,61650,1659.9082600394947,1657.9902353405275
2010-10-27,1666.5,1679.5,1658.5,1674.75,,,0,0,,,,,,,,,,,1679.5,1658.5,1674.75,49922,1661.2575091268134,1658.647481013448
2010-10-28,1674.75,1693.75,1672.5,1690.25,,,0,0,,,,,,,,,,,1693.75,1672.5,1690.25,60694,1663.8931901152848,1659.8867954835089
2010-10-29,1691.75,1697,1683.25,1689.25,,,0,0,,,,,,,,,,,1697,1683.25,1689.25,57385,1666.198354650259,1661.038293699842
2010-11-01,1696.5,1700,1673.25,1674.5,,,0,0,,,,,,,,,,,1700,1673.25,1674.5,59548,1666.9530496820537,1661.5662037508284
2010-11-02,1676,1684.25,1664.5,1666.25,,,0,0,,,,,,,,,,,1684.25,1664.5,1666.25,58450,1666.8891360745943,1661.7498820351097
2010-11-03,1668.5,1671.5,1652.5,1662.25,,,0,0,,,,,,,,,,,1671.5,1652.5,1662.25,57253,1666.4673964314493,1661.769494504321
2010-11-04,1667.25,1691.5,1664.75,1685.75,,,0,0,,,,,,,,,,,1691.5,1664.75,1685.75,57185,1668.2203603922267,1662.7099064845438
2010-11-05,1687.75,1703.5,1677,1700.75,,,0,0,,,,,,,,,,,1703.5,1677,1700.75,57185,1671.1776003565697,1664.201674857699
2010-11-08,1702,1711,1693,1708.25,,,0,0,,,,,,,,,,,1711,1693,1708.25,66262,1674.5478185059724,1665.9290601573969
2010-11-09,1709.5,1732.75,1689.25,1693.75,,,0,0,,,,,,,,,,,1732.75,1689.25,1693.75,88653,1676.2934713690659,1667.0200774061263
2010-11-10,1693.25,1695.5,1667,1682,,,0,0,,,,,,,,,,,1695.5,1667,1682,68570,1676.8122466991508,1667.6075253509841
2010-11-11,1679.25,1695,1673.75,1676,,,0,0,,,,,,,,,,,1695,1673.75,1676,73514,1676.738406090137,1667.9366420038866
2010-11-12,1676.25,1682.75,1633.25,1641.25,,,0,0,,,,,,,,,,,1682.75,1633.25,1641.25,101953,1673.51218735467,1666.8901070233421
2010-11-15,1645.5,1657,1639.5,1644.75,,,0,0,,,,,,,,,,,1657,1639.5,1644.75,58751,1670.8974430497,1666.0218675322308
2010-11-16,1643,1645.75,1594.25,1597,,,0,0,,,,,,,,,,,1645.75,1594.25,1597,61406,1664.1794936815456,1663.315127629006
2010-11-17,1597.5,1618.5,1588.5,1603.75,,,0,0,,,,,,,,,,,1618.5,1588.5,1603.75,56645,1658.6859033468597,1660.9792402710057
2010-11-18,1605.75,1628.75,1605.5,1616.75,,,0,0,,,,,,,,,,,1628.75,1605.5,1616.75,28015,1654.8735484971453,1659.244760260378
2010-11-19,1621.5,1629.25,1608.25,1616.25,,,0,0,,,,,,,,,,,1629.25,1608.25,1616.25,38765,1651.3623168155866,1657.5586912305591
2010-11-22,1616.25,1624.25,1610.75,1616.75,,,0,0,,,,,,,,,,,1624.25,1610.75,1616.75,24660,1648.2157425596242,1655.9583503979882
2010-11-23,1618.75,1623.25,1605.5,1613,,,0,0,,,,,,,,,,,1623.25,1605.5,1613,32554,1645.0143114178402,1654.27370920591
2010-11-24,1616,1628.25,1613.25,1617.5,,,0,0,,,,,,,,,,,1628.25,1613.25,1617.5,28210,1642.5130103798547,1652.8316029625412
2010-11-26,1619,1625,1615.25,1619.5,,,0,0,,,,,,,,,,,1625,1615.25,1619.5,30797,1640.4209185271407,1651.5244812777357
2010-11-29,1621.25,1633.75,1619.25,1622.75,,,0,0,,,,,,,,,,,1633.75,1619.25,1622.75,67078,1638.8144713883096,1650.3960702472364
2010-11-30,1624.75,1630.25,1617.75,1622.75,,,0,0,,,,,,,,,,,1630.25,1617.75,1622.75,54579,1637.3540648984633,1649.3119106296976
2010-12-01,1625.25,1677.25,1623.25,1672.25,,,0,0,,,,,,,,,,,1677.25,1623.25,1672.25,75850,1640.5264226349666,1650.2114435461801
2010-12-02,1674.5,1699.75,1664.75,1680.75,,,0,0,,,,,,,,,,,1699.75,1664.75,1680.75,68701,1644.1831114863332,1651.4090339953495
2010-12-03,1680.5,1714.25,1679.5,1711.25,,,0,0,,,,,,,,,,,1714.25,1679.5,1711.25,63205,1650.2801013512121,1653.7557385445516
2010-12-06,1718.25,1731,1706.5,1725.25,,,0,0,,,,,,,,,,,1731,1706.5,1725.25,70603,1657.09554668292,1656.5594350722163
2010-12-07,1728,1743.25,1709.25,1717,,,0,0,,,,,,,,,,,1743.25,1709.25,1717,69063,1662.541406075382,1658.9296533046784
2010-12-08,1712.75,1724.75,1698.5,1716.25,,,0,0,,,,,,,,,,,1724.75,1698.5,1716.25,59350,1667.4240055230746,1661.1775100378281
2010-12-09,1718.5,1722.25,1712,1720.75,,,0,0,,,,,,,,,,,1722.25,1712,1720.75,40861,1672.271823202795,1663.513686114776
2010-12-10,1721.25,1730.25,1706.25,1707.75,,,0,0,,,,,,,,,,,1730.25,1706.25,1707.75,44807,1675.497112002541,1665.2484435220397
2010-12-13,1706.25,1718.75,1698.75,1712.5,,,0,0,,,,,,,,,,,1718.75,1698.75,1712.5,39637,1678.8610109114009,1667.1014457368617
2010-12-14,1712.25,1714,1686.75,1695.5,,,0,0,,,,,,,,,,,1714,1686.75,1695.5,46314,1680.3736462830916,1668.2151145314947
2010-12-15,1693.25,1708.75,1692,1697,,,0,0,,,,,,,,,,,1708.75,1692,1697,41111,1681.8851329846286,1669.3439335694752
2010-12-16,1696.25,1699,1678.25,1682,,,0,0,,,,,,,,,,,1699,1678.25,1682,30866,1681.8955754405715,1669.840249900084
2010-12-17,1685,1690.25,1674.25,1689,,,0,0,,,,,,,,,,,1690.25,1674.25,1689,23922,1682.5414322187014,1670.5916126491004
2010-12-20,1692.75,1708.75,1691.75,1701.75,,,0,0,,,,,,,,,,,1708.75,1691.75,1701.75,26319,1684.287665653365,1671.813510192273
2010-12-21,1703,1704.25,1694.25,1697.25,,,0,0,,,,,,,,,,,1704.25,1694.25,1697.25,23700,1685.466059684877,1672.8110195964975
2010-12-22,1694.75,1717.5,1688.25,1715.75,,,0,0,,,,,,,,,,,1717.5,1688.25,1715.75,32598,1688.21914516807,1674.4949011809485
2010-12-23,1717.25,1720.5,1708.25,1715.25,,,0,0,,,,,,,,,,,1720.5,1708.25,1715.25,19738,1690.6764956073364,1676.0931403503232
2010-12-27,1707.25,1716,1698.25,1712.5,,,0,0,,,,,,,,,,,1716,1698.25,1712.5,12064,1692.660450552124,1677.520860336585
2010-12-28,1712.25,1734.25,1711.75,1730.5,,,0,0,,,,,,,,,,,1734.25,1711.75,1730.5,24215,1696.1004095928402,1679.5984736567189
2010-12-29,1732.25,1738.5,1714.5,1731.5,,,0,0,,,,,,,,,,,1738.5,1714.5,1731.5,25276,1699.3185541753091,1681.6338276309652
2010-12-30,1731.25,1731.25,1708.75,1717,,,0,0,,,,,,,,,,,1731.25,1708.75,1717,28967,1700.9259583411902,1683.0207363513196
2010-12-31,1718.75,1728.5,1712.75,1726.5,,,0,0,,,,,,,,,,,1728.5,1712.75,1726.5,18720,1703.2508712192637,1684.725805514013
2011-01-03,1725.75,1757.25,1725,1737.75,,,0,0,,,,,,,,,,,1757.25,1725,1737.75,41582,1706.387155653876,1686.805185689934
2011-01-04,1735.75,1741,1715.5,1721.5,,,0,0,,,,,,,,,,,1741,1715.5,1721.5,42111,1707.7610505944328,1688.16576664327
2011-01-05,1726.5,1742.5,1708.25,1740.5,,,0,0,,,,,,,,,,,1742.5,1708.25,1740.5,43836,1710.7373187222117,1690.2180895200045
2011-01-06,1741.25,1742,1720,1721.25,,,0,0,,,,,,,,,,,1742,1720,1721.25,38317,1711.6930170201924,1691.4350271858866
2011-01-07,1721.25,1726.25,1704.25,1706.25,,,0,0,,,,,,,,,,,1726.25,1704.25,1706.25,41870,1711.198197291084,1692.0160065119303
2011-01-10,1709.5,1715.25,1698.5,1699.5,,,0,0,,,,,,,,,,,1715.25,1698.5,1699.5,45406,1710.1347248100762,1692.309496452639
2011-01-11,1702,1709,1690.5,1691.75,,,0,0,,,,,,,,,,,1709,1690.5,1691.75,41649,1708.4633861909783,1692.2875554152806
2011-01-12,1694,1722.75,1692.25,1702.75,,,0,0,,,,,,,,,,,1722.75,1692.25,1702.75,63833,1707.943987446344,1692.6978473597794
2011-01-13,1709,1719.75,1701.5,1715.75,,,0,0,,,,,,,,,,,1719.75,1701.5,1715.75,52198,1708.6536249512217,1693.6018533456704
2011-01-14,1716.5,1717,1695.25,1705.5,,,0,0,,,,,,,,,,,1717,1695.25,1705.5,58445,1708.366931773838,1694.0684473321146
2011-01-18,1709.75,1728,1705.75,1725.5,,,0,0,,,,,,,,,,,1728,1705.75,1725.5,45206,1709.9244834307617,1695.301057240659
2011-01-19,1724.75,1740.25,1724.75,1729.5,,,0,0,,,,,,,,,,,1740.25,1724.75,1729.5,52166,1711.704075846147,1696.6421922508293
2011-01-20,1730.25,1738,1714.25,1735.75,,,0,0,,,,,,,,,,,1738,1714.25,1735.75,47555,1713.8900689510426,1698.1758317704046
2011-01-21,1737.25,1762.25,1731,1756.75,,,0,0,,,,,,,,,,,1762.25,1731,1756.75,69697,1717.7864263191298,1700.4728579754867
2011-01-24,1761.5,1771.75,1755.75,1767.5,,,0,0,,,,,,,,,,,1771.75,1755.75,1767.5,53540,1722.3058421082999,1703.101373348997
2011-01-25,1767.5,1771.25,1753,1770.5,,,0,0,,,,,,,,,,,1771.25,1753,1770.5,63195,1726.6871291893635,1705.7444567470754
2011-01-26,1772.75,1793.5,1772,1788.75,,,0,0,,,,,,,,,,,1793.5,1772,1788.75,48711,1732.3292083539668,1708.9995760903273
2011-01-27,1791.25,1795.75,1777.75,1778.5,,,0,0,,,,,,,,,,,1795.75,1777.75,1778.5,46081,1736.5265530490608,1711.7250829103145
2011-01-28,1780.25,1782,1756.75,1758,,,0,0,,,,,,,,,,,1782,1756.75,1758,60972,1738.4786845900553,1713.5397855412825
2011-01-31,1756.25,1780,1755.25,1773,,,0,0,,,,,,,,,,,1780,1755.25,1773,53841,1741.6169859909594,1715.8715586573107
2011-02-01,1776.75,1777.25,1763.75,1768,,,0,0,,,,,,,,,,,1777.25,1763.75,1768,53425,1744.015441809963,1717.9158112589848
2011-02-02,1768.25,1796.75,1767.75,1795.25,,,0,0,,,,,,,,,,,1796.75,1767.75,1795.25,59330,1748.6731289181482,1720.9485245429462
2011-02-03,1794.75,1805,1778.25,1791.25,,,0,0,,,,,,,,,,,1805,1778.25,1791.25,62142,1752.5437535619528,1723.7054451491051
2011-02-04,1791.5,1797,1774.75,1786,,,0,0,,,,,,,,,,,1797,1774.75,1786,51667,1755.5852305108663,1726.148368868748
2011-02-07,1793.25,1801.75,1783.75,1791,,,0,0,,,,,,,,,,,1801.75,1783.75,1791,63365,1758.8047550098784,1728.6915700895815
2011-02-08,1792,1813,1776.25,1806.5,,,0,0,,,,,,,,,,,1813,1776.25,1806.5,92302,1763.1406863726168,1731.7428810664608
2011-02-09,1808.25,1825.5,1807.5,1818.25,,,0,0,,,,,,,,,,,1825.5,1807.5,1818.25,69104,1768.150623975106,1735.13531710307
2011-02-10,1818.25,1818.25,1793.5,1795,,,0,0,,,,,,,,,,,1818.25,1793.5,1795,75619,1770.5914763410055,1737.482951726479
2011-02-11,1797.25,1803.5,1787.75,1799.25,,,0,0,,,,,,,,,,,1803.5,1787.75,1799.25,58881,1773.1967966736413,1739.905188913676
2011-02-14,1807.25,1817.25,1801.75,1804.5,,,0,0,,,,,,,,,,,1817.25,1801.75,1804.5,35444,1776.042542430583,1742.4383187601986
2011-02-15,1804.5,1805.5,1763.5,1772.75,,,0,0,,,,,,,,,,,1805.5,1763.5,1772.75,62911,1775.743220391439,1743.6270121421517
2011-02-16,1774.75,1781.5,1758,1770,,,0,0,,,,,,,,,,,1781.5,1758,1770,46286,1775.2211094467627,1744.6612469601066
2011-02-17,1770.5,1785.75,1770.5,1784,,,0,0,,,,,,,,,,,1785.75,1770.5,1784,44323,1776.019190406148,1746.2039431577496
2011-02-18,1784.5,1785.75,1751,1756.25,,,0,0,,,,,,,,,,,1785.75,1751,1756.25,44437,1774.2219912783164,1746.5979061711712
2011-02-22,1759,1770,1696.25,1696.25,,,0,0,,,,,,,,,,,1770,1696.25,1696.25,74389,1767.133628434833,1744.623478478184
2011-02-23,1694,1702.25,1657.25,1698.75,,,0,0,,,,,,,,,,,1702.25,1657.25,1698.75,101578,1760.9169349407573,1742.8245185378632
2011-02-24,1700.25,1705,1677,1683,,,0,0,,,,,,,,,,,1705,1677,1683,65029,1753.8335772188702,1740.4784589873589
2011-02-25,1684.75,1730.5,1683.75,1711.75,,,0,0,,,,,,,,,,,1730.5,1683.75,1711.75,88116,1750.0077974717003,1739.3518527525605
2011-02-28,1720,1723.5,1699.25,1717.5,,,0,0,,,,,,,,,,,1723.5,1699.25,1717.5,48182,1747.0525431560911,1738.4949173504992
2011-03-01,1720,1723.75,1697.75,1710.75,,,0,0,,,,,,,,,,,1723.75,1697.75,1710.75,58635,1743.7523119600828,1737.4068813759698
2011-03-02,1710.25,1732.25,1696.75,1711.75,,,0,0,,,,,,,,,,,1732.25,1696.75,1711.75,62288,1740.8430108728026,1736.4007291651474
2011-03-03,1710.75,1727,1705,1724,,,0,0,,,,,,,,,,,1727,1705,1724,45629,1739.311828066184,1735.9144260606317
2011-03-04,1721,1738,1714.25,1732.75,,,0,0,,,,,,,,,,,1738,1714.25,1732.75,47654,1738.7152982419855,1735.7903309209992
2011-03-07,1732,1734.25,1698.75,1701.25,,,0,0,,,,,,,,,,,1734.25,1698.75,1701.25,50081,1735.3093620381685,1734.4358081397836
2011-03-08,1701.5,1703.75,1678.75,1680.25,,,0,0,,,,,,,,,,,1703.75,1678.75,1680.25,53913,1730.303965489244,1732.3108744872432
2011-03-09,1682.5,1689.5,1649.75,1659.25,,,0,0,,,,,,,,,,,1689.5,1649.75,1659.25,68278,1723.844514081131,1729.44574215441
2011-03-10,1663.25,1666.25,1634.25,1641,,,0,0,,,,,,,,,,,1666.25,1634.25,1641,60398,1716.31319461921,1725.9772816777665
2011-03-11,1637.75,1641,1604.25,1619.25,,,0,0,,,,,,,,,,,1641,1604.25,1619.25,53085,1707.4892678356455,1721.79189808256
2011-03-14,1619.75,1630.5,1606.5,1621.25,,,0,0,,,,,,,,,,,1630.5,1606.5,1621.25,39105,1699.6493343960412,1717.8490785499107
2011-03-15,1622.75,1624,1561.5,1568.25,,,0,0,,,,,,,,,,,1624,1561.5,1568.25,78878,1687.7039403600374,1711.9824480185416
2011-03-16,1568.75,1598,1556.5,1562.5,,,0,0,,,,,,,,,,,1598,1556.5,1562.5,81171,1676.3217639636705,1706.1203912335009
2011-03-17,1563.75,1619.25,1563.5,1610.75,,,0,0,,,,,,,,,,,1619.25,1563.5,1610.75,57595,1670.3606945124277,1702.3803758910105
2011-03-18,1609.25,1649.5,1606,1623.5,,,0,0,,,,,,,,,,,1649.5,1606,1623.5,62659,1666.1006313749342,1699.2870278168532
2011-03-21,1624.5,1642.25,1617.75,1621.5,,,0,0,,,,,,,,,,,1642.25,1617.75,1621.5,41676,1662.0460285226675,1696.236556137761
2011-03-22,1621.75,1628.5,1605.75,1622.75,,,0,0,,,,,,,,,,,1628.5,1605.75,1622.75,44492,1658.473662293334,1693.3547304068684
2011-03-23,1625.5,1630.75,1606.5,1614.75,,,0,0,,,,,,,,,,,1630.75,1606.5,1614.75,34716,1654.498783903031,1690.2721919595401
2011-03-24,1614.75,1642.25,1610.5,1640,,,0,0,,,,,,,,,,,1642.25,1610.5,1640,53090,1653.180712639119,1688.300733451323
2011-03-25,1640,1653.5,1627,1633.75,,,0,0,,,,,,,,,,,1653.5,1627,1633.75,45619,1651.414284217381,1686.1614890022515
2011-03-28,1636.5,1640.25,1621.5,1625.75,,,0,0,,,,,,,,,,,1640.25,1621.5,1625.75,34681,1649.0811674703464,1683.7924110021631
2011-03-29,1624.25,1642.5,1621.75,1637.75,,,0,0,,,,,,,,,,,1642.5,1621.75,1637.75,48274,1648.0510613366785,1681.9868262569803
2011-03-30,1638.75,1642.25,1625.75,1627.75,,,0,0,,,,,,,,,,,1642.25,1625.75,1627.75,41211,1646.2055103060713,1679.8598918939615
2011-03-31,1627,1674,1622.25,1663.75,,,0,0,,,,,,,,,,,1674,1622.25,1663.75,58811,1647.8004639146104,1679.2281314275317
2011-04-01,1661,1674.5,1645.25,1660,,,0,0,,,,,,,,,,,1674.5,1645.25,1660,63746,1648.9095126496459,1678.4740870578246
2011-04-04,1666,1692.5,1664.75,1690.5,,,0,0,,,,,,,,,,,1692.5,1664.75,1690.5,55601,1652.6904660451326,1678.9456914869295
2011-04-05,1688.75,1698.75,1679,1686.75,,,0,0,,,,,,,,,,,1698.75,1679,1686.75,65767,1655.7867873137568,1679.2517428011674
2011-04-06,1686.5,1693,1678.25,1682.75,,,0,0,,,,,,,,,,,1693,1678.25,1682.75,45490,1658.2379884670515,1679.3889293579844
2011-04-07,1682.75,1693.5,1657.75,1673.75,,,0,0,,,,,,,,,,,1693.5,1657.75,1673.75,67304,1659.6481713336832,1679.1677948733575
2011-04-08,1672.75,1702.75,1666.25,1698,,,0,0,,,,,,,,,,,1702.75,1666.25,1698,74701,1663.1347012124393,1679.906312721461
2011-04-11,1703.5,1709.75,1686.75,1698.75,,,0,0,,,,,,,,,,,1709.75,1686.75,1698.75,60407,1666.372455647672,1680.6452808500312
2011-04-12,1701,1703.25,1651,1660,,,0,0,,,,,,,,,,,1703.25,1651,1660,76981,1665.7931414978837,1679.8356619931672
2011-04-13,1661.5,1670,1641.75,1653.25,,,0,0,,,,,,,,,,,1670,1641.75,1653.25,77742,1664.652855907167,1678.7930870130429
2011-04-14,1657.5,1661.25,1633.75,1641,,,0,0,,,,,,,,,,,1661.25,1633.75,1641,47045,1662.5025962792427,1677.311005169394
2011-04-15,1643,1649.25,1630.5,1644.75,,,0,0,,,,,,,,,,,1649.25,1630.5,1644.75,55742,1660.8887238902205,1676.0341030058885
2011-04-18,1644.75,1680.5,1640.5,1675.5,,,0,0,,,,,,,,,,,1680.5,1640.5,1675.5,48338,1662.2170217183823,1676.0131577899713
2011-04-19,1676.25,1694.5,1675,1685.75,,,0,0,,,,,,,,,,,1694.5,1675,1685.75,55282,1664.3563833803476,1676.3949947393842
2011-04-20,1686.25,1708.5,1681,1685.5,,,0,0,,,,,,,,,,,1708.5,1681,1685.5,54469,1666.2785303457706,1676.7520537692124
2011-04-21,1686.25,1700.25,1680.25,1699.5,,,0,0,,,,,,,,,,,1700.25,1680.25,1699.5,60259,1669.2986639507005,1677.6441300919882
2011-04-25,1713,1729.75,1706.75,1726,,,0,0,,,,,,,,,,,1729.75,1706.75,1726,55091,1674.4533308642733,1679.540438715832
2011-04-26,1728.75,1729,1698.5,1711.75,,,0,0,,,,,,,,,,,1729,1698.5,1711.75,60845,1677.8439371493394,1680.8035587661914
2011-04-27,1712.5,1717.75,1665,1676.75,,,0,0,,,,,,,,,,,1717.75,1665,1676.75,76160,1677.7444883175813,1680.6445956773211
2011-04-28,1678.75,1685.25,1636.75,1642.25,,,0,0,,,,,,,,,,,1685.25,1636.75,1642.25,90256,1674.5177166523465,1679.1389252586027
2011-04-29,1643.25,1671,1630.75,1666,,,0,0,,,,,,,,,,,1671,1630.75,1666,50673,1673.7433787748605,1678.623673287677
2011-05-02,1666.5,1689.25,1653.75,1656.5,,,0,0,,,,,,,,,,,1689.25,1653.75,1656.5,48460,1672.1757988862369,1677.7560782567878
2011-05-03,1659,1664.75,1642.75,1658,,,0,0,,,,,,,,,,,1664.75,1642.75,1658,39940,1670.887089896579,1676.981330089855
2011-05-04,1658.75,1659.75,1632.5,1636.75,,,0,0,,,,,,,,,,,1659.75,1632.5,1636.75,41298,1667.7837180877991,1675.403630870645
2011-05-05,1635.25,1645.5,1613.25,1618.75,,,0,0,,,,,,,,,,,1645.5,1613.25,1618.75,55630,1663.3261073525446,1673.18191985611
2011-05-06,1618.75,1643.25,1604.75,1624.25,,,0,0,,,,,,,,,,,1643.25,1604.75,1624.25,61877,1659.7737339568587,1671.2630210382233
2011-05-09,1630,1662.5,1627.75,1655.25,,,0,0,,,,,,,,,,,1662.5,1627.75,1655.25,57813,1659.362485415326,1670.6350594288813
2011-05-10,1658.25,1681.25,1655,1663.5,,,0,0,,,,,,,,,,,1681.25,1655,1663.5,56822,1659.738623104842,1670.3552531767682
2011-05-11,1663.5,1669.25,1621.5,1623.75,,,0,0,,,,,,,,,,,1669.25,1621.5,1623.75,59300,1656.4669300953108,1668.527596189444
2011-05-12,1620.25,1629.75,1593.25,1600.25,,,0,0,,,,,,,,,,,1629.75,1593.25,1600.25,73988,1651.3563000866461,1665.850043397701
2011-05-13,1601.75,1614.25,1587.75,1592.5,,,0,0,,,,,,,,,,,1614.25,1587.75,1592.5,49031,1646.0057273514965,1662.973571107595
2011-05-16,1594.75,1612.5,1594.5,1601.25,,,0,0,,,,,,,,,,,1612.5,1594.5,1601.25,41678,1641.9370248649968,1660.5530389072972
2011-05-17,1601.75,1630.75,1596.75,1628.75,,,0,0,,,,,,,,,,,1630.75,1596.75,1628.75,57826,1640.7382044227245,1659.3058609109326
2011-05-18,1633,1687,1631.75,1681.75,,,0,0,,,,,,,,,,,1687,1631.75,1681.75,96596,1644.4665494752041,1660.1860232281508
2011-05-19,1680.75,1699.25,1669.75,1676.75,,,0,0,,,,,,,,,,,1699.25,1669.75,1676.75,75227,1647.401408613822,1660.8355909446939
2011-05-20,1677.25,1683.25,1654.75,1671.25,,,0,0,,,,,,,,,,,1683.25,1654.75,1671.25,63777,1649.5694623762017,1661.2439991429412
2011-05-23,1681.25,1685.75,1650,1667.75,,,0,0,,,,,,,,,,,1685.75,1650,1667.75,61542,1651.2222385238197,1661.4991364314533
2011-05-24,1668.25,1674.5,1642.25,1644.5,,,0,0,,,,,,,,,,,1674.5,1642.25,1644.5,50702,1650.6111259307452,1660.83250363022
2011-05-25,1644.75,1664.75,1643,1661.25,,,0,0,,,,,,,,,,,1664.75,1643,1661.25,43703,1651.5782963006775,1660.848876036878
2011-05-26,1664.75,1693.5,1664,1679.25,,,0,0,,,,,,,,,,,1693.5,1664,1679.25,63795,1654.0939057278886,1661.5704887413142
2011-05-27,1682,1691.75,1668.25,1684.5,,,0,0,,,,,,,,,,,1691.75,1668.25,1684.5,54020,1656.8580961162622,1662.4696852612626
2011-05-31,1658.75,1672.25,1636.75,1647,,,0,0,,,,,,,,,,,1672.25,1636.75,1647,86406,1655.9619055602384,1661.8630309372916
2011-06-01,1647.25,1653,1619,1624,,,0,0,,,,,,,,,,,1653,1619,1624,79412,1653.0562777820348,1660.3782061946526
2011-06-02,1624.75,1638.25,1623.25,1634.5,,,0,0,,,,,,,,,,,1638.25,1623.25,1634.5,56763,1651.3693434382135,1659.363374579176
2011-06-03,1634.75,1646.25,1623.5,1638.5,,,0,0,,,,,,,,,,,1646.25,1623.5,1638.5,61218,1650.1994031256486,1658.5452030270515
2011-06-06,1637.5,1642.75,1605.75,1608.75,,,0,0,,,,,,,,,,,1642.75,1605.75,1608.75,70949,1646.4312755687715,1656.592449967167
2011-06-07,1607.5,1611.75,1596,1598.5,,,0,0,,,,,,,,,,,1611.75,1596,1598.5,75691,1642.0738868807014,1654.314314674337
2011-06-08,1598,1624.25,1596.25,1612.75,,,0,0,,,,,,,,,,,1624.25,1596.25,1612.75,80933,1639.408078982456,1652.6843415498533
2011-06-09,1614,1641.75,1603.75,1609.75,,,0,0,,,,,,,,,,,1641.75,1603.75,1609.75,93271,1636.711889984051,1651.0006418812316
2011-06-10,1608.75,1628.5,1602.25,1624,,,0,0,,,,,,,,,,,1628.5,1602.25,1624,110637,1635.5562636218644,1649.9417931800067
2011-06-13,1625.5,1634.75,1605,1607.75,,,0,0,,,,,,,,,,,1634.75,1605,1607.75,74394,1633.0284214744222,1648.2872130553005
2011-06-14,1607.75,1612.75,1579,1596,,,0,0,,,,,,,,,,,1612.75,1579,1596,55466,1629.6622013403837,1646.2367341119555
2011-06-15,1595.75,1599,1565.75,1573.25,,,0,0,,,,,,,,,,,1599,1565.75,1573.25,57233,1624.5338194003489,1643.37450924482
2011-06-16,1573.5,1582.5,1535,1538,,,0,0,,,,,,,,,,,1582.5,1535,1538,64672,1616.6671085457717,1639.2421755489447
2011-06-17,1538,1547,1526,1537.75,,,0,0,,,,,,,,,,,1547,1526,1537.75,34779,1609.4928259507017,1635.2620902333
2011-06-20,1538.25,1540,1520.5,1525.5,,,0,0,,,,,,,,,,,1540,1520.5,1525.5,25666,1601.8571145006379,1630.9576945378763
2011-06-21,1527.5,1543.5,1521,1535.25,,,0,0,,,,,,,,,,,1543.5,1521,1535.25,31938,1595.8019222733071,1627.2044516148223
2011-06-22,1537.25,1540.75,1480,1503,,,0,0,,,,,,,,,,,1540.75,1480,1503,57736,1587.3653838848247,1622.333688806398
2011-06-23,1499.75,1508.5,1471.25,1499,,,0,0,,,,,,,,,,,1508.5,1471.25,1499,59291,1579.3321671680226,1617.4970735590882
2011-06-24,1501.25,1509.75,1485.25,1490.75,,,0,0,,,,,,,,,,,1509.75,1485.25,1490.75,39281,1571.2792428800205,1612.5266000861827
2011-06-27,1490.75,1491.5,1472,1480.5,,,0,0,,,,,,,,,,,1491.5,1472,1480.5,45974,1563.0265844363823,1607.349086357313
2011-06-28,1483,1505.75,1482.75,1501.5,,,0,0,,,,,,,,,,,1505.75,1482.75,1501.5,56021,1557.4332585785294,1603.1981417942811
2011-06-29,1499.75,1528.25,1491.75,1504,,,0,0,,,,,,,,,,,1528.25,1491.75,1504,73152,1552.5756896168448,1599.3080185866622
2011-06-30,1504.25,1510,1444,1444,,,0,0,,,,,,,,,,,1510,1444,1444,55632,1542.7051723789498,1593.217508053852
2011-07-01,1438.25,1452.75,1421.75,1442,,,0,0,,,,,,,,,,,1452.75,1421.75,1442,60394,1533.5501567081362,1587.287409698799
2011-07-05,1448.5,1470.75,1448,1465.25,,,0,0,,,,,,,,,,,1470.75,1448,1465.25,51513,1527.341051552851,1582.501628926297
2011-07-06,1462.75,1469.25,1449.75,1456.75,,,0,0,,,,,,,,,,,1469.25,1449.75,1456.75,34863,1520.9236832298645,1577.5701924978148
2011-07-07,1455,1470.5,1448.75,1464.25,,,0,0,,,,,,,,,,,1470.5,1448.75,1464.25,44971,1515.7715302089678,1573.1262633802535
2011-07-08,1463.75,1487.25,1462.25,1481,,,0,0,,,,,,,,,,,1487.25,1462.25,1481,51646,1512.6104820081525,1569.5134687378907
2011-07-11,1484.75,1485.25,1456,1469,,,0,0,,,,,,,,,,,1485.25,1456,1469,36182,1508.6458927346841,1565.5717640815028
2011-07-12,1468.75,1506.25,1445,1501.75,,,0,0,,,,,,,,,,,1506.25,1445,1501.75,65390,1508.0189933951674,1563.0689498037968
2011-07-13,1501,1550.75,1491.75,1544.25,,,0,0,,,,,,,,,,,1550.75,1491.75,1544.25,91533,1511.312721268334,1562.3309517722753
2011-07-14,1542.75,1550.25,1520,1536.75,,,0,0,,,,,,,,,,,1550.25,1520,1536.75,52409,1513.6252011530307,1561.3277771929704
2011-07-15,1536.75,1546.25,1522.25,1524.5,,,0,0,,,,,,,,,,,1546.25,1522.25,1524.5,48658,1514.613819230028,1559.8835506363832
2011-07-18,1524.5,1527,1505.75,1519.25,,,0,0,,,,,,,,,,,1527,1505.75,1519.25,34322,1515.0352902091163,1558.2900780624075
2011-07-19,1524.5,1557.5,1518.75,1523.25,,,0,0,,,,,,,,,,,1557.5,1518.75,1523.25,50855,1515.7820820082875,1556.9159573540778
2011-07-20,1523.5,1536.75,1522.25,1526.75,,,0,0,,,,,,,,,,,1536.75,1522.25,1526.75,44447,1516.7791654620796,1555.73297863431
2011-07-21,1526.75,1532.75,1501.5,1507,,,0,0,,,,,,,,,,,1532.75,1501.5,1507,52824,1515.8901504200724,1553.8218814329646
2011-07-22,1506.75,1524,1499,1522,,,0,0,,,,,,,,,,,1524,1499,1522,45361,1516.4455912909748,1552.5739645140247
2011-07-25,1513.5,1525,1501.25,1518.25,,,0,0,,,,,,,,,,,1525,1501.25,1518.25,50141,1516.6096284463408,1551.2279266899454
2011-07-26,1519.75,1528.75,1509,1523.75,,,0,0,,,,,,,,,,,1528.75,1509,1523.75,38860,1517.258753133037,1550.1503609373985
2011-07-27,1524.5,1542.25,1515.5,1534.5,,,0,0,,,,,,,,,,,1542.25,1515.5,1534.5,44543,1518.8261392118518,1549.5366212927947
2011-07-28,1532.75,1544.5,1522,1523,,,0,0,,,,,,,,,,,1544.5,1522,1523,46023,1519.2055811016835,1548.495969477391
2011-07-29,1522.75,1529.75,1499.5,1502.25,,,0,0,,,,,,,,,,,1529.75,1499.5,1502.25,53061,1517.6641646378941,1546.6824020469053
2011-08-01,1501,1520.5,1499.75,1506.25,,,0,0,,,,,,,,,,,1520.5,1499.75,1506.25,46522,1516.6265133071765,1545.096817652909
2011-08-02,1507,1552.75,1494,1547.75,,,0,0,,,,,,,,,,,1552.75,1494,1547.75,67010,1519.4559211883422,1545.2008640194617
2011-08-03,1547.75,1551.25,1534.75,1540.25,,,0,0,,,,,,,,,,,1551.25,1534.75,1540.25,47148,1521.346291989402,1545.0067124892867
2011-08-04,1538.75,1540,1504.25,1511.5,,,0,0,,,,,,,,,,,1540,1504.25,1511.5,64578,1520.45117453582,1543.6927237642167
2011-08-05,1510,1512.5,1495,1508.75,,,0,0,,,,,,,,,,,1512.5,1495,1508.75,62559,1519.3874313961999,1542.3224208715023
2011-08-08,1497.25,1507.25,1472,1486.25,,,0,0,,,,,,,,,,,1507.25,1472,1486.25,68428,1516.374937632909,1540.1235024059533
2011-08-09,1480.25,1517,1473,1501.5,,,0,0,,,,,,,,,,,1517,1473,1501.5,82436,1515.0226705753719,1538.6088552527788
2011-08-10,1507,1520.75,1505.75,1514.75,,,0,0,,,,,,,,,,,1520.75,1505.75,1514.75,64438,1514.997882341247,1537.6732138703169
2011-08-11,1512.25,1552.5,1509.75,1531,,,0,0,,,,,,,,,,,1552.5,1509.75,1531,69284,1516.4526203102246,1537.4115192087359
2011-08-12,1529.75,1548.5,1526,1532.25,,,0,0,,,,,,,,,,,1548.5,1526,1532.25,34697,1517.888745736568,1537.2091066907462
2011-08-15,1534,1551,1534,1542.25,,,0,0,,,,,,,,,,,1551,1534,1542.25,25788,1520.1034052150617,1537.4067887813053
2011-08-16,1541,1562.5,1534,1554.5,,,0,0,,,,,,,,,,,1562.5,1534,1554.5,34726,1523.230368377329,1538.0771107898815
2011-08-17,1554.5,1569,1552.5,1557.25,,,0,0,,,,,,,,,,,1569,1552.5,1557.25,28630,1526.323062161208,1538.8289887981214
2011-08-18,1556.75,1558.75,1530.25,1538.5,,,0,0,,,,,,,,,,,1558.75,1530.25,1538.5,45506,1527.4300565101892,1538.8160872766264
2011-08-19,1535.75,1563.75,1531.75,1560.5,,,0,0,,,,,,,,,,,1563.75,1531.75,1560.5,37912,1530.4364150092629,1539.66643679519
2011-08-22,1564.25,1578,1560.75,1565.25,,,0,0,,,,,,,,,,,1578,1560.75,1565.25,33940,1533.601286372057,1540.669713783614
2011-08-23,1566.75,1585.75,1564.5,1583.75,,,0,0,,,,,,,,,,,1585.75,1564.5,1583.75,47366,1538.1602603382337,1542.3591367724919
2011-08-24,1583.25,1590.25,1571.5,1576.5,,,0,0,,,,,,,,,,,1590.25,1571.5,1576.5,50432,1541.645691216576,1543.6979941539628
2011-08-25,1574.25,1592.25,1561.25,1587,,,0,0,,,,,,,,,,,1592.25,1561.25,1587,49064,1545.7688101968874,1545.396112030278
2011-08-26,1584.75,1602.5,1578.5,1596.25,,,0,0,,,,,,,,,,,1602.5,1578.5,1596.25,58536,1550.3580092698976,1547.3903821467377
2011-08-29,1596.25,1604.75,1592.5,1594.25,,,0,0,,,,,,,,,,,1604.75,1592.5,1594.25,44238,1554.3481902453614,1549.2280142194147
2011-08-30,1594.25,1595.5,1580.25,1590,,,0,0,,,,,,,,,,,1595.5,1580.25,1590,54625,1557.5892638594194,1550.826915622575
2011-08-31,1589.5,1593.25,1572.5,1590.75,,,0,0,,,,,,,,,,,1593.25,1572.5,1590.75,68635,1560.6038762358357,1552.3925267746308
2011-09-01,1587.75,1588.5,1557.25,1560.25,,,0,0,,,,,,,,,,,1588.5,1557.25,1560.25,50852,1560.5717056689416,1552.7006629795474
2011-09-02,1561.75,1578,1557.25,1574.75,,,0,0,,,,,,,,,,,1578,1557.25,1574.75,43600,1561.8606415172196,1553.5653428627024
2011-09-06,1566,1570,1549.25,1559.25,,,0,0,,,,,,,,,,,1570,1549.25,1559.25,41197,1561.6233104701996,1553.788270593577
2011-09-07,1558.75,1573.5,1545.25,1550.75,,,0,0,,,,,,,,,,,1573.5,1545.25,1550.75,40755,1560.6348277001814,1553.6691227271622
2011-09-08,1552.75,1554.25,1532.75,1537.25,,,0,0,,,,,,,,,,,1554.25,1532.75,1537.25,42697,1558.5089342728922,1553.0252355613911
2011-09-09,1536.25,1541.5,1526.25,1529,,,0,0,,,,,,,,,,,1541.5,1526.25,1529,40612,1555.8263038844475,1552.0830694609444
2011-09-12,1529.25,1534.25,1509.5,1526.5,,,0,0,,,,,,,,,,,1534.25,1509.5,1526.5,60426,1553.1602762585887,1551.079811835025
2011-09-13,1527.75,1531.25,1495.25,1501.25,,,0,0,,,,,,,,,,,1531.25,1495.25,1501.25,63669,1548.4411602350806,1549.1257015669848
2011-09-14,1502.25,1512,1497.25,1503.75,,,0,0,,,,,,,,,,,1512,1497.25,1503.75,45105,1544.378327486437,1547.3462622898483
2011-09-15,1504.25,1505,1485.25,1495.25,,,0,0,,,,,,,,,,,1505,1485.25,1495.25,47317,1539.912115896761,1545.303271611815
2011-09-16,1495,1505.25,1486.25,1487.5,,,0,0,,,,,,,,,,,1505.25,1486.25,1487.5,40875,1535.1473780879644,1543.0364766466457
2011-09-19,1487.25,1490.5,1466.25,1472.25,,,0,0,,,,,,,,,,,1490.5,1466.25,1472.25,48873,1529.4294346254221,1540.260536385993
2011-09-20,1474.75,1487,1470.25,1474,,,0,0,,,,,,,,,,,1487,1470.25,1474,33443,1524.39039511402,1537.6620839786992
2011-09-21,1474,1482.25,1465.25,1466,,,0,0,,,,,,,,,,,1482.25,1465.25,1466,38254,1519.0821773763819,1534.851806175613
2011-09-22,1463.75,1463.75,1431.5,1433,,,0,0,,,,,,,,,,,1463.75,1431.5,1433,64325,1511.25652488762,1530.857617698138
2011-09-23,1435.25,1448.75,1433.25,1440,,,0,0,,,,,,,,,,,1448.75,1433.25,1440,61395,1504.7786589887453,1527.2945738668384
2011-09-26,1444.25,1455,1423.5,1447.5,,,0,0,,,,,,,,,,,1455,1423.5,1447.5,51841,1499.5715081715866,1524.1653748916683
2011-09-27,1452.25,1469.25,1449.5,1457.5,,,0,0,,,,,,,,,,,1469.25,1449.5,1457.5,47767,1495.7468256105333,1521.551046464544
2011-09-28,1454.25,1456.75,1434.25,1438,,,0,0,,,,,,,,,,,1456.75,1434.25,1438,50277,1490.4971141913938,1518.2745348384835
2011-09-29,1437.75,1455.5,1426.5,1453.5,,,0,0,,,,,,,,,,,1455.5,1426.5,1453.5,61683,1487.1337401739945,1515.7343570016803
2011-09-30,1456.25,1460.75,1404.25,1408.5,,,0,0,,,,,,,,,,,1460.75,1404.25,1408.5,92718,1479.985218339995,1511.5290880996536
2011-10-03,1408.5,1422.25,1396,1418.75,,,0,0,,,,,,,,,,,1422.25,1396,1418.75,72493,1474.4183803090864,1507.8906924879025
2011-10-04,1421,1422,1396,1403.25,,,0,0,,,,,,,,,,,1422,1396,1403.25,63941,1467.948527553715,1503.7871359197495
2011-10-05,1410.25,1427.25,1406.5,1424.5,,,0,0,,,,,,,,,,,1427.25,1406.5,1424.5,49475,1463.9986614124682,1500.6778364719162
2011-10-06,1425.75,1439,1414.25,1415.25,,,0,0,,,,,,,,,,,1439,1414.25,1415.25,53310,1459.5669649204256,1497.3277252377234
2011-10-07,1414.25,1422.25,1405.25,1406.75,,,0,0,,,,,,,,,,,1422.25,1405.25,1406.75,41818,1454.7654226549323,1493.775657581342
2011-10-10,1407.25,1428.25,1405.5,1410.75,,,0,0,,,,,,,,,,,1428.25,1405.5,1410.75,39936,1450.764020595393,1490.5197494408974
2011-10-11,1410.75,1464.5,1410.25,1460,,,0,0,,,,,,,,,,,1464.5,1410.25,1460,88907,1451.603655086721,1489.3228965216465
2011-10-12,1459.25,1462,1419.25,1426,,,0,0,,,,,,,,,,,1462,1419.25,1426,81056,1449.2760500788372,1486.8396456776604
2011-10-13,1424.5,1429.75,1404.25,1417.25,,,0,0,,,,,,,,,,,1429.75,1404.25,1417.25,58403,1446.364590980761,1484.110639964811
2011-10-14,1416.5,1432.25,1411.5,1422,,,0,0,,,,,,,,,,,1432.25,1411.5,1422,47217,1444.1496281643283,1481.674928593642
2011-10-17,1422.75,1434.5,1418.25,1423.5,,,0,0,,,,,,,,,,,1434.5,1418.25,1423.5,34748,1442.2723892402985,1479.393558844872
2011-10-18,1425.5,1429.25,1412.25,1424.5,,,0,0,,,,,,,,,,,1429.25,1412.25,1424.5,40915,1440.6567174911804,1477.2408702627201
2011-10-19,1426,1437,1417.25,1418.75,,,0,0,,,,,,,,,,,1437,1417.25,1418.75,44916,1438.6651977192548,1474.9471106445742
2011-10-20,1418.25,1431.5,1412.75,1430,,,0,0,,,,,,,,,,,1431.5,1412.75,1430,42778,1437.8774524720498,1473.184478854591
2011-10-21,1430.25,1448.75,1427.5,1431.25,,,0,0,,,,,,,,,,,1448.75,1427.5,1431.25,60373,1437.2749567927724,1471.5399894877442
2011-10-24,1431.25,1446,1429.75,1441.75,,,0,0,,,,,,,,,,,1446,1429.75,1441.75,35762,1437.6817789025204,1470.3717546058717
2011-10-25,1439.75,1446.25,1433.25,1435.5,,,0,0,,,,,,,,,,,1446.25,1433.25,1435.5,36955,1437.4834353659276,1469.004234817406
2011-10-26,1436.75,1442.5,1415.75,1418.75,,,0,0,,,,,,,,,,,1442.5,1415.75,1418.75,51269,1435.7803957872068,1467.0334805108412
2011-10-27,1419.25,1447,1418.75,1443.25,,,0,0,,,,,,,,,,,1447,1418.75,1443.25,55843,1436.4594507156426,1466.1007950006122
2011-10-28,1443,1452,1435.5,1443.75,,,0,0,,,,,,,,,,,1452,1435.5,1443.75,51125,1437.1222279233114,1465.2242932358822
2011-10-31,1444.25,1447.25,1418.5,1427.5,,,0,0,,,,,,,,,,,1447.25,1418.5,1427.5,50945,1436.2474799302831,1463.7449091874162
2011-11-01,1428.5,1433.25,1411.25,1429.25,,,0,0,,,,,,,,,,,1433.25,1411.25,1429.25,48064,1435.6113453911664,1462.3921676506548
2011-11-02,1428.25,1437.75,1419.5,1422.75,,,0,0,,,,,,,,,,,1437.75,1419.5,1422.75,38585,1434.4421321737877,1460.8375728408253
2011-11-03,1422.75,1443.5,1419.25,1435.25,,,0,0,,,,,,,,,,,1443.5,1419.25,1435.25,51650,1434.5155747034435,1459.8341386117734
2011-11-04,1435.25,1439.25,1422.5,1436,,,0,0,,,,,,,,,,,1439.25,1422.5,1436,52917,1434.6505224576758,1458.899466509351
2011-11-07,1436,1440.25,1429.25,1438,,,0,0,,,,,,,,,,,1440.25,1429.25,1438,64228,1434.955020416069,1458.0798795874157
2011-11-08,1438,1458.5,1436,1456.25,,,0,0,,,,,,,,,,,1458.5,1436,1456.25,78959,1436.8909276509717,1458.0081196035956
2011-11-09,1455.75,1457,1432.25,1442.25,,,0,0,,,,,,,,,,,1457,1432.25,1442.25,74145,1437.378116046338,1457.3901541289447
2011-11-10,1441.25,1448,1418,1419.25,,,0,0,,,,,,,,,,,1448,1418,1419.25,82025,1435.7301054966708,1455.8944618101625
2011-11-11,1419.25,1425,1408.75,1416,,,0,0,,,,,,,,,,,1425,1408.75,1416,59681,1433.936459542428,1454.3299731117247
2011-11-14,1416,1421.25,1409.5,1415,,,0,0,,,,,,,,,,,1421.25,1409.5,1415,44505,1432.214963220389,1452.7876212249905
2011-11-15,1415,1433.5,1411.5,1432,,,0,0,,,,,,,,,,,1433.5,1411.5,1432,63912,1432.1954211094446,1451.972420392638
2011-11-16,1431,1437,1419.25,1422,,,0,0,,,,,,,,,,,1437,1419.25,1422,41863,1431.2685646449497,1450.7970313576327
2011-11-17,1420.75,1421.5,1393.25,1396.25,,,0,0,,,,,,,,,,,1421.5,1393.25,1396.25,43384,1428.0850587681362,1448.6579320887058
2011-11-18,1398.25,1401.25,1387,1399,,,0,0,,,,,,,,,,,1401.25,1387,1399,35659,1425.4409625164874,1446.7105622028741
2011-11-21,1399,1402.5,1384.75,1393.25,,,0,0,,,,,,,,,,,1402.5,1384.75,1393.25,29765,1422.514511378625,1444.6140695674674
2011-11-22,1393.25,1397.5,1385.25,1387.25,,,0,0,,,,,,,,,,,1397.5,1385.25,1387.25,43410,1419.3086467078408,1442.3644982118803
2011-11-23,1387.25,1390.75,1372.25,1378.5,,,0,0,,,,,,,,,,,1390.75,1372.25,1378.5,43087,1415.5987697344008,1439.8600080859242
2011-11-25,1378.75,1382.25,1370.25,1373.25,,,0,0,,,,,,,,,,,1382.25,1370.25,1373.25,27607,1411.748881576728,1437.247850906084
2011-11-28,1378.75,1387.75,1374.25,1377.25,,,0,0,,,,,,,,,,,1387.75,1374.25,1377.25,43806,1408.6126196152074,1434.8949940078062
2011-11-29,1375.75,1403.25,1375.5,1400.25,,,0,0,,,,,,,,,,,1403.25,1375.5,1400.25,63277,1407.8523814683704,1433.5363667918139
2011-11-30,1398,1413.5,1391.25,1398.25,,,0,0,,,,,,,,,,,1413.5,1391.25,1398.25,58504,1406.9794376985185,1432.1525877019387
2011-12-01,1398.5,1409.25,1390,1398.5,,,0,0,,,,,,,,,,,1409.25,1390,1398.5,49880,1406.2085797259258,1430.832878380294
2011-12-02,1400,1416.25,1395.75,1409.75,,,0,0,,,,,,,,,,,1416.25,1395.75,1409.75,52852,1406.530527023569,1430.0060988359687
2011-12-05,1411.75,1416,1391.75,1395.75,,,0,0,,,,,,,,,,,1416,1391.75,1395.75,47552,1405.5504791123356,1428.6627224110287
2011-12-06,1397.5,1401.25,1384.5,1397.25,,,0,0,,,,,,,,,,,1401.25,1384.5,1397.25,48773,1404.7958901021232,1427.4308509439295
2011-12-07,1396.75,1400,1383,1384.75,,,0,0,,,,,,,,,,,1400,1383,1384.75,39674,1402.9735364564756,1425.7570920833832
2011-12-08,1384.5,1387.25,1375,1381.25,,,0,0,,,,,,,,,,,1387.25,1375,1381.25,44663,1400.998669505887,1424.0117159232504
2011-12-09,1379.5,1383.75,1368.25,1380.25,,,0,0,,,,,,,,,,,1383.75,1368.25,1380.25,49793,1399.1124268235335,1422.29557020077
2011-12-12,1379,1386,1371.5,1378.5,,,0,0,,,,,,,,,,,1386,1371.5,1378.5,37892,1397.2385698395758,1420.5780968595634
2011-12-13,1378.5,1393.25,1377.5,1384.75,,,0,0,,,,,,,,,,,1393.25,1377.5,1384.75,31825,1396.1032453087053,1419.173073453306
2011-12-14,1384.25,1387,1363.25,1365,,,0,0,,,,,,,,,,,1387,1363.25,1365,47018,1393.2756775533685,1417.0486392002351
2011-12-15,1367,1372.25,1361.5,1363.5,,,0,0,,,,,,,,,,,1372.25,1361.5,1363.5,34549,1390.5687977757896,1414.948692564932
2011-12-16,1363,1371.75,1361.5,1368,,,0,0,,,,,,,,,,,1371.75,1361.5,1368,29368,1388.5170888870814,1413.1075673663072
2011-12-19,1369.25,1387.25,1366,1384,,,0,0,,,,,,,,,,,1387.25,1366,1384,34437,1388.1064444428014,1411.9660941362558
2011-12-20,1383.25,1393,1379.75,1392,,,0,0,,,,,,,,,,,1393,1379.75,1392,33345,1388.4604040389104,1411.1831100524812
2011-12-21,1391.25,1402.25,1384.25,1401.25,,,0,0,,,,,,,,,,,1402.25,1384.25,1401.25,41643,1389.6230945808277,1410.793576324933
2011-12-22,1401.5,1410,1395.75,1406,,,0,0,,,,,,,,,,,1410,1395.75,1406,33821,1391.1119041643888,1410.6055929396414
2011-12-23,1406,1412,1402.75,1406.25,,,0,0,,,,,,,,,,,1412,1402.75,1406.25,22013,1392.4880946948988,1410.434785373381
2011-12-27,1411.75,1431.25,1411.25,1429,,,0,0,,,,,,,,,,,1431.25,1411.25,1429,33464,1395.8073588135444,1411.1628330057974
2011-12-28,1428,1440.25,1425.5,1435.5,,,0,0,,,,,,,,,,,1440.25,1425.5,1435.5,36298,1399.415780739586,1412.1172317114524
2011-12-29,1434,1438.75,1426,1429.5,,,0,0,,,,,,,,,,,1438.75,1426,1429.5,34521,1402.15070976326,1412.7989088992385
2011-12-30,1428.75,1438.75,1426.5,1437,,,0,0,,,,,,,,,,,1438.75,1426.5,1437,30937,1405.318827057509,1413.7479712953468
2012-01-03,1450.25,1455,1438,1441.25,,,0,0,,,,,,,,,,,1455,1438,1441.25,54591,1408.5852973250082,1414.826482224941
2012-01-04,1440.5,1447.25,1429.5,1434.25,,,0,0,,,,,,,,,,,1447.25,1429.5,1434.25,45615,1410.9184521136438,1415.588188804355
2012-01-05,1433.5,1434.5,1410.75,1413.5,,,0,0,,,,,,,,,,,1434.5,1410.75,1413.5,56222,1411.1531382851306,1415.5062990473216
2012-01-06,1413.5,1421,1408.75,1409,,,0,0,,,,,,,,,,,1421,1408.75,1409,41967,1410.9573984410279,1415.2511500650737
2012-01-09,1410.25,1429.25,1409.25,1426,,,0,0,,,,,,,,,,,1429.25,1409.25,1426,59877,1412.3249076736618,1415.6726735919335
2012-01-10,1425,1429,1418.5,1424,,,0,0,,,,,,,,,,,1429,1418.5,1424,52292,1413.386279703329,1415.9992354118576
2012-01-11,1423.25,1428.25,1416.5,1425.25,,,0,0,,,,,,,,,,,1428.25,1416.5,1425.25,53041,1414.464799730299,1416.3620104937456
2012-01-12,1425.75,1433,1376.25,1389.25,,,0,0,,,,,,,,,,,1433,1376.25,1389.25,99046,1412.1725452093629,1415.2987943959517
2012-01-13,1389.25,1394.25,1383.25,1386.5,,,0,0,,,,,,,,,,,1394.25,1383.25,1386.5,67189,1409.8386774630571,1414.169429909836
2012-01-17,1387.5,1396,1385.75,1389,,,0,0,,,,,,,,,,,1396,1385.75,1389,52120,1407.9442522391428,1413.1823934427837
2012-01-18,1389.5,1390.75,1374.25,1376.5,,,0,0,,,,,,,,,,,1390.75,1374.25,1376.5,56153,1405.085683853766,1411.7438682097334
2012-01-19,1376.5,1390.75,1376.25,1390,,,0,0,,,,,,,,,,,1390.75,1376.25,1390,67995,1403.7142580488783,1410.8911674956262
2012-01-20,1389.5,1396.25,1381.25,1394.75,,,0,0,,,,,,,,,,,1396.25,1381.25,1394.75,49910,1402.8993254989803,1410.2581805350135
2012-01-23,1397.75,1405.75,1397.75,1404,,,0,0,,,,,,,,,,,1405.75,1397.75,1404,47179,1402.9993868172548,1410.012761690503
2012-01-24,1404.25,1422.25,1398.25,1417.75,,,0,0,,,,,,,,,,,1422.25,1398.25,1417.75,79746,1404.3403516520498,1410.3161828006794
2012-01-25,1417,1434,1413.75,1425.5,,,0,0,,,,,,,,,,,1434,1413.75,1425.5,71003,1406.263956047318,1410.9116266124174
2012-01-26,1425,1442.5,1424,1437.75,,,0,0,,,,,,,,,,,1442.5,1424,1437.75,67778,1409.12632367938,1411.964111843303
2012-01-27,1437.5,1440.75,1429.25,1431.5,,,0,0,,,,,,,,,,,1440.75,1429.25,1431.5,57109,1411.1602942539819,1412.73022510435
2012-01-30,1431,1438.25,1419.5,1429,,,0,0,,,,,,,,,,,1438.25,1419.5,1429,49962,1412.782085685438,1413.3682554924146
2012-01-31,1429.25,1451.75,1429,1450.25,,,0,0,,,,,,,,,,,1451.75,1429,1450.25,82779,1416.1882597140345,1414.8145984142807
2012-02-01,1451.75,1468,1450.5,1458.5,,,0,0,,,,,,,,,,,1468,1450.5,1458.5,79706,1420.0347815582131,1416.5277514176423
2012-02-02,1458.5,1458.5,1441.25,1447,,,0,0,,,,,,,,,,,1458.5,1441.25,1447,69453,1422.486165052921,1417.722741558127
2012-02-03,1447.25,1455.25,1437.5,1445,,,0,0,,,,,,,,,,,1455.25,1437.5,1445,55512,1424.5328773208373,1418.7924379676122
2012-02-06,1444.75,1453.25,1440.5,1452.75,,,0,0,,,,,,,,,,,1453.25,1440.5,1452.75,46376,1427.0980702916702,1420.1241070669214
2012-02-07,1453.25,1456.25,1439.5,1446.5,,,0,0,,,,,,,,,,,1456.25,1439.5,1446.5,69309,1428.8618820833365,1421.158455809395
2012-02-08,1446.25,1454.25,1437.25,1445,,,0,0,,,,,,,,,,,1454.25,1437.25,1445,59971,1430.328983712124,1422.0934183266736
2012-02-09,1445,1449,1426,1430.25,,,0,0,,,,,,,,,,,1449,1426,1430.25,80778,1430.3218033746582,1422.4132842746471
2012-02-10,1429,1430,1412.5,1414.25,,,0,0,,,,,,,,,,,1430,1412.5,1414.25,68794,1428.8607303405984,1422.093155479563
2012-02-13,1419.25,1426.5,1415.5,1425.5,,,0,0,,,,,,,,,,,1426.5,1415.5,1425.5,73550,1428.555209400544,1422.2267572254625
2012-02-14,1425.25,1427.25,1416.75,1419.25,,,0,0,,,,,,,,,,,1427.25,1416.75,1419.25,47655,1427.709281273222,1422.1100216479933
2012-02-15,1419.5,1423.75,1410.75,1414.25,,,0,0,,,,,,,,,,,1423.75,1410.75,1414.25,37897,1426.4857102483836,1421.8017855049347
2012-02-16,1414.25,1419.75,1409,1415.5,,,0,0,,,,,,,,,,,1419.75,1409,1415.5,42583,1425.4870093167124,1421.554656661604
2012-02-17,1413.25,1430.25,1411.75,1428,,,0,0,,,,,,,,,,,1430.25,1411.75,1428,37362,1425.715463015193,1421.807415223894
2012-02-21,1432,1432.5,1408.25,1417,,,0,0,,,,,,,,,,,1432.5,1408.25,1417,44349,1424.9231481956301,1421.6188891366824
2012-02-22,1417,1427.75,1413.5,1426,,,0,0,,,,,,,,,,,1427.75,1413.5,1426,53865,1425.0210438142092,1421.7906974058321
2012-02-23,1426.25,1427.5,1415.5,1421.25,,,0,0,,,,,,,,,,,1427.5,1415.5,1421.25,58444,1424.678221649281,1421.7694935859956
2012-02-24,1421.25,1423,1412.75,1421.5,,,0,0,,,,,,,,,,,1423,1412.75,1421.5,45201,1424.3892924084373,1421.7589252100743
2012-02-27,1423.25,1434.75,1413.25,1433,,,0,0,,,,,,,,,,,1434.75,1413.25,1433,61380,1425.1720840076703,1422.1997516724243
2012-02-28,1431.25,1449.25,1429.5,1448.5,,,0,0,,,,,,,,,,,1449.25,1429.5,1448.5,56016,1427.2928036433366,1423.2311339597802
2012-02-29,1447.75,1454.75,1440.5,1448.25,,,0,0,,,,,,,,,,,1454.75,1440.5,1448.25,56059,1429.1980033121242,1424.2122659613574
2012-03-01,1446.5,1452.75,1439,1444.25,,,0,0,,,,,,,,,,,1452.75,1439,1444.25,50596,1430.5663666473856,1424.998059453069
2012-03-02,1443.5,1455.75,1437.75,1454.75,,,0,0,,,,,,,,,,,1455.75,1437.75,1454.75,54843,1432.7648787703506,1426.1648022196152
2012-03-05,1454.25,1458,1448,1452.25,,,0,0,,,,,,,,,,,1458,1448,1452.25,45064,1434.5362534275914,1427.1877511521793
2012-03-06,1451.5,1451.75,1435.5,1438,,,0,0,,,,,,,,,,,1451.75,1435.5,1438,45527,1434.8511394796285,1427.6117609109174
2012-03-07,1438.25,1439.5,1416.75,1419.5,,,0,0,,,,,,,,,,,1439.5,1416.75,1419.5,65804,1433.4555813451168,1427.293652639901
2012-03-08,1421.25,1428,1413.75,1415,,,0,0,,,,,,,,,,,1428,1413.75,1415,44172,1431.7778012228334,1426.8115486148067
2012-03-09,1415.25,1430.25,1414.5,1423.25,,,0,0,,,,,,,,,,,1430.25,1414.5,1423.25,54652,1431.0025465662122,1426.671880041677
2012-03-12,1423.25,1433.5,1418.25,1431.5,,,0,0,,,,,,,,,,,1433.5,1418.25,1431.5,47319,1431.0477696056475,1426.8612180792584
2012-03-13,1431.75,1437.75,1425.5,1429.25,,,0,0,,,,,,,,,,,1437.75,1425.5,1429.25,42407,1430.8843360051342,1426.9548958016403
2012-03-14,1429.75,1431.25,1421,1424,,,0,0,,,,,,,,,,,1431.25,1421,1424,41955,1430.2584872773948,1426.8390175349093
2012-03-15,1425.25,1447.5,1423.5,1445,,,0,0,,,,,,,,,,,1447.5,1423.5,1445,70906,1431.5986247976316,1427.5512129256972
2012-03-16,1443.25,1453.25,1440.25,1452.25,,,0,0,,,,,,,,,,,1453.25,1440.25,1452.25,46883,1433.4760225433015,1428.519792810964
2012-03-19,1451.75,1455.5,1431.5,1432.5,,,0,0,,,,,,,,,,,1455.5,1431.5,1432.5,52968,1433.3872932211832,1428.6758793673966
2012-03-20,1432.75,1433.5,1420.25,1422.75,,,0,0,,,,,,,,,,,1433.5,1420.25,1422.75,50433,1432.420266564712,1428.4434919412242
2012-03-21,1423.5,1427.75,1415.75,1416.5,,,0,0,,,,,,,,,,,1427.75,1415.75,1416.5,38072,1430.9729696042837,1427.975119708235
2012-03-22,1417,1427.75,1411.5,1426.5,,,0,0,,,,,,,,,,,1427.75,1411.5,1426.5,54660,1430.5663360038943,1427.9172718765396
2012-03-23,1428,1435.5,1426.5,1434.5,,,0,0,,,,,,,,,,,1435.5,1426.5,1434.5,44314,1430.923941821722,1428.1754180774597
2012-03-26,1435.75,1450.75,1430.25,1439.75,,,0,0,,,,,,,,,,,1450.75,1430.25,1439.75,67814,1431.72631074702,1428.6293232508926
2012-03-27,1439.75,1443.75,1419,1420,,,0,0,,,,,,,,,,,1443.75,1419,1420,76485,1430.660282497291,1428.2909184175244
2012-03-28,1419.75,1426.5,1410.25,1411,,,0,0,,,,,,,,,,,1426.5,1410.25,1411,62374,1428.8729840884464,1427.6128431854645
2012-03-29,1413.5,1415.25,1391.5,1392.75,,,0,0,,,,,,,,,,,1415.25,1391.5,1392.75,76789,1425.5890764440421,1426.2456728644659
2012-03-30,1393.25,1449,1393,1441,,,0,0,,,,,,,,,,,1449,1393,1441,118402,1426.9900694945838,1426.8242739286045
2012-04-02,1444,1446.75,1429.5,1437.25,,,0,0,,,,,,,,,,,1446.75,1429.5,1437.25,79665,1427.9227904496217,1427.2331259314044
2012-04-03,1436,1439.25,1429.75,1438.25,,,0,0,,,,,,,,,,,1439.25,1429.75,1438.25,55586,1428.8616276814744,1427.6651602086042
2012-04-04,1438.75,1439,1415.75,1419.5,,,0,0,,,,,,,,,,,1439,1415.75,1419.5,61565,1428.0105706195222,1427.3449578474824
2012-04-05,1421.25,1430.25,1416.25,1418.75,,,0,0,,,,,,,,,,,1430.25,1416.25,1418.75,5,1427.168700563202,1427.007900676993
2012-04-09,1417.5,1429.25,1416.75,1423.25,,,0,0,,,,,,,,,,,1429.25,1416.75,1423.25,60188,1426.8124550574564,1426.860532022993
2012-04-10,1422,1433.5,1404.25,1406,,,0,0,,,,,,,,,,,1433.5,1404.25,1406,96735,1424.9204136885967,1426.04247194366
2012-04-11,1406.5,1414,1400,1408.25,,,0,0,,,,,,,,,,,1414,1400,1408.25,70253,1423.4049215350879,1425.3447279458694
2012-04-12,1408.25,1426,1408.25,1419.5,,,0,0,,,,,,,,,,,1426,1408.25,1419.5,83130,1423.0499286682616,1425.1155229283843
2012-04-13,1420.5,1423.5,1398.75,1403.75,,,0,0,,,,,,,,,,,1423.5,1398.75,1403.75,88586,1421.2953896984197,1424.277659284134
2012-04-16,1403.5,1405.75,1395.25,1396.5,,,0,0,,,,,,,,,,,1405.75,1395.25,1396.5,49485,1419.0412633621997,1423.188339312207
2012-04-17,1397.5,1407.25,1395,1395.5,,,0,0,,,,,,,,,,,1407.25,1395,1395.5,38830,1416.9011485110907,1422.1025220842773
2012-04-18,1395.5,1398.5,1384.5,1391,,,0,0,,,,,,,,,,,1398.5,1384.5,1391,63409,1414.546498646446,1420.8828153358743
2012-04-19,1391.25,1407.75,1391.25,1405.25,,,0,0,,,,,,,,,,,1407.75,1391.25,1405.25,57447,1413.70136240586,1420.2697637540753
2012-04-20,1405.25,1409.25,1396,1398.25,,,0,0,,,,,,,,,,,1409.25,1396,1398.25,56512,1412.2966930962364,1419.4062436068566
2012-04-23,1398.25,1410.25,1396.5,1407.75,,,0,0,,,,,,,,,,,1410.25,1396.5,1407.75,54333,1411.8833573602149,1418.949136014431
2012-04-24,1408.25,1422.25,1406,1407.75,,,0,0,,,,,,,,,,,1422.25,1406,1407.75,66444,1411.5075976001954,1418.5099542099433
2012-04-25,1407.25,1418,1399.25,1401.75,,,0,0,,,,,,,,,,,1418,1399.25,1401.75,68754,1410.6205432729048,1417.852701103671
2012-04-26,1402.75,1412,1399.75,1410.75,,,0,0,,,,,,,,,,,1412,1399.75,1410.75,52948,1410.632312066277,1417.5741638054878
2012-04-27,1410.25,1430.75,1407.75,1425.25,,,0,0,,,,,,,,,,,1430.75,1407.75,1425.25,77686,1411.9611927875246,1417.8751769895864
2012-04-30,1423.25,1430.75,1415.5,1429.75,,,0,0,,,,,,,,,,,1430.75,1415.5,1429.75,59535,1413.578357079568,1418.3408563233281
2012-05-01,1429.25,1430.75,1416.25,1418.25,,,0,0,,,,,,,,,,,1430.75,1416.25,1418.25,44141,1414.0030518905162,1418.3372933302564
2012-05-02,1415.75,1417,1387,1389.75,,,0,0,,,,,,,,,,,1417,1387,1389.75,84158,1411.7982289913784,1417.2162230035797
2012-05-03,1390.25,1397,1388.5,1390.75,,,0,0,,,,,,,,,,,1397,1388.5,1390.75,56246,1409.884753628526,1416.1783319054
2012-05-04,1392.5,1396,1374.75,1384.75,,,0,0,,,,,,,,,,,1396,1374.75,1384.75,72496,1407.5997760259327,1414.9458483012668
2012-05-07,1383.75,1389.25,1376,1387.25,,,0,0,,,,,,,,,,,1389.25,1376,1387.25,45481,1405.7497963872115,1413.859736603178
2012-05-08,1388,1396.5,1386.5,1390.25,,,0,0,,,,,,,,,,,1396.5,1386.5,1390.25,47069,1404.340723988374,1412.933864579524
2012-05-09,1390.25,1393.25,1373.5,1375.25,,,0,0,,,,,,,,,,,1393.25,1373.5,1375.25,52840,1401.6961127167037,1411.4560659685621
2012-05-10,1375.25,1382.75,1370.25,1376.5,,,0,0,,,,,,,,,,,1382.75,1370.25,1376.5,51080,1399.4055570151852,1410.0852398521479
2012-05-11,1377.75,1379.25,1367.5,1372.25,,,0,0,,,,,,,,,,,1379.25,1367.5,1372.25,49035,1396.9368700138048,1408.6015049559853
2012-05-14,1374.25,1377.25,1367.5,1373.5,,,0,0,,,,,,,,,,,1377.25,1367.5,1373.5,36826,1394.8062454670953,1407.2249753498681
2012-05-15,1373,1392.5,1372.75,1383.75,,,0,0,,,,,,,,,,,1392.5,1372.75,1383.75,62763,1393.801132242814,1406.3043880812459
2012-05-16,1383.75,1415,1379.25,1414,,,0,0,,,,,,,,,,,1415,1379.25,1414,82702,1395.6373929480128,1406.6061767839421
2012-05-17,1413.5,1433.75,1413,1433,,,0,0,,,,,,,,,,,1433.75,1413,1433,100155,1399.0339935891025,1407.641228674768
2012-05-18,1432,1472.75,1427.75,1470.5,,,0,0,,,,,,,,,,,1472.75,1427.75,1470.5,134342,1405.5309032628204,1410.1062785306594
2012-05-21,1475.25,1497.25,1458,1479.25,,,0,0,,,,,,,,,,,1497.25,1458,1479.25,143939,1412.2326393298367,1412.8177970196532
2012-05-22,1473.75,1477.5,1457,1460.75,,,0,0,,,,,,,,,,,1477.5,1457,1460.75,110736,1416.6433084816697,1414.6974912541766
2012-05-23,1458.25,1460.25,1438.75,1440.75,,,0,0,,,,,,,,,,,1460.25,1438.75,1440.75,83959,1418.834825892427,1415.7191582638168
2012-05-24,1443,1451.75,1437,1438.25,,,0,0,,,,,,,,,,,1451.75,1437,1438.25,66972,1420.5998417203882,1416.6027206848435
2012-05-25,1440,1463.5,1437,1455.25,,,0,0,,,,,,,,,,,1463.5,1437,1455.25,72925,1423.7498561094437,1418.11830026583
2012-05-29,1450.25,1459.25,1430.5,1432,,,0,0,,,,,,,,,,,1459.25,1430.5,1432,81727,1424.4998691904034,1418.6626806475622
2012-05-30,1432.25,1436.5,1419.5,1429,,,0,0,,,,,,,,,,,1436.5,1419.5,1429,79250,1424.9089719912758,1419.0680657202067
2012-05-31,1427.75,1429,1417.75,1419,,,0,0,,,,,,,,,,,1429,1417.75,1419,70598,1424.3717927193418,1419.065396476277
2012-06-01,1418.75,1421.75,1386.25,1387.5,,,0,0,,,,,,,,,,,1421.75,1386.25,1387.5,117506,1421.019811563038,1417.8275377909329
2012-06-04,1395.5,1406.75,1388.5,1403,,,0,0,,,,,,,,,,,1406.75,1388.5,1403,68065,1419.3816468754892,1417.2460657207002
2012-06-05,1401.5,1406.25,1387,1388.5,,,0,0,,,,,,,,,,,1406.25,1387,1388.5,66686,1416.574224432263,1416.118769025771
2012-06-06,1388,1404,1388,1399.5,,,0,0,,,,,,,,,,,1404,1388,1399.5,61757,1415.0220222111482,1415.4670525933877
2012-06-07,1397.25,1420,1395.5,1417,,,0,0,,,,,,,,,,,1420,1395.5,1417,79374,1415.2018383737711,1415.5271681779607
2012-06-08,1412.75,1414,1403,1405.5,,,0,0,,,,,,,,,,,1414,1403,1405.5,79052,1414.3198530670647,1415.133945896472
2012-06-11,1404.5,1417.5,1404.25,1405.75,,,0,0,,,,,,,,,,,1417.5,1404.25,1405.75,67687,1413.5407755155134,1414.765948018179
2012-06-12,1405.25,1415,1388.5,1391.25,,,0,0,,,,,,,,,,,1415,1388.5,1391.25,79395,1411.5143413777394,1413.8437539782503
2012-06-13,1392.25,1399,1389.5,1391.25,,,0,0,,,,,,,,,,,1399,1389.5,1391.25,64238,1409.6721285252177,1412.9577244104757
2012-06-14,1390.5,1404.25,1390.25,1398.75,,,0,0,,,,,,,,,,,1404.25,1390.25,1398.75,48784,1408.679207750198,1412.4005587473198
2012-06-15,1398.5,1403,1382.75,1384.75,,,0,0,,,,,,,,,,,1403,1382.75,1384.75,65148,1406.5038252274528,1411.31622311017
2012-06-18,1388.75,1409.5,1387.5,1406.5,,,0,0,,,,,,,,,,,1409.5,1387.5,1406.5,33088,1406.5034774795026,1411.1273516156537
2012-06-19,1406,1429,1404.5,1427,,,0,0,,,,,,,,,,,1429,1404.5,1427,58457,1408.3667977086388,1411.7498084150398
2012-06-20,1426,1441.75,1416.5,1441,,,0,0,,,,,,,,,,,1441.75,1416.5,1441,43790,1411.333452462399,1412.896874751705
2012-06-21,1436,1458,1432.25,1436.5,,,0,0,,,,,,,,,,,1458,1432.25,1436.5,48684,1413.6213204203627,1413.82248750654
2012-06-22,1434,1458,1432.5,1445.5,,,0,0,,,,,,,,,,,1458,1432.5,1445.5,47900,1416.5193822003298,1415.0647428984405
2012-06-25,1454.25,1500,1454.25,1499,,,0,0,,,,,,,,,,,1500,1454.25,1499,77965,1424.017620182118,1418.3563216083055
2012-06-26,1498,1513.25,1483.5,1505,,,0,0,,,,,,,,,,,1513.25,1483.5,1505,69060,1431.3796547110164,1421.7541129177837
2012-06-27,1504,1521.5,1497.5,1509.25,,,0,0,,,,,,,,,,,1521.5,1497.5,1509.25,72464,1438.458777010015,1425.1853241759097
2012-06-28,1508,1515.5,1500.25,1504,,,0,0,,,,,,,,,,,1515.5,1500.25,1504,62904,1444.4170700091045,1428.2760957768544
2012-06-29,1503.5,1521,1498,1515.25,,,0,0,,,,,,,,,,,1521,1498,1515.25,67741,1450.856427281004,1431.6868371189385
2012-07-02,1520.5,1532.75,1514.25,1530.5,,,0,0,,,,,,,,,,,1532.75,1514.25,1530.5,43943,1458.0967520736401,1435.5618631142743
2012-07-03,1535.5,1558.75,1532.25,1557.25,,,0,0,,,,,,,,,,,1558.75,1532.25,1557.25,52651,1467.1106837033092,1440.3339469137145
2012-07-05,1573,1598.75,1567.25,1596,,,0,0,,,,,,,,,,,1598.75,1567.25,1596,62655,1478.8278942757356,1446.4384980151374
2012-07-06,1593.5,1595,1562,1564.25,,,0,0,,,,,,,,,,,1595,1562,1564.25,49611,1486.5935402506686,1451.0585569165046
2012-07-09,1573,1602.75,1573,1586.25,,,0,0,,,,,,,,,,,1602.75,1573,1586.25,48964,1495.6532184096989,1456.3601821354653
2012-07-10,1582.5,1591.25,1564.75,1579.25,,,0,0,,,,,,,,,,,1591.25,1564.75,1579.25,48004,1503.252925826999,1461.1793906791725
2012-07-11,1579.25,1606.5,1561.25,1584.25,,,0,0,,,,,,,,,,,1606.5,1561.25,1584.25,66578,1510.6162962063627,1466.0056890839107
2012-07-12,1584.75,1616,1578.25,1604.75,,,0,0,,,,,,,,,,,1616,1578.25,1604.75,53459,1519.173905642148,1471.446642453169
2012-07-13,1603.75,1623.75,1600,1605.75,,,0,0,,,,,,,,,,,1623.75,1600,1605.75,42285,1527.04445967468,1476.7134407883389
2012-07-16,1616.5,1647,1614.25,1642.5,,,0,0,,,,,,,,,,,1647,1614.25,1642.5,48061,1537.5404178860726,1483.2148744829137
2012-07-17,1648.25,1656.5,1624,1643,,,0,0,,,,,,,,,,,1656.5,1624,1643,55828,1547.1276526237025,1489.480957836525
2012-07-18,1643,1665.75,1623.5,1661.25,,,0,0,,,,,,,,,,,1665.75,1623.5,1661.25,55132,1557.5024114760931,1496.216998705681
2012-07-19,1660.75,1696,1654.5,1693,,,0,0,,,,,,,,,,,1696,1654.5,1693,79484,1569.8203740691756,1503.9339791485954
2012-07-20,1690,1702.75,1674.75,1701.25,,,0,0,,,,,,,,,,,1702.75,1674.75,1701.25,70833,1581.7685218810686,1511.6718623192387
2012-07-23,1702.5,1705.25,1661.75,1670.75,,,0,0,,,,,,,,,,,1705.25,1661.75,1670.75,61782,1589.8577471646079,1517.9102206596608
2012-07-24,1668.75,1672.25,1610.75,1636.75,,,0,0,,,,,,,,,,,1672.25,1610.75,1636.75,83045,1594.1206792405526,1522.5706041632036
2012-07-25,1638.25,1667,1620.5,1661.25,,,0,0,,,,,,,,,,,1667,1620.5,1661.25,67807,1600.2233447641388,1528.009011843078
2012-07-26,1659.5,1662.5,1631.75,1642,,,0,0,,,,,,,,,,,1662.5,1631.75,1642,53384,1604.0212225128535,1532.4792466727613
2012-07-27,1642.5,1669,1637.5,1656,,,0,0,,,,,,,,,,,1669,1637.5,1656,49716,1608.7465659207758,1537.3231977836333
2012-07-30,1666,1677.75,1661,1672.5,,,0,0,,,,,,,,,,,1677.75,1661,1672.5,42804,1614.5423326552507,1542.6242488509417
2012-07-31,1669.75,1677.5,1644,1646.25,,,0,0,,,,,,,,,,,1677.5,1644,1646.25,60843,1617.4248478684096,1546.6880037979636
2012-08-01,1647,1655,1619.75,1637.5,,,0,0,,,,,,,,,,,1655,1619.75,1637.5,54248,1619.2498616985542,1550.2492585509847
2012-08-02,1637,1647.75,1614,1623,,,0,0,,,,,,,,,,,1647.75,1614,1623,45787,1619.590783362322,1553.1022288038873
2012-08-03,1621.25,1665,1618.5,1649.25,,,0,0,,,,,,,,,,,1665,1618.5,1649.25,53330,1622.2870757839291,1556.8727296351074
2012-08-06,1641.25,1655.25,1634.75,1651.25,,,0,0,,,,,,,,,,,1655.25,1634.75,1651.25,39183,1624.9200688944811,1560.5737990611815
2012-08-07,1650,1662.5,1641.5,1647,,,0,0,,,,,,,,,,,1662.5,1641.5,1647,53665,1626.9273353586193,1563.9630618430958
2012-08-08,1647.75,1660.75,1627.25,1657.25,,,0,0,,,,,,,,,,,1660.75,1627.25,1657.25,76111,1629.6839412351085,1567.6213731433666
2012-08-09,1657,1677.5,1656,1671,,,0,0,,,,,,,,,,,1677.5,1656,1671,75336,1633.4399465773713,1571.6754369416658
2012-08-10,1670.75,1689.75,1638,1643.25,,,0,0,,,,,,,,,,,1689.75,1638,1643.25,86207,1634.3317696157922,1574.4822825517965
2012-08-13,1640.5,1643.25,1612.75,1614.75,,,0,0,,,,,,,,,,,1643.25,1612.75,1614.75,74319,1632.5516087416293,1576.0614087262359
2012-08-14,1615,1624,1596.25,1597.75,,,0,0,,,,,,,,,,,1624,1596.25,1597.75,45444,1629.3878261287539,1576.9119417173638
2012-08-15,1598,1608.75,1598,1604.75,,,0,0,,,,,,,,,,,1608.75,1598,1604.75,35525,1627.1480237534126,1578.0036302774672
2012-08-16,1606,1626.75,1599.25,1619.75,,,0,0,,,,,,,,,,,1626.75,1599.25,1619.75,25173,1626.475476139466,1579.6407428156058
2012-08-17,1619.25,1638,1619,1632.5,,,0,0,,,,,,,,,,,1638,1619,1632.5,21210,1627.0231601267874,1581.7136548620526
2012-08-20,1631.75,1644,1625.5,1640.75,,,0,0,,,,,,,,,,,1644,1625.5,1640.75,52518,1628.271054660716,1584.028805651776
2012-08-21,1640.5,1664.25,1638.75,1660,,,0,0,,,,,,,,,,,1664.25,1638.75,1660,58190,1631.1555042370144,1587.0080681752358
2012-08-22,1659,1659.25,1649.25,1655,,,0,0,,,,,,,,,,,1659.25,1649.25,1655,47951,1633.3231856700131,1589.6744184428737
2012-08-23,1654.75,1662,1631,1632.75,,,0,0,,,,,,,,,,,1662,1631,1632.75,55004,1633.27107788183,1591.36365693531
2012-08-24,1631.75,1644.5,1625.25,1626.5,,,0,0,,,,,,,,,,,1644.5,1625.25,1626.5,46036,1632.655525347118,1592.7415527417684
2012-08-27,1628.5,1637.25,1619,1619.25,,,0,0,,,,,,,,,,,1637.25,1619,1619.25,46990,1631.4368412246529,1593.7810996930716
2012-08-28,1619.25,1627.5,1609.25,1613.5,,,0,0,,,,,,,,,,,1627.5,1609.25,1613.5,50049,1629.806219295139,1594.5543899011864
2012-08-29,1614.5,1646.25,1612,1643.75,,,0,0,,,,,,,,,,,1646.25,1612,1643.75,58706,1631.0738357228536,1596.4836295129046
2012-08-30,1642.75,1652.5,1635.25,1641,,,0,0,,,,,,,,,,,1652.5,1635.25,1641,63374,1631.9762142935033,1598.2293695320063
2012-08-31,1641,1644,1619,1627.5,,,0,0,,,,,,,,,,,1644,1619,1627.5,53762,1631.5692857213667,1599.3772373934962
2012-09-04,1630,1642,1619,1626.75,,,0,0,,,,,,,,,,,1642,1619,1626.75,46292,1631.131168837606,1600.4506790643395
2012-09-05,1626.25,1626.5,1603.25,1605.75,,,0,0,,,,,,,,,,,1626.5,1603.25,1605.75,46704,1628.8237898523691,1600.6584955716203
2012-09-06,1606.5,1632.5,1605.5,1629.75,,,0,0,,,,,,,,,,,1632.5,1605.5,1629.75,58021,1628.907990774881,1601.799338882537
2012-09-07,1629,1650.5,1622.75,1643,,,0,0,,,,,,,,,,,1650.5,1622.75,1643,54837,1630.1890825226192,1603.415051083222
2012-09-10,1641,1655.5,1625,1627.75,,,0,0,,,,,,,,,,,1655.5,1625,1627.75,53437,1629.9673477478357,1604.3693628054484
2012-09-11,1629.25,1636.25,1620.25,1621.75,,,0,0,,,,,,,,,,,1636.25,1620.25,1621.75,45362,1629.2203161343962,1605.050956420921
2012-09-12,1623,1631.5,1606.75,1628,,,0,0,,,,,,,,,,,1631.5,1606.75,1628,67334,1629.1093783039964,1605.9509189142182
2012-09-13,1626.5,1643,1623.75,1640,,,0,0,,,,,,,,,,,1643,1623.75,1640,44953,1630.0994348218148,1607.2861769960136
2012-09-14,1639.25,1669,1636.75,1662.25,,,0,0,,,,,,,,,,,1669,1636.75,1662.25,75053,1633.0222134743772,1609.4416210353857
2012-09-17,1659.5,1664.5,1614.25,1616,,,0,0,,,,,,,,,,,1664.5,1614.25,1616,70757,1631.4747395221611,1609.6988123673314
2012-09-18,1618,1626,1598.75,1601.5,,,0,0,,,,,,,,,,,1626,1598.75,1601.5,65453,1628.7497632019647,1609.3772903137105
2012-09-19,1603,1621,1603,1619.5,,,0,0,,,,,,,,,,,1621,1603,1619.5,48758,1627.9088756381498,1609.774259321016
2012-09-20,1620,1631.75,1607,1617.5,,,0,0,,,,,,,,,,,1631.75,1607,1617.5,62662,1626.9626142164998,1610.0772295437212
2012-09-21,1619.75,1637.25,1617.5,1635.25,,,0,0,,,,,,,,,,,1637.25,1617.5,1635.25,56734,1627.7160129240908,1611.0643970125948
2012-09-24,1635.5,1645.25,1621.25,1630,,,0,0,,,,,,,,,,,1645.25,1621.25,1630,50563,1627.9236481128098,1611.8069696787675
2012-09-25,1629,1636,1618.75,1624.5,,,0,0,,,,,,,,,,,1636,1618.75,1624.5,41303,1627.6124073752817,1612.3047355737178
2012-09-26,1626,1627,1604.25,1607.25,,,0,0,,,,,,,,,,,1627,1604.25,1607.25,45398,1625.7612794320742,1612.1065106492583
2012-09-27,1609,1614,1587.25,1593.5,,,0,0,,,,,,,,,,,1614,1587.25,1593.5,54922,1622.8284358473402,1611.3768435649738
2012-09-28,1593.5,1645,1588.75,1640.5,,,0,0,,,,,,,,,,,1645,1588.75,1640.5,114053,1624.4349416794003,1612.5189281310531
2012-10-01,1640,1642.25,1610.25,1622.25,,,0,0,,,,,,,,,,,1642.25,1610.25,1622.25,69680,1624.2363106176365,1612.9005387925804
2012-10-02,1622,1623,1601.75,1609.5,,,0,0,,,,,,,,,,,1623,1601.75,1609.5,46990,1622.8966460160332,1612.7671843301262
2012-10-03,1611,1616.5,1596,1611,,,0,0,,,,,,,,,,,1616.5,1596,1611,48740,1621.8151327418484,1612.6978829838467
2012-10-04,1611,1620.75,1604.75,1607.25,,,0,0,,,,,,,,,,,1620.75,1604.75,1607.25,37882,1620.4910297653166,1612.484240513892
2012-10-05,1608,1610.75,1594.25,1595.5,,,0,0,,,,,,,,,,,1610.75,1594.25,1595.5,39981,1618.2191179684696,1611.8181918662883
2012-10-08,1595.5,1605.5,1593,1599,,,0,0,,,,,,,,,,,1605.5,1593,1599,30139,1616.4719254258814,1611.3155176754535
2012-10-09,1597.75,1611.75,1597.75,1602.25,,,0,0,,,,,,,,,,,1611.75,1597.75,1602.25,31444,1615.1790231144375,1610.9600071783768
2012-10-10,1602.5,1614.75,1601.5,1607.75,,,0,0,,,,,,,,,,,1614.75,1601.5,1607.75,43498,1614.5036573767613,1610.8341245439308
2012-10-11,1608,1632,1597,1624,,,0,0,,,,,,,,,,,1632,1597,1624,80601,1615.3669612516012,1611.3504333853452
2012-10-12,1624.25,1624.5,1591.25,1594.75,,,0,0,,,,,,,,,,,1624.5,1591.25,1594.75,65032,1613.4926920469102,1610.6994359976845
2012-10-15,1598,1598.25,1578.25,1586.25,,,0,0,,,,,,,,,,,1598.25,1578.25,1586.25,54468,1611.0160836790092,1609.7406345860106
2012-10-16,1586.5,1595.75,1581.75,1585.75,,,0,0,,,,,,,,,,,1595.75,1581.75,1585.75,42521,1608.7191669809174,1608.7998253865592
2012-10-17,1585.75,1596,1583.5,1594.25,,,0,0,,,,,,,,,,,1596,1583.5,1594.25,31938,1607.4037881644704,1608.229243998851
2012-10-18,1594.5,1614,1593.5,1606.5,,,0,0,,,,,,,,,,,1614,1593.5,1606.5,47067,1607.321625604064,1608.1614305087
2012-10-19,1606,1623.5,1604,1610.5,,,0,0,,,,,,,,,,,1623.5,1604,1610.5,54194,1607.610568730967,1608.253139116202
2012-10-22,1611,1622.5,1609.5,1616.25,,,0,0,,,,,,,,,,,1622.5,1609.5,1616.25,34062,1608.3959715736064,1608.566741503802
2012-10-23,1616,1616.5,1598,1606.75,,,0,0,,,,,,,,,,,1616.5,1598,1606.75,52850,1608.2463377941876,1608.495496738947
2012-10-24,1606.25,1633,1603,1622,,,0,0,,,,,,,,,,,1633,1603,1622,66641,1609.4966707219887,1609.0250851021256
2012-10-25,1620.5,1627,1609,1610.75,,,0,0,,,,,,,,,,,1627,1609,1610.75,52944,1609.6106097472625,1609.0927288236107
2012-10-26,1612.75,1616.75,1601.25,1601.75,,,0,0,,,,,,,,,,,1616.75,1601.25,1601.75,50339,1608.8960088611477,1608.8047786736652
2012-10-29,1603,1609.25,1595.25,1596,,,0,0,,,,,,,,,,,1609.25,1595.25,1596,33886,1607.7236444192251,1608.3026304903842
2012-10-30,1596.25,1604.5,1590.75,1594.75,,,0,0,,,,,,,,,,,1604.5,1590.75,1594.75,52413,1606.5442221992955,1607.771154784879
2012-10-31,1596.75,1613,1596.25,1602.5,,,0,0,,,,,,,,,,,1613,1596.25,1602.5,64287,1606.1765656357231,1607.5644428325309
2012-11-01,1603.75,1615.5,1601.5,1606.5,,,0,0,,,,,,,,,,,1615.5,1601.5,1606.5,60736,1606.2059687597482,1607.5226999763531
2012-11-02,1605.25,1611.75,1596.75,1602.5,,,0,0,,,,,,,,,,,1611.75,1596.75,1602.5,48641,1605.869062508862,1607.3257313498295
2012-11-05,1602.5,1613.75,1601,1604,,,0,0,,,,,,,,,,,1613.75,1601,1604,56177,1605.6991477353292,1607.1953105125813
2012-11-06,1605,1617.75,1605,1615,,,0,0,,,,,,,,,,,1617.75,1605,1615,46154,1606.5446797593902,1607.5013767669898
2012-11-07,1614.5,1635,1608.75,1632,,,0,0,,,,,,,,,,,1635,1608.75,1632,92173,1608.8587997812638,1608.462107089853
2012-11-08,1632,1643,1624.5,1640.5,,,0,0,,,,,,,,,,,1643,1624.5,1640.5,111886,1611.7352725284215,1609.7184950471135
2012-11-09,1636.75,1654.5,1622,1624.5,,,0,0,,,,,,,,,,,1654.5,1622,1624.5,118828,1612.895702298565,1610.298161908011
2012-11-12,1624,1624.5,1593,1595.75,,,0,0,,,,,,,,,,,1624.5,1593,1595.75,105694,1611.3370020896045,1609.7276457547557
2012-11-13,1595.75,1602.5,1581.25,1589,,,0,0,,,,,,,,,,,1602.5,1581.25,1589,83871,1609.306365536004,1608.914796901628
2012-11-14,1590.25,1596,1583.25,1586.75,,,0,0,,,,,,,,,,,1596,1583.25,1586.75,69446,1607.2557868509127,1608.0455891799957
2012-11-15,1587,1594.5,1581.25,1583.5,,,0,0,,,,,,,,,,,1594.5,1581.25,1583.5,60914,1605.0961698644662,1607.08301705529
2012-11-16,1582.5,1587.75,1567.25,1576,,,0,0,,,,,,,,,,,1587.75,1567.25,1576,63553,1602.4510635131512,1605.8640752099845
2012-11-19,1574.25,1585.75,1573.75,1580,,,0,0,,,,,,,,,,,1585.75,1573.75,1580,40238,1600.4100577392285,1604.8497977507695
2012-11-20,1581.5,1587.75,1575.25,1582.75,,,0,0,,,,,,,,,,,1587.75,1575.25,1582.75,33883,1598.8045979447531,1603.9831390154452
2012-11-21,1582.75,1587.25,1578.75,1582,,,0,0,,,,,,,,,,,1587.25,1578.75,1582,45583,1597.2769072225028,1603.1210551324866
2012-11-23,1584.25,1589.75,1581.5,1583.75,,,0,0,,,,,,,,,,,1589.75,1581.5,1583.75,19986,1596.0471883840935,1602.3614059116048
2012-11-26,1585.25,1591.25,1580.5,1586,,,0,0,,,,,,,,,,,1591.25,1580.5,1586,52025,1595.133807621903,1601.7197821503655
2012-11-27,1586.75,1611.25,1586,1610.75,,,0,0,,,,,,,,,,,1611.25,1586,1610.75,76972,1596.5534614744574,1602.0739083405472
2012-11-28,1609.25,1617.75,1602,1613.5,,,0,0,,,,,,,,,,,1617.75,1602,1613.5,72766,1598.0940558858704,1602.521990366408
2012-11-29,1612.75,1617.25,1603,1607.75,,,0,0,,,,,,,,,,,1617.25,1603,1607.75,70499,1598.971868987155,1602.727010352039
2012-11-30,1608.25,1609.25,1584.75,1585.75,,,0,0,,,,,,,,,,,1609.25,1584.75,1585.75,90132,1597.7698808974135,1602.0612452401945
2012-12-03,1591.25,1599.5,1580.5,1583,,,0,0,,,,,,,,,,,1599.5,1580.5,1583,53911,1596.4271644521941,1601.3137454268535
2012-12-04,1583.75,1587.25,1573.75,1578.75,,,0,0,,,,,,,,,,,1587.25,1573.75,1578.75,48094,1594.8201495019946,1600.428892665016
2012-12-05,1578.75,1585.75,1574.75,1582.25,,,0,0,,,,,,,,,,,1585.75,1574.75,1582.25,40826,1593.677408638177,1599.7159949134468
2012-12-06,1583.25,1586.5,1575.25,1584.25,,,0,0,,,,,,,,,,,1586.5,1575.25,1584.25,36226,1592.8203714892518,1599.1094853089978
2012-12-07,1584.5,1587,1575,1583.25,,,0,0,,,,,,,,,,,1587,1575,1583.25,50570,1591.9503377175017,1598.487544708645
2012-12-10,1584.25,1584.75,1569,1571,,,0,0,,,,,,,,,,,1584.75,1569,1571,63553,1590.0457615613652,1597.409601778894
2012-12-11,1571.25,1571.25,1538.25,1543.75,,,0,0,,,,,,,,,,,1571.25,1538.25,1543.75,98744,1585.8370559648774,1595.3053036699177
2012-12-12,1545.25,1547.75,1531.25,1534.25,,,0,0,,,,,,,,,,,1547.75,1531.25,1534.25,65735,1581.147323604434,1592.9109780358033
2012-12-13,1532.75,1540,1523.75,1530.75,,,0,0,,,,,,,,,,,1540,1523.75,1530.75,58058,1576.5657487313035,1590.4732926226345
2012-12-14,1530.5,1539.75,1528.5,1536.25,,,0,0,,,,,,,,,,,1539.75,1528.5,1536.25,39670,1572.9006806648215,1588.3468889903743
2012-12-17,1538.25,1541.25,1527.25,1530.25,,,0,0,,,,,,,,,,,1541.25,1527.25,1530.25,31789,1569.0233460589286,1586.0685796182026
2012-12-18,1530.25,1536.5,1523.75,1533.5,,,0,0,,,,,,,,,,,1536.5,1523.75,1533.5,43526,1565.7939509626624,1584.0070666919987
2012-12-19,1535.25,1545,1524.25,1528,,,0,0,,,,,,,,,,,1545,1524.25,1528,57923,1562.358137238784,1581.8107111354498
2012-12-20,1528.5,1530.75,1504.75,1512.75,,,0,0,,,,,,,,,,,1530.75,1504.75,1512.75,57291,1557.8483065807127,1579.1024479536675
2012-12-21,1512.75,1521,1512,1514.25,,,0,0,,,,,,,,,,,1521,1512,1514.25,30912,1553.8848241642843,1576.5592147005825
2012-12-24,1515.75,1518.5,1513.5,1516,,,0,0,,,,,,,,,,,1518.5,1513.5,1516,9187,1550.4407492402584,1574.1843435358537
2012-12-26,1516.25,1517.5,1496,1496.75,,,0,0,,,,,,,,,,,1517.5,1496,1496.75,24872,1545.5597720365986,1571.1477026128791
2012-12-27,1497.5,1500.25,1486.75,1494.5,,,0,0,,,,,,,,,,,1500.25,1486.75,1494.5,34718,1540.917974578726,1568.1419103535504
2012-12-28,1495,1506.75,1488.75,1501,,,0,0,,,,,,,,,,,1506.75,1488.75,1501,42704,1537.2890677988419,1565.5088942612542
2012-12-31,1501,1502.25,1490,1500.25,,,0,0,,,,,,,,,,,1502.25,1490,1500.25,27171,1533.921879817129,1562.9497219372836
2013-01-02,1507.75,1510.25,1474.75,1477.5,,,0,0,,,,,,,,,,,1510.25,1474.75,1477.5,57612,1528.7926180155716,1559.598752449547
2013-01-03,1480.25,1483.5,1472,1477.75,,,0,0,,,,,,,,,,,1483.5,1472,1477.75,52889,1524.152380014156,1556.3889974515255
2013-01-04,1477.75,1480.5,1462,1469.5,,,0,0,,,,,,,,,,,1480.5,1462,1469.5,53001,1519.183981831051,1552.9815857867598
2013-01-07,1471.75,1482.75,1465.75,1473.5,,,0,0,,,,,,,,,,,1482.75,1465.75,1473.5,50442,1515.0308925736826,1549.8646608539457
2013-01-08,1472.75,1481.5,1471.5,1472.75,,,0,0,,,,,,,,,,,1481.5,1471.5,1472.75,59739,1511.1871750669843,1546.8405565067321
2013-01-09,1474.75,1479.25,1467.25,1467.75,,,0,0,,,,,,,,,,,1479.25,1467.25,1467.75,64306,1507.2383409699858,1543.7389660554877
2013-01-10,1469.5,1478.75,1466.25,1466.75,,,0,0,,,,,,,,,,,1478.75,1466.25,1466.75,70507,1503.557582699987,1540.7197909160568
2013-01-11,1467.5,1495.25,1458.5,1477,,,0,0,,,,,,,,,,,1495.25,1458.5,1477,123386,1501.1432569999881,1538.2209755860154
2013-01-14,1483.75,1499.25,1483,1489.25,,,0,0,,,,,,,,,,,1499.25,1483,1489.25,89410,1500.062051818171,1536.3005451708775
2013-01-15,1492,1512,1488.75,1505,,,0,0,,,,,,,,,,,1512,1488.75,1505,85447,1500.5109561983375,1535.0730728112353
2013-01-16,1505,1513.25,1499.25,1507.25,,,0,0,,,,,,,,,,,1513.25,1499.25,1507.25,55859,1501.1235965439432,1533.9819719166771
2013-01-17,1508.5,1511.75,1498.25,1503.5,,,0,0,,,,,,,,,,,1511.75,1498.25,1503.5,49509,1501.3396332217665,1532.7866004689643
2013-01-18,1505,1516,1501,1513.5,,,0,0,,,,,,,,,,,1516,1501,1513.5,51739,1502.4451211106968,1532.0302631956715
2013-01-22,1517.25,1522,1498.25,1501.5,,,0,0,,,,,,,,,,,1522,1498.25,1501.5,70567,1502.3592010097243,1530.832997972312
2013-01-23,1501.25,1507.25,1493.25,1497,,,0,0,,,,,,,,,,,1507.25,1493.25,1497,53745,1501.8720009179312,1529.5062137381035
2013-01-24,1497.75,1498,1485.25,1490.75,,,0,0,,,,,,,,,,,1498,1485.25,1490.75,49400,1500.860909925392,1527.986362218962
2013-01-25,1491.75,1503.5,1486.5,1498.75,,,0,0,,,,,,,,,,,1503.5,1486.5,1498.75,51964,1500.6690090230836,1526.8398382103753
2013-01-28,1500.5,1505.25,1492.75,1501.5,,,0,0,,,,,,,,,,,1505.25,1492.75,1501.5,33839,1500.7445536573487,1525.8461190648704
2013-01-29,1501.5,1507.25,1498.25,1499.25,,,0,0,,,,,,,,,,,1507.25,1498.25,1499.25,32705,1500.6086851430443,1524.803134003503
2013-01-30,1498.5,1511.25,1494,1509.25,,,0,0,,,,,,,,,,,1511.25,1494,1509.25,59373,1501.3942592209494,1524.1932071798362
2013-01-31,1509,1513.25,1496,1501.75,,,0,0,,,,,,,,,,,1513.25,1496,1501.75,58960,1501.4265992917722,1523.313081408078
2013-02-01,1502.75,1512.25,1486.75,1487.25,,,0,0,,,,,,,,,,,1512.25,1486.75,1487.25,81099,1500.1378175379748,1521.8988429214867
2013-02-04,1489.75,1496.25,1483.25,1485.25,,,0,0,,,,,,,,,,,1496.25,1483.25,1485.25,42894,1498.784379579977,1520.461633395154
2013-02-05,1485.75,1488.75,1473.25,1479.75,,,0,0,,,,,,,,,,,1488.75,1473.25,1479.75,61957,1497.0539814363426,1518.8650987522067
2013-02-06,1480.25,1486.25,1468.75,1483.75,,,0,0,,,,,,,,,,,1486.25,1468.75,1483.75,72964,1495.8445285784933,1517.4880360560417
2013-02-07,1483,1486.75,1475,1478.25,,,0,0,,,,,,,,,,,1486.75,1475,1478.25,67677,1494.2450259804484,1515.94928954404
2013-02-08,1478,1493,1475.25,1478.5,,,0,0,,,,,,,,,,,1493,1475.25,1478.5,97838,1492.8136599822258,1514.4806899540777
2013-02-11,1479.75,1481.75,1462.5,1463.75,,,0,0,,,,,,,,,,,1481.75,1462.5,1463.75,79394,1490.1715090747507,1512.4912511323491
2013-02-12,1464.75,1466.5,1447.75,1454.25,,,0,0,,,,,,,,,,,1466.5,1447.75,1454.25,84273,1486.9059173406824,1510.207280499708
2013-02-13,1455,1460,1444.75,1457.75,,,0,0,,,,,,,,,,,1460,1444.75,1457.75,68730,1484.2553794006203,1508.1501322448175
2013-02-14,1458.25,1462.75,1447,1454.5,,,0,0,,,,,,,,,,,1462.75,1447,1454.5,47541,1481.5503449096548,1506.0462054901188
2013-02-15,1455.25,1466,1454.75,1462.75,,,0,0,,,,,,,,,,,1466,1454.75,1462.75,42784,1479.8412226451408,1504.3483150787417
2013-02-19,1465.25,1466.75,1446.5,1453,,,0,0,,,,,,,,,,,1466.75,1446.5,1453,44298,1477.4011114955824,1502.3346556638892
2013-02-20,1453,1461.5,1448.25,1459.5,,,0,0,,,,,,,,,,,1461.5,1448.25,1459.5,39765,1475.7737377232568,1500.6548652456975
2013-02-21,1458.75,1459,1437,1438.25,,,0,0,,,,,,,,,,,1459,1437,1438.25,74657,1472.3624888393244,1498.2076156282192
2013-02-22,1439,1446.25,1431.75,1433,,,0,0,,,,,,,,,,,1446.25,1431.75,1433,60370,1468.7840807630223,1495.650454231034
2013-02-25,1433,1436.5,1418.25,1419.5,,,0,0,,,,,,,,,,,1436.5,1418.25,1419.5,60324,1464.3037097845656,1492.6641619082484
2013-02-26,1420.25,1426.25,1412,1425.25,,,0,0,,,,,,,,,,,1426.25,1412,1425.25,69907,1460.7533725314233,1490.0204692843954
2013-02-27,1424,1436.25,1424,1426.25,,,0,0,,,,,,,,,,,1436.25,1424,1426.25,78625,1457.616702301294,1487.5196665673602
2013-02-28,1426.25,1437.25,1425,1428.75,,,0,0,,,,,,,,,,,1437.25,1425,1428.75,60047,1454.99245663754,1485.214973760797
2013-03-01,1430,1441,1422.25,1434.75,,,0,0,,,,,,,,,,,1441,1422.25,1434.75,55872,1453.1522333068547,1483.2359551819422
2013-03-04,1436.25,1436.25,1411.75,1416.75,,,0,0,,,,,,,,,,,1436.25,1411.75,1416.75,59345,1449.842939369868,1480.628662821866
2013-03-05,1416.75,1423,1415.25,1420.25,,,0,0,,,,,,,,,,,1423,1415.25,1420.25,43857,1447.1526721544253,1478.2608721229694
2013-03-06,1422,1422.25,1395.25,1398,,,0,0,,,,,,,,,,,1422.25,1395.25,1398,71207,1442.684247413114,1475.1133869416765
2013-03-07,1397.25,1410.75,1395.75,1409.75,,,0,0,,,,,,,,,,,1410.75,1395.75,1409.75,55318,1439.6902249210127,1472.5501168655323
2013-03-08,1410.5,1417.25,1401.5,1411.25,,,0,0,,,,,,,,,,,1417.25,1401.5,1411.25,57204,1437.1047499281933,1470.1461907139428
2013-03-11,1410.25,1422.5,1408,1414.25,,,0,0,,,,,,,,,,,1422.5,1408,1414.25,38998,1435.0270453892667,1467.9541832349646
2013-03-12,1413.5,1420.75,1410,1417.75,,,0,0,,,,,,,,,,,1420.75,1410,1417.75,43099,1433.4564048993334,1465.9853917355542
2013-03-13,1417,1425.5,1411.25,1424.25,,,0,0,,,,,,,,,,,1425.5,1411.25,1424.25,65267,1432.619458999394,1464.3487097067089
2013-03-14,1424.75,1439.75,1421.75,1439,,,0,0,,,,,,,,,,,1439.75,1421.75,1439,61986,1433.1995081812672,1463.3546426593869
2013-03-15,1438.75,1439.25,1431.75,1437.25,,,0,0,,,,,,,,,,,1439.25,1431.75,1437.25,51088,1433.567734710243,1462.330931182548
2013-03-18,1435,1435.75,1419.75,1427,,,0,0,,,,,,,,,,,1435.75,1419.75,1427,45720,1432.9706679184028,1460.945404469507
2013-03-19,1427.25,1437,1423.5,1436.25,,,0,0,,,,,,,,,,,1437,1423.5,1436.25,47336,1433.26878901673,1459.9769572354087
2013-03-20,1436.25,1451,1435.25,1450.25,,,0,0,,,,,,,,,,,1451,1435.25,1450.25,49304,1434.8125354697545,1459.5955079320593
2013-03-21,1450.25,1450.75,1440.75,1443,,,0,0,,,,,,,,,,,1450.75,1440.75,1443,35022,1435.5568504270495,1458.9447036994295
2013-03-22,1442.5,1445.75,1429.75,1444,,,0,0,,,,,,,,,,,1445.75,1429.75,1444,43080,1436.324409479136,1458.3586368876872
2013-03-25,1444,1445,1436.75,1441.5,,,0,0,,,,,,,,,,,1445,1436.75,1441.5,37456,1436.7949177083053,1457.6975138724838
2013-03-26,1441.25,1447,1437.75,1445.75,,,0,0,,,,,,,,,,,1447,1437.75,1445.75,49622,1437.6090160984593,1457.2289839167001
2013-03-27,1446,1455,1442,1451,,,0,0,,,,,,,,,,,1455,1442,1451,44193,1438.8263782713266,1456.984710037614
2013-03-28,1451,1456,1397,1402,,,0,0,,,,,,,,,,,1456,1397,1402,95863,1435.478525701206,1454.828446898884
2013-04-01,1395.75,1403,1374,1378.25,,,0,0,,,,,,,,,,,1403,1374,1378.25,74648,1430.2759324556419,1451.8253705499083
2013-04-02,1381.5,1388.5,1378.5,1385,,,0,0,,,,,,,,,,,1388.5,1378.5,1385,76205,1426.159938596038,1449.2047677832452
2013-04-03,1388.25,1412,1385,1410.75,,,0,0,,,,,,,,,,,1412,1385,1410.75,96791,1424.7590350873072,1447.6967376740984
2013-04-04,1412.75,1419.75,1398.75,1408.25,,,0,0,,,,,,,,,,,1419.75,1398.75,1408.25,86624,1423.2582137157337,1446.149806784918
2013-04-05,1406,1414.75,1403.25,1413.25,,,0,0,,,,,,,,,,,1414.75,1403.25,1413.25,51695,1422.3483761052125,1444.8596182835486
2013-04-08,1414.25,1430.25,1413.75,1426.75,,,0,0,,,,,,,,,,,1430.25,1413.75,1426.75,59054,1422.7485237320113,1444.1494371743897
2013-04-09,1427.75,1428.5,1418.5,1423,,,0,0,,,,,,,,,,,1428.5,1418.5,1423,57723,1422.7713852109193,1443.3200474812763
2013-04-10,1420.25,1427.25,1402.25,1411,,,0,0,,,,,,,,,,,1427.25,1402.25,1411,82133,1421.7012592826538,1442.0525946388734
2013-04-11,1411.75,1420,1407.75,1412,,,0,0,,,,,,,,,,,1420,1407.75,1412,57183,1420.8193266205944,1440.8740615157803
2013-04-12,1413.25,1430.25,1412.5,1429,,,0,0,,,,,,,,,,,1430.25,1412.5,1429,52556,1421.5630242005404,1440.4084120445732
2013-04-15,1429.25,1429.75,1402.75,1408,,,0,0,,,,,,,,,,,1429.75,1402.75,1408,54689,1420.3300220004912,1439.1374939251782
2013-04-16,1407,1418.25,1404,1417.75,,,0,0,,,,,,,,,,,1418.25,1404,1417.75,35701,1420.0954745459012,1438.2987686732104
2013-04-17,1417.75,1428.25,1411.5,1417.25,,,0,0,,,,,,,,,,,1428.25,1411.5,1417.25,58693,1419.8367950417285,1437.473326764457
2013-04-18,1418.75,1425.5,1410.25,1416.75,,,0,0,,,,,,,,,,,1425.5,1410.25,1416.75,42393,1419.5561773106622,1436.6606472834978
2013-04-19,1418,1424,1410,1421.5,,,0,0,,,,,,,,,,,1424,1410,1421.5,47409,1419.7328884642384,1436.0661120959096
2013-04-22,1420,1421,1401.25,1412.5,,,0,0,,,,,,,,,,,1421,1401.25,1412.5,56328,1419.0753531493076,1435.1419508372464
2013-04-23,1412.5,1414.25,1398.25,1405.5,,,0,0,,,,,,,,,,,1414.25,1398.25,1405.5,44966,1417.8412301357341,1433.9795213926486
2013-04-24,1405.75,1406.5,1397.75,1402,,,0,0,,,,,,,,,,,1406.5,1397.75,1402,49554,1416.4011183052128,1432.7254225145055
2013-04-25,1400.5,1416.5,1400,1413.75,,,0,0,,,,,,,,,,,1416.5,1400,1413.75,58369,1416.1601075501935,1431.9812882982503
2013-04-26,1413.75,1413.75,1399.75,1402.5,,,0,0,,,,,,,,,,,1413.75,1399.75,1402.5,52041,1414.918279591085,1430.8251593453779
2013-04-29,1405,1429.75,1403,1426.5,,,0,0,,,,,,,,,,,1429.75,1403,1426.5,73077,1415.9711632646226,1430.6555452534024
2013-04-30,1426.5,1446.75,1415,1441,,,0,0,,,,,,,,,,,1446.75,1415,1441,89430,1418.2465120587478,1431.0612101454258
2013-05-01,1442.25,1442.25,1423.25,1431,,,0,0,,,,,,,,,,,1442.25,1423.25,1431,52926,1419.405920053407,1431.0588097475659
2013-05-02,1430.5,1440,1427.75,1438.5,,,0,0,,,,,,,,,,,1440,1427.75,1438.5,40511,1421.1417455030974,1431.3506211300144
2013-05-03,1437.5,1445,1426.5,1431,,,0,0,,,,,,,,,,,1445,1426.5,1431,48482,1422.0379504573611,1431.3368712817785
2013-05-06,1423.75,1425,1410.5,1412.75,,,0,0,,,,,,,,,,,1425,1410.5,1412.75,55764,1421.1935913248738,1430.6079743687676
2013-05-07,1413,1421,1408.25,1419,,,0,0,,,,,,,,,,,1421,1408.25,1419,50234,1420.9941739317035,1430.1527596876394
2013-05-08,1419,1422.75,1409.75,1416,,,0,0,,,,,,,,,,,1422.75,1409.75,1416,40992,1420.5401581197304,1429.5977495038105
2013-05-09,1415,1437.75,1412.75,1433.5,,,0,0,,,,,,,,,,,1437.75,1412.75,1433.5,63355,1421.7183255633913,1429.7507789350336
2013-05-10,1431.5,1434,1412,1414.25,,,0,0,,,,,,,,,,,1434,1412,1414.25,53122,1421.0393868758104,1429.1429052513067
2013-05-13,1413.25,1428.75,1411.25,1419.75,,,0,0,,,,,,,,,,,1428.75,1411.25,1419.75,52833,1420.9221698871004,1428.7745560257654
2013-05-14,1420,1426.75,1416.75,1420.75,,,0,0,,,,,,,,,,,1426.75,1416.75,1420.75,38738,1420.9065180791822,1428.4598675541667
2013-05-15,1421,1421.25,1402.5,1403.75,,,0,0,,,,,,,,,,,1421.25,1402.5,1403.75,52020,1419.3468346174384,1427.4908531402777
2013-05-16,1404,1409,1391.5,1397.75,,,0,0,,,,,,,,,,,1409,1391.5,1397.75,65093,1417.3834860158531,1426.3245451739924
2013-05-17,1398.25,1399.75,1390.25,1393.25,,,0,0,,,,,,,,,,,1399.75,1390.25,1393.25,42132,1415.1895327416846,1425.027504186777
2013-05-20,1391.25,1398.5,1384.5,1395.25,,,0,0,,,,,,,,,,,1398.5,1384.5,1395.25,44151,1413.3768479469861,1423.8597589245503
2013-05-21,1394.25,1394.5,1384,1390.5,,,0,0,,,,,,,,,,,1394.5,1384,1390.5,35805,1411.29713449726,1422.5515330843718
2013-05-22,1390.5,1402.75,1390,1398.5,,,0,0,,,,,,,,,,,1402.75,1390,1398.5,44076,1410.1337586338727,1421.6083357085142
2013-05-23,1397.5,1419,1397,1413.25,,,0,0,,,,,,,,,,,1419,1397,1413.25,69917,1410.4170533035206,1421.2805578375921
2013-05-24,1414,1417.5,1406.25,1407.5,,,0,0,,,,,,,,,,,1417.5,1406.25,1407.5,43322,1410.151866639564,1420.7401438047455
2013-05-28,1409,1415,1397.75,1403.75,,,0,0,,,,,,,,,,,1415,1397.75,1403.75,53639,1409.56987876324,1420.0738636555398
2013-05-29,1403.5,1414,1398.75,1412.75,,,0,0,,,,,,,,,,,1414,1398.75,1412.75,55930,1409.8589806938546,1419.7866533161068
2013-05-30,1409,1412.25,1397.5,1408.75,,,0,0,,,,,,,,,,,1412.25,1397.5,1408.75,53057,1409.7581642671405,1419.3538433821418
2013-05-31,1407.25,1417.5,1402.5,1415.5,,,0,0,,,,,,,,,,,1417.5,1402.5,1415.5,58724,1410.280149333764,1419.2027122691165
2013-06-03,1418.5,1424.5,1402.5,1418.75,,,0,0,,,,,,,,,,,1424.5,1402.5,1418.75,73766,1411.0501357579674,1419.1849588467983
2013-06-04,1418.75,1423.25,1410,1419,,,0,0,,,,,,,,,,,1423.25,1410,1419,57525,1411.7728506890612,1419.1777055586886
2013-06-05,1419.75,1422.5,1411,1411.5,,,0,0,,,,,,,,,,,1422.5,1411,1411.5,44556,1411.7480460809647,1418.8766190661909
2013-06-06,1411.75,1416.25,1403.5,1407.75,,,0,0,,,,,,,,,,,1416.25,1403.5,1407.75,61320,1411.3845873463315,1418.4402810635952
2013-06-07,1406.5,1413.25,1404.25,1406.25,,,0,0,,,,,,,,,,,1413.25,1404.25,1406.25,51784,1410.9178066784832,1417.9622308258072
2013-06-10,1403,1405.25,1390.5,1399.75,,,0,0,,,,,,,,,,,1405.25,1390.5,1399.75,71412,1409.9025515258938,1417.2480256953834
2013-06-11,1400.5,1409.75,1396.75,1406.75,,,0,0,,,,,,,,,,,1409.75,1396.75,1406.75,64154,1409.6159559326309,1416.8363384132115
2013-06-12,1404.5,1406.75,1389,1393,,,0,0,,,,,,,,,,,1406.75,1389,1393,73109,1408.1054144842099,1415.901580044066
2013-06-13,1393,1397,1385,1395.5,,,0,0,,,,,,,,,,,1397,1385,1395.5,64445,1406.959467712918,1415.1015180815534
2013-06-14,1395,1395.5,1386.5,1390.75,,,0,0,,,,,,,,,,,1395.5,1386.5,1390.75,54328,1405.4858797390164,1414.1465565881592
2013-06-17,1388,1398,1384.25,1389.75,,,0,0,,,,,,,,,,,1398,1384.25,1389.75,37629,1404.0553452172876,1413.1898288788198
2013-06-18,1391.25,1398.75,1389.75,1396.75,,,0,0,,,,,,,,,,,1398.75,1389.75,1396.75,41056,1403.391222924807,1412.5451297071013
2013-06-19,1394,1420,1391.75,1416.25,,,0,0,,,,,,,,,,,1420,1391.75,1416.25,56883,1404.5602026589154,1412.6904187381954
2013-06-20,1414.75,1416.75,1403.75,1409.75,,,0,0,,,,,,,,,,,1416.75,1403.75,1409.75,46429,1405.0320024171958,1412.5751081994426
2013-06-21,1409,1413.5,1404.75,1407,,,0,0,,,,,,,,,,,1413.5,1404.75,1407,34306,1405.2109112883597,1412.3564765053468
2013-06-24,1403.25,1403.75,1387,1389.75,,,0,0,,,,,,,,,,,1403.75,1387,1389.75,77949,1403.8053738985088,1411.469948014941
2013-06-25,1389.75,1396.5,1386.25,1387,,,0,0,,,,,,,,,,,1396.5,1386.25,1387,39815,1402.277612635008,1410.5103422104337
2013-06-26,1387,1392.25,1378,1379,,,0,0,,,,,,,,,,,1392.25,1378,1379,44475,1400.1614660318253,1409.2746425159069
2013-06-27,1379,1385.25,1374.75,1375.75,,,0,0,,,,,,,,,,,1385.25,1374.75,1375.75,49670,1397.9422418471138,1407.959950652538
2013-06-28,1375,1380.25,1358,1359.75,,,0,0,,,,,,,,,,,1380.25,1358,1359.75,67076,1394.4702198610125,1406.0693643524385
2013-07-01,1357,1366,1354.75,1357,,,0,0,,,,,,,,,,,1366,1354.75,1357,39305,1391.063836237284,1404.1450755543037
2013-07-02,1358.25,1370,1354.25,1360.25,,,0,0,,,,,,,,,,,1370,1354.25,1360.25,64381,1388.262578397531,1402.4237000423702
2013-07-03,1360,1373.25,1360,1367,,,0,0,,,,,,,,,,,1373.25,1360,1367,53304,1386.329616725028,1401.0345353348264
2013-07-05,1372.75,1374.5,1361.25,1362,,,0,0,,,,,,,,,,,1374.5,1361.25,1362,38872,1384.117833386389,1399.5037692432645
2013-07-08,1361.5,1373.5,1360.75,1365,,,0,0,,,,,,,,,,,1373.5,1360.75,1365,45551,1382.379848533081,1398.1506802533327
2013-07-09,1365,1385,1364.5,1379.5,,,0,0,,,,,,,,,,,1385,1364.5,1379.5,62032,1382.1180441209829,1397.4192810277118
2013-07-10,1378.25,1384.25,1370.75,1381,,,0,0,,,,,,,,,,,1384.25,1370.75,1381,51639,1382.016403746348,1396.775387654076
2013-07-11,1381,1395,1377.75,1385,,,0,0,,,,,,,,,,,1395,1377.75,1385,63189,1382.2876397694074,1396.313607746073
2013-07-12,1385,1389.75,1381.75,1383,,,0,0,,,,,,,,,,,1389.75,1381.75,1383,39433,1382.3523997903703,1395.7915054815212
2013-07-15,1380.75,1380.75,1369.25,1371.5,,,0,0,,,,,,,,,,,1380.75,1369.25,1371.5,36008,1381.3658179912456,1394.8388974234224
2013-07-16,1373.25,1383.5,1367.5,1371.5,,,0,0,,,,,,,,,,,1383.5,1367.5,1371.5,41094,1380.468925446587,1393.9236465440724
2013-07-17,1371.5,1376,1366,1367,,,0,0,,,,,,,,,,,1376,1366,1367,29699,1379.2444776787154,1392.8678172678342
2013-07-18,1367,1369.25,1358.5,1362.5,,,0,0,,,,,,,,,,,1369.25,1358.5,1362.5,43778,1377.7222524351957,1391.6769224730172
2013-07-19,1363,1372,1360,1366.5,,,0,0,,,,,,,,,,,1372,1360,1366.5,41246,1376.7020476683597,1390.6895921799576
2013-07-22,1369.25,1369.75,1357,1361.75,,,0,0,,,,,,,,,,,1369.75,1357,1361.75,43473,1375.3427706075997,1389.5547062121161
2013-07-23,1361.5,1361.5,1352.5,1355.75,,,0,0,,,,,,,,,,,1361.5,1352.5,1355.75,36821,1373.5616096432725,1388.2290314586999
2013-07-24,1355.75,1363.75,1354.75,1355.25,,,0,0,,,,,,,,,,,1363.75,1354.75,1355.25,36863,1371.8969178575205,1386.9357361073783
2013-07-25,1354.5,1358.5,1350,1351.25,,,0,0,,,,,,,,,,,1358.5,1350,1351.25,36895,1370.0199253250187,1385.5362954757163
2013-07-26,1351,1359.5,1350,1352.25,,,0,0,,,,,,,,,,,1359.5,1350,1352.25,31586,1368.404477568199,1384.2309505551
2013-07-29,1352.25,1358,1350.5,1353.5,,,0,0,,,,,,,,,,,1358,1350.5,1353.5,28159,1367.049525061999,1383.0258152392137
2013-07-30,1352.5,1364.5,1352,1357.25,,,0,0,,,,,,,,,,,1364.5,1352,1357.25,52108,1366.158659147272,1382.0149989553229
2013-07-31,1355.75,1367.75,1355.5,1366.25,,,0,0,,,,,,,,,,,1367.75,1355.5,1366.25,70063,1366.1669628611562,1381.396763702173
2013-08-01,1365.5,1369.5,1350.25,1360,,,0,0,,,,,,,,,,,1369.5,1350.25,1360,70563,1365.6063298737783,1380.5576749295387
2013-08-02,1359.5,1369.5,1358.25,1362.5,,,0,0,,,,,,,,,,,1369.5,1358.25,1362.5,52251,1365.3239362488894,1379.8495308146548
2013-08-05,1361.75,1367.5,1343.5,1347.25,,,0,0,,,,,,,,,,,1367.5,1343.5,1347.25,69836,1363.680851135354,1378.571117841531
2013-08-06,1348.25,1353.25,1344.25,1352.5,,,0,0,,,,,,,,,,,1353.25,1344.25,1352.5,42089,1362.664410123049,1377.548721063432
2013-08-07,1352,1354.75,1341,1345.5,,,0,0,,,,,,,,,,,1354.75,1341,1345.5,60887,1361.1040092027717,1376.291908472709
2013-08-08,1345,1350,1341.75,1343.25,,,0,0,,,,,,,,,,,1350,1341.75,1343.25,59759,1359.4809174570653,1374.9961473561323
2013-08-09,1343.75,1347,1332.5,1335.5,,,0,0,,,,,,,,,,,1347,1332.5,1335.5,79291,1357.3008340518775,1373.4472788323624
2013-08-12,1335.5,1347.25,1332,1337,,,0,0,,,,,,,,,,,1347.25,1332,1337,65111,1355.455303683525,1372.017973780113
2013-08-13,1338.5,1345.5,1328.25,1330.25,,,0,0,,,,,,,,,,,1345.5,1328.25,1330.25,63179,1353.163912439568,1370.38001402403
2013-08-14,1329,1333.75,1325,1332.5,,,0,0,,,,,,,,,,,1333.75,1325,1332.5,52626,1351.285374945062,1368.8945232779897
2013-08-15,1333.25,1343.25,1331,1339.5,,,0,0,,,,,,,,,,,1343.25,1331,1339.5,40529,1350.2139772227836,1367.7417968749312
2013-08-16,1339.5,1343.25,1328.75,1333,,,0,0,,,,,,,,,,,1343.25,1328.75,1333,39731,1348.6490702025305,1366.3793734680712
2013-08-19,1339.5,1344.25,1336.75,1343,,,0,0,,,,,,,,,,,1344.25,1336.75,1343,52928,1348.1355183659368,1365.4625352928526
2013-08-20,1343,1345.5,1335,1335.5,,,0,0,,,,,,,,,,,1345.5,1335,1335.5,38603,1346.9868348781245,1364.2875339088191
2013-08-21,1336,1348.25,1334.75,1338.75,,,0,0,,,,,,,,,,,1348.25,1334.75,1338.75,59545,1346.238031707386,1363.2860619908263
2013-08-22,1339.75,1340.5,1329.5,1330,,,0,0,,,,,,,,,,,1340.5,1329.5,1330,50644,1344.7618470067146,1361.98072622648
2013-08-23,1327.5,1337.5,1327.5,1335.5,,,0,0,,,,,,,,,,,1337.5,1327.5,1335.5,39574,1343.9198609151952,1360.9422663744613
2013-08-26,1341.5,1366,1340.75,1356.25,,,0,0,,,,,,,,,,,1366,1340.75,1356.25,95225,1345.0407826501773,1360.758255928404
2013-08-27,1356,1359.75,1350.25,1353.25,,,0,0,,,,,,,,,,,1359.75,1350.25,1353.25,60915,1345.787075136525,1360.463814519447
2013-08-28,1355.25,1359,1347.75,1349,,,0,0,,,,,,,,,,,1359,1347.75,1349,39453,1346.0791592150226,1360.0142531657432
2013-08-29,1349,1353.25,1341.5,1343.75,,,0,0,,,,,,,,,,,1353.25,1341.5,1343.75,47869,1345.8674174682023,1359.3764393161061
2013-08-30,1343.75,1348.25,1339.75,1343.5,,,0,0,,,,,,,,,,,1348.25,1339.75,1343.5,35739,1345.6521976983659,1358.7538338527295
2013-09-03,1353.25,1353.5,1334.5,1336.75,,,0,0,,,,,,,,,,,1353.5,1334.5,1336.75,43273,1344.8429069985143,1357.8909384075243
2013-09-04,1336.5,1337,1329.5,1335.75,,,0,0,,,,,,,,,,,1337,1329.5,1335.75,41621,1344.0162790895586,1357.0226663131116
2013-09-05,1335.5,1336,1326.25,1329.75,,,0,0,,,,,,,,,,,1336,1326.25,1329.75,39146,1342.7193446268714,1355.9531499871073
2013-09-06,1328.5,1342.5,1327.75,1337.25,,,0,0,,,,,,,,,,,1342.5,1327.75,1337.25,42772,1342.222131478974,1355.2196931248677
2013-09-09,1338,1341,1328.75,1330.75,,,0,0,,,,,,,,,,,1341,1328.75,1330.75,29909,1341.1792104354308,1354.2600973160493
2013-09-10,1330.75,1337.75,1329.5,1336,,,0,0,,,,,,,,,,,1337.75,1329.5,1336,31355,1340.708373123119,1353.544015068361
2013-09-11,1337.5,1342,1331.5,1337.5,,,0,0,,,,,,,,,,,1342,1331.5,1337.5,43089,1340.416702839199,1352.9148380068566
2013-09-12,1337.25,1344.5,1326.75,1342.5,,,0,0,,,,,,,,,,,1344.5,1326.75,1342.5,54013,1340.606093490181,1352.50641298698
2013-09-13,1342.5,1342.5,1329.5,1331,,,0,0,,,,,,,,,,,1342.5,1329.5,1331,42227,1339.7328122638007,1351.6630242423926
2013-09-16,1329.5,1338.25,1328,1330.75,,,0,0,,,,,,,,,,,1338.25,1328,1330.75,39528,1338.9161929670915,1350.8429056446516
2013-09-17,1330.75,1341.5,1330.75,1332.5,,,0,0,,,,,,,,,,,1341.5,1330.75,1332.5,39854,1338.3329026973558,1350.123576011528
2013-09-18,1331.75,1337.5,1331.5,1336,,,0,0,,,,,,,,,,,1337.5,1331.5,1336,25726,1338.12082063396,1349.5697102855856
2013-09-19,1337,1352,1336.25,1346.5,,,0,0,,,,,,,,,,,1352,1336.25,1346.5,77256,1338.8825642126908,1349.4493294900724
2013-09-20,1346.5,1348.75,1333.25,1335.75,,,0,0,,,,,,,,,,,1348.75,1333.25,1335.75,47364,1338.5977856479008,1348.9121008826185
2013-09-23,1335,1346.25,1335,1343,,,0,0,,,,,,,,,,,1346.25,1335,1343,41600,1338.9979869526371,1348.6802537891824
2013-09-24,1343.25,1349.5,1339,1347.75,,,0,0,,,,,,,,,,,1349.5,1339,1347.75,51099,1339.7936245023973,1348.64377324843
2013-09-25,1347,1364.5,1347,1360,,,0,0,,,,,,,,,,,1364.5,1347,1360,72733,1341.630567729452,1349.0891154739818
2013-09-26,1360.5,1368.5,1358,1367.75,,,0,0,,,,,,,,,,,1368.5,1358,1367.75,59338,1344.0050615722291,1349.820914867159
2013-09-27,1367.5,1375,1365,1372.5,,,0,0,,,,,,,,,,,1375,1365,1372.5,58687,1346.5955105202083,1350.7102907547214
2013-09-30,1370.75,1384.25,1366.25,1368,,,0,0,,,,,,,,,,,1384.25,1366.25,1368,83642,1348.5413732001894,1351.3883185682619
2013-10-01,1367.75,1373.25,1362,1370.75,,,0,0,,,,,,,,,,,1373.25,1362,1370.75,69331,1350.5603392728995,1352.147600193036
2013-10-02,1370.75,1379.25,1367.5,1375.5,,,0,0,,,,,,,,,,,1379.25,1367.5,1375.5,47061,1352.8275811571814,1353.0633805776229
2013-10-03,1375.5,1387.5,1374.5,1378.75,,,0,0,,,,,,,,,,,1387.5,1374.5,1378.75,65937,1355.1841646883468,1354.0706989863436
2013-10-04,1377.5,1382.25,1373.75,1376.5,,,0,0,,,,,,,,,,,1382.25,1373.75,1376.5,53311,1357.1219678984971,1354.9502794182517
2013-10-07,1376.75,1386,1375.75,1384.25,,,0,0,,,,,,,,,,,1386,1375.75,1384.25,42046,1359.5881526349974,1356.0992880685164
2013-10-08,1383.75,1389.25,1377.5,1383,,,0,0,,,,,,,,,,,1389.25,1377.5,1383,41468,1361.7165023954522,1357.1542179481826
2013-10-09,1382,1384.25,1376.5,1380,,,0,0,,,,,,,,,,,1384.25,1376.5,1380,38560,1363.3786385413202,1358.0501309698225
2013-10-10,1380.5,1385.25,1373.5,1375,,,0,0,,,,,,,,,,,1385.25,1373.5,1375,42908,1364.4351259466548,1358.7148317161038
2013-10-11,1374.5,1385,1371.75,1381.75,,,0,0,,,,,,,,,,,1385,1371.75,1381.75,50645,1366.00920540605,1359.6181716488056
2013-10-14,1380.75,1386,1375.75,1382,,,0,0,,,,,,,,,,,1386,1375.75,1382,32946,1367.4629140055,1360.495890407676
2013-10-15,1381.25,1383,1374.75,1375.25,,,0,0,,,,,,,,,,,1383,1374.75,1375.25,34749,1368.1708309140909,1361.0744829407083
2013-10-16,1375.5,1377.5,1367.75,1371,,,0,0,,,,,,,,,,,1377.5,1367.75,1371,43387,1368.428028103719,1361.4637189038178
2013-10-17,1370.75,1382.75,1370,1375.5,,,0,0,,,,,,,,,,,1382.75,1370,1375.5,55407,1369.0709346397446,1362.0141612997465
2013-10-18,1375.25,1396,1375.25,1395.25,,,0,0,,,,,,,,,,,1396,1375.25,1395.25,71336,1371.450849672495,1363.317527523286
2013-10-21,1396,1400.75,1383.5,1389.25,,,0,0,,,,,,,,,,,1400.75,1383.5,1389.25,63582,1373.0689542477228,1364.334487228255
2013-10-22,1389.25,1394,1385.5,1390.25,,,0,0,,,,,,,,,,,1394,1385.5,1390.25,32966,1374.6308674979298,1365.350781846755
2013-10-23,1390.75,1400,1389,1391.25,,,0,0,,,,,,,,,,,1400,1389,1391.25,40363,1376.1416977253907,1366.3664374606076
2013-10-24,1391.25,1397.5,1385.5,1386,,,0,0,,,,,,,,,,,1397.5,1385.5,1386,41986,1377.0379070230824,1367.1363810896034
2013-10-25,1386.5,1391.5,1379.75,1380.25,,,0,0,,,,,,,,,,,1391.5,1379.75,1380.25,41734,1377.3299154755296,1367.650640654717
2013-10-28,1379.5,1380.75,1370.25,1370.5,,,0,0,,,,,,,,,,,1380.75,1370.25,1370.5,44543,1376.7090140686632,1367.762380236885
2013-10-29,1370,1374.25,1365.75,1370.75,,,0,0,,,,,,,,,,,1374.25,1365.75,1370.75,53625,1376.1672855169666,1367.8795417962228
2013-10-30,1374.25,1378,1363.5,1364.5,,,0,0,,,,,,,,,,,1378,1363.5,1364.5,43792,1375.1066231972422,1367.7470107453905
2013-10-31,1364.5,1366.5,1356.5,1357,,,0,0,,,,,,,,,,,1366.5,1356.5,1357,77503,1373.4605665429474,1367.3255593436104
2013-11-01,1357,1361.75,1354,1357.25,,,0,0,,,,,,,,,,,1361.75,1354,1357.25,65415,1371.9868786754066,1366.9304393693512
2013-11-04,1355.25,1361,1351.5,1352.25,,,0,0,,,,,,,,,,,1361,1351.5,1352.25,41081,1370.1926169776423,1366.3547358646708
2013-11-05,1352,1354.75,1344.5,1345.5,,,0,0,,,,,,,,,,,1354.75,1344.5,1345.5,54784,1367.9478336160385,1365.536903085664
2013-11-06,1346.75,1350,1341.75,1342.75,,,0,0,,,,,,,,,,,1350,1341.75,1342.75,57175,1365.657121469126,1364.643299043089
2013-11-07,1343,1347,1341.75,1342.5,,,0,0,,,,,,,,,,,1347,1341.75,1342.5,66635,1363.5519286082963,1363.7749343747325
2013-11-08,1342.5,1348,1333.5,1339.25,,,0,0,,,,,,,,,,,1348,1333.5,1339.25,87243,1361.3426623711784,1362.81317224239
2013-11-11,1340.5,1349,1335.25,1335.75,,,0,0,,,,,,,,,,,1349,1335.25,1335.75,103818,1359.0160567010714,1361.7518713701395
2013-11-12,1336.75,1341.5,1334,1334.75,,,0,0,,,,,,,,,,,1341.5,1334,1334.75,71324,1356.8100515464287,1360.6929744536635
2013-11-13,1335.75,1338.5,1332.75,1335,,,0,0,,,,,,,,,,,1338.5,1332.75,1335,59340,1354.8273195876625,1359.6854068280297
2013-11-14,1335,1342.5,1333.75,1334.25,,,0,0,,,,,,,,,,,1342.5,1333.75,1334.25,71720,1352.9566541706022,1358.687939893597
2013-11-15,1335,1338.25,1332,1333.5,,,0,0,,,,,,,,,,,1338.25,1332,1333.5,44379,1351.1878674278203,1357.7001775448286
2013-11-18,1334.75,1339.25,1331,1331.5,,,0,0,,,,,,,,,,,1339.25,1331,1331.5,37815,1349.3980612980183,1356.6727196018942
2013-11-19,1332,1339.5,1331,1338.25,,,0,0,,,,,,,,,,,1339.5,1331,1338.25,65440,1348.3846011800167,1355.950260009663
2013-11-20,1339,1342,1333.5,1334.5,,,0,0,,,,,,,,,,,1342,1333.5,1334.5,42525,1347.122364709106,1355.1090733426174
2013-11-21,1334.75,1340.25,1333,1333.75,,,0,0,,,,,,,,,,,1340.25,1333,1333.75,45951,1345.9066951900963,1354.2714626232992
2013-11-22,1334.5,1339,1334,1336,,,0,0,,,,,,,,,,,1339,1334,1336,49721,1345.0060865364512,1353.5549346772875
2013-11-25,1337.5,1341.25,1336.25,1338.25,,,0,0,,,,,,,,,,,1341.25,1336.25,1338.25,47477,1344.3918968513192,1352.954741160531
2013-11-26,1338.5,1339.75,1332.25,1335,,,0,0,,,,,,,,,,,1339.75,1332.25,1335,50928,1343.538088046654,1352.2506336640397
2013-11-27,1335.75,1346,1335.25,1342.5,,,0,0,,,,,,,,,,,1346,1335.25,1342.5,62054,1343.443716406049,1351.868255873293
2013-11-29,1347.5,1349.75,1344,1347.75,,,0,0,,,,,,,,,,,1349.75,1344,1347.75,32995,1343.8351967327717,1351.706755642968
2013-12-02,1347.75,1353.75,1339.5,1340.75,,,0,0,,,,,,,,,,,1353.75,1339.5,1340.75,46934,1343.5547243025196,1351.2770789510869
2013-12-03,1342.75,1348.25,1341,1347.25,,,0,0,,,,,,,,,,,1348.25,1341,1347.25,39370,1343.890658456836,1351.1191542863385
2013-12-04,1347.5,1351.25,1339.75,1340.75,,,0,0,,,,,,,,,,,1351.25,1339.75,1340.75,46853,1343.6051440516692,1350.7125207849135
2013-12-05,1341,1342,1329.75,1331,,,0,0,,,,,,,,,,,1342,1329.75,1331,59981,1342.4592218651537,1349.9394807541325
2013-12-06,1331,1334,1328.25,1330,,,0,0,,,,,,,,,,,1334,1328.25,1330,31870,1341.326565331958,1349.1575403324018
2013-12-09,1330.5,1336.25,1328.25,1329.5,,,0,0,,,,,,,,,,,1336.25,1328.25,1329.5,31827,1340.2514230290526,1348.3866563977979
2013-12-10,1329,1331.5,1314,1317.75,,,0,0,,,,,,,,,,,1331.5,1314,1317.75,69798,1338.2058391173205,1347.1852188920018
2013-12-11,1319.25,1322.5,1314.25,1319.75,,,0,0,,,,,,,,,,,1322.5,1314.25,1319.75,37243,1336.5280355612003,1346.1093279550605
2013-12-12,1320,1321.75,1309.25,1312.75,,,0,0,,,,,,,,,,,1321.75,1309.25,1312.75,49838,1334.3663959647276,1344.8011190156465
2013-12-13,1312.75,1314,1305.5,1307.75,,,0,0,,,,,,,,,,,1314,1305.5,1307.75,41506,1331.9467236042979,1343.3481339562093
2013-12-16,1307.75,1307.75,1300,1300.75,,,0,0,,,,,,,,,,,1307.75,1300,1300.75,43255,1329.110657822089,1341.677618899103
2013-12-17,1301.5,1305.75,1297.75,1298.75,,,0,0,,,,,,,,,,,1305.75,1297.75,1298.75,44678,1326.350598020081,1339.9941828638441
2013-12-18,1298,1298.25,1291.25,1291.75,,,0,0,,,,,,,,,,,1298.25,1291.25,1291.75,46711,1323.2050891091644,1338.1022541240854
2013-12-19,1294,1300.25,1289,1289.75,,,0,0,,,,,,,,,,,1300.25,1289,1289.75,61883,1320.1637173719676,1336.20608729569
2013-12-20,1289,1295,1286.25,1292.5,,,0,0,,,,,,,,,,,1295,1286.25,1292.5,44551,1317.648833974516,1334.492123088016
2013-12-23,1293.25,1294.25,1287.25,1288.5,,,0,0,,,,,,,,,,,1294.25,1287.25,1288.5,19535,1314.9989399768328,1332.6885104178975
2013-12-24,1289.25,1290.75,1284.75,1285.25,,,0,0,,,,,,,,,,,1290.75,1284.75,1285.25,10792,1312.29449088803,1330.8281766760192
2013-12-26,1285,1286,1279.75,1285,,,0,0,,,,,,,,,,,1286,1279.75,1285,18711,1309.8131735345726,1329.0309932769596
2013-12-27,1287,1289,1282.5,1288,,,0,0,,,,,,,,,,,1289,1282.5,1288,22410,1307.8301577587024,1327.4219347170788
2013-12-30,1286.5,1288.25,1279,1279.5,,,0,0,,,,,,,,,,,1288.25,1279,1279.5,20582,1305.2546888715476,1325.5426431595463
2013-12-31,1280.75,1286.25,1278,1284.25,,,0,0,,,,,,,,,,,1286.25,1278,1284.25,30323,1303.345171701407,1323.9233238199563
2014-01-02,1284,1284.25,1274.5,1276,,,0,0,,,,,,,,,,,1284.25,1274.5,1276,39720,1300.859247001279,1322.0439777878012
2014-01-03,1275.75,1288,1275,1284.75,,,0,0,,,,,,,,,,,1288,1275,1284.75,49188,1299.394770001163,1320.5814688549463
2014-01-06,1287,1291.75,1284,1284.75,,,0,0,,,,,,,,,,,1291.75,1284,1284.75,39432,1298.0634272737846,1319.176313213576
2014-01-07,1285.5,1289,1280.75,1281.5,,,0,0,,,,,,,,,,,1289,1280.75,1281.5,45799,1296.5576611579859,1317.6988107346122
2014-01-08,1282,1286.25,1265.75,1267.75,,,0,0,,,,,,,,,,,1286.25,1265.75,1267.75,55310,1293.9387828708961,1315.7400338430587
2014-01-09,1267,1270,1257.5,1263.25,,,0,0,,,,,,,,,,,1270,1257.5,1263.25,67643,1291.1488935189966,1313.681601143331
2014-01-10,1263.5,1272.25,1239.5,1248,,,0,0,,,,,,,,,,,1272.25,1239.5,1248,110226,1287.2262668354515,1311.1058520788865
2014-01-13,1250.5,1255,1249,1252.5,,,0,0,,,,,,,,,,,1255,1249,1252.5,58021,1284.069333486774,1308.8075833699106
2014-01-14,1250.25,1259,1249.75,1258.25,,,0,0,,,,,,,,,,,1259,1249.75,1258.25,37720,1281.7221213516127,1306.8249330416788
2014-01-15,1258,1258.75,1245.5,1246.75,,,0,0,,,,,,,,,,,1258.75,1245.5,1246.75,38950,1278.5428375923752,1304.4690533145542
2014-01-16,1247.25,1252.75,1243,1251.75,,,0,0,,,,,,,,,,,1252.75,1243,1251.75,48891,1276.1071250839775,1302.4016394590815
2014-01-17,1251.75,1253.25,1241.75,1242.5,,,0,0,,,,,,,,,,,1253.25,1241.75,1242.5,32126,1273.051931894525,1300.0525555587253
2014-01-21,1245,1246.75,1239.75,1241.25,,,0,0,,,,,,,,,,,1246.75,1239.75,1241.25,39481,1270.160847176841,1297.746572987795
2014-01-22,1241.5,1245.75,1239.75,1240.25,,,0,0,,,,,,,,,,,1245.75,1239.75,1240.25,29010,1267.4416792516736,1295.4918054196462
2014-01-23,1240.75,1257,1240.5,1249,,,0,0,,,,,,,,,,,1257,1240.5,1249,47326,1265.765162956067,1293.6685973639737
2014-01-24,1250,1252.5,1241.5,1244.25,,,0,0,,,,,,,,,,,1252.5,1241.5,1244.25,39689,1263.8092390509698,1291.7306131536218
2014-01-27,1246,1251.25,1241.75,1242.5,,,0,0,,,,,,,,,,,1251.25,1241.75,1242.5,44294,1261.8720355008816,1289.8000008730876
2014-01-28,1243,1248,1243,1245,,,0,0,,,,,,,,,,,1248,1243,1245,44179,1260.3382140917106,1288.0431380937507
2014-01-29,1246,1246,1229.5,1230.5,,,0,0,,,,,,,,,,,1246,1229.5,1230.5,84576,1257.6256491742824,1285.7865444430154
2014-01-30,1230.75,1235.75,1229.25,1232.5,,,0,0,,,,,,,,,,,1235.75,1229.25,1232.5,62117,1255.3414992493476,1283.6968760334853
2014-01-31,1233,1236.5,1230.25,1234.75,,,0,0,,,,,,,,,,,1236.5,1230.25,1234.75,45491,1253.4695447721342,1281.7773906988389
2014-02-03,1234,1243.25,1233,1242.75,,,0,0,,,,,,,,,,,1243.25,1233,1242.75,45262,1252.4950407019403,1280.2469047890804
2014-02-04,1242.75,1264.75,1241,1263.5,,,0,0,,,,,,,,,,,1264.75,1241,1263.5,84912,1253.4954915472185,1279.5901634248028
2014-02-05,1264,1267.75,1258,1266.5,,,0,0,,,,,,,,,,,1267.75,1258,1266.5,76582,1254.6777195883806,1279.0768236826536
2014-02-06,1266,1271.75,1258.5,1259.75,,,0,0,,,,,,,,,,,1271.75,1258.5,1259.75,68517,1255.138835989437,1278.318909028432
2014-02-07,1261,1265,1245.25,1256.5,,,0,0,,,,,,,,,,,1265,1245.25,1256.5,101476,1255.2625781722154,1277.463265537121
2014-02-10,1253.5,1269.5,1249.5,1263.75,,,0,0,,,,,,,,,,,1269.5,1249.5,1263.75,90528,1256.0341619747412,1276.9254904180182
2014-02-11,1264.75,1270.25,1261.5,1269.25,,,0,0,,,,,,,,,,,1270.25,1261.5,1269.25,94447,1257.2356017952193,1276.6244907937821
2014-02-12,1268.75,1277.25,1264.5,1266,,,0,0,,,,,,,,,,,1277.25,1264.5,1266,91588,1258.0323652683812,1276.2078440959867
2014-02-13,1265.25,1275.75,1264.25,1274.5,,,0,0,,,,,,,,,,,1275.75,1264.25,1274.5,65904,1259.5294229712556,1276.1408698177127
2014-02-14,1273.5,1280.5,1273,1276.75,,,0,0,,,,,,,,,,,1280.5,1273,1276.75,43676,1261.0949299738688,1276.1647572758416
2014-02-18,1277.75,1288.5,1276.75,1288,,,0,0,,,,,,,,,,,1288.5,1276.75,1288,57480,1263.54084543079,1276.6288844414948
2014-02-19,1288,1294.5,1284.75,1294,,,0,0,,,,,,,,,,,1294.5,1284.75,1294,57470,1266.3098594825362,1277.3101046594754
2014-02-20,1293.5,1295,1288.25,1294,,,0,0,,,,,,,,,,,1295,1288.25,1294,72261,1268.8271449841238,1277.9646103591037
2014-02-21,1294.25,1295,1285.25,1286,,,0,0,,,,,,,,,,,1295,1285.25,1286,42002,1270.3883136219308,1278.2797236783547
2014-02-24,1282.25,1298,1281,1297.5,,,0,0,,,,,,,,,,,1298,1281,1297.5,58028,1272.8530123835735,1279.0334600046938
2014-02-25,1297.75,1300.5,1285.5,1298.5,,,0,0,,,,,,,,,,,1300.5,1285.5,1298.5,79422,1275.1845567123396,1279.7968537299998
2014-02-26,1298,1299,1285.5,1286,,,0,0,,,,,,,,,,,1299,1285.5,1286,54100,1276.1677788293996,1280.040114368039
2014-02-27,1285.5,1287.5,1268.75,1269.75,,,0,0,,,,,,,,,,,1287.5,1268.75,1269.75,79777,1275.5843443903632,1279.6365804712532
2014-02-28,1270.5,1285.5,1270.5,1282.75,,,0,0,,,,,,,,,,,1285.5,1270.5,1282.75,55836,1276.2357676276029,1279.7586753547334
2014-03-03,1292.5,1325,1291.75,1312,,,0,0,,,,,,,,,,,1325,1291.75,1312,131057,1279.487061479639,1281.0230410270967
2014-03-04,1312.5,1326.25,1301.5,1324,,,0,0,,,,,,,,,,,1326.25,1301.5,1324,71031,1283.5336922542172,1282.7084119672106
2014-03-05,1321.5,1325,1316.5,1323,,,0,0,,,,,,,,,,,1325,1316.5,1323,55838,1287.1215384129248,1284.2884742430062
2014-03-06,1321.75,1329.5,1316.75,1326.5,,,0,0,,,,,,,,,,,1329.5,1316.75,1326.5,44359,1290.7013985572044,1285.943828194261
2014-03-07,1327,1343.5,1324.75,1334.5,,,0,0,,,,,,,,,,,1343.5,1324.75,1334.5,75765,1294.6830895974585,1287.847991794486
2014-03-10,1335,1337.25,1319.5,1321.25,,,0,0,,,,,,,,,,,1337.25,1319.5,1321.25,52711,1297.098263270417,1289.157874469212
2014-03-11,1320.5,1347.75,1317.5,1339.5,,,0,0,,,,,,,,,,,1347.75,1317.5,1339.5,68111,1300.95296660947,1291.1320754704193
2014-03-12,1339.25,1365,1332.5,1364.25,,,0,0,,,,,,,,,,,1365,1332.5,1364.25,80625,1306.7072423722454,1293.9994450598147
2014-03-13,1362.75,1377,1351.5,1354.25,,,0,0,,,,,,,,,,,1377,1351.5,1354.25,78940,1311.0293112474958,1296.3622119202141
2014-03-14,1352.75,1371.5,1350.25,1367.75,,,0,0,,,,,,,,,,,1371.5,1350.25,1367.75,63971,1316.1857374977235,1299.1617330213821
2014-03-17,1367.5,1374.75,1352.25,1355,,,0,0,,,,,,,,,,,1374.75,1352.25,1355,48518,1319.7143068161122,1301.351468981328
2014-03-18,1355,1374,1353,1373,,,0,0,,,,,,,,,,,1374,1353,1373,50345,1324.5584607419203,1304.1612152957857
2014-03-19,1372.5,1399,1366.75,1396.25,,,0,0,,,,,,,,,,,1399,1366.75,1396.25,89394,1331.0758734017456,1307.7725401861471
2014-03-20,1394.5,1404,1374.25,1384.25,,,0,0,,,,,,,,,,,1404,1374.25,1384.25,94704,1335.9098849106779,1310.7716562572787
2014-03-21,1385.5,1387.75,1372.25,1373.75,,,0,0,,,,,,,,,,,1387.75,1372.25,1373.75,49016,1339.3498953733435,1313.2413952275815
2014-03-24,1372.25,1398.75,1367.5,1395,,,0,0,,,,,,,,,,,1398.75,1367.5,1395,65088,1344.4089957939486,1316.4476150225782
2014-03-25,1395.25,1396.75,1387,1388.75,,,0,0,,,,,,,,,,,1396.75,1387,1388.75,43585,1348.439996176317,1319.2830026687516
2014-03-26,1389.25,1392.25,1375.25,1377.25,,,0,0,,,,,,,,,,,1392.25,1375.25,1377.25,55708,1351.0590874330155,1321.556218250369
2014-03-27,1377.25,1394,1372.5,1391,,,0,0,,,,,,,,,,,1394,1372.5,1391,54754,1354.6900794845596,1324.279503809178
2014-03-28,1388.75,1389.25,1374,1376,,,0,0,,,,,,,,,,,1389.25,1374,1376,48811,1356.6273449859634,1326.3077585617593
2014-03-31,1378.75,1382.5,1357,1377.75,,,0,0,,,,,,,,,,,1382.5,1357,1377.75,75550,1358.547586350876,1328.325101363259
2014-04-01,1376,1378.5,1364,1365.75,,,0,0,,,,,,,,,,,1378.5,1364,1365.75,67749,1359.2023512280691,1329.7927444470527
2014-04-02,1367.5,1368.5,1345.5,1349.75,,,0,0,,,,,,,,,,,1368.5,1345.5,1349.75,66959,1358.3430465709719,1330.5753819197173
2014-04-03,1349.75,1358,1347,1356.5,,,0,0,,,,,,,,,,,1358,1347,1356.5,44384,1358.1754968827017,1331.5920336091401
2014-04-04,1354,1356.75,1339.25,1350.25,,,0,0,,,,,,,,,,,1356.75,1339.25,1350.25,51599,1357.4549971660924,1332.3237185656444
2014-04-07,1350.75,1360,1346,1356.75,,,0,0,,,,,,,,,,,1360,1346,1356.75,63690,1357.3909065146295,1333.281611955227
2014-04-08,1356.75,1365.75,1348.75,1361.5,,,0,0,,,,,,,,,,,1365.75,1348.75,1361.5,68552,1357.764460467845,1334.3882154079631
2014-04-09,1361.75,1368.5,1343.5,1349.5,,,0,0,,,,,,,,,,,1368.5,1343.5,1349.5,96035,1357.0131458798592,1334.9808344115725
2014-04-10,1349,1351.5,1336.75,1342.75,,,0,0,,,,,,,,,,,1351.5,1336.75,1342.75,77610,1355.7164962544175,1335.285507571903
2014-04-11,1342.75,1347.25,1336.75,1340.75,,,0,0,,,,,,,,,,,1347.25,1336.75,1340.75,51697,1354.3559056858342,1335.4998013926127
2014-04-14,1346.75,1370,1345,1359.25,,,0,0,,,,,,,,,,,1370,1345,1359.25,75164,1354.8008233507583,1336.4311817301573
2014-04-15,1358.5,1383.25,1354.25,1382.25,,,0,0,,,,,,,,,,,1383.25,1354.25,1382.25,66093,1357.2962030461438,1338.2279981328961
2014-04-16,1381.5,1391.5,1364.5,1368.5,,,0,0,,,,,,,,,,,1391.5,1364.5,1368.5,65066,1358.314730041949,1339.4151354610178
2014-04-17,1368.5,1382.5,1366.5,1372.25,,,0,0,,,,,,,,,,,1382.5,1366.5,1372.25,46658,1359.581572765408,1340.7027772076447
2014-04-21,1371.25,1371.25,1343.5,1348.75,,,0,0,,,,,,,,,,,1371.25,1343.5,1348.75,58233,1358.5968843321891,1341.0183545720508
2014-04-22,1349,1357.5,1342.25,1352.75,,,0,0,,,,,,,,,,,1357.5,1342.25,1352.75,69020,1358.0653493928992,1341.478419098637
2014-04-23,1353.25,1358.75,1346.75,1356,,,0,0,,,,,,,,,,,1358.75,1346.75,1356,45336,1357.8775903571811,1342.0478928594748
2014-04-24,1356.5,1376,1351,1369.75,,,0,0,,,,,,,,,,,1376,1351,1369.75,76035,1358.9569003247102,1343.1342500022406
2014-04-25,1369.5,1383,1368,1381.5,,,0,0,,,,,,,,,,,1383,1368,1381.5,49087,1361.0062730224638,1344.638789217839
2014-04-28,1381.75,1390.25,1370.5,1381.75,,,0,0,,,,,,,,,,,1390.25,1370.5,1381.75,62802,1362.892066384058,1346.0941308171396
2014-04-29,1383.25,1390.25,1377.25,1389.75,,,0,0,,,,,,,,,,,1390.25,1377.25,1389.75,54269,1365.33369671278,1347.8061256870556
2014-04-30,1388.25,1398,1384,1394.75,,,0,0,,,,,,,,,,,1398,1384,1394.75,62285,1368.0079061025274,1349.6470619346221
2014-05-01,1396.25,1397.75,1374.5,1380.5,,,0,0,,,,,,,,,,,1397.75,1374.5,1380.5,55337,1369.1435510022977,1350.856981074441
2014-05-02,1382.5,1394,1379.5,1389.25,,,0,0,,,,,,,,,,,1394,1379.5,1389.25,47911,1370.9714100020888,1352.3625896597568
2014-05-05,1396.25,1413.75,1394.75,1402.25,,,0,0,,,,,,,,,,,1413.75,1394.75,1402.25,60636,1373.814918183717,1354.3189586927076
2014-05-06,1406.75,1417.25,1397,1412.25,,,0,0,,,,,,,,,,,1417.25,1397,1412.25,55629,1377.309016530652,1356.5907642341701
2014-05-07,1411,1413,1400.5,1411,,,0,0,,,,,,,,,,,1413,1400.5,1411,45673,1380.3718332096835,1358.7244597543988
2014-05-08,1407,1411,1401,1408.5,,,0,0,,,,,,,,,,,1411,1401,1408.5,47795,1382.9289392815303,1360.6764417248146
2014-05-09,1406.75,1412.75,1395.25,1395.75,,,0,0,,,,,,,,,,,1412.75,1395.25,1395.75,69817,1384.0944902559368,1362.051875382665
2014-05-12,1395.5,1395.5,1373.25,1388.25,,,0,0,,,,,,,,,,,1395.5,1373.25,1388.25,51870,1384.4722638690334,1363.079252818639
2014-05-13,1387.25,1388.5,1377.25,1382.5,,,0,0,,,,,,,,,,,1388.5,1377.25,1382.5,39849,1384.2929671536667,1363.8408507473198
2014-05-14,1383,1383.25,1361,1363.5,,,0,0,,,,,,,,,,,1383.25,1361,1363.5,65904,1382.4026974124242,1363.8274840513466
2014-05-15,1363.75,1364.25,1350,1351.5,,,0,0,,,,,,,,,,,1364.25,1350,1351.5,57240,1379.593361284022,1363.3440533042349
2014-05-16,1352,1356,1343.75,1347.5,,,0,0,,,,,,,,,,,1356,1343.75,1347.5,48213,1376.6757829854746,1362.7227178805394
2014-05-19,1344.75,1351.5,1336,1347.75,,,0,0,,,,,,,,,,,1351.5,1336,1347.75,72503,1374.0461663504313,1362.1355524734595
2014-05-20,1347.25,1359.25,1339.25,1343.75,,,0,0,,,,,,,,,,,1359.25,1339.25,1343.75,65289,1371.291969409483,1361.4145504156768
2014-05-21,1341.25,1348.75,1336.25,1337.5,,,0,0,,,,,,,,,,,1348.75,1336.25,1337.5,66296,1368.2199721904392,1360.4767249091797
2014-05-22,1338.75,1343,1327.25,1332.5,,,0,0,,,,,,,,,,,1343,1327.25,1332.5,67073,1364.9727019913084,1359.379598442153
2014-05-23,1333.5,1336.75,1324.5,1325.75,,,0,0,,,,,,,,,,,1336.75,1324.5,1325.75,58007,1361.4070018102805,1358.0607906601078
2014-05-27,1318.25,1321.75,1313.5,1314.25,,,0,0,,,,,,,,,,,1321.75,1313.5,1314.25,53220,1357.1200016457094,1356.3427204381428
2014-05-28,1310.5,1315,1306.25,1312,,,0,0,,,,,,,,,,,1315,1306.25,1312,44886,1353.0181833142813,1354.6037902248822
2014-05-29,1311.75,1318.25,1303,1305.75,,,0,0,,,,,,,,,,,1318.25,1303,1305.75,49662,1348.7210757402556,1352.6879553141025
2014-05-30,1306.25,1310.25,1298.75,1300.5,,,0,0,,,,,,,,,,,1310.25,1298.75,1300.5,48580,1344.3373415820506,1350.6413688311966
2014-06-02,1298,1300,1289.5,1294,,,0,0,,,,,,,,,,,1300,1289.5,1294,62437,1339.761219620046,1348.4201386809536
2014-06-03,1295.25,1297.25,1284.25,1285.75,,,0,0,,,,,,,,,,,1297.25,1284.25,1285.75,55548,1334.8511087454963,1345.9624861836614
2014-06-04,1285.75,1292.75,1284,1287.75,,,0,0,,,,,,,,,,,1292.75,1284,1287.75,46186,1330.569189768633,1343.6796435882238
2014-06-05,1286.75,1290.5,1278.25,1279,,,0,0,,,,,,,,,,,1290.5,1278.25,1279,52098,1325.881081607848,1341.143186976921
2014-06-06,1278.75,1292.75,1276.25,1291.5,,,0,0,,,,,,,,,,,1292.75,1276.25,1291.5,66067,1322.7555287344073,1339.1963953307672
2014-06-09,1291.5,1299.5,1280.75,1285.75,,,0,0,,,,,,,,,,,1299.5,1280.75,1285.75,65835,1319.3913897585521,1337.1004582589724
2014-06-10,1288,1289.25,1272.5,1274.5,,,0,0,,,,,,,,,,,1289.25,1272.5,1274.5,69509,1315.3103543259565,1334.645538327248
2014-06-11,1276.25,1281.75,1261.75,1262.5,,,0,0,,,,,,,,,,,1281.75,1261.75,1262.5,75741,1310.5094130235968,1331.816301530101
2014-06-12,1261.25,1266.75,1258,1258.5,,,0,0,,,,,,,,,,,1266.75,1258,1258.5,63749,1305.7812845669062,1328.9411524504892
2014-06-13,1258.75,1267.75,1256.75,1259.25,,,0,0,,,,,,,,,,,1267.75,1256.75,1259.25,66219,1301.5511677880966,1326.2081660798817
2014-06-16,1259.25,1268,1253.5,1254.25,,,0,0,,,,,,,,,,,1268,1253.5,1254.25,43308,1297.2510616255424,1323.386277214004
2014-06-17,1255.25,1257.5,1249.25,1253.75,,,0,0,,,,,,,,,,,1257.5,1249.25,1253.75,53343,1293.296419659584,1320.6554428134548
2014-06-18,1254.5,1270,1253.75,1259.25,,,0,0,,,,,,,,,,,1270,1253.75,1259.25,44156,1290.2012905996219,1318.247386232535
2014-06-19,1258.75,1267.5,1257.75,1265.5,,,0,0,,,,,,,,,,,1267.5,1257.75,1265.5,40526,1287.955718726929,1316.1788612822395
2014-06-20,1265,1266.25,1254.75,1256.25,,,0,0,,,,,,,,,,,1266.25,1254.75,1256.25,36773,1285.0733806608446,1313.8287098594067
2014-06-23,1256.25,1264,1250.25,1252,,,0,0,,,,,,,,,,,1264,1250.25,1252,44591,1282.0667096916768,1311.4040545708026
2014-06-24,1252.25,1252.5,1242.25,1243.75,,,0,0,,,,,,,,,,,1252.5,1242.25,1243.75,37830,1278.583372446979,1308.7509543915555
2014-06-25,1243,1247.75,1240,1247.25,,,0,0,,,,,,,,,,,1247.75,1240,1247.25,40259,1275.7348840427082,1306.3391522585534
2014-06-26,1247,1253,1242.75,1247.75,,,0,0,,,,,,,,,,,1253,1242.75,1247.75,57621,1273.1908036751893,1304.0415384444925
2014-06-27,1247.75,1260.5,1247,1256.75,,,0,0,,,,,,,,,,,1260.5,1247,1256.75,50922,1271.696185159263,1302.1869683094144
2014-06-30,1255,1255.5,1230.5,1240.5,,,0,0,,,,,,,,,,,1255.5,1230.5,1240.5,72057,1268.8601683266027,1299.7678715129668
2014-07-01,1240.5,1244,1232.25,1235.5,,,0,0,,,,,,,,,,,1244,1232.25,1235.5,47820,1265.827425751457,1297.2475628261839
2014-07-02,1236.5,1240,1231.75,1238.5,,,0,0,,,,,,,,,,,1240,1231.75,1238.5,33219,1263.3431143195064,1294.9437368330002
2014-07-03,1239.25,1244,1235,1242.5,,,0,0,,,,,,,,,,,1244,1235,1242.5,34648,1261.448285745006,1292.8871197022943
2014-07-07,1239.25,1240,1219,1219.75,,,0,0,,,,,,,,,,,1240,1219,1219.75,52187,1257.65753249546,1290.018997361028
2014-07-08,1220.25,1224,1218.5,1219.25,,,0,0,,,,,,,,,,,1224,1218.5,1219.25,37927,1254.1659386322362,1287.2437425625562
2014-07-09,1219.25,1221.25,1210.75,1214.25,,,0,0,,,,,,,,,,,1221.25,1210.75,1214.25,39038,1250.5372169383966,1284.3812428542208
2014-07-10,1215,1219,1209.25,1211.5,,,0,0,,,,,,,,,,,1219,1209.25,1211.5,39269,1246.988379034906,1281.5231548991533
2014-07-11,1210.25,1212.75,1188,1189,,,0,0,,,,,,,,,,,1212.75,1188,1189,68041,1241.7167082135509,1277.8947958835001
2014-07-14,1189.25,1202,1187.25,1200.75,,,0,0,,,,,,,,,,,1202,1187.25,1200.75,44745,1237.992462012319,1274.8695097704217
2014-07-15,1201,1202.5,1193.5,1200.75,,,0,0,,,,,,,,,,,1202.5,1193.5,1200.75,37907,1234.6067836475627,1271.9628623284443
2014-07-16,1200,1207.75,1198.75,1201,,,0,0,,,,,,,,,,,1207.75,1198.75,1201,32658,1231.5516214977843,1269.180004982231
2014-07-17,1201,1224.75,1193.75,1213.75,,,0,0,,,,,,,,,,,1224.75,1193.75,1213.75,88501,1229.9332922707129,1267.0062792966532
2014-07-18,1215.5,1218.75,1194,1195.25,,,0,0,,,,,,,,,,,1218.75,1194,1195.25,52234,1226.780265700648,1264.1923075595296
2014-07-21,1193.5,1194.25,1186.75,1193,,,0,0,,,,,,,,,,,1194.25,1186.75,1193,36058,1223.7093324551345,1261.4004523611165
2014-07-22,1192.5,1199.75,1187,1187.5,,,0,0,,,,,,,,,,,1199.75,1187,1187.5,35671,1220.4175749592132,1258.5023954057785
2014-07-23,1187.5,1194,1183.25,1193.75,,,0,0,,,,,,,,,,,1194,1183.25,1193.75,33126,1217.993249962921,1255.9630857820225
2014-07-24,1193.5,1205.25,1189,1191.75,,,0,0,,,,,,,,,,,1205.25,1189,1191.75,56461,1215.607499966292,1253.4449255552765
2014-07-25,1191.75,1201.5,1189.5,1201,,,0,0,,,,,,,,,,,1201.5,1189.5,1201,42238,1214.2795454239017,1251.3882618080108
2014-07-28,1201,1206.25,1195,1197.75,,,0,0,,,,,,,,,,,1206.25,1195,1197.75,33877,1212.7768594762742,1249.284800560638
2014-07-29,1197.5,1198.75,1181.5,1183,,,0,0,,,,,,,,,,,1198.75,1181.5,1183,52042,1210.0698722511584,1246.6853966170834
2014-07-30,1184.25,1192,1182.75,1190.25,,,0,0,,,,,,,,,,,1192,1182.75,1190.25,51667,1208.2680656828713,1244.4722438085703
2014-07-31,1190,1199.25,1186.5,1193.25,,,0,0,,,,,,,,,,,1199.25,1186.5,1193.25,59662,1206.9027869844285,1242.4635283650969
2014-08-01,1194,1207,1193.5,1197.25,,,0,0,,,,,,,,,,,1207,1193.5,1197.25,60735,1206.025260894935,1240.6904488213677
2014-08-04,1197.75,1216.25,1197.25,1207,,,0,0,,,,,,,,,,,1216.25,1197.25,1207,55273,1206.11387354085,1239.3692547499415
2014-08-05,1206.75,1217.25,1201,1215.5,,,0,0,,,,,,,,,,,1217.25,1201,1215.5,51203,1206.967157764409,1238.4332055440616
2014-08-06,1216,1235,1215.75,1231,,,0,0,,,,,,,,,,,1235,1215.75,1231,83170,1209.1519616040082,1238.1417072874317
2014-08-07,1231,1231.25,1221.5,1224.5,,,0,0,,,,,,,,,,,1231.25,1221.5,1224.5,80800,1210.5472378218255,1237.606738374199
2014-08-08,1224,1224.5,1210,1212.25,,,0,0,,,,,,,,,,,1224.5,1210,1212.25,74816,1210.7020343834777,1236.6123564771717
2014-08-11,1211.5,1219.5,1206,1209.5,,,0,0,,,,,,,,,,,1219.5,1206,1209.5,97475,1210.5927585304341,1235.5491268114004
2014-08-12,1210.25,1210.5,1196.5,1201,,,0,0,,,,,,,,,,,1210.5,1196.5,1201,96506,1209.720689573122,1234.1942590933063
2014-08-13,1200.75,1207.25,1190.25,1191,,,0,0,,,,,,,,,,,1207.25,1190.25,1191,65016,1208.0188087028382,1232.5003665798433
2014-08-14,1191.25,1202.25,1191,1200.25,,,0,0,,,,,,,,,,,1202.25,1191,1200.25,44359,1207.3125533662167,1231.2356463218102
2014-08-15,1198.25,1219.25,1196.5,1214.25,,,0,0,,,,,,,,,,,1219.25,1196.5,1214.25,57396,1207.9432303329243,1230.5695425444844
2014-08-18,1212.25,1213.75,1202.5,1205,,,0,0,,,,,,,,,,,1213.75,1202.5,1205,33339,1207.6756639390221,1229.5668153858771
2014-08-19,1203.5,1216.25,1197.5,1209.25,,,0,0,,,,,,,,,,,1216.25,1197.5,1209.25,55910,1207.818785399111,1228.7700775276076
2014-08-20,1209.75,1212.25,1195.75,1200.75,,,0,0,,,,,,,,,,,1212.25,1195.75,1200.75,65144,1207.1761685446463,1227.6712509578974
2014-08-21,1200.75,1208.75,1197.75,1206.25,,,0,0,,,,,,,,,,,1208.75,1197.75,1206.25,53792,1207.0919714042238,1226.831201900725
2014-08-22,1205.75,1221.25,1205.75,1213,,,0,0,,,,,,,,,,,1221.25,1205.75,1213,70779,1207.6290649129307,1226.288801826187
2014-08-25,1211,1215.75,1203.25,1205.25,,,0,0,,,,,,,,,,,1215.75,1203.25,1205.25,47628,1207.4127862844825,1225.4637507741795
2014-08-26,1204.25,1208.75,1197.5,1207.25,,,0,0,,,,,,,,,,,1208.75,1197.5,1207.25,56498,1207.3979875313478,1224.7494860379372
2014-08-27,1205.75,1213.75,1201.5,1213,,,0,0,,,,,,,,,,,1213.75,1201.5,1213,43635,1207.9072613921344,1224.2887218795868
2014-08-28,1213,1230,1209.75,1222.5,,,0,0,,,,,,,,,,,1230,1209.75,1222.5,81786,1209.2338739928493,1224.2185759235244
2014-08-29,1220.75,1229.5,1212,1214.25,,,0,0,,,,,,,,,,,1229.5,1212,1214.25,51459,1209.6898854480448,1223.8276513775038
2014-09-02,1213.5,1216.75,1201.5,1205.75,,,0,0,,,,,,,,,,,1216.75,1201.5,1205.75,43294,1209.331714043677,1223.1187238725036
2014-09-03,1206.25,1207.25,1185.75,1186.5,,,0,0,,,,,,,,,,,1207.25,1185.75,1186.5,81943,1207.25610367607,1221.6826954853466
2014-09-04,1186.75,1187.75,1178.25,1181,,,0,0,,,,,,,,,,,1187.75,1178.25,1181,48932,1204.8691851600638,1220.0872956623919
2014-09-05,1181.5,1192.75,1179,1186,,,0,0,,,,,,,,,,,1192.75,1179,1186,48720,1203.153804690967,1218.750538969749
2014-09-08,1186,1190,1175,1184.25,,,0,0,,,,,,,,,,,1190,1175,1184.25,33922,1201.4352769917882,1217.3975766572098
2014-09-09,1184.5,1184.5,1174,1178.25,,,0,0,,,,,,,,,,,1184.5,1174,1178.25,32315,1199.3275245379893,1215.8623775726132
2014-09-10,1179.5,1180,1170,1170.5,,,0,0,,,,,,,,,,,1180,1170,1170.5,35896,1196.7068404890813,1214.0834608050598
2014-09-11,1168.75,1170,1153.75,1160.25,,,0,0,,,,,,,,,,,1170,1153.75,1160.25,58989,1193.3925822628012,1211.9723446950575
2014-09-12,1159.25,1160,1150.75,1153.25,,,0,0,,,,,,,,,,,1160,1150.75,1153.25,39754,1189.7432566025466,1209.6695076481924
2014-09-15,1152.25,1154.75,1146.75,1151.5,,,0,0,,,,,,,,,,,1154.75,1146.75,1151.5,39682,1186.266596911406,1207.3883504855182
2014-09-16,1149.75,1159.25,1141.75,1147,,,0,0,,,,,,,,,,,1159.25,1141.75,1147,48769,1182.6969062830963,1205.020179878243
2014-09-17,1146.75,1152.25,1145,1150,,,0,0,,,,,,,,,,,1152.25,1145,1150,33011,1179.7244602573603,1202.8625257653707
2014-09-18,1147,1149.5,1138.5,1139.25,,,0,0,,,,,,,,,,,1149.5,1138.5,1139.25,33252,1176.0449638703276,1200.3679169118268
2014-09-19,1138.5,1139,1124.5,1125.25,,,0,0,,,,,,,,,,,1139,1124.5,1125.25,45467,1171.427239882116,1197.4221162486178
2014-09-22,1127,1131.5,1120.25,1127.5,,,0,0,,,,,,,,,,,1131.5,1120.25,1127.5,61856,1167.4338544382874,1194.6800724741622
2014-09-23,1126.25,1130.5,1121.75,1126.75,,,0,0,,,,,,,,,,,1130.5,1121.75,1126.75,48151,1163.735322216625,1192.0161480634108
2014-09-24,1124.25,1135.25,1124.25,1131,,,0,0,,,,,,,,,,,1135.25,1124.25,1131,54643,1160.7593838332955,1189.6233579432771
2014-09-25,1131,1134.25,1117,1124.75,,,0,0,,,,,,,,,,,1134.25,1117,1124.75,51821,1157.4858034848141,1187.0793046905997
2014-09-26,1123.5,1127,1119.25,1125,,,0,0,,,,,,,,,,,1127,1119.25,1125,27218,1154.5325486225584,1184.6448221537134
2014-09-29,1121.5,1133.25,1121.25,1132,,,0,0,,,,,,,,,,,1133.25,1121.25,1132,41810,1152.4841351114167,1182.580319324156
2014-09-30,1132,1132.5,1118.75,1128.5,,,0,0,,,,,,,,,,,1132.5,1118.75,1128.5,61656,1150.303759192197,1180.4595224879147
2014-10-01,1127.5,1134.75,1120.25,1129.75,,,0,0,,,,,,,,,,,1134.75,1120.25,1129.75,45542,1148.43523562927,1178.4709137628984
2014-10-02,1128.25,1140.5,1128,1133.5,,,0,0,,,,,,,,,,,1140.5,1128,1133.5,48696,1147.0774869356999,1176.7073485172946
2014-10-03,1134,1139.75,1128.75,1136.5,,,0,0,,,,,,,,,,,1139.75,1128.75,1136.5,44411,1146.1158972142725,1175.1305897519105
2014-10-06,1136.25,1145.5,1135.5,1142.25,,,0,0,,,,,,,,,,,1145.5,1135.5,1142.25,40143,1145.764452012975,1173.8411548596787
2014-10-07,1142.25,1160.25,1140,1157,,,0,0,,,,,,,,,,,1160.25,1140,1157,71942,1146.785865466341,1173.1807174142011
2014-10-08,1158,1162.5,1152.75,1158.5,,,0,0,,,,,,,,,,,1162.5,1152.75,1158.5,46634,1147.8507867875826,1172.605003005801
2014-10-09,1158.75,1159,1142.75,1144,,,0,0,,,,,,,,,,,1159,1142.75,1144,56948,1147.5007152614387,1171.4832381820443
2014-10-10,1144.25,1159.25,1139,1149.25,,,0,0,,,,,,,,,,,1159.25,1139,1149.25,67978,1147.6597411467624,1170.6113464886307
2014-10-13,1149.25,1157.25,1146.25,1156,,,0,0,,,,,,,,,,,1157.25,1146.25,1156,39341,1148.4179464970566,1170.0383525086845
2014-10-14,1156,1160.75,1149,1160,,,0,0,,,,,,,,,,,1160.75,1149,1160,34253,1149.4708604518696,1169.644691625991
2014-10-15,1160.75,1167,1152.25,1156.75,,,0,0,,,,,,,,,,,1167,1152.25,1156.75,55380,1150.1326004107905,1169.1390174445796
2014-10-16,1157,1169,1153.5,1167.75,,,0,0,,,,,,,,,,,1169,1153.5,1167.75,44556,1151.7341821916277,1169.084546172243
2014-10-17,1168.5,1173,1163.5,1166.75,,,0,0,,,,,,,,,,,1173,1163.5,1166.75,48282,1153.0992565378433,1168.9929953419592
2014-10-20,1165.75,1166.5,1158,1164.25,,,0,0,,,,,,,,,,,1166.5,1158,1164.25,41062,1154.1129604889484,1168.8069955246274
2014-10-21,1165.75,1174.5,1163,1170,,,0,0,,,,,,,,,,,1174.5,1163,1170,55907,1155.5572368081348,1168.8537800138577
2014-10-22,1171.75,1179.5,1166.75,1173,,,0,0,,,,,,,,,,,1179.5,1166.75,1173,51409,1157.1429425528497,1169.0163768760592
2014-10-23,1171,1181.5,1170,1177.5,,,0,0,,,,,,,,,,,1181.5,1170,1177.5,41545,1158.9935841389542,1169.3490679789588
2014-10-24,1176.25,1190,1168,1168.5,,,0,0,,,,,,,,,,,1190,1168,1168.5,57243,1159.8578037626858,1169.3157711954702
2014-10-27,1166.75,1177.25,1161.25,1173.5,,,0,0,,,,,,,,,,,1177.25,1161.25,1173.5,50296,1161.0980034206234,1169.4798585995695
2014-10-28,1176.25,1183.75,1174,1181.5,,,0,0,,,,,,,,,,,1183.75,1174,1181.5,45034,1162.952730382385,1169.951236693704
2014-10-29,1181.75,1191.25,1178.25,1189,,,0,0,,,,,,,,,,,1191.25,1178.25,1189,45827,1165.3206639839864,1170.6982470194412
2014-10-30,1189,1196.25,1183.25,1186.75,,,0,0,,,,,,,,,,,1196.25,1183.25,1186.75,53290,1167.2687854399876,1171.3277275284827
2014-10-31,1186.75,1189.75,1173.75,1183.25,,,0,0,,,,,,,,,,,1189.75,1173.75,1183.25,60413,1168.7216231272614,1171.795267625405
2014-11-03,1187,1190,1177.5,1189,,,0,0,,,,,,,,,,,1190,1177.5,1189,48408,1170.565111933874,1172.469963012644
2014-11-04,1189,1189.5,1179.75,1181.25,,,0,0,,,,,,,,,,,1189.5,1179.75,1181.25,40640,1171.536465394431,1172.8142781886188
2014-11-05,1182.75,1183.25,1169.5,1175.5,,,0,0,,,,,,,,,,,1183.25,1169.5,1175.5,61576,1171.89678672221,1172.9196006125944
2014-11-06,1175.75,1178.75,1170.75,1171,,,0,0,,,,,,,,,,,1178.75,1170.75,1171,45901,1171.8152606565545,1172.8443221571986
2014-11-07,1171.25,1171.25,1161.75,1165.25,,,0,0,,,,,,,,,,,1171.25,1161.75,1165.25,64780,1171.2184187786859,1172.5465056020143
2014-11-10,1164.75,1175.25,1162,1168,,,0,0,,,,,,,,,,,1175.25,1162,1168,87728,1170.925835253351,1172.3682112646804
2014-11-11,1168.75,1177.25,1162.5,1176,,,0,0,,,,,,,,,,,1177.25,1162.5,1176,95070,1171.3871229575918,1172.51063435234
2014-11-12,1175,1196.5,1173.5,1193.5,,,0,0,,,,,,,,,,,1196.5,1173.5,1193.5,138060,1173.3973845069017,1173.3337467306796
2014-11-13,1192.75,1209.75,1187.75,1204.5,,,0,0,,,,,,,,,,,1209.75,1187.75,1204.5,111919,1176.2248950062742,1174.5559527412413
2014-11-14,1204.5,1216,1200,1211.25,,,0,0,,,,,,,,,,,1216,1200,1211.25,54797,1179.4089954602493,1175.994934986683
2014-11-17,1210.5,1215.25,1200.75,1202.25,,,0,0,,,,,,,,,,,1215.25,1200.75,1202.25,39657,1181.4854504184084,1177.024545379362
2014-11-18,1202.25,1203.5,1194.25,1199.5,,,0,0,,,,,,,,,,,1203.5,1194.25,1199.5,40530,1183.1231367440075,1177.905935756642
2014-11-19,1199.5,1199.5,1185.75,1189.5,,,0,0,,,,,,,,,,,1199.5,1185.75,1189.5,54799,1183.7028515854613,1178.3606049426562
2014-11-20,1188.5,1201.5,1184.5,1201,,,0,0,,,,,,,,,,,1201.5,1184.5,1201,59988,1185.2753196231467,1179.2484243566696
2014-11-21,1201,1208.5,1196,1202,,,0,0,,,,,,,,,,,1208.5,1196,1202,60972,1186.7957451119516,1180.1406430093493
2014-11-24,1201,1205.5,1197,1198,,,0,0,,,,,,,,,,,1205.5,1197,1198,58768,1187.8143137381378,1180.841009950159
2014-11-25,1198,1208,1194.5,1206.25,,,0,0,,,,,,,,,,,1208,1194.5,1206.25,49675,1189.490285216489,1181.8374409325058
2014-11-26,1207,1214,1204,1211.25,,,0,0,,,,,,,,,,,1214,1204,1211.25,53883,1191.468441105899,1182.990874621427
2014-11-28,1206.75,1229.5,1206.25,1227,,,0,0,,,,,,,,,,,1229.5,1206.25,1227,68864,1194.6985828235445,1184.7167226754889
2014-12-01,1226.5,1256.25,1218.75,1255.25,,,0,0,,,,,,,,,,,1256.25,1218.75,1255.25,91685,1200.2032571123132,1187.48273355096
2014-12-02,1255.25,1260.25,1245.25,1251.75,,,0,0,,,,,,,,,,,1260.25,1245.25,1251.75,93598,1204.8893246475575,1190.0030185097457
2014-12-03,1251.5,1255,1233.75,1238,,,0,0,,,,,,,,,,,1255,1233.75,1238,64404,1207.899386043234,1191.885253077991
2014-12-04,1238.5,1240.25,1226,1238.25,,,0,0,,,,,,,,,,,1240.25,1226,1238.25,61220,1210.6585327665764,1193.7034784474815
2014-12-05,1237.5,1244.25,1230.5,1242.5,,,0,0,,,,,,,,,,,1244.25,1230.5,1242.5,51537,1213.5532116059785,1195.6170675279725
2014-12-08,1241.75,1254.25,1236.5,1246.5,,,0,0,,,,,,,,,,,1254.25,1236.5,1246.5,56499,1216.548374187253,1197.6124766445225
2014-12-09,1244.5,1244.75,1232,1234.25,,,0,0,,,,,,,,,,,1244.75,1232,1234.25,59312,1218.1576128975028,1199.049242266306
2014-12-10,1233.75,1233.75,1223.75,1230.25,,,0,0,,,,,,,,,,,1233.75,1223.75,1230.25,54888,1219.2569208159116,1200.2728013931176
2014-12-11,1231.5,1248.75,1221.25,1246,,,0,0,,,,,,,,,,,1248.75,1221.25,1246,76314,1221.688109832647,1202.0660248678973
2014-12-12,1246.5,1262,1242,1255,,,0,0,,,,,,,,,,,1262,1242,1255,72039,1224.7164634842245,1204.1418670299406
2014-12-15,1254,1271.25,1248.25,1267.5,,,0,0,,,,,,,,,,,1271.25,1248.25,1267.5,65785,1228.6058758947495,1206.626499695433
2014-12-16,1264.5,1287.5,1263.5,1271.75,,,0,0,,,,,,,,,,,1287.5,1263.5,1271.75,93302,1232.5280689952267,1209.1803624524748
2014-12-17,1272.25,1299.25,1265.5,1297,,,0,0,,,,,,,,,,,1299.25,1265.5,1297,103230,1238.3891536320243,1212.6242698072797
2014-12-18,1295,1325.5,1294.25,1303.75,,,0,0,,,,,,,,,,,1325.5,1294.25,1303.75,102121,1244.3310487563858,1216.197827854053
2014-12-19,1302.5,1303,1277.75,1280.75,,,0,0,,,,,,,,,,,1303,1277.75,1280.75,68685,1247.6418625058052,1218.7292855852666
2014-12-22,1278,1293,1269.5,1274.25,,,0,0,,,,,,,,,,,1293,1269.5,1274.25,53792,1250.0607840961866,1220.9065685034914
2014-12-23,1273.5,1285.5,1269.5,1284,,,0,0,,,,,,,,,,,1285.5,1269.5,1284,31415,1253.1461673601696,1223.3808207190407
2014-12-24,1285,1288.25,1254.75,1260,,,0,0,,,,,,,,,,,1288.25,1254.75,1260,38221,1253.7692430546997,1224.8168669653528
2014-12-26,1263,1265.25,1256,1259.25,,,0,0,,,,,,,,,,,1265.25,1256,1259.25,21009,1254.2674936860906,1226.167185907888
2014-12-29,1260.25,1269.25,1256.5,1264,,,0,0,,,,,,,,,,,1269.25,1256.5,1264,29593,1255.152266987355,1227.6508256762063
2014-12-30,1263.5,1264,1249.5,1250.5,,,0,0,,,,,,,,,,,1264,1249.5,1250.5,34044,1254.729333624868,1228.5468717281199
2014-12-31,1250,1253,1235,1238.25,,,0,0,,,,,,,,,,,1253,1235,1238.25,37572,1253.2312123862437,1228.9273865623113
2015-01-02,1238.25,1239.5,1223.25,1229.75,,,0,0,,,,,,,,,,,1239.5,1223.25,1229.75,38997,1251.096556714767,1228.9596459128088
2015-01-05,1228.25,1246,1227.5,1237.5,,,0,0,,,,,,,,,,,1246,1227.5,1237.5,45078,1249.8605061043338,1229.2945617593653
2015-01-06,1236.5,1252,1234.5,1240.25,,,0,0,,,,,,,,,,,1252,1234.5,1240.25,52463,1248.9868237312126,1229.7241867884097
2015-01-07,1242.75,1243,1227,1228,,,0,0,,,,,,,,,,,1243,1227,1228,46079,1247.0789306647387,1229.6565716202367
2015-01-08,1228.5,1229.5,1214.25,1215.5,,,0,0,,,,,,,,,,,1229.5,1214.25,1215.5,49560,1244.208118786126,1229.1014119488548
2015-01-09,1216.5,1222.5,1210.25,1212.25,,,0,0,,,,,,,,,,,1222.5,1210.25,1212.25,54780,1241.3028352601145,1228.4405722645859
2015-01-12,1211.5,1215.5,1202.5,1204,,,0,0,,,,,,,,,,,1215.5,1202.5,1204,74233,1237.911668418286,1227.4821184502885
2015-01-13,1204,1215.25,1195.75,1196.5,,,0,0,,,,,,,,,,,1215.25,1195.75,1196.5,61834,1234.1469712893509,1226.2671334130223
2015-01-14,1196.5,1198.25,1184.5,1186.25,,,0,0,,,,,,,,,,,1198.25,1184.5,1186.25,66809,1229.7927011721372,1224.697834063492
2015-01-15,1189,1193.5,1176.5,1181.25,,,0,0,,,,,,,,,,,1193.5,1176.5,1181.25,59519,1225.3797283383064,1222.9939974335512
2015-01-16,1185.25,1190.5,1179.75,1181.25,,,0,0,,,,,,,,,,,1190.5,1179.75,1181.25,54200,1221.3679348530059,1221.356977926353
2015-01-20,1180.75,1188.25,1171.5,1185.5,,,0,0,,,,,,,,,,,1188.25,1171.5,1185.5,62926,1218.1072135027325,1219.950821929241
2015-01-21,1185.75,1193,1184,1185.25,,,0,0,,,,,,,,,,,1193,1184,1185.25,50807,1215.1201940933931,1218.5900053829964
2015-01-22,1185,1191,1181,1182.25,,,0,0,,,,,,,,,,,1191,1181,1182.25,44525,1212.1319946303574,1217.1649071326829
2015-01-23,1181.25,1184.5,1174.75,1178.5,,,0,0,,,,,,,,,,,1184.5,1174.75,1178.5,57432,1209.0745405730522,1215.6486362647345
2015-01-26,1179.25,1183.25,1167.75,1169,,,0,0,,,,,,,,,,,1183.25,1167.75,1169,52607,1205.4314005209565,1213.819277979843
2015-01-27,1168,1172.75,1166,1167.5,,,0,0,,,,,,,,,,,1172.75,1166,1167.5,40915,1201.9830913826877,1212.0028357061237
2015-01-28,1167.5,1169,1151.5,1153.75,,,0,0,,,,,,,,,,,1169,1151.5,1153.75,78409,1197.5982648933525,1209.7184107764717
2015-01-29,1154.5,1160.75,1149.25,1156.25,,,0,0,,,,,,,,,,,1160.75,1149.25,1156.25,76823,1193.8393317212297,1207.621610353865
2015-01-30,1156.5,1160.25,1145.5,1151.25,,,0,0,,,,,,,,,,,1160.25,1145.5,1151.25,67223,1189.967574292027,1205.410958967439
2015-02-02,1151.5,1154,1140.75,1141.25,,,0,0,,,,,,,,,,,1154,1140.75,1141.25,58166,1185.5387039018426,1202.8948429295003
2015-02-03,1142,1164.25,1141.5,1162.25,,,0,0,,,,,,,,,,,1164.25,1141.5,1162.25,71013,1183.4215490016752,1201.3009275205004
2015-02-04,1163,1170.25,1156,1159.5,,,0,0,,,,,,,,,,,1170.25,1156,1159.5,64767,1181.2468627287956,1199.6616754608729
2015-02-05,1159.75,1176.25,1157,1174.25,,,0,0,,,,,,,,,,,1176.25,1157,1174.25,84138,1180.6107842989052,1198.6651391682897
2015-02-06,1175,1182.5,1165,1175.5,,,0,0,,,,,,,,,,,1182.5,1165,1175.5,85342,1180.1461675444593,1197.7567023381607
2015-02-09,1175.5,1180.75,1170,1178.25,,,0,0,,,,,,,,,,,1180.75,1170,1178.25,77084,1179.9737886767812,1196.9917336190172
2015-02-10,1175.5,1179.25,1167,1170.25,,,0,0,,,,,,,,,,,1179.25,1167,1170.25,86985,1179.089807887983,1195.9430381829773
2015-02-11,1169.25,1176.5,1164.25,1174.25,,,0,0,,,,,,,,,,,1176.5,1164.25,1174.25,96606,1178.6498253527118,1195.0923308032527
2015-02-12,1171.75,1176.25,1166.75,1169.75,,,0,0,,,,,,,,,,,1176.25,1166.75,1169.75,92568,1177.840750320647,1194.0985139090076
2015-02-13,1169.5,1180.5,1168.25,1179.25,,,0,0,,,,,,,,,,,1180.5,1168.25,1179.25,65729,1177.9688639278609,1193.5162192459093
2015-02-17,1180.25,1195,1178.75,1181.75,,,0,0,,,,,,,,,,,1195,1178.75,1181.75,50224,1178.3126035707826,1193.0547988833246
2015-02-18,1185.5,1189.75,1170.25,1173.75,,,0,0,,,,,,,,,,,1189.75,1170.25,1173.75,61184,1177.8978214279841,1192.2977479467236
2015-02-19,1174,1179.75,1169,1169.5,,,0,0,,,,,,,,,,,1179.75,1169,1169.5,52418,1177.1343831163492,1191.4037186154794
2015-02-20,1168.75,1173.75,1156,1157,,,0,0,,,,,,,,,,,1173.75,1156,1157,75767,1175.3039846512265,1190.0545531795783
2015-02-23,1157.5,1160.5,1152.25,1154,,,0,0,,,,,,,,,,,1160.5,1152.25,1154,66912,1173.3672587738422,1188.6406491333203
2015-02-24,1154.5,1160.75,1152.25,1153.75,,,0,0,,,,,,,,,,,1160.75,1152.25,1153.75,56254,1171.5838716125838,1187.272388382994
2015-02-25,1153.5,1155.75,1145,1147.25,,,0,0,,,,,,,,,,,1155.75,1145,1147.25,49819,1169.3717014659853,1185.7028829562098
2015-02-26,1147,1151.25,1139.75,1150.5,,,0,0,,,,,,,,,,,1151.25,1139.75,1150.5,61630,1167.6560922418048,1184.3223777422409
2015-02-27,1151,1167.75,1148.25,1163,,,0,0,,,,,,,,,,,1167.75,1148.25,1163,67257,1167.2328111289135,1183.4862060660746
2015-03-02,1163.5,1168.75,1149.5,1150,,,0,0,,,,,,,,,,,1168.75,1149.5,1150,57543,1165.6661919353758,1182.173021514464
2015-03-03,1151.75,1157,1143,1156,,,0,0,,,,,,,,,,,1157,1143,1156,57834,1164.7874472139779,1181.1466285138968
2015-03-04,1155,1156,1144,1146,,,0,0,,,,,,,,,,,1156,1144,1146,94618,1163.0794974672526,1179.768329356489
2015-03-05,1146.75,1146.75,1130.25,1130.5,,,0,0,,,,,,,,,,,1146.75,1130.25,1130.5,87945,1160.1177249702296,1177.8362380091758
2015-03-06,1130.75,1135.5,1128.25,1132.5,,,0,0,,,,,,,,,,,1135.5,1128.25,1132.5,65181,1157.6070227002087,1176.0583463225414
2015-03-09,1133.75,1145,1133.5,1140,,,0,0,,,,,,,,,,,1145,1133.5,1140,56022,1156.006384272917,1174.644293525579
2015-03-10,1140,1146.75,1133.25,1143.25,,,0,0,,,,,,,,,,,1146.75,1133.25,1143.25,52483,1154.8467129753792,1173.4131447598702
2015-03-11,1144.5,1152,1143.75,1149,,,0,0,,,,,,,,,,,1152,1143.75,1149,53452,1154.3151936139811,1172.455766533993
2015-03-12,1148.25,1163.5,1148,1157.25,,,0,0,,,,,,,,,,,1163.5,1148,1157.25,70579,1154.5819941945283,1171.8594619640326
2015-03-13,1157.25,1163.5,1148.75,1152,,,0,0,,,,,,,,,,,1163.5,1148.75,1152,57249,1154.3472674495713,1171.0806595340705
2015-03-16,1153.25,1165.75,1143,1164,,,0,0,,,,,,,,,,,1165.75,1143,1164,59482,1155.2247885905194,1170.8029866111658
2015-03-17,1165.5,1168,1153,1153.5,,,0,0,,,,,,,,,,,1168,1153,1153.5,51560,1155.067989627745,1170.1244381166102
2015-03-18,1153,1162.5,1150.75,1160.75,,,0,0,,,,,,,,,,,1162.5,1150.75,1160.75,44511,1155.5845360252226,1169.7568130924294
2015-03-19,1166,1170,1155.25,1162,,,0,0,,,,,,,,,,,1170,1155.25,1162,55533,1156.1677600229298,1169.4526243437067
2015-03-20,1161,1180.5,1160,1180,,,0,0,,,,,,,,,,,1180.5,1160,1180,70791,1158.3343272935724,1169.8662469184633
2015-03-23,1183.25,1190.5,1181.75,1184,,,0,0,,,,,,,,,,,1190.5,1181.75,1184,58101,1160.667570266884,1170.4205117451902
2015-03-24,1181.25,1181.75,1172.5,1173.5,,,0,0,,,,,,,,,,,1181.75,1172.5,1173.5,57560,1161.8341547880764,1170.5412759904768
2015-03-25,1173,1178.25,1166,1169,,,0,0,,,,,,,,,,,1178.25,1166,1169,46777,1162.4855952618875,1170.4808337947718
2015-03-26,1169,1175.25,1148.25,1149.25,,,0,0,,,,,,,,,,,1175.25,1148.25,1149.25,84097,1161.2823593289886,1169.6482520773297
2015-03-27,1149,1159,1149,1157.75,,,0,0,,,,,,,,,,,1159,1149,1157.75,55820,1160.961235753626,1169.18165395665
2015-03-30,1163.25,1181,1158.75,1180.25,,,0,0,,,,,,,,,,,1181,1158.75,1180.25,88442,1162.7147597760236,1169.6157067426639
2015-03-31,1181.75,1181.75,1159,1161.75,,,0,0,,,,,,,,,,,1181.75,1159,1161.75,103920,1162.6270543418395,1169.3072476547163
2015-04-01,1163,1179,1156,1178.5,,,0,0,,,,,,,,,,,1179,1156,1178.5,83997,1164.0700494016723,1169.6677477466883
2015-04-02,1178,1194.25,1172.5,1186.25,,,0,0,,,,,,,,,,,1194.25,1172.5,1186.25,93322,1166.0864085469748,1170.318032148779
2015-04-06,1187.5,1193.75,1175,1177.75,,,0,0,,,,,,,,,,,1193.75,1175,1177.75,53328,1167.1467350427044,1170.6094818684346
2015-04-07,1176,1184,1167.75,1176,,,0,0,,,,,,,,,,,1184,1167.75,1176,81410,1167.9515773115495,1170.8208747363392
2015-04-08,1178,1180.75,1168.25,1176.25,,,0,0,,,,,,,,,,,1180.75,1168.25,1176.25,91366,1168.705979374136,1171.0337816094238
2015-04-09,1175.5,1176.75,1163.75,1168.75,,,0,0,,,,,,,,,,,1176.75,1163.75,1168.75,92579,1168.7099812492145,1170.944221546309
2015-04-10,1168,1177.5,1165.5,1176.5,,,0,0,,,,,,,,,,,1177.5,1165.5,1176.5,97676,1169.4181647720131,1171.1620952111598
2015-04-13,1168,1170,1151.5,1152.25,,,0,0,,,,,,,,,,,1170,1151.5,1152.25,105802,1167.857422520012,1170.4204444185652
2015-04-14,1154.25,1156.25,1146.25,1147,,,0,0,,,,,,,,,,,1156.25,1146.25,1147,89811,1165.961293200011,1169.501995617837
2015-04-15,1148.5,1153.75,1140,1140.75,,,0,0,,,,,,,,,,,1153.75,1140,1140.75,74272,1163.6693574545554,1168.3744663779219
2015-04-16,1140,1145.5,1139,1144.5,,,0,0,,,,,,,,,,,1145.5,1139,1144.5,69497,1161.9266885950503,1167.4382127944739
2015-04-17,1144,1148.75,1141,1143,,,0,0,,,,,,,,,,,1148.75,1141,1143,63216,1160.2060805409549,1166.479851508416
2015-04-20,1142.5,1152.5,1141.75,1152,,,0,0,,,,,,,,,,,1152.5,1141.75,1152,76522,1159.46007321905,1165.9120141943604
2015-04-21,1152,1159.5,1147.5,1154,,,0,0,,,,,,,,,,,1159.5,1147.5,1154,77070,1158.963702926409,1165.4448763828168
2015-04-22,1153.5,1158.25,1149.25,1152.75,,,0,0,,,,,,,,,,,1158.25,1149.25,1152.75,49585,1158.39882084219,1164.9470380932946
2015-04-23,1153,1159.75,1153,1155,,,0,0,,,,,,,,,,,1159.75,1153,1155,58372,1158.0898371292635,1164.5569581680675
2015-04-24,1155.25,1156.5,1141.25,1142.25,,,0,0,,,,,,,,,,,1156.5,1141.25,1142.25,67960,1156.6498519356942,1163.6821754948098
2015-04-27,1142.25,1144.25,1126,1127,,,0,0,,,,,,,,,,,1144.25,1126,1127,79261,1153.9544108506311,1162.243658808739
2015-04-28,1128.75,1132.25,1117.75,1130,,,0,0,,,,,,,,,,,1132.25,1117.75,1130,91270,1151.7767371369373,1160.979201600553
2015-04-29,1129.75,1137.75,1128,1137.25,,,0,0,,,,,,,,,,,1137.75,1128,1137.25,64792,1150.456124669943,1160.0486446750413
2015-04-30,1137.75,1142.5,1125.5,1127.75,,,0,0,,,,,,,,,,,1142.5,1125.5,1127.75,75114,1148.39193151813,1158.782031158373
2015-05-01,1129.75,1133,1122,1127.75,,,0,0,,,,,,,,,,,1133,1122,1127.75,49721,1146.515392289209,1157.5650887600054
2015-05-04,1124.75,1128.25,1120.25,1126.5,,,0,0,,,,,,,,,,,1128.25,1120.25,1126.5,39696,1144.6958111720082,1156.3468499851033
2015-05-05,1125,1126.5,1114.5,1120.25,,,0,0,,,,,,,,,,,1126.5,1114.5,1120.25,52989,1142.4734647018256,1154.9312872405894
2015-05-06,1122,1136,1121.25,1133,,,0,0,,,,,,,,,,,1136,1121.25,1133,74679,1141.6122406380232,1154.0712367605663
2015-05-07,1134.25,1137.75,1125,1126.5,,,0,0,,,,,,,,,,,1137.75,1125,1126.5,59418,1140.238400580021,1152.9900117895636
2015-05-08,1125.25,1136.75,1125.25,1135.25,,,0,0,,,,,,,,,,,1136.75,1125.25,1135.25,37251,1139.784909618201,1152.294325052718
2015-05-11,1136.75,1138,1130,1134.75,,,0,0,,,,,,,,,,,1138,1130,1134.75,50515,1139.3271905620009,1151.6063123055526
2015-05-12,1134.75,1144.75,1131.75,1134.25,,,0,0,,,,,,,,,,,1144.75,1131.75,1134.25,104183,1138.8656277836371,1150.9256726072956
2015-05-13,1134.5,1140.25,1124.75,1135.25,,,0,0,,,,,,,,,,,1140.25,1124.75,1135.25,68205,1138.536934348761,1150.310940348186
2015-05-14,1135.25,1169,1134.5,1168,,,0,0,,,,,,,,,,,1169,1134.5,1168,147584,1141.21539486251,1151.0046289619827
2015-05-15,1168.75,1173.5,1159.75,1164.75,,,0,0,,,,,,,,,,,1173.5,1159.75,1164.75,96766,1143.3549044204638,1151.5436631203363
2015-05-18,1164.75,1184,1161.75,1175.5,,,0,0,,,,,,,,,,,1184,1161.75,1175.5,89702,1146.2771858367853,1152.4831273116956
2015-05-19,1173.5,1178.5,1157.5,1164,,,0,0,,,,,,,,,,,1178.5,1157.5,1164,84320,1147.8883507607138,1152.9347693779036
2015-05-20,1164.75,1169.5,1156.75,1166.75,,,0,0,,,,,,,,,,,1169.5,1156.75,1166.75,82319,1149.6030461461035,1153.4765431277897
2015-05-21,1168.25,1181.75,1164.75,1175.75,,,0,0,,,,,,,,,,,1181.75,1164.75,1175.75,91976,1151.9800419510032,1154.350012024739
2015-05-22,1175.25,1182.75,1164.75,1169,,,0,0,,,,,,,,,,,1182.75,1164.75,1169,76964,1153.5273108645483,1154.9245213571023
2015-05-26,1169,1173.5,1145.75,1147.25,,,0,0,,,,,,,,,,,1173.5,1145.75,1147.25,102712,1152.9566462404985,1154.6235597352552
2015-05-27,1149.75,1150,1135.75,1141.5,,,0,0,,,,,,,,,,,1150,1135.75,1141.5,103568,1151.9151329459078,1154.1089103338727
2015-05-28,1142.75,1148.5,1136.75,1142.5,,,0,0,,,,,,,,,,,1148.5,1136.75,1142.5,80155,1151.059211769007,1153.6536589482307
2015-05-29,1141.75,1143,1128.25,1130.75,,,0,0,,,,,,,,,,,1143,1128.25,1130.75,81444,1149.2129197900065,1152.7554762443785
2015-06-01,1131.75,1149.25,1127.75,1147.5,,,0,0,,,,,,,,,,,1149.25,1127.75,1147.5,90078,1149.0571998090968,1152.5493791367558
2015-06-02,1149,1167,1146.75,1166.25,,,0,0,,,,,,,,,,,1167,1146.75,1166.25,96582,1150.6201816446335,1153.0866583862949
2015-06-03,1167.5,1180,1162,1164.5,,,0,0,,,,,,,,,,,1180,1162,1164.5,116592,1151.8819833133032,1153.5342404103617
2015-06-04,1163.75,1178,1157.75,1177.5,,,0,0,,,,,,,,,,,1178,1157.75,1177.5,100423,1154.2108939211846,1154.4740741197593
2015-06-05,1178.75,1187.75,1169.75,1170.75,,,0,0,,,,,,,,,,,1187.75,1169.75,1170.75,145062,1155.7144490192588,1155.112345722906
2015-06-08,1170.75,1186.5,1169.75,1181.75,,,0,0,,,,,,,,,,,1186.5,1169.75,1181.75,103337,1158.0813172902353,1156.1569596161253
2015-06-09,1181.25,1191,1177.75,1186,,,0,0,,,,,,,,,,,1191,1177.75,1186,113552,1160.6193793547593,1157.327274925297
2015-06-10,1187,1191.25,1166.25,1167.25,,,0,0,,,,,,,,,,,1191.25,1166.25,1167.25,154342,1161.222163049781,1157.7164013988147
2015-06-11,1167.75,1169.25,1156.25,1158,,,0,0,,,,,,,,,,,1169.25,1156.25,1158,96999,1160.9292391361646,1157.7275229125867
2015-06-12,1157.75,1164.5,1154.25,1157.5,,,0,0,,,,,,,,,,,1164.5,1154.25,1157.5,60187,1160.617490123786,1157.7186004454263
2015-06-15,1157.5,1157.5,1139.75,1143,,,0,0,,,,,,,,,,,1157.5,1139.75,1143,85937,1159.0159001125328,1157.1414004279586
2015-06-16,1142.75,1148.75,1140.75,1142.5,,,0,0,,,,,,,,,,,1148.75,1140.75,1142.5,67525,1157.514454647757,1156.5672278621564
2015-06-17,1143,1153.25,1143,1145,,,0,0,,,,,,,,,,,1153.25,1143,1145,48540,1156.3767769525064,1156.1136110832483
2015-06-18,1145,1152.25,1140.75,1141.25,,,0,0,,,,,,,,,,,1152.25,1140.75,1141.25,62731,1155.0016154113694,1155.5307243741013
2015-06-19,1141,1145.5,1136.25,1140.5,,,0,0,,,,,,,,,,,1145.5,1136.25,1140.5,63604,1153.6832867376086,1154.9412842025679
2015-06-22,1139.75,1156.75,1139.25,1154,,,0,0,,,,,,,,,,,1156.75,1139.25,1154,55148,1153.7120788523714,1154.9043710965848
2015-06-23,1154.5,1176,1154.5,1175,,,0,0,,,,,,,,,,,1176,1154.5,1175,83987,1155.6473444112466,1155.69243497515
2015-06-24,1175.75,1183.25,1167.25,1171.25,,,0,0,,,,,,,,,,,1183.25,1167.25,1171.25,82354,1157.0657676465878,1156.30253556436
2015-06-25,1170.75,1187,1166.25,1186,,,0,0,,,,,,,,,,,1187,1166.25,1186,75368,1159.6961524059889,1157.4671420128163
2015-06-26,1186.5,1220,1184,1216,,,0,0,,,,,,,,,,,1220,1184,1216,176120,1164.8146840054444,1159.7625482083922
2015-06-29,1211,1239.5,1210.75,1231.5,,,0,0,,,,,,,,,,,1239.5,1210.75,1231.5,152061,1170.876985459495,1162.5757816119847
2015-06-30,1231.25,1265.5,1223.75,1263.75,,,0,0,,,,,,,,,,,1265.5,1223.75,1263.75,150145,1179.3199867813591,1166.5433980193577
2015-07-01,1262.5,1263,1224,1236.5,,,0,0,,,,,,,,,,,1263,1224,1236.5,131618,1184.5181698012357,1169.2867941754614
2015-07-02,1236,1249,1222,1238.5,,,0,0,,,,,,,,,,,1249,1222,1238.5,84312,1189.4256089102144,1172.0010375411296
2015-07-06,1232.5,1247.75,1220.25,1243.5,,,0,0,,,,,,,,,,,1247.75,1220.25,1243.5,96341,1194.3414626456495,1174.8049184218696
2015-07-07,1241,1241.25,1226.25,1233.25,,,0,0,,,,,,,,,,,1241.25,1226.25,1233.25,88994,1197.8786024051358,1177.0968824053257
2015-07-08,1232.25,1236.25,1221,1225.5,,,0,0,,,,,,,,,,,1236.25,1221,1225.5,61359,1200.3896385501234,1178.9950438796266
2015-07-09,1224.5,1234.5,1223.25,1226,,,0,0,,,,,,,,,,,1234.5,1223.25,1226,64575,1202.717853227385,1180.8383754921902
2015-07-10,1225,1236.25,1216.5,1224,,,0,0,,,,,,,,,,,1236.25,1216.5,1224,82840,1204.6525938430773,1182.5309882179865
2015-07-13,1222.5,1224.75,1214.5,1223.75,,,0,0,,,,,,,,,,,1224.75,1214.5,1223.75,57597,1206.3887216755247,1184.1474200525754
2015-07-14,1223,1230.5,1217.25,1219,,,0,0,,,,,,,,,,,1230.5,1217.25,1219,63921,1207.5352015232043,1185.5141878936508
2015-07-15,1217.5,1217.75,1206.5,1214.75,,,0,0,,,,,,,,,,,1217.75,1206.5,1214.75,73106,1208.191092293822,1186.660690329194
2015-07-16,1215.5,1222,1209.5,1210.25,,,0,0,,,,,,,,,,,1222,1209.5,1210.25,62170,1208.3782657216564,1187.5857612966765
2015-07-17,1209.75,1209.75,1194,1202,,,0,0,,,,,,,,,,,1209.75,1194,1202,66022,1207.798423383324,1188.151025559552
2015-07-20,1201,1201,1178.5,1180.75,,,0,0,,,,,,,,,,,1201,1178.5,1180.75,64326,1205.3394758030217,1187.860789263099
2015-07-21,1181.5,1185.75,1171.75,1172.75,,,0,0,,,,,,,,,,,1185.75,1171.75,1172.75,71225,1202.3767961845651,1187.268209291997
2015-07-22,1172,1176.25,1163.25,1164.75,,,0,0,,,,,,,,,,,1176.25,1163.25,1164.75,71935,1198.9561783496047,1186.3851422609382
2015-07-23,1164.75,1175,1164.5,1169.5,,,0,0,,,,,,,,,,,1175,1164.5,1169.5,53193,1196.278343954186,1185.7229798193327
2015-07-24,1168.75,1171.75,1157.5,1159.75,,,0,0,,,,,,,,,,,1171.75,1157.5,1159.75,55254,1192.9575854128964,1184.7044315911237
2015-07-27,1159,1159.75,1149.25,1150.5,,,0,0,,,,,,,,,,,1159.75,1149.25,1150.5,61326,1189.097804920815,1183.3630813326483
2015-07-28,1150.5,1160.5,1149.75,1158.75,,,0,0,,,,,,,,,,,1160.5,1149.75,1158.75,78774,1186.3389135643772,1182.397862456858
2015-07-29,1160,1160.5,1143.5,1144.25,,,0,0,,,,,,,,,,,1160.5,1143.5,1144.25,68770,1182.5126486948884,1180.9018678507068
2015-07-30,1143.75,1152.75,1141.75,1144.5,,,0,0,,,,,,,,,,,1152.75,1141.75,1144.5,69188,1179.0569533589894,1179.4743436212673
2015-07-31,1144.75,1151.5,1143.75,1147.25,,,0,0,,,,,,,,,,,1151.5,1143.75,1147.25,64474,1176.1654121445358,1178.2106438714136
2015-08-03,1145.25,1149.75,1138.5,1147,,,0,0,,,,,,,,,,,1149.75,1138.5,1147,56799,1173.514011040487,1176.9866970529267
2015-08-04,1147,1154.75,1139.25,1141.5,,,0,0,,,,,,,,,,,1154.75,1139.25,1141.5,63486,1170.6036464004428,1175.5950618743807
2015-08-05,1142.25,1152.5,1140,1150,,,0,0,,,,,,,,,,,1152.5,1140,1150,67497,1168.7305876367661,1174.5913339577382
2015-08-06,1150,1162,1146.25,1155,,,0,0,,,,,,,,,,,1162,1146.25,1155,89887,1167.4823523970601,1173.8230463515524
2015-08-07,1155.75,1162,1151.75,1158.5,,,0,0,,,,,,,,,,,1162,1151.75,1158.5,82793,1166.6657749064184,1173.2221425730602
2015-08-10,1160,1178,1157.25,1173.5,,,0,0,,,,,,,,,,,1178,1157.25,1173.5,89220,1167.287068096744,1173.233038942744
2015-08-11,1170.5,1172.25,1152,1155.25,,,0,0,,,,,,,,,,,1172.25,1152,1155.25,95677,1166.1927891788582,1172.5278217293032
2015-08-12,1155.25,1162.75,1132,1140.25,,,0,0,,,,,,,,,,,1162.75,1132,1140.25,103263,1163.834353798962,1171.2620247987422
2015-08-13,1141,1152.75,1140,1151.25,,,0,0,,,,,,,,,,,1152.75,1140,1151.25,71663,1162.6903216354199,1170.4772395125171
2015-08-14,1151.25,1160.25,1145.75,1154.5,,,0,0,,,,,,,,,,,1160.25,1145.75,1154.5,50412,1161.9457469412907,1169.8506811002617
2015-08-17,1152.75,1157.25,1146.5,1148.5,,,0,0,,,,,,,,,,,1157.25,1146.5,1148.5,42118,1160.7234063102644,1169.0133994884868
2015-08-18,1147.75,1151.25,1141,1142.75,,,0,0,,,,,,,,,,,1151.25,1141,1142.75,54986,1159.0894602820586,1167.9834622536441
2015-08-19,1143.25,1146.5,1139,1144,,,0,0,,,,,,,,,,,1146.5,1139,1144,61932,1157.7176911655079,1167.0429343221288
2015-08-20,1143.25,1156.5,1143,1155.25,,,0,0,,,,,,,,,,,1156.5,1143,1155.25,65085,1157.493355605007,1166.5804663094962
2015-08-21,1153.25,1156,1144,1148,,,0,0,,,,,,,,,,,1156,1144,1148,59936,1156.630323277279,1165.8518205718688
2015-08-24,1146.75,1153.25,1135.5,1152,,,0,0,,,,,,,,,,,1153.25,1135.5,1152,83197,1156.2093847975264,1165.3086119219915
2015-08-25,1154,1160,1140.5,1143.5,,,0,0,,,,,,,,,,,1160,1140.5,1143.5,91360,1155.0539861795694,1164.4533722387762
2015-08-26,1147,1148.25,1137,1138.25,,,0,0,,,,,,,,,,,1148.25,1137,1138.25,66035,1153.5263510723357,1163.4257890137262
2015-08-27,1139,1144.25,1131.25,1133.75,,,0,0,,,,,,,,,,,1144.25,1131.25,1133.75,114153,1151.7285009748507,1162.2620325818154
2015-08-28,1134,1137.5,1126.75,1127.75,,,0,0,,,,,,,,,,,1137.5,1126.75,1127.75,76471,1149.5486372498642,1160.9086195393913
2015-08-31,1127.25,1130.5,1120.5,1129,,,0,0,,,,,,,,,,,1130.5,1120.5,1129,71578,1147.6805793180583,1159.6573011260818
2015-09-01,1128.5,1135.5,1126.25,1130.25,,,0,0,,,,,,,,,,,1135.5,1126.25,1130.25,73628,1146.0959811982348,1158.5040736309413
2015-09-02,1129.75,1134,1120.5,1123,,,0,0,,,,,,,,,,,1134,1120.5,1123,78632,1143.9963465438498,1157.1117570179633
2015-09-03,1123.5,1123.5,1108.75,1109.25,,,0,0,,,,,,,,,,,1123.5,1108.75,1109.25,87277,1140.8375877671363,1155.2348253702
2015-09-04,1110,1113.75,1107,1111.75,,,0,0,,,,,,,,,,,1113.75,1107,1111.75,48305,1138.1932616064876,1153.5295381007804
2015-09-08,1112,1120.75,1112,1119,,,0,0,,,,,,,,,,,1120.75,1112,1119,53342,1136.4484196422613,1152.1754385674164
2015-09-09,1117,1125,1115,1116.25,,,0,0,,,,,,,,,,,1125,1115,1116.25,57830,1134.6121996747831,1150.7665978392824
2015-09-10,1116.25,1123.5,1115.5,1122,,,0,0,,,,,,,,,,,1123.5,1115.5,1122,41878,1133.4656360679846,1149.6384959632321
2015-09-11,1122,1129.5,1112.5,1129,,,0,0,,,,,,,,,,,1129.5,1112.5,1129,75842,1133.0596691527132,1148.8291431803602
2015-09-14,1130,1145.75,1129.75,1145.25,,,0,0,,,,,,,,,,,1145.75,1129.75,1145.25,80355,1134.1678810479211,1148.6887846242678
2015-09-15,1144,1147.25,1136.25,1138.75,,,0,0,,,,,,,,,,,1147.25,1136.25,1138.75,58317,1134.584437316292,1148.2990283644926
2015-09-16,1138.75,1139.25,1127,1132.25,,,0,0,,,,,,,,,,,1139.25,1127,1132.25,57613,1134.3722157420837,1147.66965470314
2015-09-17,1132.25,1133.75,1124.5,1125.5,,,0,0,,,,,,,,,,,1133.75,1124.5,1125.5,41222,1133.5656506746216,1146.8002564794874
2015-09-18,1125.25,1132.75,1124,1130.75,,,0,0,,,,,,,,,,,1132.75,1124,1130.75,44517,1133.3096824314741,1146.1708346567625
2015-09-21,1129.75,1143.25,1124.5,1140.75,,,0,0,,,,,,,,,,,1143.25,1124.5,1140.75,67083,1133.9860749377037,1145.958252905517
2015-09-22,1140.5,1140.75,1132.25,1139.5,,,0,0,,,,,,,,,,,1140.75,1132.25,1139.5,51729,1134.487340852458,1145.7049880856928
2015-09-23,1138.5,1152.5,1137.75,1151.5,,,0,0,,,,,,,,,,,1152.5,1137.75,1151.5,76320,1136.0339462295071,1145.9322434548812
2015-09-24,1151,1153,1140.75,1141.25,,,0,0,,,,,,,,,,,1153,1140.75,1141.25,55079,1136.5081329359157,1145.7486260644937
2015-09-25,1141.75,1154.5,1140.25,1151.75,,,0,0,,,,,,,,,,,1154.5,1140.25,1151.75,59650,1137.893757214469,1145.9839740619645
2015-09-28,1152.5,1159.5,1144,1149.5,,,0,0,,,,,,,,,,,1159.5,1144,1149.5,67309,1138.9488701949717,1146.1218574320835
2015-09-29,1150,1153.75,1144.5,1147.75,,,0,0,,,,,,,,,,,1153.75,1144.5,1147.75,46925,1139.7489729045199,1146.185706160237
2015-09-30,1147.25,1159.5,1142.25,1156.75,,,0,0,,,,,,,,,,,1159.5,1142.25,1156.75,103544,1141.2945208222907,1146.5999921931689
2015-10-01,1156,1167.75,1155.75,1162.25,,,0,0,,,,,,,,,,,1167.75,1155.75,1162.25,95783,1143.1995643839007,1147.213717989515
2015-10-02,1161.75,1167,1155.75,1157.25,,,0,0,,,,,,,,,,,1167,1155.75,1157.25,62642,1144.476876712637,1147.6072976762007
2015-10-05,1156.25,1162,1152.75,1159.5,,,0,0,,,,,,,,,,,1162,1152.75,1159.5,51397,1145.8426151933063,1148.073678159487
2015-10-06,1158,1171,1157,1170.25,,,0,0,,,,,,,,,,,1171,1157,1170.25,68615,1148.0614683575511,1148.943337839507
2015-10-07,1169.75,1175.5,1159,1160.75,,,0,0,,,,,,,,,,,1175.5,1159,1160.75,68717,1149.2149712341375,1149.406344198742
2015-10-08,1160,1166,1153.25,1155.5,,,0,0,,,,,,,,,,,1166,1153.25,1155.5,68794,1149.7863374855795,1149.645311092909
2015-10-09,1155,1163.5,1148,1153.25,,,0,0,,,,,,,,,,,1163.5,1148,1153.25,80570,1150.1012158959813,1149.7866714422066
2015-10-12,1151.75,1154.5,1147.25,1150.75,,,0,0,,,,,,,,,,,1154.5,1147.25,1150.75,43655,1150.160196269074,1149.8244490327083
2015-10-13,1150.75,1165.75,1149,1163,,,0,0,,,,,,,,,,,1165.75,1149,1163,68044,1151.3274511537036,1150.3411373059355
2015-10-14,1162.5,1163.75,1151.5,1152.25,,,0,0,,,,,,,,,,,1163.75,1151.5,1152.25,56488,1151.4113192306397,1150.415994666487
2015-10-15,1151.75,1156.75,1146,1146.5,,,0,0,,,,,,,,,,,1156.75,1146,1146.5,40391,1150.9648356642178,1150.2624262481934
2015-10-16,1146.25,1150,1133.75,1136.25,,,0,0,,,,,,,,,,,1150,1133.75,1136.25,91068,1149.6271233311072,1149.7129193364995
2015-10-19,1135.25,1137.5,1128.25,1129.75,,,0,0,,,,,,,,,,,1137.5,1128.25,1129.75,71086,1147.8201121191885,1148.930059754676
2015-10-20,1130.25,1135.75,1127.25,1135.25,,,0,0,,,,,,,,,,,1135.75,1127.25,1135.25,46451,1146.6773746538076,1148.3935868231201
2015-10-21,1135.75,1141.5,1134.25,1138.75,,,0,0,,,,,,,,,,,1141.5,1134.25,1138.75,42879,1145.9567042307342,1148.0154069477037
2015-10-22,1138.75,1144.75,1134.5,1134.75,,,0,0,,,,,,,,,,,1144.75,1134.5,1134.75,50127,1144.9379129370311,1147.4951949105389
2015-10-23,1134.75,1138,1128.75,1134.5,,,0,0,,,,,,,,,,,1138,1128.75,1134.5,71235,1143.9890117609373,1146.985579423851
2015-10-26,1137.25,1156,1137.25,1153,,,0,0,,,,,,,,,,,1156,1137.25,1153,108092,1144.808192509943,1147.2214390542883
2015-10-27,1154,1162,1150.5,1153.25,,,0,0,,,,,,,,,,,1162,1150.5,1153.25,82173,1145.5756295544936,1147.4578532090222
2015-10-28,1151.75,1152.75,1144,1150,,,0,0,,,,,,,,,,,1152.75,1144,1150,71717,1145.9778450495396,1147.557545240041
2015-10-29,1150,1161.5,1149,1159,,,0,0,,,,,,,,,,,1161.5,1149,1159,94994,1147.1616773177632,1148.0062689561178
2015-10-30,1159.25,1167.5,1159,1166,,,0,0,,,,,,,,,,,1167.5,1159,1166,85681,1148.8742521070574,1148.7119054676425
2015-11-02,1164,1166.75,1150.75,1152,,,0,0,,,,,,,,,,,1166.75,1150.75,1152,70898,1149.1584110064157,1148.8408503512644
2015-11-03,1151.5,1161,1149.75,1160.5,,,0,0,,,,,,,,,,,1161,1149.75,1160.5,64386,1150.189464551287,1149.2980719061168
2015-11-04,1160,1174.75,1152.25,1170.25,,,0,0,,,,,,,,,,,1174.75,1152.25,1170.25,112473,1152.0131495920791,1150.1197161450925
2015-11-05,1168.25,1173,1164.25,1170.25,,,0,0,,,,,,,,,,,1173,1164.25,1170.25,115823,1153.6710450837083,1150.9091390413635
2015-11-06,1168.5,1170,1161.75,1167.25,,,0,0,,,,,,,,,,,1170,1161.75,1167.25,91783,1154.905495530644,1151.5499571181726
2015-11-09,1164.5,1165.25,1145.25,1145.75,,,0,0,,,,,,,,,,,1165.25,1145.25,1145.75,131560,1154.073177755131,1151.3225078194207
2015-11-10,1146,1148,1132,1134.75,,,0,0,,,,,,,,,,,1148,1132,1134.75,133293,1152.3165252319372,1150.6726055519925
2015-11-11,1135,1142,1134,1138.75,,,0,0,,,,,,,,,,,1142,1134,1138.75,83843,1151.0832047563065,1150.205052393091
2015-11-12,1139,1144.5,1136.5,1142,,,0,0,,,,,,,,,,,1144.5,1136.5,1142,87359,1150.2574588693694,1149.8832856325776
2015-11-13,1140.25,1143.75,1135.25,1139.75,,,0,0,,,,,,,,,,,1143.75,1135.25,1139.75,50136,1149.3022353357903,1149.4859018822804
2015-11-16,1139,1141.25,1134,1137.5,,,0,0,,,,,,,,,,,1141.25,1134,1137.5,34998,1148.2293048507186,1149.0158665143479
2015-11-17,1135.5,1137.25,1126.75,1129,,,0,0,,,,,,,,,,,1137.25,1126.75,1129,78954,1146.481186227926,1148.2309305726087
2015-11-18,1129,1132.5,1124,1127,,,0,0,,,,,,,,,,,1132.5,1124,1127,58602,1144.7101692981146,1147.3983450599574
2015-11-19,1126.5,1136,1124.75,1134.25,,,0,0,,,,,,,,,,,1136,1124.75,1134.25,58071,1143.7592448164678,1146.882723685057
2015-11-20,1132.5,1138,1129.75,1132,,,0,0,,,,,,,,,,,1138,1129.75,1132,50497,1142.6902225604254,1146.2990874621137
2015-11-23,1129.25,1141.75,1128,1139.75,,,0,0,,,,,,,,,,,1141.75,1128,1139.75,76804,1142.4229296003866,1146.042260502815
2015-11-24,1138.75,1139.25,1129.75,1130.5,,,0,0,,,,,,,,,,,1139.25,1129.75,1130.5,72885,1141.3390269094423,1145.4327600909398
2015-11-25,1130.5,1134.5,1129.25,1129.5,,,0,0,,,,,,,,,,,1134.5,1129.25,1129.5,69745,1140.2627517358567,1144.8079459697265
2015-11-27,1129.5,1129.5,1120,1121,,,0,0,,,,,,,,,,,1129.5,1120,1121,57868,1138.5115924871425,1143.8743010297371
2015-11-30,1119,1122.5,1117,1117.5,,,0,0,,,,,,,,,,,1122.5,1117,1117.5,100414,1136.601447715584,1142.8400147148454
2015-12-01,1116,1122.25,1112.75,1113.5,,,0,0,,,,,,,,,,,1122.25,1112.75,1113.5,70396,1134.5013161050765,1141.6894259024987
2015-12-02,1113.5,1115.5,1107.5,1109.25,,,0,0,,,,,,,,,,,1115.5,1107.5,1109.25,67975,1132.2057419137059,1140.4172915533811
2015-12-03,1109,1126,1108,1120.75,,,0,0,,,,,,,,,,,1126,1108,1120.75,75682,1131.1643108306416,1139.6460252179545
2015-12-04,1121.5,1127,1120.25,1126.5,,,0,0,,,,,,,,,,,1127,1120.25,1126.5,52447,1130.7402825733107,1139.1304948172503
2015-12-07,1130,1135,1124,1124.75,,,0,0,,,,,,,,,,,1135,1124,1124.75,78087,1130.1957114302825,1138.5665538440248
2015-12-08,1123,1126,1118.5,1123.5,,,0,0,,,,,,,,,,,1126,1118.5,1123.5,48421,1129.587010391166,1137.9757085952394
2015-12-09,1123.5,1133.25,1123.5,1131.75,,,0,0,,,,,,,,,,,1133.25,1123.5,1131.75,56275,1129.7836458101508,1137.731563160132
2015-12-10,1131,1140,1127.5,1137.5,,,0,0,,,,,,,,,,,1140,1127.5,1137.5,55281,1130.4851325546827,1137.7224822518915
2015-12-11,1137.25,1140,1129.5,1132.5,,,0,0,,,,,,,,,,,1140,1129.5,1132.5,46576,1130.6683023224389,1137.5176790263272
2015-12-14,1133.5,1139,1130.25,1135.5,,,0,0,,,,,,,,,,,1139,1130.25,1135.5,36250,1131.1075475658536,1137.4385543586282
2015-12-15,1133,1140,1128.25,1136.25,,,0,0,,,,,,,,,,,1140,1128.25,1136.25,50977,1131.575043241685,1137.39194438378
2015-12-16,1135.25,1139,1125.25,1125.5,,,0,0,,,,,,,,,,,1139,1125.25,1125.5,56697,1131.0227665833502,1136.9255936236316
2015-12-17,1124.75,1130.25,1114.25,1126,,,0,0,,,,,,,,,,,1130.25,1114.25,1126,72702,1130.5661514394092,1136.4971389717246
2015-12-18,1128,1141,1123,1128.75,,,0,0,,,,,,,,,,,1141,1123,1128.75,72904,1130.4010467630992,1136.1933296002844
2015-12-21,1128,1133,1120.25,1121,,,0,0,,,,,,,,,,,1133,1120.25,1121,45649,1129.546406148272,1135.5975127532145
2015-12-22,1122,1124.75,1113.25,1113.75,,,0,0,,,,,,,,,,,1124.75,1113.25,1113.75,45031,1128.1103692257018,1134.740747547206
2015-12-23,1114.5,1117,1110,1111.5,,,0,0,,,,,,,,,,,1117,1110,1111.5,41185,1126.600335659729,1133.8293456826098
2015-12-24,1110.5,1113.75,1109.25,1109.5,,,0,0,,,,,,,,,,,1113.75,1109.25,1109.5,20910,1125.0457596906626,1132.8752536950565
2015-12-28,1110,1114.5,1108,1108.5,,,0,0,,,,,,,,,,,1114.5,1108,1108.5,30601,1123.5415997187843,1131.9193613932896
2015-12-29,1109.5,1118.75,1109,1117.75,,,0,0,,,,,,,,,,,1118.75,1109,1117.75,36636,1123.0150906534402,1131.3637001621803
2015-12-30,1118.5,1121.5,1111.25,1111.75,,,0,0,,,,,,,,,,,1121.5,1111.25,1111.75,41223,1121.9909915031274,1130.594535449938
2015-12-31,1111.75,1114.5,1110.75,1112,,,0,0,,,,,,,,,,,1114.5,1110.75,1112,24123,1121.0827195482975,1129.865337981313
2016-01-04,1114.75,1115.5,1098,1100.25,,,0,0,,,,,,,,,,,1115.5,1098,1100.25,79124,1119.1888359529978,1128.7039521781242
2016-01-05,1102.25,1106.75,1100.5,1103.25,,,0,0,,,,,,,,,,,1106.75,1100.5,1103.25,52297,1117.7398508663616,1127.7057579750604
2016-01-06,1103.25,1107.75,1098.75,1104.75,,,0,0,,,,,,,,,,,1107.75,1098.75,1104.75,44780,1116.558955333056,1126.8055321721167
2016-01-07,1106,1111,1098.25,1110.5,,,0,0,,,,,,,,,,,1111,1098.25,1110.5,65716,1116.008141211869,1126.1660995379161
2016-01-08,1110.25,1122,1109.5,1120.5,,,0,0,,,,,,,,,,,1122,1109.5,1120.5,86311,1116.41649201079,1125.943899556037
2016-01-11,1123.25,1123.5,1108.5,1111,,,0,0,,,,,,,,,,,1123.5,1108.5,1111,70055,1115.924083646173,1125.3578642793295
2016-01-12,1112.25,1125.25,1104.5,1123.25,,,0,0,,,,,,,,,,,1125.25,1104.5,1123.25,111042,1116.5900760419754,1125.275202935042
2016-01-13,1122.5,1126.25,1118.5,1120,,,0,0,,,,,,,,,,,1126.25,1118.5,1120,63921,1116.9000691290685,1125.068332231707
2016-01-14,1120,1120,1110,1110.75,,,0,0,,,,,,,,,,,1120,1110,1110.75,61410,1116.3409719355168,1124.5068290069341
2016-01-15,1110.75,1116.5,1107,1115.75,,,0,0,,,,,,,,,,,1116.5,1107,1115.75,51486,1116.2872472141062,1124.1634239478387
2016-01-19,1117,1121,1112.5,1116.5,,,0,0,,,,,,,,,,,1121,1112.5,1116.5,53537,1116.3065883764602,1123.8628975185118
2016-01-20,1115,1117.5,1109.25,1113.5,,,0,0,,,,,,,,,,,1117.5,1109.25,1113.5,57335,1116.0514439786002,1123.4565093805309
2016-01-21,1115,1122,1112.5,1117,,,0,0,,,,,,,,,,,1122,1112.5,1117,66429,1116.137676344182,1123.2033129342356
2016-01-22,1117.5,1122,1114.5,1117.5,,,0,0,,,,,,,,,,,1122,1114.5,1117.5,48741,1116.2615239492563,1122.9796536034812
2016-01-25,1118,1125.75,1117.5,1123.5,,,0,0,,,,,,,,,,,1125.75,1117.5,1123.5,69027,1116.9195672265967,1123.000059344521
2016-01-26,1123.5,1130.5,1120,1126.75,,,0,0,,,,,,,,,,,1130.5,1120,1126.75,70110,1117.8132429332697,1123.1471158408144
2016-01-27,1126.75,1127.75,1115.5,1118.5,,,0,0,,,,,,,,,,,1127.75,1115.5,1118.5,76816,1117.8756753938817,1122.9648760039197
2016-01-28,1119,1119,1112.5,1114.25,,,0,0,,,,,,,,,,,1119,1112.5,1114.25,54662,1117.5460685398925,1122.6231161606288
2016-01-29,1114.25,1121.75,1112.75,1121.25,,,0,0,,,,,,,,,,,1121.75,1112.75,1121.25,63054,1117.8827895817205,1122.569268468055
2016-02-01,1118.25,1119,1113.25,1117.25,,,0,0,,,,,,,,,,,1119,1113.25,1117.25,54739,1117.8252632561096,1122.3606697046018
2016-02-02,1117.75,1125,1115.25,1117.25,,,0,0,,,,,,,,,,,1125,1115.25,1117.25,81869,1117.7729665964632,1122.1602512848135
2016-02-03,1117.75,1122.5,1116.5,1122,,,0,0,,,,,,,,,,,1122.5,1116.5,1122,75261,1118.1572423604212,1122.1539669207032
2016-02-04,1121,1124.5,1114.5,1114.75,,,0,0,,,,,,,,,,,1124.5,1114.5,1114.75,82202,1117.8474930549282,1121.863615276754
2016-02-05,1115.75,1116,1107.5,1108.75,,,0,0,,,,,,,,,,,1116,1107.5,1108.75,124187,1117.0204482317529,1121.349355854136
2016-02-08,1108,1110.75,1099.5,1100.5,,,0,0,,,,,,,,,,,1110.75,1099.5,1100.5,106709,1115.5185893015935,1120.5317340559347
2016-02-09,1100.75,1102.25,1097,1099.5,,,0,0,,,,,,,,,,,1102.25,1097,1099.5,93619,1114.0623539105395,1119.7069601713883
2016-02-10,1099.75,1104.75,1098.5,1103.25,,,0,0,,,,,,,,,,,1104.75,1098.5,1103.25,98224,1113.079412645945,1119.0615891842751
2016-02-11,1102.5,1107.75,1099.75,1100.25,,,0,0,,,,,,,,,,,1107.75,1099.75,1100.25,105497,1111.9131024054045,1118.3238798044997
2016-02-12,1100.75,1104,1097,1099.5,,,0,0,,,,,,,,,,,1104,1097,1099.5,69342,1110.7846385503678,1117.5856884396173
2016-02-16,1101.5,1107,1101.5,1106,,,0,0,,,,,,,,,,,1107,1101.5,1106,57767,1110.3496714094254,1117.1313477164952
2016-02-17,1105,1111.75,1104.5,1111.5,,,0,0,,,,,,,,,,,1111.75,1104.5,1111.5,62608,1110.4542467358413,1116.9105105511424
2016-02-18,1111.75,1112,1104.75,1105.5,,,0,0,,,,,,,,,,,1112,1104.75,1105.5,83335,1110.0038606689466,1116.4630395491367
2016-02-19,1105,1107.5,1103.25,1103.75,,,0,0,,,,,,,,,,,1107.5,1103.25,1103.75,52071,1109.4353278808605,1115.9644889785823
2016-02-22,1103,1106.5,1100.5,1101,,,0,0,,,,,,,,,,,1106.5,1100.5,1101,66052,1108.6684798916915,1115.3776462735398
2016-02-23,1100.75,1103,1092.25,1092.75,,,0,0,,,,,,,,,,,1103,1092.25,1092.75,92246,1107.2213453560832,1114.4902875961461
2016-02-24,1092.5,1093.25,1083.5,1088.25,,,0,0,,,,,,,,,,,1093.25,1083.5,1088.25,94442,1105.4966775964392,1113.4612567100228
2016-02-25,1089.5,1093,1086.5,1091,,,0,0,,,,,,,,,,,1093,1086.5,1091,64863,1104.1787978149448,1112.5804231135512
2016-02-26,1092,1093.25,1086,1089.25,,,0,0,,,,,,,,,,,1093.25,1086,1089.25,66911,1102.8216343772226,1111.6655045600787
2016-02-29,1092.25,1093.5,1087.5,1090.25,,,0,0,,,,,,,,,,,1093.5,1087.5,1090.25,49417,1101.6787585247478,1110.8256808518404
2016-03-01,1090.25,1091.75,1082.5,1083,,,0,0,,,,,,,,,,,1091.75,1082.5,1083,60724,1099.9806895679526,1109.73447768118
2016-03-02,1084.25,1088.5,1079.25,1087.25,,,0,0,,,,,,,,,,,1088.5,1079.25,1087.25,59189,1098.8233541526843,1108.8527334583885
2016-03-03,1086.75,1099,1086,1096.75,,,0,0,,,,,,,,,,,1099,1086,1096.75,86751,1098.634867411531,1108.3781164600202
2016-03-04,1096.5,1101.5,1093,1097.75,,,0,0,,,,,,,,,,,1101.5,1093,1097.75,66558,1098.5544249195736,1107.961327579235
2016-03-07,1102,1105.5,1098.25,1099.75,,,0,0,,,,,,,,,,,1105.5,1098.25,1099.75,58991,1098.6631135632488,1107.6393147329907
2016-03-08,1098.5,1102.75,1094,1102.25,,,0,0,,,,,,,,,,,1102.75,1094,1102.25,52965,1098.989194148408,1107.427969057187
2016-03-09,1102,1105.5,1098,1105.25,,,0,0,,,,,,,,,,,1105.5,1098,1105.25,57585,1099.5583583167345,1107.342558505925
2016-03-10,1105,1114.5,1102,1114,,,0,0,,,,,,,,,,,1114.5,1102,1114,78320,1100.871234833395,1107.6036346429476
2016-03-11,1113.25,1115.5,1108.5,1112.75,,,0,0,,,,,,,,,,,1115.5,1108.5,1112.75,57239,1101.9511225758135,1107.8054528922437
2016-03-14,1112.75,1116.5,1109.75,1115.75,,,0,0,,,,,,,,,,,1116.5,1109.75,1115.75,44445,1103.2055659780124,1108.1170037592146
2016-03-15,1115.5,1116.25,1110,1114.25,,,0,0,,,,,,,,,,,1116.25,1110,1114.25,40065,1104.2096054345568,1108.357513415716
2016-03-16,1113.75,1114,1106.75,1107.75,,,0,0,,,,,,,,,,,1114,1106.75,1107.75,39822,1104.5314594859608,1108.3336893601977
2016-03-17,1108.5,1113,1097.25,1099.5,,,0,0,,,,,,,,,,,1113,1097.25,1099.5,86914,1104.0740540781462,1107.9872701696017
2016-03-18,1100,1101.25,1094.5,1100,,,0,0,,,,,,,,,,,1101.25,1094.5,1100,39643,1103.7036855255874,1107.6740438884408
2016-03-21,1105.75,1109,1100.75,1103.5,,,0,0,,,,,,,,,,,1109,1100.75,1103.5,59600,1103.6851686596249,1107.5103558928156
2016-03-22,1103.5,1107.5,1100.25,1103.75,,,0,0,,,,,,,,,,,1107.5,1100.25,1103.75,47966,1103.6910624178408,1107.3628909558424
2016-03-23,1104.5,1105,1099.5,1100,,,0,0,,,,,,,,,,,1105,1099.5,1100,34997,1103.3555112889462,1107.0741501340447
2016-03-24,1100.5,1101.5,1095.5,1100,,,0,0,,,,,,,,,,,1101.5,1095.5,1100,39232,1103.050464808133,1106.7967324817291
2016-03-28,1102.75,1114.25,1100.5,1108,,,0,0,,,,,,,,,,,1114.25,1100.5,1108,63256,1103.5004225528482,1106.8439194432299
2016-03-29,1108,1114.5,1107.5,1113.75,,,0,0,,,,,,,,,,,1114.5,1107.5,1113.75,50203,1104.4322023207712,1107.1147461317307
2016-03-30,1113,1114.5,1100,1101,,,0,0,,,,,,,,,,,1114.5,1100,1101,76784,1104.1201839279738,1106.8749521657805
2016-03-31,1101,1112,1092.25,1110.5,,,0,0,,,,,,,,,,,1112,1092.25,1110.5,114421,1104.700167207249,1107.0171109043774
2016-04-01,1110.25,1113.25,1103.25,1112.75,,,0,0,,,,,,,,,,,1113.25,1103.25,1112.75,59592,1105.4319701884083,1107.241930084598
2016-04-04,1113,1116,1107.25,1111.75,,,0,0,,,,,,,,,,,1116,1107.25,1111.75,52802,1106.0063365349167,1107.4187171401038
2016-04-05,1112,1113.5,1107,1111,,,0,0,,,,,,,,,,,1113.5,1107,1111,42643,1106.4603059408335,1107.5591596051977
2016-04-06,1110,1110.75,1098.5,1100,,,0,0,,,,,,,,,,,1110.75,1098.5,1100,77657,1105.8730054007576,1107.2627219736214
2016-04-07,1100,1102.25,1093.75,1094,,,0,0,,,,,,,,,,,1102.25,1093.75,1094,76550,1104.793641273416,1106.7426152295577
2016-04-08,1094.5,1099.5,1093.25,1097.25,,,0,0,,,,,,,,,,,1099.5,1093.25,1097.25,82236,1104.1078557031053,1106.3703558087907
2016-04-11,1095,1095.75,1083,1084.25,,,0,0,,,,,,,,,,,1095.75,1083,1084.25,103496,1102.302596093732,1105.5028908751126
2016-04-12,1085,1094,1083.5,1089.5,,,0,0,,,,,,,,,,,1094,1083.5,1089.5,93141,1101.1387237215747,1104.8753265270689
2016-04-13,1089.5,1103.75,1087,1098.5,,,0,0,,,,,,,,,,,1103.75,1087,1098.5,111478,1100.898839746886,1104.6253137220858
2016-04-14,1098.5,1102.5,1091.25,1096.75,,,0,0,,,,,,,,,,,1102.5,1091.25,1096.75,90505,1100.5216724971692,1104.3164778898472
2016-04-15,1096.25,1099.25,1091.75,1096.75,,,0,0,,,,,,,,,,,1099.25,1091.75,1096.75,72123,1100.1787931792448,1104.019753266716
2016-04-18,1098,1113.75,1097,1110.25,,,0,0,,,,,,,,,,,1113.75,1097,1110.25,102524,1101.0943574356772,1104.2640766680213
2016-04-19,1110.25,1125.25,1108.5,1123.5,,,0,0,,,,,,,,,,,1125.25,1108.5,1123.5,102531,1103.131234032434,1105.0184266026088
2016-04-20,1122.5,1142,1121.75,1141.5,,,0,0,,,,,,,,,,,1142,1121.75,1141.5,112621,1106.619303665849,1106.4490765397613
2016-04-21,1140.25,1147.75,1127,1132.75,,,0,0,,,,,,,,,,,1147.75,1127,1132.75,148402,1108.9948215144082,1107.480485302908
2016-04-22,1130.25,1130.5,1101.75,1103.25,,,0,0,,,,,,,,,,,1130.5,1101.75,1103.25,155005,1108.4725650130983,1107.3145839184801
2016-04-25,1103,1114.75,1097.75,1107,,,0,0,,,,,,,,,,,1114.75,1097.75,1107,106996,1108.3386954664531,1107.302247294226
2016-04-26,1106.75,1117.75,1103.25,1117,,,0,0,,,,,,,,,,,1117.75,1103.25,1117,89216,1109.1260867876847,1107.6825513219032
2016-04-27,1115.25,1118.5,1109.5,1112.75,,,0,0,,,,,,,,,,,1118.5,1109.5,1112.75,73093,1109.4555334433496,1107.8812747994757
2016-04-28,1113.5,1126.25,1110.75,1114.75,,,0,0,,,,,,,,,,,1126.25,1110.75,1114.75,86055,1109.9368485848634,1108.1506365720452
2016-04-29,1113,1120,1110,1117.75,,,0,0,,,,,,,,,,,1120,1110,1117.75,72813,1110.6471350771485,1108.5270821966708
2016-05-02,1116,1119.25,1110.5,1117,,,0,0,,,,,,,,,,,1119.25,1110.5,1117,60203,1111.2246682519533,1108.859353483076
2016-05-03,1116.25,1122,1097.5,1100,,,0,0,,,,,,,,,,,1122,1097.5,1100,118094,1110.204243865412,1108.5119278562886
2016-05-04,1100,1105.75,1098,1100.5,,,0,0,,,,,,,,,,,1105.75,1098,1100.5,61245,1109.3220398776473,1108.1977346070223
2016-05-05,1100.5,1101.75,1091,1092.5,,,0,0,,,,,,,,,,,1101.75,1091,1092.5,74916,1107.792763525134,1107.5821371714528
2016-05-06,1092.25,1099.5,1091.25,1093,,,0,0,,,,,,,,,,,1099.5,1091.25,1093,54490,1106.4479668410308,1107.0102886549253
2016-05-09,1093,1096.25,1084,1085.75,,,0,0,,,,,,,,,,,1096.25,1084,1085.75,68615,1104.5663334918463,1106.176551844928
2016-05-10,1086.5,1098,1084.5,1090.5,,,0,0,,,,,,,,,,,1098,1084.5,1090.5,91428,1103.2875759016786,1105.5617851059112
2016-05-11,1091.25,1094,1086,1088.25,,,0,0,,,,,,,,,,,1094,1086,1088.25,56434,1101.9205235469806,1104.8828915723461
2016-05-12,1088.25,1097.5,1086.5,1097.25,,,0,0,,,,,,,,,,,1097.5,1086.5,1097.25,66191,1101.4959304972551,1104.5835624910776
2016-05-13,1097.25,1106.75,1094,1104,,,0,0,,,,,,,,,,,1106.75,1094,1104,76197,1101.7235731793228,1104.5606776875059
2016-05-16,1103.25,1105.75,1096.75,1104,,,0,0,,,,,,,,,,,1105.75,1096.75,1104,50581,1101.9305210721116,1104.5386903272115
2016-05-17,1102,1113.75,1102,1111,,,0,0,,,,,,,,,,,1113.75,1102,1111,74128,1102.755019156465,1104.792075020262
2016-05-18,1110.5,1114,1106.25,1109.25,,,0,0,,,,,,,,,,,1114,1106.25,1109.25,62478,1103.3454719604229,1104.9668956077028
2016-05-19,1107.75,1108.75,1091.75,1098,,,0,0,,,,,,,,,,,1108.75,1091.75,1098,89560,1102.8595199640208,1104.693684015244
2016-05-20,1097,1103.75,1093.5,1097,,,0,0,,,,,,,,,,,1103.75,1093.5,1097,62463,1102.326836330928,1104.3919709166069
2016-05-23,1095.25,1098.25,1090.25,1091.25,,,0,0,,,,,,,,,,,1098.25,1090.25,1091.25,57510,1101.3198512099345,1103.8765995081126
2016-05-24,1091.5,1099.25,1087,1093.25,,,0,0,,,,,,,,,,,1099.25,1087,1093.25,67393,1100.5862283726678,1103.4598701156376
2016-05-25,1093.25,1098.25,1092.25,1095.25,,,0,0,,,,,,,,,,,1098.25,1092.25,1095.25,48818,1100.1011167024253,1103.1379144248283
2016-05-26,1095,1111.5,1094.75,1110.5,,,0,0,,,,,,,,,,,1111.5,1094.75,1110.5,100179,1101.0464697294776,1103.4266236630704
2016-05-27,1110.5,1114,1107.75,1110.75,,,0,0,,,,,,,,,,,1114,1107.75,1110.75,72037,1101.9286088449796,1103.7138148919696
2016-05-31,1110.25,1113,1092.75,1093.75,,,0,0,,,,,,,,,,,1113,1092.75,1093.75,99987,1101.1850989499815,1103.3230770530688
2016-06-01,1093.75,1104,1092.25,1103,,,0,0,,,,,,,,,,,1104,1092.25,1103,66398,1101.3500899545286,1103.3104073647132
2016-06-02,1102.75,1116.25,1102,1114.75,,,0,0,,,,,,,,,,,1116.25,1102,1114.75,92411,1102.5682635950259,1103.7590188406068
2016-06-03,1113.5,1127.5,1111.5,1126.5,,,0,0,,,,,,,,,,,1127.5,1111.5,1126.5,113652,1104.743875995478,1104.6508220233281
2016-06-06,1125.25,1144,1125.25,1136.75,,,0,0,,,,,,,,,,,1144,1125.25,1136.75,116771,1107.6535236322527,1105.909613316531
2016-06-07,1136.25,1142.75,1130,1138.25,,,0,0,,,,,,,,,,,1142.75,1130,1138.25,113852,1110.4350214838662,1107.1778637747063
2016-06-08,1136.5,1153.25,1135.25,1148.75,,,0,0,,,,,,,,,,,1153.25,1135.25,1148.75,138771,1113.9182013489692,1108.8081436266787
2016-06-09,1148,1148.25,1135.25,1139.5,,,0,0,,,,,,,,,,,1148.25,1135.25,1139.5,105867,1116.2438194081537,1110.011745837397
2016-06-10,1139.5,1141.75,1123.5,1124.25,,,0,0,,,,,,,,,,,1141.75,1123.5,1124.25,127494,1116.9716540074126,1110.5701087457344
2016-06-13,1124.75,1132.5,1120,1120.5,,,0,0,,,,,,,,,,,1132.5,1120,1120.5,107395,1117.2924127340114,1110.9595162459016
2016-06-14,1120.75,1122.75,1110.5,1114.25,,,0,0,,,,,,,,,,,1122.75,1110.5,1114.25,105522,1117.0158297581922,1111.0885548244937
2016-06-15,1114.25,1119,1106.25,1106.75,,,0,0,,,,,,,,,,,1119,1106.25,1106.75,74692,1116.0825725074476,1110.9184154196116
2016-06-16,1106.75,1108.75,1100.25,1101.75,,,0,0,,,,,,,,,,,1108.75,1100.25,1101.75,67811,1114.7796113704069,1110.5588697168816
2016-06-17,1103.25,1112.75,1102,1111.75,,,0,0,,,,,,,,,,,1112.75,1102,1111.75,51661,1114.5041921549152,1110.6055807083765
2016-06-20,1111.5,1112,1103.5,1104.5,,,0,0,,,,,,,,,,,1112,1103.5,1104.5,47074,1113.5947201408321,1110.3661461707932
2016-06-21,1104.5,1107.5,1088.25,1089.5,,,0,0,,,,,,,,,,,1107.5,1088.25,1089.5,55476,1111.4042910371202,1109.5478659288012
2016-06-22,1091.75,1095.25,1088.5,1089.25,,,0,0,,,,,,,,,,,1095.25,1088.5,1089.25,57355,1109.3902645792002,1108.7518711864952
2016-06-23,1088.75,1092,1082,1082.75,,,0,0,,,,,,,,,,,1092,1082,1082.75,61271,1106.9684223447275,1107.7321899634953
2016-06-24,1082.5,1083.25,1070.25,1082,,,0,0,,,,,,,,,,,1083.25,1070.25,1082,84548,1104.698565767934,1106.7230844747307
2016-06-27,1082.75,1087.5,1074.75,1075.25,,,0,0,,,,,,,,,,,1087.5,1074.75,1075.25,65979,1102.0214234253947,1105.4888458678786
2016-06-28,1075,1084.5,1073.25,1074.25,,,0,0,,,,,,,,,,,1084.5,1073.25,1074.25,66423,1099.4967485685406,1104.263793088746
2016-06-29,1073.75,1077.5,1060.75,1061.5,,,0,0,,,,,,,,,,,1077.5,1060.75,1061.5,88023,1096.0424986986734,1102.5867815950699
2016-06-30,1062.25,1070.5,1053,1062.5,,,0,0,,,,,,,,,,,1070.5,1053,1062.5,112073,1092.9931806351576,1101.0147509442827
2016-07-01,1062.75,1063,1045,1047.25,,,0,0,,,,,,,,,,,1063,1045,1047.25,85531,1088.834709668325,1098.9063293386246
2016-07-05,1047.25,1051.5,1032.75,1050.5,,,0,0,,,,,,,,,,,1051.5,1032.75,1050.5,81232,1085.3497360621138,1097.0080419135804
2016-07-06,1049.25,1051,1038,1045.5,,,0,0,,,,,,,,,,,1051,1038,1045.5,62532,1081.7270327837398,1094.9881187012832
2016-07-07,1045.5,1055.75,1041.25,1042.5,,,0,0,,,,,,,,,,,1055.75,1041.25,1042.5,70740,1078.1609388943089,1092.9297611051545
2016-07-08,1042.5,1056.5,1040.5,1052,,,0,0,,,,,,,,,,,1056.5,1040.5,1052,74229,1075.782671722099,1091.3246724343642
2016-07-11,1054,1059,1043.5,1047.5,,,0,0,,,,,,,,,,,1059,1043.5,1047.5,72324,1073.2115197473627,1089.6060578290949
2016-07-12,1046.75,1056.5,1040.75,1055.5,,,0,0,,,,,,,,,,,1056.5,1040.75,1055.5,77329,1071.6013815885115,1088.2685653652088
2016-07-13,1055,1068.75,1053.75,1056.75,,,0,0,,,,,,,,,,,1068.75,1053.75,1056.75,78670,1070.2512559895558,1087.0325431940241
2016-07-14,1056.25,1064.75,1048,1051,,,0,0,,,,,,,,,,,1064.75,1048,1051,72305,1068.5011418086872,1085.6195022844545
2016-07-15,1051,1056.75,1041,1041.75,,,0,0,,,,,,,,,,,1056.75,1041,1041.75,76867,1066.0692198260792,1083.8991296458485
2016-07-18,1042,1048.75,1037.25,1046.5,,,0,0,,,,,,,,,,,1048.75,1037.25,1046.5,62265,1064.2901998418902,1082.4324971107171
2016-07-19,1044.75,1045.25,1033.25,1035,,,0,0,,,,,,,,,,,1045.25,1033.25,1035,53844,1061.6274544017183,1080.5723991848067
2016-07-20,1036.25,1040.75,1023.5,1030,,,0,0,,,,,,,,,,,1040.75,1023.5,1030,78390,1058.7522312742894,1078.589167844226
2016-07-21,1031,1036.75,1025.75,1034.75,,,0,0,,,,,,,,,,,1036.75,1025.75,1034.75,67833,1056.570210249354,1076.8699847915113
2016-07-22,1034.25,1044,1024,1042.25,,,0,0,,,,,,,,,,,1044,1024,1042.25,82418,1055.268372953958,1075.512338329099
2016-07-25,1042.75,1052.25,1038,1046,,,0,0,,,,,,,,,,,1052.25,1038,1046,89270,1054.4257935945072,1074.354991727958
2016-07-26,1044.5,1046.25,1031,1032,,,0,0,,,,,,,,,,,1046.25,1031,1032,64182,1052.3870850859157,1072.6940116601947
2016-07-27,1033.75,1038,1031,1031.75,,,0,0,,,,,,,,,,,1038,1031,1031.75,46739,1050.5109864417416,1071.0883641441087
2016-07-28,1031.5,1037,1025.25,1027.25,,,0,0,,,,,,,,,,,1037,1025.25,1027.25,56838,1048.3963513106742,1069.3692126090457
2016-07-29,1028.5,1029.75,1020.5,1024.75,,,0,0,,,,,,,,,,,1029.75,1020.5,1024.75,61173,1046.2466830097037,1067.6194395655536
2016-08-01,1027.75,1032.5,1021.75,1023,,,0,0,,,,,,,,,,,1032.5,1021.75,1023,68357,1044.1333481906397,1065.8696576218065
2016-08-02,1023,1027.5,1016.25,1018.25,,,0,0,,,,,,,,,,,1027.5,1016.25,1018.25,60901,1041.7803165369453,1064.00222006801
2016-08-03,1019,1032,1018,1027.25,,,0,0,,,,,,,,,,,1032,1018,1027.25,66098,1040.4593786699502,1062.5609565359312
2016-08-04,1027.5,1033,1019.5,1020.25,,,0,0,,,,,,,,,,,1033,1019.5,1020.25,54088,1038.6221624272275,1060.9017033384437
2016-08-05,1020.25,1035.5,1020,1033,,,0,0,,,,,,,,,,,1035.5,1020,1033,114185,1038.111056752025,1059.8075188937987
2016-08-08,1035.5,1040.5,1028.5,1034,,,0,0,,,,,,,,,,,1040.5,1028.5,1034,129025,1037.7373243200227,1058.795459329336
2016-08-09,1032,1036.25,1028.5,1034,,,0,0,,,,,,,,,,,1036.25,1028.5,1034,88193,1037.397567563657,1057.8230883752444
2016-08-10,1033.5,1044.5,1031.5,1038.75,,,0,0,,,,,,,,,,,1044.5,1031.5,1038.75,90634,1037.520515966961,1057.0751241252349
2016-08-11,1037,1041,1030.5,1033.25,,,0,0,,,,,,,,,,,1041,1030.5,1033.25,98818,1037.132287242692,1056.1408055320885
2016-08-12,1033,1040.25,1023,1039.5,,,0,0,,,,,,,,,,,1040.25,1023,1039.5,79674,1037.3475338569926,1055.488224922987
2016-08-15,1038.25,1047,1034.25,1039,,,0,0,,,,,,,,,,,1047,1034.25,1039,82009,1037.4977580518114,1054.8416278671837
2016-08-16,1037,1045,1031.5,1040.5,,,0,0,,,,,,,,,,,1045,1031.5,1040.5,69172,1037.7706891380103,1054.2792110880785
2016-08-17,1040,1045.5,1036.5,1043,,,0,0,,,,,,,,,,,1045.5,1036.5,1043,44740,1038.246081034555,1053.8368890846243
2016-08-18,1042.25,1044.75,1037.5,1044.25,,,0,0,,,,,,,,,,,1044.75,1037.5,1044.25,57941,1038.7918918495955,1053.460932649933
2016-08-19,1043,1049.25,1039.5,1044.75,,,0,0,,,,,,,,,,,1049.25,1039.5,1044.75,58565,1039.3335380450867,1053.119327447975
2016-08-22,1044.5,1046.25,1034.25,1035.25,,,0,0,,,,,,,,,,,1046.25,1034.25,1035.25,77188,1038.9623073137152,1052.4185695088386
2016-08-23,1035,1035.25,1027,1027.5,,,0,0,,,,,,,,,,,1035.25,1027,1027.5,74497,1037.9202793761046,1051.4413707045703
2016-08-24,1026.75,1029.25,1023.25,1026.25,,,0,0,,,,,,,,,,,1029.25,1023.25,1026.25,54496,1036.8593448873678,1050.453473814195
2016-08-25,1027,1029.75,1023,1023.75,,,0,0,,,,,,,,,,,1029.75,1023,1023.75,53457,1035.6675862612435,1049.4062787626578
2016-08-26,1022.25,1024.5,1005,1007.5,,,0,0,,,,,,,,,,,1024.5,1005,1007.5,100794,1033.1068966011305,1047.7628952817693
2016-08-29,1007.5,1007.75,995.25,997,,,0,0,,,,,,,,,,,1007.75,995.25,997,94763,1029.8244514555731,1045.7721935060135
2016-08-30,996.5,1000.75,991.5,992.25,,,0,0,,,,,,,,,,,1000.75,991.5,992.25,94812,1026.4085922323393,1043.673283956758
2016-08-31,992.5,995.75,986.75,988.25,,,0,0,,,,,,,,,,,995.75,986.75,988.25,70911,1022.9396293021266,1041.4998218408068
2016-09-01,990,997.25,989.5,994.75,,,0,0,,,,,,,,,,,997.25,989.5,994.75,63440,1020.376935729206,1039.6664954941084
2016-09-02,994,1001.5,993,999.25,,,0,0,,,,,,,,,,,1001.5,993,999.25,44193,1018.4563052083691,1038.0815348864962
2016-09-06,999,1002.75,994.75,998.5,,,0,0,,,,,,,,,,,1002.75,994.75,998.5,46077,1016.642095643972,1036.5293178321238
2016-09-07,997.5,1005,996,1002.75,,,0,0,,,,,,,,,,,1005,996,1002.75,48770,1015.3791778581564,1035.2046387014523
2016-09-08,1002,1006.75,998.25,1006,,,0,0,,,,,,,,,,,1006.75,998.25,1006,47853,1014.5265253255967,1034.0593587523756
2016-09-09,1004.75,1006,996.75,1003.5,,,0,0,,,,,,,,,,,1006,996.75,1003.5,49098,1013.5241139323606,1032.8609525267923
2016-09-12,1003,1010,1000,1009.25,,,0,0,,,,,,,,,,,1010,1000,1009.25,73526,1013.1355581203278,1031.9350328198593
2016-09-13,1009.25,1011,999,1001,,,0,0,,,,,,,,,,,1011,999,1001,52181,1012.0323255639344,1030.721894277904
2016-09-14,1000,1004.25,995,1003,,,0,0,,,,,,,,,,,1004.25,995,1003,57171,1011.2112050581221,1029.6347611689666
2016-09-15,1001,1006.75,998,999.5,,,0,0,,,,,,,,,,,1006.75,998,999.5,42993,1010.1465500528383,1028.4530058290072
2016-09-16,998,1004.75,993.75,1003.25,,,0,0,,,,,,,,,,,1004.75,993.75,1003.25,49762,1009.5195909571257,1027.4646526592423
2016-09-19,1004,1009,999.75,1004,,,0,0,,,,,,,,,,,1009,999.75,1004,45558,1009.0178099610234,1026.5444702020172
2016-09-20,1002.25,1010,1001.5,1006,,,0,0,,,,,,,,,,,1010,1001.5,1006,43011,1008.7434636009303,1025.738804703899
2016-09-21,1005,1009,1002.25,1007.75,,,0,0,,,,,,,,,,,1009,1002.25,1007.75,37396,1008.6531487281185,1025.0333613821774
2016-09-22,1005.25,1011.75,1004.25,1005.5,,,0,0,,,,,,,,,,,1011.75,1004.25,1005.5,41465,1008.3664988437441,1024.2673472103272
2016-09-23,1003.75,1009.5,1001.25,1004.75,,,0,0,,,,,,,,,,,1009.5,1001.25,1004.75,44340,1008.0377262215856,1023.5019610452164
2016-09-26,1001.75,1007,995.25,996,,,0,0,,,,,,,,,,,1007,995.25,996,55425,1006.9433874741687,1022.4234527689334
2016-09-27,997.25,1005,994,1004,,,0,0,,,,,,,,,,,1005,994,1004,60932,1006.6758067946988,1021.7009644250537
2016-09-28,1004.5,1007.25,1001.75,1003.25,,,0,0,,,,,,,,,,,1007.25,1001.75,1003.25,40835,1006.3643698133626,1020.9773971926986
2016-09-29,1001.75,1006.75,997.75,999,,,0,0,,,,,,,,,,,1006.75,997.75,999,47733,1005.6948816485115,1020.1155384792595
2016-09-30,998.5,1003.75,990,1002,,,0,0,,,,,,,,,,,1003.75,990,1002,90561,1005.3589833168286,1019.4051252055631
2016-10-03,999.75,1001.75,991.5,995.5,,,0,0,,,,,,,,,,,1001.75,991.5,995.5,73010,1004.4627121062078,1018.4676693151489
2016-10-04,996.5,998.25,992.5,995.5,,,0,0,,,,,,,,,,,998.25,992.5,995.5,41951,1003.6479200965526,1017.5669764008293
2016-10-05,995,1008.5,992,1005,,,0,0,,,,,,,,,,,1008.5,992,1005,82177,1003.7708364514115,1017.0741537968752
2016-10-06,1007,1009.5,993.5,995.75,,,0,0,,,,,,,,,,,1009.5,993.5,995.75,82996,1003.0416695012832,1016.2379124715076
2016-10-07,997.75,1001,994.25,994.75,,,0,0,,,,,,,,,,,1001,994.25,994.75,61770,1002.287881364803,1015.3952492373309
2016-10-10,996,1005.25,995.75,1003.75,,,0,0,,,,,,,,,,,1005.25,995.75,1003.75,67155,1002.4208012407299,1014.9385727966512
2016-10-11,1002.75,1008.75,1001.25,1007.25,,,0,0,,,,,,,,,,,1008.75,1001.25,1007.25,69906,1002.8598193097545,1014.637060137959
2016-10-12,1005.25,1014,996,996.75,,,0,0,,,,,,,,,,,1014,996,996.75,96067,1002.3043811906858,1013.9356067992155
2016-10-13,996.5,1017,996.5,1016,,,0,0,,,,,,,,,,,1017,996.5,1016,108555,1003.5494374460781,1014.0165633953247
2016-10-14,1015.25,1028.25,1014.75,1021,,,0,0,,,,,,,,,,,1028.25,1014.75,1021,105412,1005.1358522237073,1014.2904236543316
2016-10-17,1018.25,1025.75,1016,1023.75,,,0,0,,,,,,,,,,,1025.75,1016,1023.75,68644,1006.8280474760975,1014.6613874325931
2016-10-18,1025,1025.5,1018.25,1020,,,0,0,,,,,,,,,,,1025.5,1018.25,1020,60252,1008.0254977055432,1014.8707447881776
2016-10-19,1020.5,1022.25,1013,1020.25,,,0,0,,,,,,,,,,,1022.25,1013,1020.25,61517,1009.1368160959483,1015.081695972955
2016-10-20,1019.5,1022.75,1015.25,1017,,,0,0,,,,,,,,,,,1022.75,1015.25,1017,49984,1009.8516509963167,1015.1569235818587
2016-10-21,1017,1018.5,1013.25,1014.5,,,0,0,,,,,,,,,,,1018.5,1013.25,1014.5,38986,1010.2742281784698,1015.1311618727661
2016-10-24,1014.25,1016.75,1000.75,1002.5,,,0,0,,,,,,,,,,,1016.75,1000.75,1002.5,82892,1009.5674801622453,1014.6358221914812
2016-10-25,1003.75,1006.75,998.75,1004.25,,,0,0,,,,,,,,,,,1006.75,998.75,1004.25,61130,1009.0840728747684,1014.2285350467173
2016-10-26,1004,1014,1002.75,1011.5,,,0,0,,,,,,,,,,,1014,1002.75,1011.5,71491,1009.3037026134258,1014.1215336723362
2016-10-27,1011.5,1018.75,1011.25,1014.5,,,0,0,,,,,,,,,,,1018.75,1011.25,1014.5,62056,1009.7760932849326,1014.1363754891073
2016-10-28,1016.25,1017.5,1007.25,1008.5,,,0,0,,,,,,,,,,,1017.5,1007.25,1008.5,45840,1009.6600848044842,1013.9153411562012
2016-10-31,1011.5,1017,1008.75,1016.25,,,0,0,,,,,,,,,,,1017,1008.75,1016.25,69456,1010.2591680040765,1014.0068964049776
2016-11-01,1016.25,1018.25,1010.75,1014.25,,,0,0,,,,,,,,,,,1018.25,1010.75,1014.25,76666,1010.6219709127969,1014.0164298792922
2016-11-02,1014.5,1020.25,1012,1017.75,,,0,0,,,,,,,,,,,1020.25,1012,1017.75,77145,1011.2699735570881,1014.1628443938298
2016-11-03,1017.5,1020,1009,1012,,,0,0,,,,,,,,,,,1020,1009,1012,70194,1011.3363395973528,1014.0780269666208
2016-11-04,1014,1015.25,1010.25,1014.25,,,0,0,,,,,,,,,,,1015.25,1010.25,1014.25,46124,1011.6012178157753,1014.0847710071455
2016-11-07,1014.25,1015.75,1006.5,1010,,,0,0,,,,,,,,,,,1015.75,1006.5,1010,79192,1011.4556525597957,1013.9245839088261
2016-11-08,1010.5,1019.75,1008.25,1015.25,,,0,0,,,,,,,,,,,1019.75,1008.25,1015.25,132281,1011.8005932361779,1013.9765610104407
2016-11-09,1016.5,1017.75,1003.75,1006.75,,,0,0,,,,,,,,,,,1017.75,1003.75,1006.75,131826,1011.3414483965254,1013.6931664610116
2016-11-10,1009.5,1014.25,1002,1004.75,,,0,0,,,,,,,,,,,1014.25,1002,1004.75,105341,1010.7422258150231,1013.3424540507759
2016-11-11,1004.25,1007.5,1001,1003,,,0,0,,,,,,,,,,,1007.5,1001,1003,82170,1010.0383871045664,1012.9368676174122
2016-11-14,1002.75,1003.75,992.5,994,,,0,0,,,,,,,,,,,1003.75,992.5,994,80273,1008.5803519132421,1012.1942453579059
2016-11-15,994,1002,992.75,999,,,0,0,,,,,,,,,,,1002,992.75,999,73260,1007.7094108302201,1011.6768239713214
2016-11-16,999.25,1000.25,994,994.5,,,0,0,,,,,,,,,,,1000.25,994,994.5,65352,1006.5085553002001,1011.0032230312695
2016-11-17,994.75,1003,994.75,1000.25,,,0,0,,,,,,,,,,,1003,994.75,1000.25,55704,1005.9395957274546,1010.5815280104354
2016-11-18,999.75,1007.75,997,1005.5,,,0,0,,,,,,,,,,,1007.75,997,1005.5,47836,1005.8996324795042,1010.382252402183
2016-11-21,1006,1010,1001.5,1007.25,,,0,0,,,,,,,,,,,1010,1001.5,1007.25,60851,1006.0223931631857,1010.2594189746465
2016-11-22,1006.25,1010,1002.25,1007.5,,,0,0,,,,,,,,,,,1010,1002.25,1007.5,72177,1006.1567210574416,1010.1512064658368
2016-11-23,1007.5,1008,997.75,1004,,,0,0,,,,,,,,,,,1008,997.75,1004,82053,1005.9606555067651,1009.9099826828628
2016-11-25,1004.25,1007.25,998.75,999.75,,,0,0,,,,,,,,,,,1007.25,998.75,999.75,50048,1005.3960504606955,1009.5115519894173
2016-11-28,1000.5,1001.5,994.5,996.75,,,0,0,,,,,,,,,,,1001.5,994.5,996.75,101932,1004.6100458733596,1009.0110989702245
2016-11-29,995.75,996,988,989,,,0,0,,,,,,,,,,,996,988,989,95009,1003.1909507939632,1008.226349991
2016-11-30,989,994.25,982.5,983,,,0,0,,,,,,,,,,,994.25,982.5,983,77050,1001.3554098126939,1007.237081363902
2016-12-01,983,984.75,973.25,975.75,,,0,0,,,,,,,,,,,984.75,973.25,975.75,92163,999.0276452842671,1006.0022938594352
2016-12-02,978.75,985.25,976.75,984.5,,,0,0,,,,,,,,,,,985.25,976.75,984.5,57921,997.7069502584246,1005.1590666492613
2016-12-05,984.75,990.25,984.5,988.5,,,0,0,,,,,,,,,,,990.25,984.5,988.5,61792,996.869954780386,1004.5057699179176
2016-12-06,988.75,993.25,986,987,,,0,0,,,,,,,,,,,993.25,986,987,52027,995.9726861639873,1003.8192691368229
2016-12-07,986.75,987.75,979.75,981.25,,,0,0,,,,,,,,,,,987.75,979.75,981.25,50867,994.6342601490794,1002.9341997589082
2016-12-08,982.25,989.5,981.75,988.5,,,0,0,,,,,,,,,,,989.5,981.75,988.5,70142,994.0766001355267,1002.3681527095392
2016-12-09,989.25,997.25,984,996.5,,,0,0,,,,,,,,,,,997.25,984,996.5,63194,994.2969092141152,1002.138029073871
2016-12-12,996.25,998,988.75,997.5,,,0,0,,,,,,,,,,,998,988.75,997.5,54868,994.5880992855592,1001.9561455807781
2016-12-13,997.5,1001,994.25,997.75,,,0,0,,,,,,,,,,,1001,994.25,997.75,50391,994.8755448050539,1001.7911986952573
2016-12-14,997.25,998.75,993.25,998.25,,,0,0,,,,,,,,,,,998.75,993.25,998.25,39165,995.1823134591399,1001.6523281581884
2016-12-15,998.25,998.5,988.75,989.5,,,0,0,,,,,,,,,,,998.5,988.75,989.5,61058,994.665739508309,1001.175766269632
2016-12-16,988,991.25,984.75,989.5,,,0,0,,,,,,,,,,,991.25,984.75,989.5,47320,994.1961268257354,1000.7178930825877
2016-12-19,992.5,993.25,983.25,985.25,,,0,0,,,,,,,,,,,993.25,983.25,985.25,52115,993.3828425688504,1000.1113090401333
2016-12-20,986.25,988,980.5,983.5,,,0,0,,,,,,,,,,,988,980.5,983.5,35449,992.4844023353186,999.4598851562065
2016-12-21,982.75,984.75,979.25,979.75,,,0,0,,,,,,,,,,,984.75,979.25,979.75,32138,991.3267293957441,998.6869484834141
2016-12-22,979.5,980.75,976.75,977.25,,,0,0,,,,,,,,,,,980.75,976.75,977.25,37047,990.0470267234037,997.8462838370057
2016-12-23,977.25,978.5,973,973.75,,,0,0,,,,,,,,,,,978.5,973,973.75,31852,988.5654788394579,996.9013315296721
2016-12-27,974.75,991.25,974.75,989.75,,,0,0,,,,,,,,,,,991.25,974.75,989.75,67774,988.6731625813254,996.6208871559595
2016-12-28,990,990.25,980.5,981.75,,,0,0,,,,,,,,,,,990.25,980.5,981.75,43964,988.0437841648413,996.0377151106278
2016-12-29,982.75,987,982.75,985,,,0,0,,,,,,,,,,,987,982.75,985,29865,987.7670765134922,995.604863537662
2016-12-30,985,989.5,983.75,988.25,,,0,0,,,,,,,,,,,989.5,983.75,988.25,33934,987.8109786486292,995.3164375165773
2017-01-03,989,994.25,986,986.75,,,0,0,,,,,,,,,,,994.25,986,986.75,65585,987.7145260442084,994.980498790437
2017-01-04,986.75,999.25,985,998.75,,,0,0,,,,,,,,,,,999.25,985,998.75,59201,988.7177509492803,995.1283223672825
2017-01-05,999,1007.25,996.5,1006.5,,,0,0,,,,,,,,,,,1007.25,996.5,1006.5,86772,990.3343190448003,995.5742705097421
2017-01-06,1006,1008.25,1002,1003.5,,,0,0,,,,,,,,,,,1008.25,1002,1003.5,64726,991.5311991316366,995.8850834309286
2017-01-09,1005,1008.5,1001.25,1007.5,,,0,0,,,,,,,,,,,1008.5,1001.25,1007.5,69623,992.9829083014879,996.340570355206
2017-01-10,1007,1007.5,1003.75,1007,,,0,0,,,,,,,,,,,1007.5,1003.75,1007,64135,994.257189364989,996.7585872040214
2017-01-11,1006.5,1006.5,992.25,999,,,0,0,,,,,,,,,,,1006.5,992.25,999,109829,994.6883539681718,996.8464857450401
2017-01-12,999.25,1010.25,994.75,1006.5,,,0,0,,,,,,,,,,,1010.25,994.75,1006.5,133095,995.7621399710653,997.2250549315091
2017-01-13,1006.5,1007,999.5,1006.25,,,0,0,,,,,,,,,,,1007,999.5,1006.25,72435,996.7155817918775,997.5789743459598
2017-01-17,1006.75,1017.75,1004,1013.75,,,0,0,,,,,,,,,,,1017.75,1004,1013.75,107763,998.2641652653432,998.2131322147457
2017-01-18,1013.5,1014.75,1008.5,1011.25,,,0,0,,,,,,,,,,,1014.75,1008.5,1011.25,67785,999.4446956957665,998.7243819318145
2017-01-19,1010.75,1011,1003,1003.75,,,0,0,,,,,,,,,,,1011,1003,1003.75,64375,999.8360869961514,998.9214649933119
2017-01-20,1003.75,1009,1001.75,1008.5,,,0,0,,,,,,,,,,,1009,1001.75,1008.5,56203,1000.6237154510467,999.2970938171036
2017-01-23,1009.25,1014,1007.75,1013.5,,,0,0,,,,,,,,,,,1014,1007.75,1013.5,51610,1001.7942867736788,999.8540705301583
2017-01-24,1013.25,1015,1006.25,1007,,,0,0,,,,,,,,,,,1015,1006.25,1007,57334,1002.267533430617,1000.1343030583874
2017-01-25,1006,1009,1003.25,1004.75,,,0,0,,,,,,,,,,,1009,1003.25,1004.75,46225,1002.4932122096519,1000.315310781588
2017-01-26,1005.5,1010.75,1002,1007.25,,,0,0,,,,,,,,,,,1010.75,1002,1007.25,59387,1002.9256474633199,1000.5872593783885
2017-01-27,1006.75,1007.75,999.5,1000.75,,,0,0,,,,,,,,,,,1007.75,999.5,1000.75,64696,1002.7278613302908,1000.5936413635498
2017-01-30,997.75,999.5,993,994.25,,,0,0,,,,,,,,,,,999.5,993,994.25,59660,1001.9571466639007,1000.3448711139988
2017-01-31,994.25,1001.5,993.25,1001,,,0,0,,,,,,,,,,,1001.5,993.25,1001,60231,1001.8701333308188,1000.3705624428616
2017-02-01,1001.25,1014.75,997.25,1014,,,0,0,,,,,,,,,,,1014.75,997.25,1014,102491,1002.9728484825625,1000.9050501902003
2017-02-02,1013,1018,1010,1014.75,,,0,0,,,,,,,,,,,1018,1010,1014.75,73989,1004.0434986205114,1001.4479893984278
2017-02-03,1014.75,1016,1009.5,1010.5,,,0,0,,,,,,,,,,,1016,1009.5,1010.5,58722,1004.630453291374,1001.8029702063326
2017-02-06,1009.25,1012.5,1002.5,1002.75,,,0,0,,,,,,,,,,,1012.5,1002.5,1002.75,61389,1004.4595029921581,1001.8401086296136
2017-02-07,1002.75,1011.25,1000,1011,,,0,0,,,,,,,,,,,1011.25,1000,1011,106310,1005.0540936292347,1002.1993200559033
2017-02-08,1010.75,1013.5,1007.75,1012.75,,,0,0,,,,,,,,,,,1013.5,1007.75,1012.75,93300,1005.7537214811224,1002.6130722105737
2017-02-09,1010.75,1024.25,1009.75,1023.75,,,0,0,,,,,,,,,,,1024.25,1009.75,1023.75,150249,1007.3897468010204,1003.4419713395708
2017-02-10,1022.75,1031,1021.25,1029.25,,,0,0,,,,,,,,,,,1031,1021.25,1029.25,126174,1009.3770425463821,1004.4540508948818
2017-02-13,1028,1036.25,1024.5,1032.5,,,0,0,,,,,,,,,,,1036.25,1024.5,1032.5,119108,1011.47912958762,1005.553892036259
2017-02-14,1030.25,1031.5,1025.5,1029,,,0,0,,,,,,,,,,,1031.5,1025.5,1029,49014,1013.0719359887455,1006.4733472505233
2017-02-15,1028.75,1034.25,1025.5,1033.75,,,0,0,,,,,,,,,,,1034.25,1025.5,1033.75,41569,1014.9517599897687,1007.5430199073655
2017-02-16,1032.25,1042.5,1024,1026.75,,,0,0,,,,,,,,,,,1042.5,1024,1026.75,71313,1016.024327263426,1008.296234812959
2017-02-17,1024.25,1026.25,1020.5,1021,,,0,0,,,,,,,,,,,1026.25,1020.5,1021,58864,1016.4766611485691,1008.7944216830391
2017-02-21,1019.5,1020.5,1014.75,1015.25,,,0,0,,,,,,,,,,,1020.5,1014.75,1015.25,61856,1016.3651464986991,1009.0475816170376
2017-02-22,1015.5,1023.5,1015.5,1021.5,,,0,0,,,,,,,,,,,1023.5,1015.5,1021.5,67654,1016.8319513624538,1009.5359117497028
2017-02-23,1022,1024.5,1017.5,1019,,,0,0,,,,,,,,,,,1024.5,1017.5,1019,57309,1017.0290466931398,1009.9070524654007
2017-02-24,1019,1019.5,1011.25,1013.5,,,0,0,,,,,,,,,,,1019.5,1011.25,1013.5,72849,1016.7082242664907,1010.0479523687184
2017-02-27,1012,1013.25,1003.5,1004.25,,,0,0,,,,,,,,,,,1013.25,1003.5,1004.25,89262,1015.5756584240825,1009.8205816875922
2017-02-28,1005.5,1020,1004.5,1009.25,,,0,0,,,,,,,,,,,1020,1004.5,1009.25,101908,1015.0005985673477,1009.7982059351375
2017-03-01,1008.5,1023.25,1007.75,1022.5,,,0,0,,,,,,,,,,,1023.25,1007.75,1022.5,78636,1015.6823623339524,1010.2963155063086
2017-03-02,1022.5,1025,1015.25,1018.25,,,0,0,,,,,,,,,,,1025,1015.25,1018.25,63783,1015.9157839399567,1010.6082247021396
2017-03-03,1017,1021,1013.5,1019,,,0,0,,,,,,,,,,,1021,1013.5,1019,43757,1016.1961672181425,1010.9373139295067
2017-03-06,1022,1028,1021.75,1024,,,0,0,,,,,,,,,,,1028,1021.75,1024,55707,1016.9056065619477,1011.4495761283496
2017-03-07,1024.5,1026,1016.25,1022,,,0,0,,,,,,,,,,,1026,1016.25,1022,53987,1017.3687332381343,1011.8633182409633
2017-03-08,1022.5,1023,1010.75,1012.5,,,0,0,,,,,,,,,,,1023,1010.75,1012.5,56204,1016.9261211255766,1011.8882861530824
2017-03-09,1013.75,1016.25,1007.75,1009.5,,,0,0,,,,,,,,,,,1016.25,1007.75,1009.5,64867,1016.2510192050696,1011.7946278725693
2017-03-10,1011.5,1012,1005,1006,,,0,0,,,,,,,,,,,1012,1005,1006,46265,1015.3191083682451,1011.5673875638411
2017-03-13,1006.25,1007.5,995.5,996,,,0,0,,,,,,,,,,,1007.5,995.5,996,70876,1013.5628257893137,1010.9569017770237
2017-03-14,997,1000,994,996,,,0,0,,,,,,,,,,,1000,994,996,58513,1011.9662052630125,1010.3703566092973
2017-03-15,996.5,1002.5,996,1001.5,,,0,0,,,,,,,,,,,1002.5,996,1001.5,49625,1011.014732057284,1010.0224994873641
2017-03-16,1001.5,1006.25,1000,1001.5,,,0,0,,,,,,,,,,,1006.25,1000,1001.5,42947,1010.1497564157128,1009.688283821193
2017-03-17,1000.25,1003.25,998.5,1001.75,,,0,0,,,,,,,,,,,1003.25,998.5,1001.75,31605,1009.3861421961025,1009.3769785733031
2017-03-20,1004.75,1008.25,994.5,995.75,,,0,0,,,,,,,,,,,1008.25,994.5,995.75,58040,1008.1464929055477,1008.8425872567029
2017-03-21,996,996,988.5,992,,,0,0,,,,,,,,,,,996,988.5,992,63987,1006.6786299141343,1008.182093638793
2017-03-22,992.5,992.75,986.75,987.75,,,0,0,,,,,,,,,,,992.75,986.75,987.75,52127,1004.9578453764857,1007.3808350647228
2017-03-23,987,990.25,985.5,986.5,,,0,0,,,,,,,,,,,990.25,985.5,986.5,48848,1003.2798594331688,1006.5619787876748
2017-03-24,987,991.75,986.25,990.25,,,0,0,,,,,,,,,,,991.75,986.25,990.25,49583,1002.0953267574262,1005.9222933450209
2017-03-27,991.5,991.5,983.75,986.25,,,0,0,,,,,,,,,,,991.5,983.75,986.25,51967,1000.654842506751,1005.1508308609024
2017-03-28,986.5,991.25,984.75,990,,,0,0,,,,,,,,,,,991.25,984.75,990,51332,999.6862204606828,1004.556680631063
2017-03-29,989.5,993,988,991,,,0,0,,,,,,,,,,,993,988,991,54185,998.8965640551661,1004.0250460965116
2017-03-30,991,991.75,985,986.5,,,0,0,,,,,,,,,,,991.75,985,986.5,55136,997.7696036865146,1003.3377893868444
2017-03-31,987.5,997.75,982,992,,,0,0,,,,,,,,,,,997.75,982,992,97629,997.2450942604679,1002.8931701952034
2017-04-03,995.75,999.5,992.5,993.25,,,0,0,,,,,,,,,,,999.5,992.5,993.25,72143,996.8819038731526,1002.5150066581366
2017-04-04,992.25,997.75,991.25,992.5,,,0,0,,,,,,,,,,,997.75,991.25,992.5,59636,996.4835489755933,1002.122261298994
2017-04-05,992.75,996,990.5,995.25,,,0,0,,,,,,,,,,,996,990.5,995.25,69263,996.3714081596303,1001.8527608558961
2017-04-06,994.5,996.25,987.25,988.75,,,0,0,,,,,,,,,,,996.25,987.25,988.75,51898,995.6785528723912,1001.3389270968414
2017-04-07,988.25,990.75,985,989.5,,,0,0,,,,,,,,,,,990.75,985,989.5,89806,995.1168662476283,1000.8746554459849
2017-04-10,989.25,994.5,988,994.25,,,0,0,,,,,,,,,,,994.5,988,994.25,83114,995.0380602251166,1000.6148650363384
2017-04-11,993.5,1000.25,989.25,998.75,,,0,0,,,,,,,,,,,1000.25,989.25,998.75,143518,995.3755092955606,1000.5417330741291
2017-04-12,999.25,1002,997,998.75,,,0,0,,,,,,,,,,,1002,997,998.75,111957,995.6822811777823,1000.4714690320063
2017-04-13,998,1001.5,994.25,995.25,,,0,0,,,,,,,,,,,1001.5,994.25,995.25,102775,995.642982888893,1000.2667055405551
2017-04-17,995.5,997.25,986.25,988.25,,,0,0,,,,,,,,,,,997.25,986.25,988.25,54223,994.9708935353573,999.7954621860235
2017-04-18,988.75,990.25,985.25,989.5,,,0,0,,,,,,,,,,,990.25,985.25,989.5,66361,994.4735395775975,999.3917185708854
2017-04-19,988.75,993,985.25,987,,,0,0,,,,,,,,,,,993,985.25,987,67960,993.794126888725,998.9057688230075
2017-04-20,986.25,989.5,973.5,974.25,,,0,0,,,,,,,,,,,989.5,973.5,974.25,103043,992.0173880806591,997.9388759279876
2017-04-21,973.75,976.5,968.75,973.5,,,0,0,,,,,,,,,,,976.5,968.75,973.5,115522,990.3339891642355,996.980488636694
2017-04-24,974.75,977.5,970.5,971.75,,,0,0,,,,,,,,,,,977.5,970.5,971.75,78152,988.6445356038505,995.9910577097647
2017-04-25,971.75,981.75,968.5,979.5,,,0,0,,,,,,,,,,,981.75,968.5,979.5,120397,987.8132141853187,995.3443495642838
2017-04-26,980.25,985,977,979,,,0,0,,,,,,,,,,,985,977,979,99348,987.0120128957442,994.7033946794099
2017-04-27,978.5,985.5,977.5,983.75,,,0,0,,,,,,,,,,,985.5,977.5,983.75,85709,986.7154662688583,994.2738497900214
2017-04-28,983,987,982,984.75,,,0,0,,,,,,,,,,,987,982,984.75,67732,986.5367875171439,993.9003654845303
2017-05-01,990.75,1009.5,990.75,1008.5,,,0,0,,,,,,,,,,,1009.5,990.75,1008.5,152774,988.5334431974036,994.4729001714114
2017-05-02,1010,1014,1000.75,1006.5,,,0,0,,,,,,,,,,,1014,1000.75,1006.5,141130,990.1667665430941,994.9445511450816
2017-05-03,1005.5,1008.5,998.25,1006.5,,,0,0,,,,,,,,,,,1008.5,998.25,1006.5,97737,991.6516059482674,995.3977060021373
2017-05-04,1006.25,1007.75,988.5,990.25,,,0,0,,,,,,,,,,,1007.75,988.5,990.25,116401,991.5241872256976,995.195835178524
2017-05-05,991,996.5,988.5,994.75,,,0,0,,,,,,,,,,,996.5,988.5,994.75,60156,991.8174429324523,995.1783514460329
2017-05-08,993.5,994,985.25,986,,,0,0,,,,,,,,,,,994,985.25,986,64746,991.2885844840475,994.8184160952081
2017-05-09,986,987,981,982,,,0,0,,,,,,,,,,,987,981,982,61132,990.4441677127705,994.3157331110823
2017-05-10,981.75,988.25,978.5,984.25,,,0,0,,,,,,,,,,,988.25,978.5,984.25,85418,989.8810615570641,993.9209984792751
2017-05-11,984.25,988,981,986.25,,,0,0,,,,,,,,,,,988,981,986.25,59729,989.5509650518765,993.6201750094996
2017-05-12,986.75,990.25,983.75,985.25,,,0,0,,,,,,,,,,,990.25,983.75,985.25,48739,989.1599682289786,993.2919328522643
2017-05-15,982.75,983.5,974,975.75,,,0,0,,,,,,,,,,,983.5,974,975.75,67802,987.9408802081624,992.6040139168814
2017-05-16,975.75,978.5,972.75,976.75,,,0,0,,,,,,,,,,,978.5,972.75,976.75,73173,986.9235274619658,991.9822878809252
2017-05-17,975.5,984.75,974,979.5,,,0,0,,,,,,,,,,,984.75,974,979.5,63689,986.2486613290598,991.4927863953988
2017-05-18,981.75,981.75,973.75,978.25,,,0,0,,,,,,,,,,,981.75,973.75,978.25,66127,985.5215102991452,990.9734614387164
2017-05-19,977.75,989.25,977.75,987.75,,,0,0,,,,,,,,,,,989.25,977.75,987.75,54650,985.7241002719502,990.8470511862178
2017-05-22,989.5,995,986.5,986.75,,,0,0,,,,,,,,,,,995,986.5,986.75,68282,985.817363883591,990.6863825122484
2017-05-23,986,988.25,980.5,982,,,0,0,,,,,,,,,,,988.25,980.5,982,65200,985.4703308032646,990.3457400607878
2017-05-24,981.75,985.5,980,985,,,0,0,,,,,,,,,,,985.5,980,985,46732,985.4275734575133,990.1361031956588
2017-05-25,984,988.5,982.75,983.25,,,0,0,,,,,,,,,,,988.5,982.75,983.25,43992,985.229612234103,989.866059933084
2017-05-26,982.75,991.5,981.75,990.75,,,0,0,,,,,,,,,,,991.5,981.75,990.75,48908,985.7314656673664,989.9007242494337
2017-05-30,991,991.75,978.75,982,,,0,0,,,,,,,,,,,991.75,978.75,982,77245,985.3922415157876,989.5908919259265
2017-05-31,986,988.75,980.75,981.75,,,0,0,,,,,,,,,,,988.75,980.75,981.75,66676,985.061128650716,989.283405968047
2017-06-01,982,983.75,973.75,981.5,,,0,0,,,,,,,,,,,983.75,973.75,981.5,73752,984.7373896824691,988.9781743614569
2017-06-02,980.5,986.5,979,982,,,0,0,,,,,,,,,,,986.5,979,982,54076,984.488536074972,988.7045204649291
2017-06-05,981.25,985.75,978,982,,,0,0,,,,,,,,,,,985.75,978,982,78886,984.2623055227018,988.4415980937555
2017-06-06,981.75,993.25,981.75,988.25,,,0,0,,,,,,,,,,,993.25,981.75,988.25,104056,984.6248232024562,988.43408444302
2017-06-07,990.5,1001.25,990,997.25,,,0,0,,,,,,,,,,,1001.25,990,997.25,128326,985.7725665476875,988.779806621725
2017-06-08,999.75,1008.25,998.5,1001.75,,,0,0,,,,,,,,,,,1008.25,998.5,1001.75,138856,987.2250604978977,989.2884416561672
2017-06-09,1001.25,1006.75,996.25,998.25,,,0,0,,,,,,,,,,,1006.75,996.25,998.25,119222,988.2273277253615,989.6398753167097
2017-06-12,995.75,996.5,983.75,986.5,,,0,0,,,,,,,,,,,996.5,983.75,986.5,110890,988.0702979321469,989.5167429513485
2017-06-13,989.75,998.75,989.25,997.5,,,0,0,,,,,,,,,,,998.75,989.25,997.5,101356,988.927543574679,989.8298118552173
2017-06-14,997.5,1004.75,994.25,995.5,,,0,0,,,,,,,,,,,1004.75,994.25,995.5,102300,989.5250396133446,990.0521721746205
2017-06-15,995.5,1009.75,989.75,1006.25,,,0,0,,,,,,,,,,,1009.75,989.75,1006.25,115587,991.0454905575859,990.6873811089491
2017-06-16,1008.5,1021,1008,1017.75,,,0,0,,,,,,,,,,,1021,1008,1017.75,117468,993.473173234169,991.7486602811472
2017-06-19,1016.25,1025.5,1011.25,1019.25,,,0,0,,,,,,,,,,,1025.5,1011.25,1019.25,80996,995.8165211219718,992.8271441916904
2017-06-20,1021.5,1026.25,1014.5,1024,,,0,0,,,,,,,,,,,1026.25,1014.5,1024,71474,998.378655565429,994.0496091253497
2017-06-21,1024.75,1025.25,1014.75,1015.75,,,0,0,,,,,,,,,,,1025.25,1014.75,1015.75,61205,999.9578686958445,994.9006048459241
2017-06-22,1015.5,1016.25,1006.75,1011.5,,,0,0,,,,,,,,,,,1016.25,1006.75,1011.5,66663,1001.0071533598586,995.551561518633
2017-06-23,1013.75,1016.75,1008.75,1009.75,,,0,0,,,,,,,,,,,1016.75,1008.75,1009.75,59823,1001.8019575998715,996.1083630277062
2017-06-26,1007.5,1010.5,999.75,1001.75,,,0,0,,,,,,,,,,,1010.5,999.75,1001.75,71760,1001.7972341817014,996.3296036932863
2017-06-27,1002.25,1008.75,1001.25,1005.25,,,0,0,,,,,,,,,,,1008.75,1001.25,1005.25,61201,1002.1111219833649,996.6794231562948
2017-06-28,1005.5,1011.25,1004,1009.25,,,0,0,,,,,,,,,,,1011.25,1004,1009.25,64742,1002.7601108939681,997.1723869540872
2017-06-29,1009.25,1035,1008.25,1032.25,,,0,0,,,,,,,,,,,1035,1008.25,1032.25,160431,1005.4410099036073,998.5479796225544
2017-06-30,1032.25,1062.25,1032.25,1062.25,,,0,0,,,,,,,,,,,1062.25,1032.25,1062.25,187915,1010.605463548734,1001.0460980687287
2017-07-03,1074.5,1092.25,1069.75,1091.25,,,0,0,,,,,,,,,,,1092.25,1069.75,1091.25,151707,1017.9367850443036,1004.583505987602
2017-07-05,1100,1110.75,1073,1096.25,,,0,0,,,,,,,,,,,1110.75,1073,1096.25,191170,1025.0561682220941,1008.1782704586765
2017-07-06,1096.25,1096.25,1071.25,1075.25,,,0,0,,,,,,,,,,,1096.25,1071.25,1075.25,162372,1029.6192438382675,1010.8085343622578
2017-07-07,1074.25,1082,1066.25,1071.25,,,0,0,,,,,,,,,,,1082,1066.25,1071.25,98479,1033.4038580347885,1013.1787879166791
2017-07-10,1076.75,1089.75,1076.5,1086.25,,,0,0,,,,,,,,,,,1089.75,1076.5,1086.25,90935,1038.2080527588987,1016.0443256454367
2017-07-11,1088.75,1095.5,1077,1089.25,,,0,0,,,,,,,,,,,1095.5,1077,1089.25,95427,1042.848229780817,1018.9151364044392
2017-07-12,1085,1088.5,1071,1073.25,,,0,0,,,,,,,,,,,1088.5,1071,1073.25,98733,1045.61202707347,1021.045915368971
2017-07-13,1070.5,1071.25,1045.5,1048,,,0,0,,,,,,,,,,,1071.25,1045.5,1048,109676,1045.8291155213365,1022.102938295678
2017-07-14,1048.75,1056.75,1043.25,1047,,,0,0,,,,,,,,,,,1056.75,1043.25,1047,71746,1045.9355595648512,1023.0792936566318
2017-07-17,1045.75,1048.25,1039,1042.25,,,0,0,,,,,,,,,,,1048.25,1039,1042.25,60380,1045.6005086953194,1023.831086062254
2017-07-18,1045.25,1054,1039.25,1040,,,0,0,,,,,,,,,,,1054,1039.25,1040,76020,1045.0913715411994,1024.4651611186362
2017-07-19,1040.25,1045.25,1036.25,1039.25,,,0,0,,,,,,,,,,,1045.25,1036.25,1039.25,71108,1044.5603377647267,1025.0449587218268
2017-07-20,1040.75,1044.5,1031.25,1042,,,0,0,,,,,,,,,,,1044.5,1031.25,1042,68993,1044.3275797861152,1025.709862301363
2017-07-21,1042.75,1046.5,1033.75,1035.5,,,0,0,,,,,,,,,,,1046.5,1033.75,1035.5,72396,1043.525072532832,1026.0937892699371
2017-07-24,1032.5,1032.75,1019.25,1025,,,0,0,,,,,,,,,,,1032.75,1019.25,1025,90517,1041.8409750298472,1026.0508955730768
2017-07-25,1031,1031.5,1009.5,1010.25,,,0,0,,,,,,,,,,,1031.5,1009.5,1010.25,93082,1038.969068208952,1025.4312526094268
2017-07-26,1012.25,1017.25,1009.25,1014,,,0,0,,,,,,,,,,,1017.25,1009.25,1014,58005,1036.699152917229,1024.9829681933709
2017-07-27,1014.5,1021.75,1013.75,1016,,,0,0,,,,,,,,,,,1021.75,1013.75,1016,47248,1034.8174117429355,1024.6306949308857
2017-07-28,1016.5,1025.5,1014.25,1017.25,,,0,0,,,,,,,,,,,1025.5,1014.25,1017.25,49702,1033.2203743117595,1024.3412559139883
2017-07-31,1015,1017,1007.75,1010.75,,,0,0,,,,,,,,,,,1017,1007.75,1010.75,54205,1031.1776130106905,1023.8082654859888
2017-08-01,1005.25,1014.25,996.75,997.5,,,0,0,,,,,,,,,,,1014.25,996.75,997.5,83058,1028.1160118279004,1022.7765688002638
2017-08-02,998.25,1003,992,997,,,0,0,,,,,,,,,,,1003,992,997,82583,1025.2872834799093,1021.7657229649593
2017-08-03,997.25,1000,990.5,994,,,0,0,,,,,,,,,,,1000,990.5,994,63497,1022.4429849817358,1020.6768710839805
2017-08-04,994,997.75,989.75,991,,,0,0,,,,,,,,,,,997.75,989.75,991,56076,1019.584531801578,1019.5130722179421
2017-08-07,994,1000.25,990.5,999.75,,,0,0,,,,,,,,,,,1000.25,990.5,999.75,71287,1017.7813925468892,1018.7380497780227
2017-08-08,1000,1004.25,991,993.25,,,0,0,,,,,,,,,,,1004.25,991,993.25,92366,1015.5512659517174,1017.7385184141787
2017-08-09,993.5,997.75,990.25,995.75,,,0,0,,,,,,,,,,,997.75,990.25,995.75,76420,1013.7511508651976,1016.8762235744069
2017-08-10,995.75,998.25,975.5,976.75,,,0,0,,,,,,,,,,,998.25,975.5,976.75,103449,1010.3874098774523,1015.3026461793321
2017-08-11,977.75,980.25,970.75,975.5,,,0,0,,,,,,,,,,,980.25,970.75,975.5,89532,1007.2158271613204,1013.741758093868
2017-08-14,972.75,978,967.25,977.25,,,0,0,,,,,,,,,,,978,967.25,977.25,73545,1004.4916610557458,1012.3107087568536
2017-08-15,976.25,976.5,964.25,965.75,,,0,0,,,,,,,,,,,976.5,964.25,965.75,71502,1000.9696918688599,1010.484798609526
2017-08-16,965.75,972,953.25,955.5,,,0,0,,,,,,,,,,,972,953.25,955.5,72242,996.8360835171453,1008.3285319973877
2017-08-17,955.75,958.5,948.5,950.25,,,0,0,,,,,,,,,,,958.5,948.5,950.25,51298,992.6009850155866,1006.050942507294
2017-08-18,950.25,954,948.25,952,,,0,0,,,,,,,,,,,954,948.25,952,67187,988.909986377806,1003.9312977030864
2017-08-21,950.25,954.5,945,946.5,,,0,0,,,,,,,,,,,954.5,945,946.5,58984,985.0545330707328,1001.6790899500243
2017-08-22,947.75,950,938.25,938.5,,,0,0,,,,,,,,,,,950,938.25,938.5,81768,980.8223027915752,999.201478579435
2017-08-23,938.5,944,937.5,939.5,,,0,0,,,,,,,,,,,944,937.5,939.5,72511,977.065729810523,996.8602441253396
2017-08-24,939.5,946.25,936.25,944,,,0,0,,,,,,,,,,,946.25,936.25,944,77274,974.0597543732027,994.7872933753263
2017-08-25,944,947.5,943,944.75,,,0,0,,,,,,,,,,,947.5,943,944.75,58839,971.3952312483661,992.8250465762939
2017-08-28,943,946,936,937.5,,,0,0,,,,,,,,,,,946,936,937.5,73560,968.3138465894237,990.6554369066353
2017-08-29,937.5,940.75,932,939.25,,,0,0,,,,,,,,,,,940.75,932,939.25,74162,965.671678717658,988.6395374201005
2017-08-30,939,943,936.75,939.25,,,0,0,,,,,,,,,,,943,936.75,939.25,58986,963.2697079251436,986.7026928153907
2017-08-31,938.5,947.25,938,944,,,0,0,,,,,,,,,,,947.25,938,944,81232,961.5179162955851,985.0280774108656
2017-09-01,944,949.5,942.75,948.25,,,0,0,,,,,,,,,,,949.5,942.75,948.25,63790,960.3117420868956,983.5857998653415
2017-09-05,950.75,956.25,949,952.5,,,0,0,,,,,,,,,,,956.25,949,952.5,68383,959.6015837153597,982.36674889023
2017-09-06,950.5,957.5,948.75,955.25,,,0,0,,,,,,,,,,,957.5,948.75,955.25,60708,959.2059851957815,981.3033469729661
2017-09-07,955.25,955.75,945.25,946.75,,,0,0,,,,,,,,,,,955.75,945.25,946.75,54695,958.0736229052559,979.94831375834
2017-09-08,946.25,951.5,945,947.25,,,0,0,,,,,,,,,,,951.5,945,947.25,47849,957.0896571865962,978.6660269442874
2017-09-11,947.25,949.5,941,944.25,,,0,0,,,,,,,,,,,949.5,941,944.25,45312,955.9224156241784,977.3163788288251
2017-09-12,943.5,953.25,937.75,951.5,,,0,0,,,,,,,,,,,953.25,937.75,951.5,92403,955.5203778401622,976.30397181593
2017-09-13,950.75,959.25,950.75,952.75,,,0,0,,,,,,,,,,,959.25,950.75,952.75,77727,955.2685253092383,975.3802866466779
2017-09-14,953.5,960,951.25,952.5,,,0,0,,,,,,,,,,,960,951.25,952.5,64496,955.0168411902166,974.4830205036709
2017-09-15,953,959.75,950.25,958.5,,,0,0,,,,,,,,,,,959.75,950.25,958.5,60896,955.333491991106,973.8562353858799
2017-09-18,958,960.25,951.75,953,,,0,0,,,,,,,,,,,960.25,951.75,953,54102,955.1213563555509,973.0383438021199
2017-09-19,952.25,956.25,945.25,952.5,,,0,0,,,,,,,,,,,956.25,945.25,952.5,71986,954.883051232319,972.2329185549779
2017-09-20,952.75,961.5,952.25,959.25,,,0,0,,,,,,,,,,,961.5,952.25,959.25,62184,955.2800465748354,971.7237844939984
2017-09-21,961.25,964,955,962,,,0,0,,,,,,,,,,,964,955,962,61678,955.8909514316686,971.3424596118808
2017-09-22,962,964.5,957.5,959,,,0,0,,,,,,,,,,,964.5,957.5,959,58488,956.1735922106078,970.8584415878855
2017-09-25,957.5,964.25,953.5,963.5,,,0,0,,,,,,,,,,,964.25,953.5,963.5,64118,956.8396292823708,970.5698752511057
2017-09-26,963,970.25,961,963.25,,,0,0,,,,,,,,,,,970.25,961,963.25,70890,957.4223902567007,970.2828213196898
2017-09-27,963.5,972.25,958.5,971,,,0,0,,,,,,,,,,,972.25,958.5,971,74383,958.6567184151825,970.3109459738196
2017-09-28,971.5,971.5,963.5,964.5,,,0,0,,,,,,,,,,,971.5,963.5,964.5,57166,959.1879258319841,970.0830657395521
2017-09-29,965,968.5,955.75,957.75,,,0,0,,,,,,,,,,,968.5,955.75,957.75,93111,959.0572053018037,969.599416102707
2017-10-02,956,958,949,954.25,,,0,0,,,,,,,,,,,958,949,954.25,75645,958.6201866380034,968.9974782163263
2017-10-03,954.5,960,952.75,957.5,,,0,0,,,,,,,,,,,960,952.75,957.5,81890,958.518351489094,968.5465967176468
2017-10-04,958.25,958.75,951,951.5,,,0,0,,,,,,,,,,,958.75,951,951.5,57486,957.88031953554,967.8781027287195
2017-10-05,952.75,953.5,947.5,950.25,,,0,0,,,,,,,,,,,953.5,947.5,950.25,57909,957.1866541232182,967.1868045824951
2017-10-06,950,954.25,948.25,953,,,0,0,,,,,,,,,,,954.25,948.25,953,47870,956.8060492029257,966.6304593047503
2017-10-09,953.5,955.25,945,945.5,,,0,0,,,,,,,,,,,955.25,945,945.5,59165,955.7782265481143,965.8018138418189
2017-10-10,946.25,949.25,943.5,944.75,,,0,0,,,,,,,,,,,949.25,943.5,944.75,54050,954.7756604982857,964.9762525146888
2017-10-11,944.5,945,939.25,942.75,,,0,0,,,,,,,,,,,945,939.25,942.75,72062,953.6824186348051,964.1046347690148
2017-10-12,942,947.25,937.5,940,,,0,0,,,,,,,,,,,947.25,937.5,940,74220,952.4385623952774,963.1593549741515
2017-10-13,940.25,950.25,940,949,,,0,0,,,,,,,,,,,950.25,940,949,52240,952.1259658138885,962.6040861516358
2017-10-16,949.5,952.25,945,946,,,0,0,,,,,,,,,,,952.25,945,946,46504,951.5690598308076,961.9529455182383
2017-10-17,946,950.25,943,944.25,,,0,0,,,,,,,,,,,950.25,943,944.25,46207,950.9036907552796,961.2587123606603
2017-10-18,944.25,944.75,938.5,939.5,,,0,0,,,,,,,,,,,944.75,938.5,939.5,47231,949.8669915957088,960.4054295229873
2017-10-19,940,945.75,939,942.25,,,0,0,,,,,,,,,,,945.75,939,942.25,53114,949.1745378142807,959.6934518946349
2017-10-20,942.5,945.5,934.5,935.5,,,0,0,,,,,,,,,,,945.5,934.5,935.5,51120,947.9313980129824,958.7446890752375
2017-10-23,935.75,947.75,933.25,946.25,,,0,0,,,,,,,,,,,947.75,933.25,946.25,82204,947.7785436481659,958.2547012683655
2017-10-24,947.5,948.25,942.5,947.5,,,0,0,,,,,,,,,,,948.25,942.5,947.5,47691,947.7532214983326,957.8329482774492
2017-10-25,947.5,952.5,943.25,945,,,0,0,,,,,,,,,,,952.5,943.25,945,59314,947.5029286348478,957.3296954038237
2017-10-26,945,947,940.5,941.25,,,0,0,,,,,,,,,,,947,940.5,941.25,45422,946.9344805771343,956.6991191134776
2017-10-27,940,940.75,934.25,936.75,,,0,0,,,,,,,,,,,940.75,934.25,936.75,62473,946.0086187064858,955.9168007168707
2017-10-30,937,937.75,932,934.25,,,0,0,,,,,,,,,,,937.75,932,934.25,49312,944.9396533695325,955.0671222573856
2017-10-31,934.5,935.75,925.75,928,,,0,0,,,,,,,,,,,935.75,925.75,928,93958,943.3996848813932,954.0056664825861
2017-11-01,928.25,931.5,926,927.5,,,0,0,,,,,,,,,,,931.5,926,927.5,66275,941.9542589830847,952.9662285813082
2017-11-02,927,936.25,927,935.5,,,0,0,,,,,,,,,,,936.25,927,935.5,70604,941.3675081664406,952.2812784408648
2017-11-03,936.5,938.5,931.75,935.25,,,0,0,,,,,,,,,,,938.5,931.75,935.25,68733,940.8113710604006,951.613385168674
2017-11-06,936.5,940.75,936.5,940.25,,,0,0,,,,,,,,,,,940.75,936.5,940.25,84448,940.7603373276369,951.1677622208829
2017-11-07,939.75,940.5,933.5,936.75,,,0,0,,,,,,,,,,,940.5,933.5,936.75,113496,940.3957612069427,950.6023597808482
2017-11-08,936.75,937,928.5,936.25,,,0,0,,,,,,,,,,,937,928.5,936.25,94736,940.0188738244933,950.0395221423836
2017-11-09,935.25,941.5,933.25,938.5,,,0,0,,,,,,,,,,,941.5,933.25,938.5,155471,939.880794385903,949.5869918622901
2017-11-10,939,943.75,936.25,941,,,0,0,,,,,,,,,,,943.75,936.25,941,105996,939.9825403508208,949.2502470833767
2017-11-13,941.5,941.5,931.75,933.75,,,0,0,,,,,,,,,,,941.5,931.75,933.75,110242,939.4159457734735,948.6423942565776
2017-11-14,934.25,939,932.75,937.5,,,0,0,,,,,,,,,,,939,932.75,937.5,93367,939.2417688849758,948.2054376190648
2017-11-15,937.25,937.75,927.5,929.5,,,0,0,,,,,,,,,,,937.75,927.5,929.5,76382,938.3561535317962,947.4718910457682
2017-11-16,930.25,932.75,928.25,929.75,,,0,0,,,,,,,,,,,932.75,928.25,929.75,56384,937.5737759379965,946.7769149263263
2017-11-17,929.25,935.75,929,935.25,,,0,0,,,,,,,,,,,935.75,929,935.25,52688,937.3625235799968,946.3248790468625
2017-11-20,934.75,935.5,927.75,930.25,,,0,0,,,,,,,,,,,935.5,927.75,930.25,61192,936.7159305272698,945.6944916332601
2017-11-21,930.25,936.75,928.25,933,,,0,0,,,,,,,,,,,936.75,928.25,933,64934,936.3781186611544,945.1966684319558
2017-11-22,933,936.25,930.25,932.5,,,0,0,,,,,,,,,,,936.25,930.25,932.5,65245,936.0255624192313,944.6987598659967
2017-11-24,932,932.25,922.75,926.5,,,0,0,,,,,,,,,,,932.25,922.75,926.5,66562,935.1596021993012,943.9850830085066
2017-11-27,925.75,926.25,919.25,920,,,0,0,,,,,,,,,,,926.25,919.25,920,79395,933.7814565448192,943.044491517977
2017-11-28,920.75,923,916,921,,,0,0,,,,,,,,,,,923,916,921,89074,932.6195059498357,942.1800016545269
2017-11-29,921,927.25,921,926.5,,,0,0,,,,,,,,,,,927.25,921,926.5,89213,932.0631872271233,941.5650996288592
2017-11-30,927.5,930.75,922.25,924.75,,,0,0,,,,,,,,,,,930.75,922.25,924.75,100650,931.3983520246576,940.9056839571392
2017-12-01,924.75,930.75,923.75,930.25,,,0,0,,,,,,,,,,,930.75,923.75,930.25,64703,931.2939563860524,940.4878139980357
2017-12-04,931.25,934.75,926,927,,,0,0,,,,,,,,,,,934.75,926,927,58613,930.903596714593,939.9588801157597
2017-12-05,926,928,922.75,924.5,,,0,0,,,,,,,,,,,928,922.75,924.5,47407,930.3214515587209,939.3526495229848
2017-12-06,924,925.25,916.25,917,,,0,0,,,,,,,,,,,925.25,916.25,917,64579,929.1104105079281,938.4760750318874
2017-12-07,917,917.5,911.25,913.25,,,0,0,,,,,,,,,,,917.5,911.25,913.25,61457,927.6685550072074,937.4868171874996
2017-12-08,912.75,916.5,909.5,910.75,,,0,0,,,,,,,,,,,916.5,909.5,910.75,50431,926.1305045520068,936.4383145526957
2017-12-11,909.75,910.5,902.5,905.25,,,0,0,,,,,,,,,,,910.5,902.5,905.25,76944,924.2322768654607,935.2152433937665
2017-12-12,905,910.5,902.25,902.5,,,0,0,,,,,,,,,,,910.5,902.25,902.5,78404,922.256615332237,933.9322926724424
2017-12-13,903,909,902.75,908.5,,,0,0,,,,,,,,,,,909,902.75,908.5,54443,921.0060139383972,932.9349478617584
2017-12-14,908.25,912.5,907.75,910,,,0,0,,,,,,,,,,,912.5,907.75,910,51997,920.0054672167248,932.0355381416894
2017-12-15,910.5,913.25,906.75,910,,,0,0,,,,,,,,,,,913.25,906.75,910,49118,919.0958792879317,931.1713993910349
2017-12-18,912,915.25,911.25,912.25,,,0,0,,,,,,,,,,,915.25,911.25,912.25,47968,918.4735266253924,930.4293837286414
2017-12-19,912.25,915.75,910.75,911.25,,,0,0,,,,,,,,,,,915.75,910.75,911.25,39615,917.8168423867204,929.6772510334006
2017-12-20,910.5,916.25,908,915.25,,,0,0,,,,,,,,,,,916.25,908,915.25,54040,917.5834930788367,929.1114764830711
2017-12-21,915.75,919.25,914.25,918.75,,,0,0,,,,,,,,,,,919.25,914.25,918.75,44546,917.6895391625789,928.7051440719703
2017-12-22,918.5,920.75,916,916.5,,,0,0,,,,,,,,,,,920.75,916,916.5,26982,917.5813992387081,928.2265109711087
2017-12-26,915.75,918.5,912.5,914,,,0,0,,,,,,,,,,,918.5,912.5,914,27392,917.2558174897346,927.6686085800849
2017-12-27,914,920,912.5,919.75,,,0,0,,,,,,,,,,,920,912.5,919.75,36729,917.4825613543042,927.3580749102777
2017-12-28,919.25,920.5,917,919.5,,,0,0,,,,,,,,,,,920.5,917,919.5,31942,917.6659648675492,927.0499151098746
2017-12-29,918,919.75,915.75,918.75,,,0,0,,,,,,,,,,,919.75,915.75,918.75,37219,917.7645135159538,926.7244282428207
2018-01-02,920,928,920,925.25,,,0,0,,,,,,,,,,,928,920,925.25,71354,918.4450122872307,926.666607527416
2018-01-03,927,928.75,923.75,927.75,,,0,0,,,,,,,,,,,928.75,923.75,927.75,70970,919.2909202611188,926.709093506733
2018-01-04,927.5,927.75,922.75,925.75,,,0,0,,,,,,,,,,,927.75,922.75,925.75,58728,919.8781093282898,926.6714819966651
2018-01-05,924.75,925.5,919.25,922.5,,,0,0,,,,,,,,,,,925.5,919.25,922.5,62551,920.1164630257181,926.5078944673841
2018-01-08,922,924,917.5,919.5,,,0,0,,,,,,,,,,,924,917.5,919.5,71822,920.060420932471,926.2330750765062
2018-01-09,919.5,925.5,917,924,,,0,0,,,,,,,,,,,925.5,917,924,63519,920.4185644840645,926.1455035048785
2018-01-10,924,926.75,923.25,926,,,0,0,,,,,,,,,,,926.75,923.25,926,62125,920.9259677127859,926.1397974850794
2018-01-11,926,926.25,920.25,925,,,0,0,,,,,,,,,,,926.25,920.25,925,73166,921.2963342843508,926.095099544488
2018-01-12,925,927.75,910.5,912.25,,,0,0,,,,,,,,,,,927.75,910.5,912.25,131033,920.4739402585008,925.552154464312
2018-01-16,912,914.5,905,908.25,,,0,0,,,,,,,,,,,914.5,905,908.25,83268,919.3626729622735,924.8736386029665
2018-01-17,908.5,915,907.25,913.25,,,0,0,,,,,,,,,,,915,907.25,913.25,53024,918.8069754202486,924.4178096381443
2018-01-18,914,917.5,913,917,,,0,0,,,,,,,,,,,917.5,913,917,53107,918.6427049274987,924.1269151425307
2018-01-19,917,919,913.25,914.5,,,0,0,,,,,,,,,,,919,913.25,914.5,39936,918.2660953886352,923.7493890585099
2018-01-22,916.25,919.25,915,917.5,,,0,0,,,,,,,,,,,919.25,915,917.5,51153,918.1964503533047,923.504314977784
2018-01-23,915.25,916.75,911.5,913.25,,,0,0,,,,,,,,,,,916.75,911.5,913.25,57485,917.7467730484589,923.1021849786553
2018-01-24,914,925.5,912.5,924.75,,,0,0,,,,,,,,,,,925.5,912.5,924.75,113542,918.3834300440535,923.1668051755707
2018-01-25,924.75,930.5,921.25,926.25,,,0,0,,,,,,,,,,,930.5,921.25,926.25,91598,919.0985727673213,923.2877147765288
2018-01-26,926.75,934.25,926,932.75,,,0,0,,,,,,,,,,,934.25,926,932.75,83104,920.3396116066558,923.6587847852924
2018-01-29,934.75,941.5,934.75,941,,,0,0,,,,,,,,,,,941.5,934.75,941,109243,922.2178287333235,924.3388324407711
2018-01-30,945.75,950.25,941.5,949,,,0,0,,,,,,,,,,,950.25,941.5,949,130214,924.6525715757487,925.3059370509369
2018-01-31,950.25,950.5,939.25,943.5,,,0,0,,,,,,,,,,,950.5,939.25,943.5,121250,926.3659741597716,926.0194297156061
2018-02-01,942.75,943.25,935,942.75,,,0,0,,,,,,,,,,,943.25,935,942.75,112717,927.8554310543378,926.6755305110725
2018-02-02,941.5,942.75,936.75,938.5,,,0,0,,,,,,,,,,,942.75,936.75,938.5,69044,928.8231191403071,927.1392351969128
2018-02-05,935,937.5,930.5,932,,,0,0,,,,,,,,,,,937.5,930.5,932,100967,929.1119264911882,927.3298534244848
2018-02-06,933.75,939.5,930.5,938,,,0,0,,,,,,,,,,,939.5,930.5,938,80120,929.9199331738075,927.7482905450933
2018-02-07,940.75,953.5,939.5,952.25,,,0,0,,,,,,,,,,,953.5,939.5,952.25,149038,931.9499392489159,928.709141896266
2018-02-08,953.5,956.25,943,948,,,0,0,,,,,,,,,,,956.25,943,948,133037,933.4090356808326,929.4656461356282
2018-02-09,946,947.75,940,940.75,,,0,0,,,,,,,,,,,947.75,940,940.75,119895,934.0763960734843,929.908169816584
2018-02-12,943.75,956.75,943.25,955.75,,,0,0,,,,,,,,,,,956.75,943.25,955.75,130177,936.0467237031675,930.9215749218159
2018-02-13,956.75,959,950.75,952.5,,,0,0,,,,,,,,,,,959,950.75,952.5,139468,937.5424760937887,931.7677876699801
2018-02-14,950,952.75,945.75,948,,,0,0,,,,,,,,,,,952.75,945.75,948,59530,938.4931600852624,932.4043450162553
2018-02-15,948,955.5,944.25,954,,,0,0,,,,,,,,,,,955.5,944.25,954,61550,939.902872804784,933.2512334469905
2018-02-16,956.75,956.75,949,950.25,,,0,0,,,,,,,,,,,956.75,949,950.25,42974,940.8435207316219,933.9178517431869
2018-02-20,952.75,956,940.75,941.25,,,0,0,,,,,,,,,,,956,940.75,941.25,81466,940.8804733923836,934.2053869689443
2018-02-21,942,943.75,937,938.25,,,0,0,,,,,,,,,,,943.75,937,938.25,69299,940.6413394476215,934.363999244672
2018-02-22,939,943.75,935.75,943,,,0,0,,,,,,,,,,,943.75,935.75,943,64676,940.8557631342013,934.7026659409594
2018-02-23,944.75,948,942.5,943,,,0,0,,,,,,,,,,,948,942.5,943,64676,941.0506937583648,935.0280515903336
2018-02-26,948.5,955.5,946.5,951.5,,,0,0,,,,,,,,,,,955.5,946.5,951.5,100763,942.0006306894226,935.6740103514969
2018-02-27,954,957.75,952.25,955.75,,,0,0,,,,,,,,,,,957.75,952.25,955.75,81343,943.2505733540205,936.4613040632029
2018-02-28,956.75,978.25,955.25,973.75,,,0,0,,,,,,,,,,,978.25,955.25,973.75,140220,946.023248503655,937.9236058646459
2018-03-01,974.25,996.75,968.25,994.25,,,0,0,,,,,,,,,,,996.75,968.25,994.25,152314,950.4074986396864,940.1324840660324
2018-03-02,993,997.25,972,978.75,,,0,0,,,,,,,,,,,997.25,972,978.75,135236,952.9840896724422,941.6468964555997
2018-03-05,985.25,989,974,988,,,0,0,,,,,,,,,,,989,974,988,75420,956.1673542476748,943.4646652220468
2018-03-06,985,986.5,974,985.75,,,0,0,,,,,,,,,,,986.5,974,985.75,87388,958.8566856797044,945.1229136447117
2018-03-07,983.5,988.5,974.75,976,,,0,0,,,,,,,,,,,988.5,974.75,976,85079,960.4151687997312,946.3337797762916
2018-03-08,976,981.25,969,978,,,0,0,,,,,,,,,,,981.25,969,978,91529,962.0137898179374,947.5755923340841
2018-03-09,978.25,978.25,964.75,968,,,0,0,,,,,,,,,,,978.25,964.75,968,70713,962.5579907435795,948.3765494974534
2018-03-12,967.25,971.5,961.75,969.5,,,0,0,,,,,,,,,,,971.5,961.75,969.5,65596,963.1890824941631,949.2049201053965
2018-03-13,969.25,976.75,963.5,965.25,,,0,0,,,,,,,,,,,976.75,963.5,965.25,85794,963.3764386310573,949.8341389247927
2018-03-14,964.25,969.25,961.75,967.5,,,0,0,,,,,,,,,,,969.25,961.75,967.5,64369,963.7513078464158,950.5269177904871
2018-03-15,967.5,972,954.75,957.5,,,0,0,,,,,,,,,,,972,954.75,957.5,76230,963.1830071331052,950.8003719947817
2018-03-16,957.5,961,945.75,946.5,,,0,0,,,,,,,,,,,961,945.75,946.5,83127,961.6663701210048,950.6317299557707
2018-03-19,943.75,944.75,929,929.5,,,0,0,,,,,,,,,,,944.75,929,929.5,109989,958.7421546554589,949.8030346633875
2018-03-20,931.25,936.25,928.75,931.75,,,0,0,,,,,,,,,,,936.25,928.75,931.75,92600,956.2883224140535,949.0950725197252
2018-03-21,932.25,933.25,925.5,932.25,,,0,0,,,,,,,,,,,933.25,925.5,932.25,79013,954.1030203764122,948.4344814405204
2018-03-22,932.25,938.5,930,934.5,,,0,0,,,,,,,,,,,938.5,930,934.5,64101,952.3209276149203,947.8880311879509
2018-03-23,934,940.5,925.25,939,,,0,0,,,,,,,,,,,940.5,925.25,939,78521,951.109934195382,947.5394809452862
2018-03-26,941.25,942.5,930,933,,,0,0,,,,,,,,,,,942.5,930,933,65958,949.4635765412564,946.9693052219417
2018-03-27,933,936.25,927.5,927.75,,,0,0,,,,,,,,,,,936.25,927.5,927.75,57977,947.4896150375058,946.2156069779439
2018-03-28,928.25,931.25,923.25,924.25,,,0,0,,,,,,,,,,,931.25,923.25,924.25,55976,945.376922761369,945.3542106258677
2018-03-29,926.25,934.5,920.25,929.75,,,0,0,,,,,,,,,,,934.5,920.25,929.75,89823,943.9562934194263,944.7422807974024
2018-04-02,933,936,924.5,925,,,0,0,,,,,,,,,,,936,924.5,925,67069,942.2329940176603,943.9680737073081
2018-04-03,927.25,942.25,927,936.25,,,0,0,,,,,,,,,,,942.25,927,936.25,99826,941.6890854706003,943.6654041501588
2018-04-04,935.75,940.25,925.75,934.5,,,0,0,,,,,,,,,,,940.25,925.75,934.5,94458,941.0355322460002,943.3059765364271
2018-04-05,936.75,944.75,935.25,943.5,,,0,0,,,,,,,,,,,944.75,935.25,943.5,73154,941.2595747690912,943.3135852997045
2018-04-06,940.25,951.5,938,951,,,0,0,,,,,,,,,,,951.5,938,951,76592,942.1450679719011,943.615013327167
2018-04-09,956.75,972.5,953.5,969.5,,,0,0,,,,,,,,,,,972.5,953.5,969.5,133935,944.6318799744555,944.6301108437488
2018-04-10,970.75,972.75,960.5,970.75,,,0,0,,,,,,,,,,,972.75,960.5,970.75,130242,947.0062545222323,945.6544202224253
2018-04-11,969.75,970.75,961.75,966,,,0,0,,,,,,,,,,,970.75,961.75,966,101287,948.7329586565749,946.4522860960557
2018-04-12,962.25,963.5,953.5,959.75,,,0,0,,,,,,,,,,,963.5,953.5,959.75,80170,949.7345078696135,946.973765072681
2018-04-13,959,960,948.25,951.25,,,0,0,,,,,,,,,,,960,948.25,951.25,63766,949.8722798814669,947.1414605600269
2018-04-16,945.25,949,940.25,941,,,0,0,,,,,,,,,,,949,940.25,941,81262,949.0657089831517,946.9006189694376
2018-04-17,942.25,948.75,939,943.5,,,0,0,,,,,,,,,,,948.75,939,943.5,59670,948.5597354392288,946.767261362793
2018-04-18,943.5,952.5,942.5,951.25,,,0,0,,,,,,,,,,,952.5,942.5,951.25,61694,948.8043049447534,946.9430550348403
2018-04-19,953.75,956,947,952.75,,,0,0,,,,,,,,,,,956,947,952.75,61810,949.1630044952304,947.1707783668073
2018-04-20,951.75,953,938.25,939.25,,,0,0,,,,,,,,,,,953,938.25,939.25,72255,948.2618222683913,946.8601596073247
2018-04-23,940,945.25,934.25,936.5,,,0,0,,,,,,,,,,,945.25,934.25,936.5,87586,947.1925656985375,946.45387883841
2018-04-24,936.75,947,929.75,946.25,,,0,0,,,,,,,,,,,947,929.75,946.25,77718,947.1068779077614,946.4458835898449
2018-04-25,947.25,963.5,946.5,961,,,0,0,,,,,,,,,,,963.5,946.5,961,91761,948.3698890070558,947.0166332529883
2018-04-26,960.5,966.25,949.25,951.5,,,0,0,,,,,,,,,,,966.25,949.25,951.5,84507,948.6544445518689,947.1924515567927
2018-04-27,955.25,961,950.75,960.5,,,0,0,,,,,,,,,,,961,950.75,960.5,59995,949.7313132289718,947.7143162016243
2018-04-30,962.75,975.25,962.75,972.5,,,0,0,,,,,,,,,,,975.25,962.75,972.5,94965,951.8011938445198,948.6863038015606
2018-05-01,974.5,992,968,991.25,,,0,0,,,,,,,,,,,992,968,991.25,116477,955.3874489495635,950.3554683583621
2018-05-02,991,996.5,983,988.75,,,0,0,,,,,,,,,,,996.5,983,988.75,107530,958.4204081359668,951.8611362658773
2018-05-03,988,1000.5,982.5,1000,,,0,0,,,,,,,,,,,1000.5,982.5,1000,74654,962.200371032697,953.7489348436861
2018-05-04,999.25,999.25,985.5,988.25,,,0,0,,,,,,,,,,,999.25,985.5,988.25,81612,964.5685191206337,955.1019177909925
2018-05-07,984.25,986,972.5,973.5,,,0,0,,,,,,,,,,,986,972.5,973.5,77871,965.3804719278488,955.8234112109536
2018-05-08,973,982.25,968.75,976.5,,,0,0,,,,,,,,,,,982.25,968.75,976.5,71073,966.3913381162262,956.6342578301319
2018-05-09,977.5,977.75,968.25,972.5,,,0,0,,,,,,,,,,,977.75,968.25,972.5,59787,966.946671014751,957.2564437975777
2018-05-10,973.25,977,962.25,968.5,,,0,0,,,,,,,,,,,977,962.25,968.5,76649,967.0878827406827,957.6973675702218
2018-05-11,964.75,967.25,959,960.75,,,0,0,,,,,,,,,,,967.25,959,960.75,55513,966.5117115824388,957.8170786458994
2018-05-14,961,961,952.25,953.25,,,0,0,,,,,,,,,,,961,952.25,953.25,66355,965.3061014385808,957.6379775225308
2018-05-15,952.5,958.25,948.25,955.5,,,0,0,,,,,,,,,,,958.25,948.25,955.5,74723,964.414637671437,957.5541352667453
2018-05-16,955.75,960.75,953,956.25,,,0,0,,,,,,,,,,,960.75,953,956.25,56225,963.6723978831246,957.5029927072651
2018-05-17,958,967,957,959.5,,,0,0,,,,,,,,,,,967,957,959.5,68134,963.2930889846588,957.5813067187449
2018-05-18,959.5,980.75,957.25,980.25,,,0,0,,,,,,,,,,,980.75,957.25,980.25,98776,964.8346263496898,958.4702750827157
2018-05-21,985,987.5,966.25,969.25,,,0,0,,,,,,,,,,,987.5,966.25,969.25,101857,965.2360239542634,958.8930093931974
2018-05-22,967.5,992.25,964.75,983.5,,,0,0,,,,,,,,,,,992.25,964.75,983.5,121340,966.8963854129667,959.8579894169936
2018-05-23,982.75,993.75,979.25,993,,,0,0,,,,,,,,,,,993.75,979.25,993,91158,969.2694412845151,961.1576761065232
2018-05-24,993,1007.25,991.25,992.25,,,0,0,,,,,,,,,,,1007.25,991.25,992.25,136823,971.3585829859228,962.3769829258753
2018-05-25,992,1006.75,990.25,1005,,,0,0,,,,,,,,,,,1006.75,990.25,1005,86023,974.4168936235661,964.0484737915273
2018-05-29,1009.5,1016,993.5,998.5,,,0,0,,,,,,,,,,,1016,993.5,998.5,140350,976.6062669305146,965.3995140349967
2018-05-30,996.75,996.75,978.5,984,,,0,0,,,,,,,,,,,996.75,978.5,984,106721,977.278424482286,966.1289448571538
2018-05-31,984,993.75,977.25,988.25,,,0,0,,,,,,,,,,,993.75,977.25,988.25,86994,978.2758404384418,966.9964372156968
2018-06-01,986.5,990,980.25,985.25,,,0,0,,,,,,,,,,,990,980.25,985.25,84217,978.909854944038,967.7122632072382
2018-06-04,982.25,983.25,965.25,967.25,,,0,0,,,,,,,,,,,983.25,965.25,967.25,104589,977.8498681309436,967.6941352383269
2018-06-05,969,980.75,968,972,,,0,0,,,,,,,,,,,980.75,968,972,106924,977.3180619372215,967.8629926799612
2018-06-06,971.75,993.25,969.5,981.75,,,0,0,,,,,,,,,,,993.25,969.5,981.75,102300,977.7209653974741,968.4075812023157
2018-06-07,984.25,999,981.25,988.75,,,0,0,,,,,,,,,,,999,981.25,988.75,121868,978.7236049067945,969.2053231159504
2018-06-08,990.25,995.5,975.25,982,,,0,0,,,,,,,,,,,995.5,975.25,982,128275,979.0214590061769,969.707075150619
2018-06-11,982,990.25,973.75,976.5,,,0,0,,,,,,,,,,,990.25,973.75,976.5,95718,978.7922354601608,969.9734643603986
2018-06-12,976.75,1000.25,972.25,996.5,,,0,0,,,,,,,,,,,1000.25,972.25,996.5,145449,980.4020322365099,971.0137206599908
2018-06-13,997,1000.75,976.5,978.5,,,0,0,,,,,,,,,,,1000.75,976.5,978.5,123831,980.229120215009,971.3073002419519
2018-06-14,977.75,979,960.25,963.5,,,0,0,,,,,,,,,,,979,960.25,963.5,113599,978.7082911045536,971.0011316050126
2018-06-15,977.75,979,949,961.5,,,0,0,,,,,,,,,,,979,949,961.5,98171,977.1439010041396,970.6285382087376
2018-06-18,957.75,960.5,948.5,949.5,,,0,0,,,,,,,,,,,960.5,948.5,949.5,62501,974.6308190946723,969.7999680829048
2018-06-19,949,949.25,928,937.5,,,0,0,,,,,,,,,,,949.25,928,937.5,91721,971.2552900860658,968.533302667889
2018-06-20,937.5,949,934.5,947.25,,,0,0,,,,,,,,,,,949,934.5,947.25,82102,969.0729909873326,967.6986633475796
2018-06-21,948.75,958,941,954.75,,,0,0,,,,,,,,,,,958,941,954.75,84525,967.7709008975751,967.1908726280666
2018-06-22,954.75,957.5,946.5,952.25,,,0,0,,,,,,,,,,,957.5,946.5,952.25,58137,966.3599099068864,966.6049560544169
2018-06-25,950,951.75,935,938.5,,,0,0,,,,,,,,,,,951.75,935,938.5,70395,963.8271908244421,965.502800915028
2018-06-26,939.5,944,928.25,931,,,0,0,,,,,,,,,,,944,928.25,931,72866,960.8429007494929,964.1497498987525
2018-06-27,931,940.25,929.75,936.5,,,0,0,,,,,,,,,,,940.25,929.75,936.5,75596,958.6299097722663,963.0654459811543
2018-06-28,935.5,940.75,930.75,931.5,,,0,0,,,,,,,,,,,940.75,930.75,931.5,58313,956.1635543384239,961.8275853544424
2018-06-29,932.5,957,931.25,949.25,,,0,0,,,,,,,,,,,957,931.25,949.25,119534,955.5350493985671,961.3343467130917
2018-07-02,949.25,957.75,927.5,928.25,,,0,0,,,,,,,,,,,957.75,927.5,928.25,94635,953.0545903623338,960.0369213517939
2018-07-03,929.25,941,929,939,,,0,0,,,,,,,,,,,941,929,939,0,951.7769003293944,959.2119440438804
2018-07-05,944.5,956.5,944.5,953.5,,,0,0,,,,,,,,,,,956.5,944.5,953.5,74107,951.9335457539948,958.987946238238
2018-07-06,953,964.25,946.25,963.25,,,0,0,,,,,,,,,,,964.25,946.25,963.25,66725,952.9623143218136,959.1550856014444
2018-07-09,961.75,962,951.5,956,,,0,0,,,,,,,,,,,962,951.5,956,50299,953.2384675652851,959.031356754329
2018-07-10,955.5,955.75,936,940,,,0,0,,,,,,,,,,,955.75,936,940,82254,952.0349705138955,958.2850290384729
2018-07-11,937.75,938.5,919.25,919.75,,,0,0,,,,,,,,,,,938.5,919.25,919.75,88367,949.0999731944504,956.773851429121
2018-07-12,922.25,936.5,921,932.5,,,0,0,,,,,,,,,,,936.5,921,932.5,72578,947.5908847222277,955.8219356868026
2018-07-13,931.5,945.75,929.25,945,,,0,0,,,,,,,,,,,945.75,929.25,945,81163,947.3553497474796,955.397546052026
2018-07-16,943.25,946.5,934.75,936.5,,,0,0,,,,,,,,,,,946.5,934.75,936.5,62009,946.3684997704361,954.6564658146916
2018-07-17,939,952.25,935.75,945.75,,,0,0,,,,,,,,,,,952.25,935.75,945.75,70281,946.3122725185782,954.307192645488
2018-07-18,946.25,953,941.75,942.5,,,0,0,,,,,,,,,,,953,941.75,942.5,54257,945.9657022896165,953.8441654829198
2018-07-19,941.75,953.75,938.25,952.25,,,0,0,,,,,,,,,,,953.75,938.25,952.25,57474,946.5370020814695,953.781649189472
2018-07-20,951.5,967.75,951,964,,,0,0,,,,,,,,,,,967.75,951,964,76739,948.1245473467905,954.1823688291005
2018-07-23,966,970.5,960,961.75,,,0,0,,,,,,,,,,,970.5,960,961.75,74226,949.3632248607186,954.4791386789396
2018-07-24,959.5,964.25,953.25,958.25,,,0,0,,,,,,,,,,,964.25,953.25,958.25,66279,950.1711135097441,954.627015593491
2018-07-25,959.5,993.25,959.25,990.75,,,0,0,,,,,,,,,,,993.25,959.25,990.75,145913,953.8601031906765,956.0436032172757
2018-07-26,992.75,1001.75,980,984.5,,,0,0,,,,,,,,,,,1001.75,980,984.5,128991,956.6455483551604,957.15954034601
2018-07-27,984,990,973.25,978.5,,,0,0,,,,,,,,,,,990,973.25,978.5,94998,958.6323166865094,957.9964211167547
2018-07-30,981.5,999.75,980.75,994.5,,,0,0,,,,,,,,,,,999.75,980.75,994.5,72662,961.893015169554,959.4279340141369
2018-07-31,993.5,1013,988.5,1001.75,,,0,0,,,,,,,,,,,1013,988.5,1001.75,97008,965.5163774268673,961.0876228763276
2018-08-01,1003.25,1014,998.75,1006.25,,,0,0,,,,,,,,,,,1014,998.75,1006.25,100631,969.2194340244248,962.8586964890206
2018-08-02,1007.5,1041,1007,1008.5,,,0,0,,,,,,,,,,,1041,1007,1008.5,150993,972.790394567659,964.6485515286669
2018-08-03,1011.25,1015.75,1002,1004.25,,,0,0,,,,,,,,,,,1015.75,1002,1004.25,78469,975.6503586978718,966.2015495079348
2018-08-06,1003,1024.25,999.5,1022.5,,,0,0,,,,,,,,,,,1024.25,999.5,1022.5,75848,979.9094169980652,968.4093318801727
2018-08-07,1023.25,1034.25,1012,1016.25,,,0,0,,,,,,,,,,,1034.25,1012,1016.25,106029,983.2131063618775,970.2854365123228
2018-08-08,1017.75,1026,1012.5,1018,,,0,0,,,,,,,,,,,1026,1012.5,1018,91814,986.3755512380704,972.1565958647807
2018-08-09,1018.5,1021.75,1009.75,1012.5,,,0,0,,,,,,,,,,,1021.75,1009.75,1012.5,87215,988.7505011255186,973.7386901445932
2018-08-10,1012.75,1022,993.75,994.75,,,0,0,,,,,,,,,,,1022,993.75,994.75,113918,989.2959101141078,974.5626630800994
2018-08-13,994.5,997.75,978.5,981.5,,,0,0,,,,,,,,,,,997.75,978.5,981.5,94158,988.5871910128252,974.8347155083308
2018-08-14,982.75,992.25,980.25,989.75,,,0,0,,,,,,,,,,,992.25,980.25,989.75,58391,988.6929009207502,975.4196286256512
2018-08-15,989,990.75,976.25,980.25,,,0,0,,,,,,,,,,,990.75,976.25,980.25,70666,987.9253644734092,975.609054954057
2018-08-16,980.5,995.75,979,990.25,,,0,0,,,,,,,,,,,995.75,979,990.25,45520,988.1366949758266,976.183209661741
2018-08-17,990.25,1011,983,1008.5,,,0,0,,,,,,,,,,,1011,983,1008.5,66479,989.9879045234787,977.4505347730453
2018-08-20,1010.5,1011.25,988.75,991.25,,,0,0,,,,,,,,,,,1011.25,988.75,991.25,63709,990.1026404758898,977.9916902721416
2018-08-21,993.5,993.5,975.25,976.5,,,0,0,,,,,,,,,,,993.5,975.25,976.5,74424,988.8660367962634,977.9331926144105
2018-08-22,975.75,981.25,968.75,974,,,0,0,,,,,,,,,,,981.25,968.75,974,73358,987.5145789056941,977.7789497667866
2018-08-23,979.5,983.25,964.25,970.5,,,0,0,,,,,,,,,,,983.25,964.25,970.5,77644,985.9677990051764,977.4935007563244
2018-08-24,970.5,970.5,963.75,965.25,,,0,0,,,,,,,,,,,970.5,963.75,965.25,72500,984.0843627319786,977.0133634717627
2018-08-27,964.75,964.75,950.5,951.25,,,0,0,,,,,,,,,,,964.75,950.5,951.25,81364,981.0994206654351,976.0030354924778
2018-08-28,951.75,957.75,947.25,952,,,0,0,,,,,,,,,,,957.75,947.25,952,80926,978.4540187867592,975.0617399829689
2018-08-29,951.75,973.75,950,970.5,,,0,0,,,,,,,,,,,973.75,950,970.5,121361,977.7309261697811,974.8828482189309
2018-08-30,973.5,978.25,958.75,963.75,,,0,0,,,,,,,,,,,978.25,958.75,963.75,76094,976.4599328816192,974.4462659358356
2018-08-31,965,976.75,964,974.25,,,0,0,,,,,,,,,,,976.75,964,974.25,0,976.2590298923811,974.4385692324695
2018-09-04,966.75,971.25,948.25,960.25,,,0,0,,,,,,,,,,,971.25,948.25,960.25,106960,974.8036635385283,973.8821547527648
2018-09-05,960.25,967,950,950.5,,,0,0,,,,,,,,,,,967,950,950.5,59341,972.5942395804803,972.9652075075584
2018-09-06,950.75,953.25,941.25,942.5,,,0,0,,,,,,,,,,,953.25,941.25,942.5,63569,969.8583996186185,971.7704934876541
2018-09-07,942,943.25,936.25,940,,,0,0,,,,,,,,,,,943.25,936.25,940,66924,967.1439996532895,970.5245917822559
2018-09-10,940.75,957.75,937,957,,,0,0,,,,,,,,,,,957.75,937,957,66033,966.2218178666268,969.9942156339322
2018-09-11,957.25,961.5,946,947.5,,,0,0,,,,,,,,,,,961.5,946,947.5,57172,964.5198344242061,969.1120895306407
2018-09-12,947.75,958,929,935.5,,,0,0,,,,,,,,,,,958,929,935.5,130565,961.8816676583692,967.7939683725764
2018-09-13,933.75,938.75,924,925.75,,,0,0,,,,,,,,,,,938.75,924,925.75,87162,958.5969705985175,966.145185299142
2018-09-14,925.75,943,924.75,940.25,,,0,0,,,,,,,,,,,943,924.75,940.25,86639,956.9290641804704,965.1296878364305
2018-09-17,942.25,946.5,934.25,935,,,0,0,,,,,,,,,,,946.5,934.25,935,72042,954.9355128913368,963.9481314506882
2018-09-18,935,943,935,939.25,,,0,0,,,,,,,,,,,943,935,939.25,58176,953.5095571739425,962.9795772761514
2018-09-19,939.75,952,939.25,951.25,,,0,0,,,,,,,,,,,952,939.25,951.25,59629,953.3041428854023,962.5195938535572
2018-09-20,951.75,954.5,944.75,952.75,,,0,0,,,,,,,,,,,954.5,944.75,952.75,58421,953.2537662594566,962.1364725259667
2018-09-21,949.75,953,943.75,950.5,,,0,0,,,,,,,,,,,953,943.75,950.5,43332,953.0034238722333,961.6801402700464
2018-09-24,950.75,960,948.75,955.75,,,0,0,,,,,,,,,,,960,948.75,955.75,55279,953.2531126111212,961.4475857496525
2018-09-25,954,954.5,945,949.5,,,0,0,,,,,,,,,,,954.5,945,949.5,62771,952.9119205555647,960.9790529751563
2018-09-26,950,955.75,945.5,946.25,,,0,0,,,,,,,,,,,955.75,945.5,946.25,46386,952.3062914141498,960.4014430545619
2018-09-27,946.5,950.75,940,941.75,,,0,0,,,,,,,,,,,950.75,940,941.75,58588,951.346628558318,959.6700139151674
2018-09-28,941.75,946.75,934.25,937.75,,,0,0,,,,,,,,,,,946.75,934.25,937.75,74077,950.1105714166528,958.8104055263373
2018-10-01,938.75,944,934.25,938.25,,,0,0,,,,,,,,,,,944,934.25,938.25,69142,949.0323376515025,958.0041151135397
2018-10-02,939.25,953.5,934,948,,,0,0,,,,,,,,,,,953.5,934,948,92439,948.9384887740932,957.6117968737931
2018-10-03,950,956,943,944,,,0,0,,,,,,,,,,,956,943,944,65957,948.4895352491757,957.0780009179581
2018-10-04,944.5,949.5,942.5,946.75,,,0,0,,,,,,,,,,,949.5,942.5,946.75,53592,948.3313956810688,956.6729812741166
2018-10-05,946.75,953.25,946,949.75,,,0,0,,,,,,,,,,,953.25,946,949.75,49345,948.4603597100626,956.4014918123866
2018-10-08,952.75,954.25,941.5,942.75,,,0,0,,,,,,,,,,,954.25,941.5,942.75,54161,947.9412361000569,955.866139192293
2018-10-09,942.25,949.25,940,943.75,,,0,0,,,,,,,,,,,949.25,940,943.75,47599,947.5602146364154,955.3909964788697
2018-10-10,945.5,946.75,939,939.25,,,0,0,,,,,,,,,,,946.75,939,939.25,42673,946.8047405785594,954.7580162247964
2018-10-11,939.5,949.75,935.25,936.75,,,0,0,,,,,,,,,,,949.75,935.25,936.75,71251,945.8906732532358,954.0518195100985
2018-10-12,936.5,947.75,936,946,,,0,0,,,,,,,,,,,947.75,936,946,54233,945.9006120483962,953.7360618822515
2018-10-15,947.25,954.75,943.5,953.75,,,0,0,,,,,,,,,,,954.75,943.5,953.75,53487,946.6141927712692,953.7366084751044
2018-10-16,954.5,955.75,949.75,952.25,,,0,0,,,,,,,,,,,955.75,949.75,952.25,50816,947.126538882972,953.6783101035317
2018-10-17,952.75,953.25,944.75,946.25,,,0,0,,,,,,,,,,,953.25,944.75,946.25,39427,947.0468535299746,953.3870038249618
2018-10-18,944.75,948.25,939.75,941.75,,,0,0,,,,,,,,,,,948.25,939.75,941.75,42084,946.565321390886,952.9306507337868
2018-10-19,941.75,947.25,939.5,943.5,,,0,0,,,,,,,,,,,947.25,939.5,943.5,45873,946.2866558098964,952.5608212932461
2018-10-22,942.75,943,936,936.75,,,0,0,,,,,,,,,,,943,936,936.75,47980,945.4196870999058,951.9407890856678
2018-10-23,936.75,940,934,937.75,,,0,0,,,,,,,,,,,940,934,937.75,47851,944.7224428180962,951.3842875528965
2018-10-24,938.75,939.5,925.5,928.25,,,0,0,,,,,,,,,,,939.5,925.5,928.25,76184,943.2249480164511,950.4770605900378
2018-10-25,928.5,928.5,914.25,916,,,0,0,,,,,,,,,,,928.5,914.25,916,84387,940.7499527422283,949.1250189982716
2018-10-26,916,935.5,915.5,934,,,0,0,,,,,,,,,,,935.5,915.5,934,143195,940.1363206747529,948.5318809983394
2018-10-29,939,943.75,931.5,936,,,0,0,,,,,,,,,,,943.75,931.5,936,66037,939.7602915225027,948.040434684679
2018-10-30,934.25,936.25,925.75,928.5,,,0,0,,,,,,,,,,,936.25,925.75,928.5,69051,938.7366286568207,947.2741431284171
2018-10-31,928.5,930.5,918.75,929.25,,,0,0,,,,,,,,,,,930.5,918.75,929.25,82416,937.874207869837,946.5673139861262
2018-11-01,929.25,938.75,929.25,936.75,,,0,0,,,,,,,,,,,938.75,929.25,936.75,85216,937.7720071543973,946.182321280788
2018-11-02,935.75,938.5,931.5,937.5,,,0,0,,,,,,,,,,,938.5,931.5,937.5,56556,937.7472792312703,945.841838093306
2018-11-05,940,941,932.5,936,,,0,0,,,,,,,,,,,941,932.5,936,54254,937.5884356647912,945.4558836582744
2018-11-06,936,942.75,934.25,940.75,,,0,0,,,,,,,,,,,942.75,934.25,940.75,51325,937.8758506043556,945.2713392010871
2018-11-07,941.25,943,936,939,,,0,0,,,,,,,,,,,943,936,939,70287,937.9780460039597,945.0254043304562
2018-11-08,938.25,945.75,932,936.5,,,0,0,,,,,,,,,,,945.75,932,936.5,110059,937.8436781854178,944.6910747488697
2018-11-09,936.25,936.75,929.5,930.75,,,0,0,,,,,,,,,,,936.75,929.5,930.75,92760,937.1987983503799,944.1443659351885
2018-11-12,931.25,949.5,930,948.5,,,0,0,,,,,,,,,,,949.5,930,948.5,115466,938.2261803185272,944.3151751142007
2018-11-13,947,949.5,934.75,936.5,,,0,0,,,,,,,,,,,949.5,934.75,936.5,104436,938.0692548350247,944.0086976587418
2018-11-14,936.5,939.75,929.75,931.75,,,0,0,,,,,,,,,,,939.75,929.75,931.75,80899,937.4947771227497,943.5279644172225
2018-11-15,931.75,937.75,931.75,934.25,,,0,0,,,,,,,,,,,937.75,931.75,934.25,71987,937.1997973843179,943.1641226753707
2018-11-16,933.25,936.25,931.25,934.75,,,0,0,,,,,,,,,,,936.25,931.25,934.75,41778,936.9770885311981,942.8341570802581
2018-11-19,934.25,934.75,922.75,926,,,0,0,,,,,,,,,,,934.75,922.75,926,56815,935.9791713919983,942.1739940575029
2018-11-20,925,929.25,923.25,928,,,0,0,,,,,,,,,,,929.25,923.25,928,51637,935.253792174544,941.6181511532872
2018-11-21,927.5,931.5,924.25,926.25,,,0,0,,,,,,,,,,,931.5,924.25,926.25,48400,934.4352656132218,941.0154785590406
2018-11-23,928.5,935.5,926,926.75,,,0,0,,,,,,,,,,,935.5,926,926.75,61248,933.7366051029288,940.4560480273135
2018-11-26,929.5,933.75,928.5,933.5,,,0,0,,,,,,,,,,,933.75,928.5,933.5,72501,933.7150955481171,940.1832618301639
2018-11-27,932.5,936.25,923.5,926,,,0,0,,,,,,,,,,,936.25,923.5,926,72734,933.013723225561,939.6270554838829
2018-11-28,926,932.75,924.75,931,,,0,0,,,,,,,,,,,932.75,924.75,931,64446,932.8306574777827,939.2887395825542
2018-11-29,931,934,925.5,927.25,,,0,0,,,,,,,,,,,934,925.5,927.25,56266,932.3233249798025,938.8166321479442
2018-11-30,927.25,938.75,926.75,935.25,,,0,0,,,,,,,,,,,938.75,926.75,935.25,68912,932.589386345275,938.6767642205739
2018-12-03,945.5,949,936.5,940.75,,,0,0,,,,,,,,,,,949,936.5,940.75,63990,933.3312603138863,938.758067584473
2018-12-04,939,942.75,935.5,942,,,0,0,,,,,,,,,,,942.75,935.5,942,47968,934.1193275580785,938.8852021890035
2018-12-05,941.25,941.5,933,937.5,,,0,0,,,,,,,,,,,941.5,933,937.5,41692,934.426661416435,938.8308805345328
2018-12-06,937.5,938,929.5,935,,,0,0,,,,,,,,,,,938,929.5,935,46278,934.47878310585,938.6806499253354
2018-12-07,936.5,951.5,934.75,950.75,,,0,0,,,,,,,,,,,951.5,934.75,950.75,85245,935.9579846416818,939.1539577714007
2018-12-10,949.25,950.5,944,944.75,,,0,0,,,,,,,,,,,950.5,944,944.75,51267,936.7572587651653,939.3734104078163
2018-12-11,944.5,948.5,937,940.5,,,0,0,,,,,,,,,,,948.5,937,940.5,59815,937.097507968332,939.4175903918235
2018-12-12,941.5,948.25,941.25,946,,,0,0,,,,,,,,,,,948.25,941.25,946,51767,937.9068254257564,939.675724101948
2018-12-13,946.75,958,946.75,955.5,,,0,0,,,,,,,,,,,958,946.75,955.5,78474,939.5062049325059,940.2962839410874
2018-12-14,955.5,957.5,947.25,949.5,,,0,0,,,,,,,,,,,957.5,947.25,949.5,50289,940.4147317568235,940.6572139826134
2018-12-17,950.5,957,949.5,954.75,,,0,0,,,,,,,,,,,957,949.5,954.75,37079,941.7179379607486,941.209872257805
2018-12-18,953.5,955.5,949.5,952.25,,,0,0,,,,,,,,,,,955.5,949.5,952.25,40246,942.6753981461351,941.6428184437734
2018-12-19,952.25,952.5,941,942,,,0,0,,,,,,,,,,,952.5,941,942,49708,942.6139983146683,941.6568255636255
2018-12-20,943.5,947.25,940.75,943,,,0,0,,,,,,,,,,,947.25,940.75,943,45087,942.6490893769711,941.7094990709343
2018-12-21,941.5,943.5,931.75,933.5,,,0,0,,,,,,,,,,,943.5,931.75,933.5,62687,941.8173539790647,941.3875579308976
2018-12-24,931.5,937.5,930.5,936,,,0,0,,,,,,,,,,,937.5,930.5,936,22528,941.2885036173316,941.1762811492938
2018-12-26,935.5,940.25,928.5,929.5,,,0,0,,,,,,,,,,,940.25,928.5,929.5,32515,940.2168214703014,940.7183877708901
2018-12-27,931,932.5,926.75,930,,,0,0,,,,,,,,,,,932.5,926.75,930,32657,939.2880195184558,940.2980588386984
2018-12-28,931.25,933.5,929,931,,,0,0,,,,,,,,,,,933.5,929,931,25157,938.5345631985962,939.933429080318
2018-12-31,932.25,933,922.5,922.75,,,0,0,,,,,,,,,,,933,922.5,922.75,41278,937.0996029078148,939.2595691163839
2019-01-02,922,930.25,920.75,926.25,,,0,0,,,,,,,,,,,930.25,920.75,926.25,46442,936.1132753707407,938.7493899353492
2019-01-03,926.25,935.5,925.5,933.25,,,0,0,,,,,,,,,,,935.5,925.5,933.25,48800,935.8529776097643,938.5337275849433
2019-01-04,933.25,938.25,932.5,936.5,,,0,0,,,,,,,,,,,938.25,932.5,936.5,44054,935.9117978270584,938.4539735620044
2019-01-07,937.5,938,933,936.25,,,0,0,,,,,,,,,,,938,933,936.25,41549,935.942543479144,938.3675432262395
2019-01-08,936,944,933.25,937.25,,,0,0,,,,,,,,,,,944,933.25,937.25,71731,936.0614031628581,938.3237180016811
2019-01-09,939.25,943.25,937.75,939.5,,,0,0,,,,,,,,,,,943.25,937.75,939.5,57344,936.3740028753256,938.3698467074975
2019-01-10,939,939.75,931.5,933.25,,,0,0,,,,,,,,,,,939.75,931.5,933.25,59321,936.0900026139324,938.1690684052427
2019-01-11,933.25,943.25,932.25,939,,,0,0,,,,,,,,,,,943.25,932.25,939,73285,936.3545478308477,938.2016539579782
2019-01-14,939.5,943,932.75,933.75,,,0,0,,,,,,,,,,,943,932.75,933.75,49124,936.1177707553161,938.0270792929595
2019-01-15,934.25,937.75,927.5,930.5,,,0,0,,,,,,,,,,,937.75,927.5,930.5,55274,935.6070643230146,937.7318997128434
2019-01-16,930.5,936.25,930.5,932,,,0,0,,,,,,,,,,,936.25,930.5,932,43239,935.2791493845588,937.5071193319476
2019-01-17,931,942,928.5,937.25,,,0,0,,,,,,,,,,,942,928.5,937.25,65567,935.4583176223261,937.4970362208908
2019-01-18,939.25,942.25,934.75,937.25,,,0,0,,,,,,,,,,,942.25,934.75,937.25,50525,935.6211978384783,937.4873485259538
2019-01-22,937.5,945.5,933.75,940.75,,,0,0,,,,,,,,,,,945.5,933.75,940.75,75782,936.0874525804348,937.6152956425831
2019-01-23,942,946.5,941.25,945.5,,,0,0,,,,,,,,,,,946.5,941.25,945.5,45101,936.9431387094862,937.9244997350308
2019-01-24,946.5,948.5,940.5,941,,,0,0,,,,,,,,,,,948.5,940.5,941,50940,937.3119442813511,938.0451075885591
2019-01-25,940,942.5,936.25,939.5,,,0,0,,,,,,,,,,,942.5,936.25,939.5,51098,937.5108584375919,938.1021621929293
2019-01-28,940.25,943,935.5,938.25,,,0,0,,,,,,,,,,,943,935.5,938.25,44012,937.5780531250836,938.1079597539909
2019-01-29,937.25,941.5,930.25,932.75,,,0,0,,,,,,,,,,,941.5,930.25,932.75,77727,937.1391392046214,937.897843685207
2019-01-30,932.75,937.5,931.25,936.25,,,0,0,,,,,,,,,,,937.5,931.25,936.25,46572,937.0583083678376,937.8332223642185
2019-01-31,937.25,939.5,933,936,,,0,0,,,,,,,,,,,939.5,933,936,56309,936.9620985162161,937.7613312911119
2019-02-01,935.25,946,934.75,943.75,,,0,0,,,,,,,,,,,946,934.75,943.75,83420,937.5791804692874,937.9961810444016
2019-02-04,944.25,948.5,940.75,945.25,,,0,0,,,,,,,,,,,948.5,940.75,945.25,74705,938.2765276993522,938.2806445328565
2019-02-05,944.75,947.75,940,946.75,,,0,0,,,,,,,,,,,947.75,940,946.75,73338,939.0468433630474,938.6127761198034
2019-02-06,946.5,950.75,943.75,945.5,,,0,0,,,,,,,,,,,950.75,943.75,945.5,73137,939.6334939664067,938.8828633307915
2019-02-07,944.75,944.75,932,932.75,,,0,0,,,,,,,,,,,944.75,932,932.75,112345,939.0077217876425,938.6423588864467
2019-02-08,934.25,941.75,933,936.75,,,0,0,,,,,,,,,,,941.75,933,936.75,112341,938.8024743524022,938.568148734037
2019-02-11,936.75,938.5,931.5,937.75,,,0,0,,,,,,,,,,,938.5,931.5,937.75,85556,938.7067948658201,938.5360644699571
2019-02-12,938,940.25,934,939.5,,,0,0,,,,,,,,,,,940.25,934,939.5,82836,938.7789044234729,938.5738658632921
2019-02-13,939.25,943.5,938.25,941.75,,,0,0,,,,,,,,,,,943.5,938.25,941.75,74961,939.049004021339,938.698420143163
2019-02-14,941,942,925.5,926.5,,,0,0,,,,,,,,,,,942,925.5,926.5,103160,937.9081854739445,938.2200507257841
2019-02-15,927.25,928.25,919,923,,,0,0,,,,,,,,,,,928.25,919,923,72692,936.5528958854042,937.6231859914396
2019-02-19,921.25,924.5,907,908.25,,,0,0,,,,,,,,,,,924.5,907,908.25,69519,933.9799053503674,936.4712963447165
2019-02-20,908.25,912,895.75,900.25,,,0,0,,,,,,,,,,,912,895.75,900.25,100613,930.9135503185158,935.050853350806
2019-02-21,900.25,911.25,899.75,907,,,0,0,,,,,,,,,,,911.25,899.75,907,84179,928.7395911986507,933.9508198860685
2019-02-22,909,913.5,904.75,907.75,,,0,0,,,,,,,,,,,913.5,904.75,907.75,69665,926.8314465442279,932.9233367532815
2019-02-25,910.5,911,888.25,888.75,,,0,0,,,,,,,,,,,911,888.25,888.75,110953,923.369496858389,931.1910490374665
2019-02-26,889,890.75,879.75,884.25,,,0,0,,,,,,,,,,,890.75,879.75,884.25,101106,919.8131789621718,929.3502235850169
2019-02-27,884.25,891.5,881.25,882.75,,,0,0,,,,,,,,,,,891.5,881.25,882.75,64006,916.4437990565199,927.5227638365849
2019-02-28,884,884.75,873.75,875.5,,,0,0,,,,,,,,,,,884.75,873.75,875.5,64296,912.7216355059271,925.4826554508364
2019-03-01,875.5,877.25,863.25,873.25,,,0,0,,,,,,,,,,,877.25,863.25,873.25,90880,909.1333050053883,923.4343160213919
2019-03-04,873.25,877.25,870.25,871.5,,,0,0,,,,,,,,,,,877.25,870.25,871.5,63265,905.7120954594438,921.3976761774157
2019-03-05,873,880,869,878.75,,,0,0,,,,,,,,,,,880,869,878.75,54024,903.2609958722217,919.7252182881053
2019-03-06,880.25,880.25,865.25,866,,,0,0,,,,,,,,,,,880.25,865.25,866,63242,899.8736326111106,917.6183469826894
2019-03-07,866.75,867.75,853.5,854.25,,,0,0,,,,,,,,,,,867.75,853.5,854.25,86490,895.7260296464641,915.133313767682
2019-03-08,854,860.25,850.25,855.5,,,0,0,,,,,,,,,,,860.25,850.25,855.5,82395,892.0691178604219,912.7947524434592
2019-03-11,855.5,857.75,843,844.5,,,0,0,,,,,,,,,,,857.75,843,844.5,79163,887.7446526003836,910.1165268574412
2019-03-12,844.5,873,843.5,869,,,0,0,,,,,,,,,,,873,843.5,869,128647,886.040593273076,908.5041140395023
2019-03-13,870,872,856.25,863.25,,,0,0,,,,,,,,,,,872,856.25,863.25,86960,883.9687211573417,906.7294429006982
2019-03-14,863.25,876.75,863,868.75,,,0,0,,,,,,,,,,,876.75,863,868.75,82961,882.5852010521288,905.2400529830238
2019-03-15,868.5,879,864.5,878.25,,,0,0,,,,,,,,,,,879,864.5,878.25,67723,882.1910918655716,904.1816195327092
2019-03-18,879.25,880,870.5,872.75,,,0,0,,,,,,,,,,,880,870.5,872.75,58389,881.3328107868832,902.9490070020147
2019-03-19,874.5,878.5,869.75,872.5,,,0,0,,,,,,,,,,,878.5,869.75,872.5,53498,880.5298279880757,901.7549282960533
2019-03-20,872.75,881,870.75,880.75,,,0,0,,,,,,,,,,,881,870.75,880.75,53591,880.5498436255233,900.9312056177768
2019-03-21,880.5,883.5,874,882.5,,,0,0,,,,,,,,,,,883.5,874,882.5,62807,880.7271305686576,900.208413240609
2019-03-22,881.5,889.75,879.75,882,,,0,0,,,,,,,,,,,889.75,879.75,882,73007,880.8428459715069,899.4943578194087
2019-03-25,882.5,887.75,879,885.5,,,0,0,,,,,,,,,,,887.75,879,885.5,59710,881.2662236104608,898.9455594735496
2019-03-26,886,894,883,885.25,,,0,0,,,,,,,,,,,894,883,885.25,83738,881.6283851004189,898.4084787098809
2019-03-27,886,887.75,882.5,885.5,,,0,0,,,,,,,,,,,887.75,882.5,885.5,61160,881.9803500912899,897.902263858513
2019-03-28,884.5,885.25,875.5,880.5,,,0,0,,,,,,,,,,,885.25,875.5,880.5,49566,881.8457728102635,897.2198221385713
2019-03-29,879.75,880.75,868.5,873.75,,,0,0,,,,,,,,,,,880.75,868.5,873.75,72175,881.1097934638759,896.2994369566666
2019-04-01,875.5,884.25,872,878.75,,,0,0,,,,,,,,,,,884.25,872,878.75,61267,880.8952667853417,895.6112237426796
2019-04-02,879.5,881.75,872,880,,,0,0,,,,,,,,,,,881.75,872,880,48157,880.8138788957652,894.9990188900255
2019-04-03,879,888.75,879,887,,,0,0,,,,,,,,,,,888.75,879,887,61886,881.3762535416048,894.6853318747303
2019-04-04,887,893.5,884,886.75,,,0,0,,,,,,,,,,,893.5,884,886.75,70274,881.8647759469135,894.3741423894468
2019-04-05,885,885.5,880.25,883.75,,,0,0,,,,,,,,,,,885.5,880.25,883.75,89210,882.0361599517395,893.9575093545665
2019-04-08,883.25,887,877.75,881.25,,,0,0,,,,,,,,,,,887,877.75,881.25,83285,881.9646908652177,893.4591756543874
2019-04-09,878,878.5,872.25,875.5,,,0,0,,,,,,,,,,,878.5,872.25,875.5,89059,881.3769916956525,892.7548942561762
2019-04-10,875,877.75,871.5,874,,,0,0,,,,,,,,,,,877.75,871.5,874,65278,880.7063560869568,892.0194082069144
2019-04-11,873,878.5,872.75,876.5,,,0,0,,,,,,,,,,,878.5,872.75,876.5,78538,880.3239600790516,891.4108039635059
2019-04-12,878,881.25,873.5,880.5,,,0,0,,,,,,,,,,,881.25,873.5,880.5,64972,880.3399637082288,890.9829292982704
2019-04-15,879.75,880,873.75,875.5,,,0,0,,,,,,,,,,,880,873.75,875.5,79730,879.8999670074807,890.375755600299
2019-04-16,874.75,876.25,858.25,861,,,0,0,,,,,,,,,,,876.25,858.25,861,90378,878.1817881886187,889.223765184601
2019-04-17,862.5,866.25,860.75,862.75,,,0,0,,,,,,,,,,,866.25,860.75,862.75,67051,876.7788983532897,888.1855783146167
2019-04-18,862.5,864,855.75,860.75,,,0,0,,,,,,,,,,,864,855.75,860.75,59462,875.3217257757179,887.1096732826709
2019-04-22,859.25,860.75,853.25,854.25,,,0,0,,,,,,,,,,,860.75,853.25,854.25,59956,873.4061143415618,885.8210586441347
2019-04-23,853.75,860,851.5,857.5,,,0,0,,,,,,,,,,,860,851.5,857.5,78185,871.9601039468744,884.7104288933843
2019-04-24,857,858.25,848.5,851,,,0,0,,,,,,,,,,,858.25,848.5,851,66714,870.054639951704,883.3884512897222
2019-04-25,849.25,856,847,854,,,0,0,,,,,,,,,,,856,847,854,65264,868.5951272288218,882.2359630038508
2019-04-26,852.25,858.25,852,855,,,0,0,,,,,,,,,,,858.25,852,855,53347,867.3592065716562,881.1678860233076
2019-04-29,855.75,859.25,846.25,847.75,,,0,0,,,,,,,,,,,859.25,846.25,847.75,72916,865.5765514287783,879.8573806890602
2019-04-30,846.75,848,838.5,841.25,,,0,0,,,,,,,,,,,848,838.5,841.25,68801,863.3650467534349,878.3433657600774
2019-05-01,840.5,850.25,840.25,848.5,,,0,0,,,,,,,,,,,850.25,840.25,848.5,58077,862.0136788667589,877.1730376910548
2019-05-02,849.25,861,848,856.5,,,0,0,,,,,,,,,,,861,848,856.5,63492,861.5124353334172,876.3623303306213
2019-05-03,857.5,860.5,848.5,850.5,,,0,0,,,,,,,,,,,860.5,848.5,850.5,47979,860.511304848561,875.3481212980479
2019-05-06,842.5,852,840.5,849.75,,,0,0,,,,,,,,,,,852,840.5,849.75,46124,859.5330044077828,874.3442734040068
2019-05-07,849,854.75,843.75,852,,,0,0,,,,,,,,,,,854.75,843.75,852,55740,858.848185825257,873.4680273881634
2019-05-08,852.75,856,847,851.5,,,0,0,,,,,,,,,,,856,847,851.5,48905,858.1801689320519,872.6065361180393
2019-05-09,850.25,850.5,840.5,842,,,0,0,,,,,,,,,,,850.5,840.5,842,54140,856.7092444836835,871.4062797996849
2019-05-10,844.5,846.75,834,837.25,,,0,0,,,,,,,,,,,846.75,834,837.25,66092,854.9402222578941,870.0668178467561
2019-05-13,838,853.25,831,849.5,,,0,0,,,,,,,,,,,853.25,831,849.5,75443,854.4456565980855,869.2602759704126
2019-05-14,853.75,863.25,850.5,861,,,0,0,,,,,,,,,,,863.25,850.5,861,66451,855.0415059982596,868.9363435794161
2019-05-15,864,876.5,859.5,861.25,,,0,0,,,,,,,,,,,876.5,859.5,861.25,85023,855.6059145438724,868.6349183410076
2019-05-16,858.75,881,858.75,879.5,,,0,0,,,,,,,,,,,881,858.75,879.5,75268,857.778104130793,869.0609999746936
2019-05-17,881.5,885.75,875,877.5,,,0,0,,,,,,,,,,,885.75,875,877.5,74170,859.5710037552664,869.3919411521566
2019-05-20,882.25,896.5,880.5,890.75,,,0,0,,,,,,,,,,,896.5,880.5,890.75,86583,862.405457959333,870.2295120873662
2019-05-21,898.75,905.25,886.5,891.25,,,0,0,,,,,,,,,,,905.25,886.5,891.25,99488,865.0276890539391,871.0538449466851
2019-05-22,888.25,893.5,881,885.25,,,0,0,,,,,,,,,,,893.5,881,885.25,65945,866.8660809581264,871.6105569095602
2019-05-23,885.5,898,878.75,882.75,,,0,0,,,,,,,,,,,898,878.75,882.75,78862,868.3100735982968,872.0473978150676
2019-05-24,882.25,903.25,879.75,902,,,0,0,,,,,,,,,,,903.25,879.75,902,74194,871.3727941802698,873.2220096654571
2019-05-28,907.5,921.75,907,917.25,,,0,0,,,,,,,,,,,921.75,907,917.25,107854,875.5434492547907,874.9485975217137
2019-05-29,927.5,934.25,900,903,,,0,0,,,,,,,,,,,934.25,900,903,126551,878.039499322537,876.0486525208622
2019-05-30,901.25,927.5,894.5,927,,,0,0,,,,,,,,,,,927.5,894.5,927,101106,882.4904539295791,878.0467445788677
2019-05-31,927,932.5,913.25,915.5,,,0,0,,,,,,,,,,,932.5,913.25,915.5,107970,885.4913217541628,879.5154996934219
2019-06-03,918.25,935.25,915.5,932.25,,,0,0,,,,,,,,,,,935.25,915.5,932.25,92329,889.7421106856025,881.5835193132878
2019-06-04,938.5,941.5,913.75,919.75,,,0,0,,,,,,,,,,,941.5,913.75,919.75,116942,892.470100623275,883.0802440461
2019-06-05,919.5,921,901,903.25,,,0,0,,,,,,,,,,,921,901,903.25,95346,893.4500914757045,883.8712148678215
2019-06-06,904.5,926.5,900.25,922.5,,,0,0,,,,,,,,,,,926.5,900.25,922.5,126522,896.0909922506405,885.3860691867305
2019-06-07,923.5,925.25,914.5,917,,,0,0,,,,,,,,,,,925.25,914.5,917,95648,897.9918111369459,886.6258311794078
2019-06-10,917.75,921,905.75,920,,,0,0,,,,,,,,,,,921,905.75,920,70587,899.9925555790418,887.9346221135487
2019-06-11,916.5,931.25,912.75,930.5,,,0,0,,,,,,,,,,,931.25,912.75,930.5,93396,902.7659596173107,889.6038526188997
2019-06-12,932.25,940.5,925.5,938.75,,,0,0,,,,,,,,,,,940.5,925.5,938.75,98892,906.037236015737,891.5311525161978
2019-06-13,938.5,949,937.25,948,,,0,0,,,,,,,,,,,949,937.25,948,80265,909.8520327415791,893.7456171234057
2019-06-14,948,956.5,943.25,951,,,0,0,,,,,,,,,,,956.5,943.25,951,80190,913.5927570377992,895.9908870401349
2019-06-17,951.75,962,948.5,951.75,,,0,0,,,,,,,,,,,962,948.5,951.75,60868,917.0615973070902,898.1775189209139
2019-06-18,951.75,953.25,937,944.5,,,0,0,,,,,,,,,,,953.25,937,944.5,56103,919.5559975519002,899.9940868063683
2019-06-19,942.75,944,928,935.75,,,0,0,,,,,,,,,,,944,928,935.75,73716,921.0281795926365,901.3962794806283
2019-06-20,933.75,943.75,928.75,940.75,,,0,0,,,,,,,,,,,943.75,928.75,940.75,58249,922.8210723569423,902.9395626382508
2019-06-21,941.5,943.75,937.25,939.75,,,0,0,,,,,,,,,,,943.75,937.25,939.75,58849,924.3600657790385,904.3831092014566
2019-06-24,939.75,953.75,935.75,951.5,,,0,0,,,,,,,,,,,953.75,935.75,951.5,67039,926.8273325263985,906.2308304092426
2019-06-25,954,958.5,947.25,949,,,0,0,,,,,,,,,,,958.5,947.25,949,75328,928.8430295694533,907.908052746135
2019-06-26,948.75,956.75,945.25,955.5,,,0,0,,,,,,,,,,,956.75,945.25,955.5,99292,931.2663905176848,909.7744036188355
2019-06-27,956.25,966.25,950.75,955.75,,,0,0,,,,,,,,,,,966.25,950.75,955.75,84424,933.4921731978953,911.5773681828027
2019-06-28,955,963.75,931.5,936.25,,,0,0,,,,,,,,,,,963.75,931.5,936.25,109135,933.7428847253594,912.5449223717125
2019-07-01,939,940,917.5,920.75,,,0,0,,,,,,,,,,,940,917.5,920.75,74333,932.5617133866904,912.8666901218414
2019-07-02,920.75,924.75,910.25,912.25,,,0,0,,,,,,,,,,,924.75,910.25,912.25,73244,930.7151939879003,912.8425061954947
2019-07-03,911,923.5,910,923,,,0,0,,,,,,,,,,,923.5,910,923,41703,930.013812716273,913.2408392858674
2019-07-05,923,926,914.25,924,,,0,0,,,,,,,,,,,926,914.25,924,39894,929.4671024693391,913.6627671570099
2019-07-08,927,928,916.25,920,,,0,0,,,,,,,,,,,928,916.25,920,60682,928.6064567903082,913.9112860920291
2019-07-09,919,920,907.75,911.75,,,0,0,,,,,,,,,,,920,907.75,911.75,69446,927.074051627553,913.8265297746946
2019-07-10,909.25,915.75,907,913.75,,,0,0,,,,,,,,,,,915.75,907,913.75,63653,925.8627742068663,913.8235286070595
2019-07-11,914,932,909.25,930.5,,,0,0,,,,,,,,,,,932,909.25,930.5,84189,926.2843401880604,914.477507877371
2019-07-12,930.5,934.75,925.75,932,,,0,0,,,,,,,,,,,934.75,925.75,932,60976,926.8039456255094,915.1646644311995
2019-07-15,933.25,940.5,915,916.75,,,0,0,,,,,,,,,,,940.5,915,916.75,68193,925.889950568645,915.2268344535054
2019-07-16,916.75,919,910,916.5,,,0,0,,,,,,,,,,,919,910,916.5,51260,925.0363186987681,915.2767625141522
2019-07-17,916.25,923,911,914.5,,,0,0,,,,,,,,,,,923,911,914.5,40000,924.0784715443347,915.2463012390874
2019-07-18,913,914.25,902,902.5,,,0,0,,,,,,,,,,,914.25,902,902.5,59023,922.1167923130315,914.7464462885349
2019-07-19,903.75,925.75,901.5,911.5,,,0,0,,,,,,,,,,,925.75,901.5,911.5,67722,921.1516293754831,914.6191346693766
2019-07-22,914.25,914.25,896,896.25,,,0,0,,,,,,,,,,,914.25,896,896.25,69561,918.8878448868029,913.8987764470481
2019-07-23,896.75,902.5,892.25,896.25,,,0,0,,,,,,,,,,,902.5,892.25,896.25,57807,916.8298589880027,913.2066675667718
2019-07-24,896.25,907.75,896.25,906.75,,,0,0,,,,,,,,,,,907.75,896.25,906.75,61740,915.9135081709115,912.9534649170945
2019-07-25,906.75,916.5,901.25,908.5,,,0,0,,,,,,,,,,,916.5,901.25,908.5,66902,915.2395528826469,912.7788192340712
2019-07-26,908.5,909.25,902.5,905,,,0,0,,,,,,,,,,,909.25,902.5,905,41871,914.3086844387699,912.4737674994018
2019-07-29,904.25,916.25,901.5,912.5,,,0,0,,,,,,,,,,,916.25,901.5,912.5,63097,914.1442585806999,912.4747962249154
2019-07-30,911.25,912.25,904,906.25,,,0,0,,,,,,,,,,,912.25,904,906.25,47667,913.4265987097272,912.2306865690364
2019-07-31,906.5,909.5,893.5,896.25,,,0,0,,,,,,,,,,,909.5,893.5,896.25,64057,911.8650897361156,911.6039929780937
2019-08-01,895.75,897.5,880.75,884.75,,,0,0,,,,,,,,,,,897.5,880.75,884.75,79618,909.4000815782869,910.5508952142469
2019-08-02,888.25,900.5,885,899.75,,,0,0,,,,,,,,,,,900.5,885,899.75,76637,908.5228014348062,910.1273306960411
2019-08-05,899.25,904,888.25,903.5,,,0,0,,,,,,,,,,,904,888.25,903.5,70664,908.066183122551,909.8674353746277
2019-08-06,902,904.75,891.75,893,,,0,0,,,,,,,,,,,904.75,891.75,893,58659,906.69653011141,909.2059673207207
2019-08-07,893,899.25,886.5,897.25,,,0,0,,,,,,,,,,,899.25,886.5,897.25,69547,905.8377546467364,908.737105857163
2019-08-08,898.5,911.75,895,907.5,,,0,0,,,,,,,,,,,911.75,895,907.5,93527,905.9888678606694,908.6885919019801
2019-08-09,907.25,914.25,905,908.5,,,0,0,,,,,,,,,,,914.25,905,908.5,80313,906.2171526006085,908.6811961411181
2019-08-12,909,911,875.5,880.75,,,0,0,,,,,,,,,,,911,875.5,880.75,101997,903.9019569096441,907.5858551159762
2019-08-13,880,887.75,874.5,881,,,0,0,,,,,,,,,,,887.75,874.5,881,80015,901.8199608269492,906.5432725624084
2019-08-14,883.75,889,880.25,882.75,,,0,0,,,,,,,,,,,889,880.25,882.75,54940,900.0863280244993,905.6102030501571
2019-08-15,884.75,886.25,877.5,878,,,0,0,,,,,,,,,,,886.25,877.5,878,50555,898.0784800222721,904.5274499893667
2019-08-16,879.25,882,876.25,879.75,,,0,0,,,,,,,,,,,882,876.25,879.75,43363,896.4122545657019,903.5557852839013
2019-08-19,877.5,879,873.25,874.75,,,0,0,,,,,,,,,,,879,873.25,874.75,52631,894.4429586960927,902.426146645317
2019-08-20,873.25,878,865.75,868.75,,,0,0,,,,,,,,,,,878,865.75,868.75,56375,892.107235178266,901.1055134435398
2019-08-21,868.75,871,864,870.25,,,0,0,,,,,,,,,,,871,864,870.25,49860,890.1202137984236,899.8954933084991
2019-08-22,870.25,876.75,868.25,874,,,0,0,,,,,,,,,,,876.75,868.25,874,45884,888.6547398167487,898.8799837669893
2019-08-23,873.5,880.75,868,880,,,0,0,,,,,,,,,,,880.75,868,880,54997,887.8679452879534,898.1395922467152
2019-08-26,878.25,883.5,875,877.5,,,0,0,,,,,,,,,,,883.5,875,877.5,49041,886.9254048072304,897.3301964723343
2019-08-27,876.75,882,875,879,,,0,0,,,,,,,,,,,882,875,879,50570,886.2049134611185,896.611365238125
2019-08-28,879.5,880.5,871,877.5,,,0,0,,,,,,,,,,,880.5,871,877.5,52036,885.4135576919259,895.8618999346692
2019-08-29,877.25,879.75,874,875,,,0,0,,,,,,,,,,,879.75,874,875,35366,884.4668706290236,895.043786211741
2019-08-30,875,875,861.5,864.75,,,0,0,,,,,,,,,,,875,861.5,864.75,89670,882.6744278445668,893.8557945955943
2019-09-03,865.25,865.25,852.75,855.75,,,0,0,,,,,,,,,,,865.25,852.75,855.75,77118,880.2267525859698,892.3614497094925
2019-09-04,856.25,867.25,856.25,863,,,0,0,,,,,,,,,,,867.25,856.25,863,64935,878.6606841690635,891.2100203091202
2019-09-05,862.75,871.75,862.5,868.5,,,0,0,,,,,,,,,,,871.75,862.5,868.5,46422,877.7369856082396,890.31943127739
2019-09-06,868.25,869,862.5,866,,,0,0,,,,,,,,,,,869,862.5,866,34573,876.6699869165815,889.3657280900413
2019-09-09,863.25,878.25,862.5,876.75,,,0,0,,,,,,,,,,,878.25,862.5,876.75,65370,876.6772608332559,888.8709936551378
2019-09-10,878,885.75,876,884.5,,,0,0,,,,,,,,,,,885.75,876,884.5,54835,877.3884189393235,888.6995821392501
2019-09-11,883.75,884.75,877.25,879.75,,,0,0,,,,,,,,,,,884.75,877.25,879.75,45850,877.6031081266577,888.3486181337893
2019-09-12,881.25,888.25,874.75,886,,,0,0,,,,,,,,,,,888.25,874.75,886,61936,878.3664619333252,888.256515461876
2019-09-13,887.75,893.25,882.75,885.75,,,0,0,,,,,,,,,,,893.25,882.75,885.75,51154,879.0376926666593,888.1582207378809
2019-09-16,890.25,892.25,884.5,891,,,0,0,,,,,,,,,,,892.25,884.5,891,48636,880.1251751515084,888.2696630618856
2019-09-17,890,890,883,886.5,,,0,0,,,,,,,,,,,890,883,886.5,49217,880.7047046831894,888.2002645104391
2019-09-18,886.5,894.75,884,891.75,,,0,0,,,,,,,,,,,894.75,884,891.75,49975,881.7088224392631,888.3394698237552
2019-09-19,891.5,894.25,886.75,890.25,,,0,0,,,,,,,,,,,894.25,886.75,890.25,49573,882.4852931266029,888.4143925757647
2019-09-20,888.75,893.5,885.75,886.5,,,0,0,,,,,,,,,,,893.5,885.75,886.5,39951,882.8502664787298,888.3393183571073
2019-09-23,887.25,889.75,883.5,885.25,,,0,0,,,,,,,,,,,889.75,883.5,885.25,28538,883.0684240715726,888.218168617613
2019-09-24,884,886.5,879.75,884,,,0,0,,,,,,,,,,,886.5,879.75,884,38227,883.1531127923388,888.0527502404517
2019-09-25,883.25,884.5,878.5,879.5,,,0,0,,,,,,,,,,,884.5,878.5,879.5,34840,882.8210116293989,887.717348270238
2019-09-26,879.25,889,879,886.5,,,0,0,,,,,,,,,,,889,879,886.5,47412,883.1554651176353,887.6696091223855
2019-09-27,888.25,892.75,884.75,889.5,,,0,0,,,,,,,,,,,892.75,884.75,889.5,36017,883.7322410160322,887.7413891568018
2019-09-30,890.25,903.25,885.5,898,,,0,0,,,,,,,,,,,903.25,885.5,898,78104,885.0293100145747,888.1436876212409
2019-10-01,898.75,901.5,892,901,,,0,0,,,,,,,,,,,901.5,892,901,59419,886.4811909223406,888.6478567341335
2019-10-02,898.75,901.25,887.5,891.25,,,0,0,,,,,,,,,,,901.25,887.5,891.25,55278,886.9147190203097,888.7499015680891
2019-10-03,890.25,895.25,888,891,,,0,0,,,,,,,,,,,895.25,888,891,31835,887.2861082002815,888.8381407222817
2019-10-04,891.5,894.5,888.75,892.75,,,0,0,,,,,,,,,,,894.5,888.75,892.75,28757,887.7828256366196,888.9915469684667
2019-10-07,894.25,896.75,890.75,891.5,,,0,0,,,,,,,,,,,896.75,890.75,891.5,35058,888.1207505787451,889.0899176755856
2019-10-08,892,904.5,889,902.5,,,0,0,,,,,,,,,,,904.5,889,902.5,58655,889.4279550715864,889.6158032569352
2019-10-09,902.75,906.75,899.5,902.5,,,0,0,,,,,,,,,,,906.75,899.5,902.5,46017,890.6163227923513,890.1210658743104
2019-10-10,901.75,906.5,889.75,895.25,,,0,0,,,,,,,,,,,906.5,889.75,895.25,68283,891.0375661748648,890.3222005459061
2019-10-11,894,915,893.5,910.25,,,0,0,,,,,,,,,,,915,893.5,910.25,84743,892.7841510680589,891.1036828774392
2019-10-14,915.25,917.25,909,913.25,,,0,0,,,,,,,,,,,917.25,909,913.25,52203,894.6446827891444,891.9721659018533
2019-10-15,912.25,913.5,906.5,909.25,,,0,0,,,,,,,,,,,913.5,906.5,909.25,38047,895.9724388992222,892.6497280233492
2019-10-16,908,916.5,906.75,915.5,,,0,0,,,,,,,,,,,916.5,906.75,915.5,48997,897.7476717265656,893.5458171204727
2019-10-17,916.5,929.25,915,927.75,,,0,0,,,,,,,,,,,929.25,915,927.75,66632,900.4751561150597,894.8871576255523
2019-10-18,928.25,935,923.25,934.5,,,0,0,,,,,,,,,,,935,923.25,934.5,56244,903.5683237409634,896.4406024245502
2019-10-21,934.25,937.25,925,925.75,,,0,0,,,,,,,,,,,937.25,925,925.75,53543,905.5848397645121,897.589990564764
2019-10-22,925.25,934.5,919.5,920.25,,,0,0,,,,,,,,,,,934.5,919.5,920.25,52259,906.9180361495565,898.4786183857536
2019-10-23,920.25,926,918,923,,,0,0,,,,,,,,,,,926,918,923,42796,908.3800328632332,899.4402411941554
2019-10-24,924.75,926,917.75,918.25,,,0,0,,,,,,,,,,,926,917.75,918.25,36210,909.2773026029392,900.1778787943846
2019-10-25,919.5,924.25,916.75,920,,,0,0,,,,,,,,,,,924.25,916.75,920,40230,910.2520932753993,900.9552168808793
2019-10-28,920.25,920.75,912.25,914,,,0,0,,,,,,,,,,,920.75,912.25,914,50217,910.5928120685447,901.4667770031978
2019-10-29,915.25,918.25,910.5,913.75,,,0,0,,,,,,,,,,,918.25,910.5,913.75,51562,910.8798291532224,901.9484720226802
2019-10-30,913.5,916.25,909.25,911.5,,,0,0,,,,,,,,,,,916.25,909.25,911.5,35336,910.9362083211113,902.323041747281
2019-10-31,912.25,914.5,903.25,911,,,0,0,,,,,,,,,,,914.5,903.25,911,63621,910.9420075646466,902.6633146199366
2019-11-01,911,918.75,909,918.25,,,0,0,,,,,,,,,,,918.75,909,918.25,53598,911.606370513315,903.2745571838607
2019-11-04,916.5,917.5,910.25,912,,,0,0,,,,,,,,,,,917.5,910.25,912,39525,911.6421550121046,903.6167314119446
2019-11-05,913.25,918.25,911.25,917.5,,,0,0,,,,,,,,,,,918.25,911.25,917.5,51553,912.1746863746405,904.1611733173585
2019-11-06,917.75,924,915.75,919,,,0,0,,,,,,,,,,,924,915.75,919,62209,912.7951694314913,904.7430880892267
2019-11-07,919.75,922,913.25,914.75,,,0,0,,,,,,,,,,,922,913.25,914.75,71045,912.9728813013558,905.1355160072962
2019-11-08,914.75,920,907.75,912.5,,,0,0,,,,,,,,,,,920,907.75,912.5,79538,912.9298920921416,905.4243193011278
2019-11-11,910.25,912.75,906,908,,,0,0,,,,,,,,,,,912.75,906,908,78285,912.481720083765,905.5253263873581
2019-11-12,908.5,919.5,907.5,919.25,,,0,0,,,,,,,,,,,919.5,907.5,919.25,78046,913.0970182579682,906.0635488819714
2019-11-13,918.75,919,908.75,911.25,,,0,0,,,,,,,,,,,919,908.75,911.25,72652,912.9291075072439,906.2669391218941
2019-11-14,911,914.25,907.75,910,,,0,0,,,,,,,,,,,914.25,907.75,910,53537,912.6628250065853,906.4133336661336
2019-11-15,910,910.5,903.75,905,,,0,0,,,,,,,,,,,910.5,903.75,905,44695,911.9662045514411,906.3579088164813
2019-11-18,905.5,912.5,900.75,909.75,,,0,0,,,,,,,,,,,912.5,900.75,909.75,58900,911.764731410401,906.4909320001487
2019-11-19,908.5,917.75,908.25,914.25,,,0,0,,,,,,,,,,,917.75,908.25,914.25,77709,911.9906649185464,906.7952091766135
2019-11-20,914.25,918,910.5,917.75,,,0,0,,,,,,,,,,,918,910.5,917.75,45707,912.5142408350422,907.2248088167463
2019-11-21,917,921.75,910,911,,,0,0,,,,,,,,,,,921.75,910,911,56828,912.3765825773111,907.3728555298151
2019-11-22,911,921,910.25,917.75,,,0,0,,,,,,,,,,,921,910.25,917.75,59121,912.8650750702828,907.7798023717831
2019-11-25,917.75,933.75,917.75,932,,,0,0,,,,,,,,,,,933.75,917.75,932,97627,914.6046137002571,908.7296140434779
2019-11-26,931.5,931.75,924.75,930,,,0,0,,,,,,,,,,,931.75,924.75,930,74316,916.0041942729611,909.5637468260866
2019-11-27,929.75,932.25,925,925.75,,,0,0,,,,,,,,,,,932.25,925,925.75,55141,916.8901766117827,910.1985018525146
2019-11-29,929,945,927.5,940.75,,,0,0,,,,,,,,,,,945,927.5,940.75,64823,919.059251465257,911.3965998190827
2019-12-02,941.75,943,933.25,934.25,,,0,0,,,,,,,,,,,943,933.25,934.25,69179,920.4402286047791,912.2928115908834
2019-12-03,937,940.25,923.25,924.25,,,0,0,,,,,,,,,,,940.25,923.25,924.25,82267,920.7865714588901,912.7617209402605
2019-12-04,924.25,928.75,921.25,926.5,,,0,0,,,,,,,,,,,928.75,921.25,926.5,46872,921.3059740535365,913.3004769818189
2019-12-05,926.5,929,921.75,922.75,,,0,0,,,,,,,,,,,929,921.75,922.75,40864,921.4372491395786,913.6710465119436
2019-12-06,922.75,925.75,918.25,923.5,,,0,0,,,,,,,,,,,925.75,918.25,923.5,44178,921.6247719450715,914.0564956683379
2019-12-09,922.75,925,919.25,921.75,,,0,0,,,,,,,,,,,925,919.25,921.75,43599,921.6361563137013,914.3582017205599
2019-12-10,921.75,927,918.25,922.75,,,0,0,,,,,,,,,,,927,918.25,922.75,43615,921.7374148306376,914.6872918491654
2019-12-11,922.5,922.5,915.75,918.25,,,0,0,,,,,,,,,,,922.5,915.75,918.25,47524,921.4203771187614,914.8270058942961
2019-12-12,917,933.25,915.25,929.25,,,0,0,,,,,,,,,,,933.25,915.25,929.25,65231,922.1321610170559,915.3926135062845
2019-12-13,932,935.25,924.75,931.5,,,0,0,,,,,,,,,,,935.25,924.75,931.5,65491,922.9837827427781,916.0242757217244
2019-12-16,933.75,955.75,933.75,948.75,,,0,0,,,,,,,,,,,955.75,933.75,948.75,95740,925.3261661297983,917.3076374581274
2019-12-17,952.25,956.25,944,955.25,,,0,0,,,,,,,,,,,956.25,944,955.25,68511,928.046514663453,918.7955732440831
2019-12-18,952.25,954,944.25,947.25,,,0,0,,,,,,,,,,,954,944.25,947.25,56331,929.7922860576845,919.9114331168641
2019-12-19,946.5,952.5,943,944.25,,,0,0,,,,,,,,,,,952.5,943,944.25,39716,931.106623688804,920.8658867201244
2019-12-20,944.25,948,937.75,941.25,,,0,0,,,,,,,,,,,948,937.75,941.25,44101,932.0287488080037,921.6652637114921
2019-12-23,942,946,937.75,938.5,,,0,0,,,,,,,,,,,946,937.75,938.5,33261,932.6170443709125,922.3254494482964
2019-12-24,938.5,944,937.5,940,,,0,0,,,,,,,,,,,944,937.5,940,21559,933.288222155375,923.0185690777749
2019-12-26,939.75,951,939.25,948,,,0,0,,,,,,,,,,,951,939.25,948,30244,934.6256565048864,923.9982330355092
2019-12-27,948.75,960,948.25,955.25,,,0,0,,,,,,,,,,,960,948.25,955.25,52110,936.500596822624,925.2237925243128
2019-12-30,959,963.5,950.5,955,,,0,0,,,,,,,,,,,963.5,950.5,955,42485,938.18236074784,926.391486935124
2019-12-31,954,958.75,952,957.75,,,0,0,,,,,,,,,,,958.75,952,957.75,38466,939.9612370434909,927.6212325455114
2020-01-02,958.5,966.5,957.25,959.25,,,0,0,,,,,,,,,,,966.5,957.25,959.25,49931,941.714760948628,928.861576367256
2020-01-03,959.75,961,950.75,953.5,,,0,0,,,,,,,,,,,961,950.75,953.5,44180,942.7861463169346,929.8277890587361
2020-01-06,951.5,954.25,945.75,949,,,0,0,,,,,,,,,,,954.25,945.75,949,47904,943.3510421063041,930.5796404681975
2020-01-07,948.5,950,944.5,949.25,,,0,0,,,,,,,,,,,950,944.5,949.25,41346,943.887311005731,931.3118114302289
2020-01-08,948.5,954.75,944.25,951.75,,,0,0,,,,,,,,,,,954.75,944.25,951.75,51322,944.6021009143009,932.1133090212003
2020-01-09,952.75,963,951.75,961.25,,,0,0,,,,,,,,,,,963,951.75,961.25,66455,946.1155462857281,933.2559243537022
2020-01-10,961.75,967.5,954.75,963.5,,,0,0,,,,,,,,,,,967.5,954.75,963.5,92633,947.6959511688437,934.44196653591
2020-01-13,964.25,964.75,957.5,961.25,,,0,0,,,,,,,,,,,964.75,957.5,961.25,51064,948.9281374262216,935.4932619658742
2020-01-14,961.25,972,958.25,967.5,,,0,0,,,,,,,,,,,972,958.25,967.5,69294,950.6164885692924,936.7484281632909
2020-01-15,968,977.75,967.25,972.25,,,0,0,,,,,,,,,,,977.75,967.25,972.25,78783,952.5831714266295,938.1406466666913
2020-01-16,972.5,972.5,959,964.25,,,0,0,,,,,,,,,,,972.5,959,964.25,58192,953.6437922060269,939.1645428758407
2020-01-17,964.5,971.5,963.25,969.5,,,0,0,,,,,,,,,,,971.5,963.25,969.5,54666,955.0852656418426,940.3541686454155
2020-01-21,971.5,981.75,965.75,980.5,,,0,0,,,,,,,,,,,981.75,965.75,980.5,69900,957.3956960380387,941.9285149730463
2020-01-22,980.5,991.5,973.5,976.75,,,0,0,,,,,,,,,,,991.5,973.5,976.75,84471,959.1551782163989,943.2940634054759
2020-01-23,976.75,982,974.25,979.5,,,0,0,,,,,,,,,,,982,974.25,979.5,55850,961.0047074694536,944.7139040562415
2020-01-24,980.75,980.75,968.5,972.5,,,0,0,,,,,,,,,,,980.75,968.5,972.5,58501,962.0497340631397,945.8035548775654
2020-01-27,966.75,972.25,958.5,971.25,,,0,0,,,,,,,,,,,972.25,958.5,971.25,78994,962.8861218755816,946.8014546862883
2020-01-28,972,975.5,964.5,968.75,,,0,0,,,,,,,,,,,975.5,964.5,968.75,56857,963.4192017050742,947.6621819534927
2020-01-29,970,972.25,960,961.25,,,0,0,,,,,,,,,,,972.25,960,961.25,55030,963.2220015500675,948.1950375631596
2020-01-30,961.5,961.5,949.75,959.5,,,0,0,,,,,,,,,,,961.5,949.75,959.5,77794,962.8836377727886,948.6383694234279
2020-01-31,961.5,965,951.75,952.75,,,0,0,,,,,,,,,,,965,951.75,952.75,63922,961.9623979752623,948.7996098381955
2020-02-03,950.25,957,945.5,954.5,,,0,0,,,,,,,,,,,957,945.5,954.5,83000,961.2839981593294,949.0231545504231
2020-02-04,953.25,963.25,952.5,956.25,,,0,0,,,,,,,,,,,963.25,952.5,956.25,69486,960.8263619630267,949.3065602543281
2020-02-05,958.25,962.75,954.5,961,,,0,0,,,,,,,,,,,962.75,954.5,961,52869,960.8421472391152,949.7651265188642
2020-02-06,962.75,964.5,954.75,955.25,,,0,0,,,,,,,,,,,964.5,954.75,955.25,51963,960.3337702173775,949.9802195965558
2020-02-07,956,962,952.25,957.75,,,0,0,,,,,,,,,,,962,952.25,957.75,64891,960.0988820157977,950.2849168672791
2020-02-10,957.75,959.75,950,951,,,0,0,,,,,,,,,,,959.75,950,951,100463,959.2717109234525,950.3129593430721
2020-02-11,950.5,950.75,938,941,,,0,0,,,,,,,,,,,950.75,938,941,166632,957.6106462940477,949.9477452511869
2020-02-12,940,948,937.25,946.5,,,0,0,,,,,,,,,,,948,937.25,946.5,91895,956.6005875400433,949.8125395550619
2020-02-13,947.5,949.5,939.75,943.25,,,0,0,,,,,,,,,,,949.5,939.75,943.25,85047,955.3868977636757,949.5551850627065
2020-02-14,944,947.25,939.5,940,,,0,0,,,,,,,,,,,947.25,939.5,940,56400,953.9880888760689,949.1804719229925
2020-02-18,945.75,967,945,963.5,,,0,0,,,,,,,,,,,967,945,963.5,105543,954.8528080691535,949.7420220436595
2020-02-19,958.5,962.5,950,961,,,0,0,,,,,,,,,,,962.5,950,961,73152,955.4116436992305,950.1835113752807
2020-02-20,961,963.25,955,957.75,,,0,0,,,,,,,,,,,963.25,955,957.75,56296,955.624221544755,950.4802364193873
2020-02-21,957.75,966.75,949.5,950.5,,,0,0,,,,,,,,,,,966.75,949.5,950.5,86875,955.1583832225045,950.4810114617643
2020-02-24,950,950,931,933.25,,,0,0,,,,,,,,,,,950,931,933.25,101992,953.1667120204587,949.8052855220873
2020-02-25,935.5,938,927,935.5,,,0,0,,,,,,,,,,,938,927,935.5,75522,951.5606472913261,949.2442939329858
2020-02-26,935.5,938.5,931.25,934.25,,,0,0,,,,,,,,,,,938.5,931.25,934.25,60616,949.9869520830237,948.6562824062021
2020-02-27,933,933.5,924.75,926,,,0,0,,,,,,,,,,,933.5,924.75,926,72565,947.806320075476,947.7678007432138
2020-02-28,924,925,911,923.5,,,0,0,,,,,,,,,,,925,911,923.5,86646,945.5966546140692,946.8161222826956
2020-03-02,918.5,927,914.75,921.75,,,0,0,,,,,,,,,,,927,914.75,921.75,77386,943.4287769218811,945.8331370951389
2020-03-03,922.25,932.5,919.5,925.75,,,0,0,,,,,,,,,,,932.5,919.5,925.75,72326,941.8216153835283,945.045563091408
2020-03-04,923.75,924.75,915.25,916.75,,,0,0,,,,,,,,,,,924.75,915.25,916.75,56772,939.5423776213894,943.9359331662547
2020-03-05,918.75,922.25,913,917.25,,,0,0,,,,,,,,,,,922.25,913,917.25,61927,937.5157978376267,942.8894259832643
2020-03-06,916.5,919.25,908.5,914.25,,,0,0,,,,,,,,,,,919.25,908.5,914.25,58506,935.4007253069334,941.7663112388226
2020-03-09,907.5,921,904.25,917.25,,,0,0,,,,,,,,,,,921,904.25,917.25,89038,933.7506593699394,940.8048872686727
2020-03-10,918.5,923.5,912.5,920.75,,,0,0,,,,,,,,,,,923.5,912.5,920.75,69063,932.5687812453995,940.0184211012738
2020-03-11,920.25,923.25,910.25,911.25,,,0,0,,,,,,,,,,,923.25,910.25,911.25,58877,930.6307102230904,938.8902477247533
2020-03-12,909,909.25,895.75,904,,,0,0,,,,,,,,,,,909.25,895.75,904,85895,928.2097365664458,937.5220027159395
2020-03-13,903.5,912.25,898,904.5,,,0,0,,,,,,,,,,,912.25,898,904.5,69365,926.0543059694962,936.2270222172752
2020-03-16,901.5,905.75,890.25,896.5,,,0,0,,,,,,,,,,,905.75,890.25,896.5,78982,923.3675508813602,934.6690997773821
2020-03-17,894.75,905,893,897.75,,,0,0,,,,,,,,,,,905,893,897.75,65543,921.0386826194184,933.221291942975
2020-03-18,899.25,910.5,893,906.75,,,0,0,,,,,,,,,,,910.5,893,906.75,68778,919.7397114721986,932.1832020628583
2020-03-19,907,939,907,933.5,,,0,0,,,,,,,,,,,939,907,933.5,103082,920.9906467929078,932.2348411976482
2020-03-20,933,945.5,931.5,937.75,,,0,0,,,,,,,,,,,945.5,931.5,937.75,71442,922.5142243571889,932.4511219349953
2020-03-23,938,961.75,935.75,961,,,0,0,,,,,,,,,,,961.75,935.75,961,86808,926.0129312338081,933.5706857806817
2020-03-24,959,961,948.25,960,,,0,0,,,,,,,,,,,961,948.25,960,67261,929.1026647580073,934.6071294755569
2020-03-25,958.5,981.75,955.25,978.5,,,0,0,,,,,,,,,,,981.75,955.25,978.5,97558,933.5933315981885,936.3284185157312
2020-03-26,978,981.5,963,967.5,,,0,0,,,,,,,,,,,981.5,963,967.5,76661,936.6757559983531,937.5508334758986
2020-03-27,968,985.5,962,969.75,,,0,0,,,,,,,,,,,985.5,962,969.75,87575,939.6825054530483,938.8135458886085
2020-03-30,970.75,979.25,961.25,968,,,0,0,,,,,,,,,,,979.25,961.25,968,59620,942.2568231391348,939.9581127165062
2020-03-31,968.25,973.75,962.75,967.25,,,0,0,,,,,,,,,,,973.75,962.75,967.25,66203,944.5289301264862,941.028382806055
2020-04-01,965.75,970.25,945,948.75,,,0,0,,,,,,,,,,,970.25,945,948.75,67309,944.9126637513511,941.3311913234646
2020-04-02,948.75,951.75,936.75,940.25,,,0,0,,,,,,,,,,,951.75,936.75,940.25,46926,944.488785228501,941.2887916637209
2020-04-03,940.25,955,940,947.75,,,0,0,,,,,,,,,,,955,940,947.75,44941,944.7852592986372,941.5421723827907
2020-04-06,948.5,960.25,948.25,954.25,,,0,0,,,,,,,,,,,960.25,948.25,954.25,44545,945.6456902714884,942.0405185638577
2020-04-07,953.75,954.25,943.75,947.75,,,0,0,,,,,,,,,,,954.25,943.75,947.75,67148,945.8369911558985,942.2644197966476
2020-04-08,949.5,953,943.5,946.75,,,0,0,,,,,,,,,,,953,943.5,946.75,57533,945.9199919599077,942.4403249026615
2020-04-09,947.75,957.25,945.25,955,,,0,0,,,,,,,,,,,957.25,945.25,955,63609,946.7454472362798,942.9328611809884
2020-04-13,959.25,963,951,953.5,,,0,0,,,,,,,,,,,963,951,953.5,53253,947.359497487527,943.347258781734
2020-04-14,954.25,955.25,944.5,947.25,,,0,0,,,,,,,,,,,955.25,944.5,947.25,53925,947.3495431704791,943.5003074569602
2020-04-15,945,947.25,928.25,938.75,,,0,0,,,,,,,,,,,947.25,928.25,938.75,67687,946.5677665186174,943.3140208900205
2020-04-16,937.25,943.75,926.5,928.25,,,0,0,,,,,,,,,,,943.75,926.5,928.25,31461,944.9025150169249,942.7232749727648
2020-04-17,926.75,933.5,922.75,931.5,,,0,0,,,,,,,,,,,933.5,922.75,931.5,43714,943.6841045608409,942.2831465424603
2020-04-20,933.75,959.25,933.25,945.25,,,0,0,,,,,,,,,,,959.25,933.25,945.25,75375,943.8264586916736,942.3994937368736
2020-04-21,948.25,952.5,938.25,944,,,0,0,,,,,,,,,,,952.5,938.25,944,60051,943.8422351742487,942.4622586883688
2020-04-22,944.5,946.5,935,941.5,,,0,0,,,,,,,,,,,946.5,935,941.5,52877,943.6293047038624,942.4245230535308
2020-04-23,940.25,949.75,936.75,942.5,,,0,0,,,,,,,,,,,949.75,936.75,942.5,57685,943.5266406398749,942.4274829337845
2020-04-24,945.25,947.25,926.75,928.25,,,0,0,,,,,,,,,,,947.25,926.75,928.25,71750,942.137855127159,941.871503210891
2020-04-27,930.25,930.75,919,922.5,,,0,0,,,,,,,,,,,930.75,919,922.5,58311,940.3525955701446,941.111836418307
2020-04-28,924.5,929.5,918,923.75,,,0,0,,,,,,,,,,,929.5,918,923.75,47579,938.8432687001314,940.4309800881773
2020-04-29,923.75,924,908.25,914.25,,,0,0,,,,,,,,,,,924,908.25,914.25,59885,936.6075170001194,939.4042749866802
2020-04-30,914.25,923,904.5,922,,,0,0,,,,,,,,,,,923,904.5,922,67217,935.2795609091994,938.7217543989673
2020-05-01,920.25,920.5,911.5,914.25,,,0,0,,,,,,,,,,,920.5,911.5,914.25,39109,933.3677826447267,937.7620777558706
2020-05-04,907.75,919,903.5,917.25,,,0,0,,,,,,,,,,,919,903.5,917.25,63198,931.9025296770243,936.957682549758
2020-05-05,915.75,920.5,910,918.5,,,0,0,,,,,,,,,,,920.5,910,918.5,48146,930.6841178882039,936.2338518615322
2020-05-06,917.75,919.5,910.75,915.25,,,0,0,,,,,,,,,,,919.5,910.75,915.25,41049,929.2810162620035,935.4109557100996
2020-05-07,915,924.75,914.25,920.25,,,0,0,,,,,,,,,,,924.75,914.25,920.25,49199,928.4600147836395,934.8164084273507
2020-05-08,916.75,922.75,914.75,919.75,,,0,0,,,,,,,,,,,922.75,914.75,919.75,35345,927.6681952578541,934.22556888118
2020-05-11,921.75,925.75,914,915,,,0,0,,,,,,,,,,,925.75,914,915,50116,926.5165411435038,933.4716250034867
2020-05-12,915.75,916,905.5,912.25,,,0,0,,,,,,,,,,,916,905.5,912.25,56300,925.2195828577308,932.6394044151147
2020-05-13,912,912,898,899.5,,,0,0,,,,,,,,,,,912,898,899.5,58350,922.8814389615734,931.3398199282474
2020-05-14,897.75,903.75,894.5,900,,,0,0,,,,,,,,,,,903.75,894.5,900,44141,920.8013081468849,930.1108073820416
2020-05-15,900.25,905.75,895.25,898,,,0,0,,,,,,,,,,,905.75,895.25,898,49768,918.7284619517136,928.8515600337262
2020-05-18,899.25,900.5,891.5,894.75,,,0,0,,,,,,,,,,,900.5,891.5,894.75,42218,916.5486017742851,927.5142439539723
2020-05-19,894.5,899.25,894,896.5,,,0,0,,,,,,,,,,,899.25,894,896.5,43782,914.7260016129865,926.2979990930322
2020-05-20,897.25,915.5,893.75,911.5,,,0,0,,,,,,,,,,,915.5,893.75,911.5,87800,914.4327287390786,925.7176854031094
2020-05-21,912.75,921.75,909.75,913.75,,,0,0,,,,,,,,,,,921.75,909.75,913.75,75219,914.3706624900715,925.248364406909
2020-05-22,912.75,914,901,906.5,,,0,0,,,,,,,,,,,914,901,906.5,59252,913.6551477182468,924.5131344301675
2020-05-26,902,910,902,904.5,,,0,0,,,,,,,,,,,910,902,904.5,48956,912.8228615620425,923.7283056289845
2020-05-27,905.5,909.5,899,902.25,,,0,0,,,,,,,,,,,909.5,899,902.25,41180,911.8616923291295,922.8860191337302
2020-05-28,903,916.5,901.5,912.25,,,0,0,,,,,,,,,,,916.5,901.5,912.25,64133,911.8969930264814,922.4689203441721
2020-05-29,911.25,920,909.5,918.5,,,0,0,,,,,,,,,,,920,909.5,918.5,56405,912.4972663877103,922.3132764091066
2020-06-01,917.75,918.5,909.25,913,,,0,0,,,,,,,,,,,918.5,909.25,913,62138,912.542969443373,921.9480498832593
2020-06-02,914.75,915,904.5,905.75,,,0,0,,,,,,,,,,,915,904.5,905.75,76980,911.9254267667027,921.3128322407786
2020-06-03,907.5,913.25,904.25,909.75,,,0,0,,,,,,,,,,,913.25,904.25,909.75,70048,911.7276606970024,920.8593878391794
2020-06-04,910,926.75,909.75,921.5,,,0,0,,,,,,,,,,,926.75,909.75,921.5,76243,912.6160551790931,920.8845098847017
2020-06-05,924.5,925.5,911,913,,,0,0,,,,,,,,,,,925.5,911,913,100263,912.650959253721,920.575313418635
2020-06-08,914.75,915.5,906.25,909.25,,,0,0,,,,,,,,,,,915.5,906.25,909.25,89831,912.3417811397463,920.1311834806493
2020-06-09,909.75,911.75,898.5,902.25,,,0,0,,,,,,,,,,,911.75,898.5,902.25,105093,911.4243464906784,919.4299605990552
2020-06-10,902.75,907,900.25,904,,,0,0,,,,,,,,,,,907,900.25,904,77126,910.7494059006168,918.8248641049746
2020-06-11,906.5,906.75,896.25,897,,,0,0,,,,,,,,,,,906.75,896.25,897,90884,909.4994599096516,917.9689870812501
2020-06-12,896.75,902.5,893,899.75,,,0,0,,,,,,,,,,,902.5,893,899.75,71166,908.6131453724105,917.2545169996325
2020-06-15,897.5,903.25,895.25,902.5,,,0,0,,,,,,,,,,,903.25,895.25,902.5,51218,908.0574048840095,916.675908489843
2020-06-16,904.25,905,888.75,893.75,,,0,0,,,,,,,,,,,905,888.75,893.75,67274,906.7567317127359,915.7768532549471
2020-06-17,891.75,893.25,885.25,886.5,,,0,0,,,,,,,,,,,893.25,885.25,886.5,53376,904.9152106479418,914.6287413625963
2020-06-18,886.25,889.5,878.25,881.25,,,0,0,,,,,,,,,,,889.5,878.25,881.25,50122,902.7638278617652,913.3197711130828
2020-06-19,879.75,883,873.5,877.75,,,0,0,,,,,,,,,,,883,873.5,877.75,62878,900.4898435106957,911.924878128256
2020-06-22,877,883,874.25,882,,,0,0,,,,,,,,,,,883,874.25,882,55123,898.808948646087,910.7513534957753
2020-06-23,882,885.75,876.25,883.5,,,0,0,,,,,,,,,,,885.75,876.25,883.5,56648,897.4172260418973,909.6826729665293
2020-06-24,883.75,885,877,878.25,,,0,0,,,,,,,,,,,885,877,878.25,44707,895.6747509471793,908.4500191247046
2020-06-25,875.75,884.25,875.75,880.75,,,0,0,,,,,,,,,,,884.25,875.75,880.75,83437,894.3179554065266,907.3637438649122
2020-06-26,880.5,881.5,863.5,868.25,,,0,0,,,,,,,,,,,881.5,863.5,868.25,96535,891.9481412786605,905.8298715564842
2020-06-29,867.75,884,867.5,879,,,0,0,,,,,,,,,,,884,867.5,879,82163,890.771037526055,904.7777197307398
2020-06-30,878.5,891.25,873.75,884.25,,,0,0,,,,,,,,,,,891.25,873.75,884.25,81381,890.1782159327773,903.972711113848
2020-07-01,884.5,892.25,881.5,891.25,,,0,0,,,,,,,,,,,892.25,881.5,891.25,73728,890.2756508479794,903.4737812662462
2020-07-02,890.75,891.75,881,884.5,,,0,0,,,,,,,,,,,891.75,881,884.5,39623,889.7505916799812,902.7297114126679
2020-07-06,886.5,889,880.25,885.75,,,0,0,,,,,,,,,,,889,880.25,885.75,46446,889.3869015272556,902.063840376877
2020-07-07,886.75,892.5,882.25,887.75,,,0,0,,,,,,,,,,,892.5,882.25,887.75,62851,889.2380922975051,901.502513303274
2020-07-08,888,910,887.25,909,,,0,0,,,,,,,,,,,910,887.25,909,111164,891.0346293613683,901.7965323894201
2020-07-09,909,923.75,908.25,917.5,,,0,0,,,,,,,,,,,923.75,908.25,917.5,127127,893.4405721466984,902.4123546486585
2020-07-10,916.5,931.5,913,926.5,,,0,0,,,,,,,,,,,931.5,913,926.5,128543,896.4459746788167,903.3569681918484
2020-07-13,920.5,928,914.75,917.25,,,0,0,,,,,,,,,,,928,914.75,917.25,80879,898.3372497080152,903.9017929686387
2020-07-14,916.25,926,915.25,919.25,,,0,0,,,,,,,,,,,926,915.25,919.25,59738,900.2384088254684,904.5036834404568
2020-07-15,919.5,944.25,919.25,943.25,,,0,0,,,,,,,,,,,944.25,919.25,943.25,97654,904.1485534776986,906.0231468349488
2020-07-16,942.5,944,926.5,927.75,,,0,0,,,,,,,,,,,944,926.5,927.75,96898,906.2941395251805,906.8751802924018
2020-07-17,928.25,932.5,923.25,927.25,,,0,0,,,,,,,,,,,932.5,923.25,927.25,52664,908.1992177501642,907.6741928299547
2020-07-20,927.5,927.75,909.5,914.5,,,0,0,,,,,,,,,,,927.75,909.5,914.5,84615,908.7720161365129,907.9418715425055
2020-07-21,913,924,911,920.25,,,0,0,,,,,,,,,,,924,911,920.25,62298,909.8154692150117,908.424543246721
2020-07-22,918.25,932.75,916.25,927,,,0,0,,,,,,,,,,,932.75,916.25,927,59562,911.3776992863743,909.1529925311632
2020-07-23,927.25,928.5,919.5,922,,,0,0,,,,,,,,,,,928.5,919.5,922,46720,912.343362987613,909.6567967456274
2020-07-24,923.25,936.5,922.5,932,,,0,0,,,,,,,,,,,936.5,922.5,932,63634,914.130329988739,910.5330007948185
2020-07-27,931.25,931.5,918.75,920.25,,,0,0,,,,,,,,,,,931.5,918.75,920.25,47270,914.6866636261265,910.9140595871785
2020-07-28,919,922.25,911.75,916,,,0,0,,,,,,,,,,,922.25,911.75,916,51347,914.8060578419331,911.1135082308185
2020-07-29,916,925.75,916,925.25,,,0,0,,,,,,,,,,,925.75,916,925.25,42240,915.7555071290301,911.667880457061
2020-07-30,924.25,927,917.5,922,,,0,0,,,,,,,,,,,927,917.5,922,47622,916.3231882991182,912.0730616156076
2020-07-31,921,927.75,921,923.75,,,0,0,,,,,,,,,,,927.75,921,923.75,48266,916.9983529991983,912.5309807679367
2020-08-03,919.5,920.75,909.5,913.5,,,0,0,,,,,,,,,,,920.75,909.5,913.5,71428,916.6803209083621,912.5689815221353
2020-08-04,913.5,913.75,900.25,900.75,,,0,0,,,,,,,,,,,913.75,900.25,900.75,82315,915.2321099166928,912.105492050679
2020-08-05,900.75,905.25,898.5,903.25,,,0,0,,,,,,,,,,,905.25,898.5,903.25,67342,914.1428271969935,911.7582178526131
2020-08-06,903.25,907.5,893.25,893.75,,,0,0,,,,,,,,,,,907.5,893.25,893.75,86498,912.2889338154487,911.0520132309421
2020-08-07,893.75,896.25,883,888,,,0,0,,,,,,,,,,,896.25,883,888,93524,910.0808489231351,910.1480127120816
2020-08-10,887.75,889.75,882.5,883.5,,,0,0,,,,,,,,,,,889.75,882.5,883.5,76700,907.664408111941,909.1029926057255
2020-08-11,883.5,891.25,883,887.5,,,0,0,,,,,,,,,,,891.25,883,887.5,83770,905.8312801017646,908.2558164251088
2020-08-12,888.25,890.5,880.5,883.75,,,0,0,,,,,,,,,,,890.5,880.5,883.75,90879,903.8238910016042,907.2948040162811
2020-08-13,882.5,893.25,881.5,889.25,,,0,0,,,,,,,,,,,893.25,881.5,889.25,82622,902.4989918196402,906.5871646430936
2020-08-14,888,900.25,886,892.5,,,0,0,,,,,,,,,,,900.25,886,892.5,75823,901.5899925633092,906.0347268139527
2020-08-17,893,910,892.5,909,,,0,0,,,,,,,,,,,910,892.5,909,66200,902.2636296030084,906.151012036935
2020-08-18,908.75,909.25,895.5,900.25,,,0,0,,,,,,,,,,,909.25,895.5,900.25,72304,902.0805723663713,905.9195998001924
2020-08-19,899.75,906.75,898.5,904.75,,,0,0,,,,,,,,,,,906.75,898.5,904.75,68260,902.3232476057921,905.8737331413613
2020-08-20,904.75,912,898.5,911.25,,,0,0,,,,,,,,,,,912,898.5,911.25,64833,903.1347705507201,906.0845671358177
2020-08-21,911.75,918.25,906.5,917.75,,,0,0,,,,,,,,,,,918.25,906.5,917.75,75688,904.4634277733819,906.5420350912758
2020-08-24,918.5,923.5,906.75,910.5,,,0,0,,,,,,,,,,,923.5,906.75,910.5,88962,905.0122070667109,906.6972494014218
2020-08-25,912.75,924.75,910.75,918.25,,,0,0,,,,,,,,,,,924.75,910.75,918.25,82240,906.2156427879189,907.1502984445033
2020-08-26,918,923.25,914.25,922.5,,,0,0,,,,,,,,,,,923.25,914.25,922.5,68440,907.6960388981081,907.752247525111
2020-08-27,922.5,935,921.5,933.5,,,0,0,,,,,,,,,,,935,921.5,933.5,75525,910.0418535437346,908.7619633084399
2020-08-28,934,938.25,930.25,931.5,,,0,0,,,,,,,,,,,938.25,930.25,931.5,76580,911.9925941306678,909.6536510218344
2020-08-31,931.5,943,930,935,,,0,0,,,,,,,,,,,943,930,935,69399,914.0841764824253,910.6476254915664
2020-09-01,932.75,951.25,931,946.75,,,0,0,,,,,,,,,,,951.25,931,946.75,108138,917.0537968022048,912.063404884054
2020-09-02,947.75,948.5,937.5,941,,,0,0,,,,,,,,,,,948.5,937.5,941,71444,919.2307243656408,913.1981733199734
2020-09-03,940.5,943.75,933.25,936,,,0,0,,,,,,,,,,,943.75,933.25,936,61855,920.7552039687644,914.0923626015431
2020-09-04,936.25,939,929.25,933,,,0,0,,,,,,,,,,,939,929.25,933,45894,921.8683672443312,914.8338385779532
2020-09-08,931.75,933.75,925.25,927,,,0,0,,,,,,,,,,,933.75,925.25,927,64925,922.3348793130284,915.3109429474453
2020-09-09,927.25,932.25,924.25,926.5,,,0,0,,,,,,,,,,,932.25,924.25,926.5,51247,922.7135266482077,915.7497294985259
2020-09-10,926.5,939.5,925.5,931,,,0,0,,,,,,,,,,,939.5,925.5,931,68381,923.4668424074615,916.3477793221131
2020-09-11,931,935,922.5,924.75,,,0,0,,,,,,,,,,,935,922.5,924.75,72300,923.5834930976923,916.6772781722262
2020-09-14,925.25,930.5,922.5,928.5,,,0,0,,,,,,,,,,,930.5,922.5,928.5,50141,924.0304482706293,917.140914322335
2020-09-15,928.75,929.75,916.5,921,,,0,0,,,,,,,,,,,929.75,916.5,921,60557,923.7549529732994,917.2922510155768
2020-09-16,918.25,925.75,916,924.75,,,0,0,,,,,,,,,,,925.75,916,924.75,47771,923.8454117939085,917.5847117600639
2020-09-17,924.75,940,920,939,,,0,0,,,,,,,,,,,940,920,939,76815,925.2231016308259,918.4245269851594
2020-09-18,938.5,960.75,938.25,957.75,,,0,0,,,,,,,,,,,960.75,938.25,957.75,101480,928.18009239166,919.9667023975061
2020-09-21,959.25,961,933.25,937.5,,,0,0,,,,,,,,,,,961,933.25,937.5,96691,929.0273567196908,920.6542826956431
2020-09-22,936.25,949.75,933,940.75,,,0,0,,,,,,,,,,,949.75,933,940.75,75824,930.0930515633553,921.4423500409121
2020-09-23,941.25,943,930,931.75,,,0,0,,,,,,,,,,,943,930,931.75,59472,930.2436832394139,921.8465716079351
2020-09-24,930.75,937,923.75,932.5,,,0,0,,,,,,,,,,,937,923.75,932.5,71785,930.4488029449218,922.2643531135062
2020-09-25,935,935.25,926.5,927,,,0,0,,,,,,,,,,,935.25,926.5,927,48637,930.1352754044743,922.4500647561138
2020-09-28,928,934.5,920.5,933,,,0,0,,,,,,,,,,,934.5,920.5,933,60680,930.3957049131585,922.8637877068544
2020-09-29,933.75,936,928.75,932.25,,,0,0,,,,,,,,,,,936,928.75,932.25,45637,930.5642771937804,923.2318744634483
2020-09-30,931.5,969.75,929.75,960.75,,,0,0,,,,,,,,,,,969.75,929.75,960.75,122156,933.3084338125276,924.7031735040974
2020-10-01,956.75,966.75,951.25,953,,,0,0,,,,,,,,,,,966.75,951.25,953,76218,935.0985761932069,925.812852974525
2020-10-02,952,959.25,944,956,,,0,0,,,,,,,,,,,959.25,944,956,54242,936.998705630188,926.9966626617985
2020-10-05,957.25,970.5,955.75,967,,,0,0,,,,,,,,,,,970.5,955.75,967,60417,939.7260960274436,928.5654209887867
2020-10-06,967.75,984.5,962.5,975.5,,,0,0,,,,,,,,,,,984.5,962.5,975.5,83093,942.9782691158579,930.4059927147167
2020-10-07,974,994.25,971.25,990.25,,,0,0,,,,,,,,,,,994.25,971.25,990.25,102217,947.2756991962344,932.7528165298259
2020-10-08,991.5,999.5,976,978,,,0,0,,,,,,,,,,,999.5,976,978,95298,950.0688174511222,934.5272158815974
2020-10-09,976.75,989.5,971.5,976.5,,,0,0,,,,,,,,,,,989.5,971.5,976.5,88056,952.4716522282929,936.1732074156524
2020-10-12,975.25,981.75,969.75,977,,,0,0,,,,,,,,,,,981.75,969.75,977,63837,954.7015020257209,937.7742581052347
2020-10-13,979,987,973.5,976.75,,,0,0,,,,,,,,,,,987,973.5,976.75,56418,956.7059109324736,939.3027185716961
2020-10-14,977.5,983,970,979.5,,,0,0,,,,,,,,,,,983,970,979.5,58370,958.7781008477033,940.8790825492766
2020-10-15,979.5,1002.25,979.25,1001,,,0,0,,,,,,,,,,,1002.25,979.25,1001,90299,962.616455316094,943.23676558656
2020-10-16,1001.25,1013.5,998.25,1008,,,0,0,,,,,,,,,,,1013.5,998.25,1008,90621,966.74223210554,945.7765002694399
2020-10-19,1013.75,1019.5,1003,1009.75,,,0,0,,,,,,,,,,,1019.5,1003,1009.75,86964,970.6520291868545,948.285264964756
2020-10-20,1011.25,1021,1006.25,1014.75,,,0,0,,,,,,,,,,,1021,1006.25,1014.75,78897,974.6609356244132,950.8917251622166
2020-10-21,1017.25,1020.25,1011.5,1012.5,,,0,0,,,,,,,,,,,1020.25,1011.5,1012.5,61377,978.1008505676484,953.3077359401689
2020-10-22,1011.25,1015,1004,1005.5,,,0,0,,,,,,,,,,,1015,1004,1005.5,63702,980.5916823342259,955.3544913934956
2020-10-23,1005.75,1018.25,1002.25,1015.5,,,0,0,,,,,,,,,,,1018.25,1002.25,1015.5,64240,983.7651657583872,957.713138789829
2020-10-26,1015.5,1015.75,998.75,1002.75,,,0,0,,,,,,,,,,,1015.75,998.75,1002.75,66899,985.491059780352,959.4792902098358
2020-10-27,1001.5,1009.75,997.5,998.5,,,0,0,,,,,,,,,,,1009.75,997.5,998.5,63486,986.6736907094108,961.0095141231756
2020-10-28,997.25,997.25,983.5,991.5,,,0,0,,,,,,,,,,,997.25,983.5,991.5,72239,987.1124460994644,962.2052194516784
2020-10-29,992.5,994,981.25,986.5,,,0,0,,,,,,,,,,,994,981.25,986.5,69893,987.0567691813312,963.1579559437695
2020-10-30,984.75,990,978,981.25,,,0,0,,,,,,,,,,,990,978,981.25,72812,986.5288810739374,963.8674478675432
2020-11-02,976,992.25,973.75,990.25,,,0,0,,,,,,,,,,,992.25,973.75,990.25,75087,986.8671646126704,964.9020577550905
2020-11-03,989.75,999.25,986.75,990.75,,,0,0,,,,,,,,,,,999.25,986.75,990.75,70891,987.2201496478822,965.9157025490085
2020-11-04,990.5,993.25,980.5,988.75,,,0,0,,,,,,,,,,,993.25,980.5,988.75,66077,987.3592269526201,966.8111651941455
2020-11-05,989.25,1009,988.75,992,,,0,0,,,,,,,,,,,1009,988.75,992,97072,987.7811154114728,967.7989626375123
2020-11-06,990.5,998.5,984.5,984.75,,,0,0,,,,,,,,,,,998.5,984.5,984.75,105356,987.5055594649752,968.4637092007471
2020-11-09,985,989.75,977.75,980.25,,,0,0,,,,,,,,,,,989.75,977.75,980.25,91438,986.8459631499775,968.9259166830707
2020-11-10,980,995.75,976.75,991.25,,,0,0,,,,,,,,,,,995.75,976.75,991.25,134343,987.2463301363432,969.8013709307934
2020-11-11,989.75,996.25,978.25,980.75,,,0,0,,,,,,,,,,,996.25,978.25,980.75,107814,986.6557546694029,970.2307289335074
2020-11-12,979,981.5,969.75,971,,,0,0,,,,,,,,,,,981.5,969.75,971,91052,985.2325042449118,970.2608964263111
2020-11-13,969,979,963,976.25,,,0,0,,,,,,,,,,,979,963,976.25,77401,984.4159129499197,970.4957632331224
2020-11-16,976.25,982,967.75,979,,,0,0,,,,,,,,,,,982,967.75,979,66361,983.9235572271998,970.8292627141764
2020-11-17,979,983.5,974.5,977.25,,,0,0,,,,,,,,,,,983.5,974.5,977.25,57227,983.3168702065453,971.0810563332283
2020-11-18,977.25,986,974.25,980.75,,,0,0,,,,,,,,,,,986,974.25,980.75,59833,983.0835183695866,971.4602305946703
2020-11-19,981,982.5,971.25,973,,,0,0,,,,,,,,,,,982.5,971.25,973,57297,982.1668348814424,971.5206137086047
2020-11-20,971.25,979,971,973.75,,,0,0,,,,,,,,,,,979,971,973.75,72980,981.4016680740385,971.6080406219928
2020-11-23,976.25,984.25,975.75,978.75,,,0,0,,,,,,,,,,,984.25,975.75,978.75,70487,981.160607340035,971.888117460346
2020-11-24,978.75,992.75,973.25,991.75,,,0,0,,,,,,,,,,,992.75,973.25,991.75,83622,982.1232794000318,972.6670148148423
2020-11-25,993.25,997,969.5,970.75,,,0,0,,,,,,,,,,,997,969.5,970.75,100173,981.0893449091199,972.5918377632798
2020-11-27,974.75,982,972.75,980.25,,,0,0,,,,,,,,,,,982,972.75,980.25,72016,981.0130408264725,972.8921578509944
2020-11-30,981.75,983.5,958.5,959.25,,,0,0,,,,,,,,,,,983.5,958.5,959.25,89949,979.0345825695205,972.3571712686024
2020-12-01,959.25,963.25,948.25,951.5,,,0,0,,,,,,,,,,,963.25,948.25,951.5,90655,976.5314386995641,971.5392429835592
2020-12-02,952.5,966.75,949,962.75,,,0,0,,,,,,,,,,,966.75,949,962.75,71015,975.2785806359674,971.1945667881255
2020-12-03,962.75,965.25,954,958.75,,,0,0,,,,,,,,,,,965.25,954,958.75,50412,973.775982396334,970.7065445611402
2020-12-04,959.25,959.75,949.5,949.75,,,0,0,,,,,,,,,,,959.75,949.5,949.75,38935,971.5918021784855,969.8847192842327
2020-12-07,948.5,954,939.75,951.75,,,0,0,,,,,,,,,,,954,939.75,951.75,52656,969.7880019804414,969.1735538221059
2020-12-08,949.5,951.5,943.5,944.25,,,0,0,,,,,,,,,,,951.5,943.5,944.25,43910,967.4663654367649,968.1961595545723
2020-12-09,944.75,959.25,941.5,957.5,,,0,0,,,,,,,,,,,959.25,941.5,957.5,55893,966.5603322152408,967.7767023171381
2020-12-10,961,973.75,958.25,970.75,,,0,0,,,,,,,,,,,973.75,958.25,970.75,74491,966.9412111047644,967.89330222627
2020-12-11,971.5,993.5,964.5,988.75,,,0,0,,,,,,,,,,,993.5,964.5,988.75,85723,968.9238282770585,968.7112119428868
2020-12-14,992.25,996.25,970,970.75,,,0,0,,,,,,,,,,,996.25,970,970.75,74274,969.089843888235,968.7911644157148
2020-12-15,971.5,980,968.5,974,,,0,0,,,,,,,,,,,980,968.5,974,51418,969.5362217165773,968.9954324778436
2020-12-16,976.5,982,964,972.75,,,0,0,,,,,,,,,,,982,964,972.75,56478,969.8283833787067,969.1426704198889
2020-12-17,974,984.25,972.75,983,,,0,0,,,,,,,,,,,984.25,972.75,983,43431,971.0258030715515,969.686095109305
2020-12-18,985.75,989,978.75,982.5,,,0,0,,,,,,,,,,,989,978.75,982.5,42169,972.0689118832287,970.1886011834499
2020-12-21,984.5,989.5,970.75,985.5,,,0,0,,,,,,,,,,,989.5,970.75,985.5,48422,973.2899198938443,970.7890481958636
2020-12-22,989.75,994,977.25,991.25,,,0,0,,,,,,,,,,,994,977.25,991.25,55034,974.9226544489494,971.5914384626925
2020-12-23,989.5,1008,984.75,1004,,,0,0,,,,,,,,,,,1008,984.75,1004,69513,977.5660494990449,972.8623624445477
2020-12-24,1005.25,1008,997.75,1001.25,,,0,0,,,,,,,,,,,1008,997.75,1001.25,35656,979.7191359082226,973.9756031329968
2020-12-28,1001.25,1005.75,981.25,988.5,,,0,0,,,,,,,,,,,1005.75,981.25,988.5,53532,980.5173962802023,974.5451873238596
2020-12-29,988.5,997.5,985.75,992.75,,,0,0,,,,,,,,,,,997.5,985.75,992.75,35420,981.6294511638202,975.2591015464534
2020-12-30,994.25,1017.75,988.25,1015,,,0,0,,,,,,,,,,,1017.75,988.25,1015,71654,984.6631374216548,976.8175681524748
2020-12-31,1014.25,1018.75,1006.75,1014.75,,,0,0,,,,,,,,,,,1018.75,1006.75,1014.75,44927,987.398306746959,978.3051144994365
2021-01-04,1017.25,1024.5,1008.25,1016.25,,,0,0,,,,,,,,,,,1024.5,1008.25,1016.25,66782,990.0211879517809,979.7931492249488
2021-01-05,1015.75,1038.75,1013.75,1028.25,,,0,0,,,,,,,,,,,1038.75,1013.75,1028.25,81173,993.4965345016191,981.6934178827939
2021-01-06,1028.25,1034.5,1020.25,1021.75,,,0,0,,,,,,,,,,,1034.5,1020.25,1021.75,60850,996.0650313651082,983.2642642403314
2021-01-07,1021,1022.5,1012.25,1016.5,,,0,0,,,,,,,,,,,1022.5,1012.25,1016.5,47486,997.9227557864621,984.567626426985
2021-01-08,1019,1023.75,1008.25,1013,,,0,0,,,,,,,,,,,1023.75,1008.25,1013,56138,999.2934143513291,985.6826214690641
2021-01-11,1013.25,1025.75,1003,1009,,,0,0,,,,,,,,,,,1025.75,1003,1009,58069,1000.175831228481,986.5970284702772
2021-01-12,1010.5,1044.25,1008.25,1039.25,,,0,0,,,,,,,,,,,1044.25,1008.25,1039.25,80416,1003.7280283895282,988.6618508832075
2021-01-13,1039.25,1055,1030.5,1034.75,,,0,0,,,,,,,,,,,1055,1030.5,1034.75,80724,1006.5482076268438,990.4692292799444
2021-01-14,1034.25,1047.5,1027.25,1044.25,,,0,0,,,,,,,,,,,1047.5,1027.25,1044.25,63304,1009.9756432971308,992.5782791121035
2021-01-15,1045.25,1067.25,1038.75,1049.75,,,0,0,,,,,,,,,,,1067.25,1038.75,1049.75,77447,1013.5914939064825,994.820307382217
2021-01-19,1058,1065.5,1043,1046.5,,,0,0,,,,,,,,,,,1065.5,1043,1046.5,63501,1016.5831762786204,996.8469619946791
2021-01-20,1049.5,1050.25,1030.75,1042,,,0,0,,,,,,,,,,,1050.25,1030.75,1042,66033,1018.8937966169276,998.6176693674367
2021-01-21,1040.75,1049,1032,1035,,,0,0,,,,,,,,,,,1049,1032,1035,50212,1020.3579969244796,1000.0444274314589
2021-01-22,1032.75,1033.25,1007.25,1008.75,,,0,0,,,,,,,,,,,1033.25,1007.25,1008.75,76808,1019.3027244767997,1000.3858224341468
2021-01-25,1007.25,1025.75,998.5,1022.75,,,0,0,,,,,,,,,,,1025.75,998.5,1022.75,64721,1019.616113160727,1001.2628490053568
2021-01-26,1021,1042,1015.5,1039.5,,,0,0,,,,,,,,,,,1042,1015.5,1039.5,68363,1021.4237392370245,1002.7623451227937
2021-01-27,1037.5,1047,1026.75,1032.5,,,0,0,,,,,,,,,,,1047,1026.75,1032.5,54190,1022.4306720336587,1003.9285276669979
2021-01-28,1029.25,1038.75,1017.75,1021.25,,,0,0,,,,,,,,,,,1038.75,1017.75,1021.25,65434,1022.323338212417,1004.6078010918214
2021-01-29,1020.5,1039,1017.25,1037.25,,,0,0,,,,,,,,,,,1039,1017.25,1037.25,60153,1023.6803074658336,1005.8878873235147
2021-02-01,1037.75,1045.25,1020.25,1025.25,,,0,0,,,,,,,,,,,1045.25,1020.25,1025.25,55799,1023.8230067871215,1006.6471858598475
2021-02-02,1029.25,1031,1014.75,1019,,,0,0,,,,,,,,,,,1031,1014.75,1019,46873,1023.3845516246558,1007.1316099437751
2021-02-03,1020.5,1024,1000,1022.5,,,0,0,,,,,,,,,,,1024,1000,1022.5,77131,1023.3041378405962,1007.7342919067643
2021-02-04,1021.5,1024.75,1007.25,1011.75,,,0,0,,,,,,,,,,,1024.75,1007.25,1011.75,66019,1022.2537616732693,1007.8917706555186
2021-02-05,1009,1021.75,1006.5,1015.5,,,0,0,,,,,,,,,,,1021.75,1006.5,1015.5,78451,1021.6397833393357,1008.1901325905962
2021-02-08,1017.25,1031.75,1016.75,1030,,,0,0,,,,,,,,,,,1031.75,1016.75,1030,102705,1022.3998030357598,1009.0454215086121
2021-02-09,1032,1034.75,1014,1023.75,,,0,0,,,,,,,,,,,1034.75,1014,1023.75,124145,1022.522548214327,1009.6220716455292
2021-02-10,1023.75,1024.75,1001,1009.75,,,0,0,,,,,,,,,,,1024.75,1001,1009.75,98577,1021.36140746757,1009.6270884437438
2021-02-11,1010.75,1019,1006.25,1007.75,,,0,0,,,,,,,,,,,1019,1006.25,1007.75,79697,1020.1240067887,1009.5534771322244
2021-02-12,1007.25,1016.25,1005.5,1010,,,0,0,,,,,,,,,,,1016.25,1005.5,1010,57224,1019.2036425351818,1009.5709878329216
2021-02-16,1020.25,1033,1013.25,1030.25,,,0,0,,,,,,,,,,,1033,1013.25,1030.25,57494,1020.2078568501653,1010.3819294865325
2021-02-17,1032.75,1033.75,1011,1016.75,,,0,0,,,,,,,,,,,1033.75,1011,1016.75,64130,1019.893506227423,1010.6316577419626
2021-02-18,1016.5,1037.5,1014,1034,,,0,0,,,,,,,,,,,1037.5,1014,1034,86249,1021.1759147522027,1011.5480633207092
2021-02-19,1036.5,1040.75,1021.75,1024.25,,,0,0,,,,,,,,,,,1040.75,1021.75,1024.25,74079,1021.4553770474571,1012.0461784846029
2021-02-22,1027,1039.75,1024.5,1038.5,,,0,0,,,,,,,,,,,1039.75,1024.5,1038.5,54685,1023.004888224961,1013.0835832499126
2021-02-23,1039.75,1041.25,1030,1039,,,0,0,,,,,,,,,,,1041.25,1030,1039,52734,1024.458989295419,1014.0999133185435
2021-02-24,1039.25,1057.25,1037.5,1054.25,,,0,0,,,,,,,,,,,1057.25,1037.5,1054.25,72148,1027.1672629958355,1015.6744265217378
2021-02-25,1050.25,1054.75,1035,1044.5,,,0,0,,,,,,,,,,,1054.75,1035,1044.5,64118,1028.7429663598505,1016.8048411679441
2021-02-26,1041,1042.75,1027,1029,,,0,0,,,,,,,,,,,1042.75,1027,1029,56704,1028.7663330544094,1017.2830826907698
2021-03-01,1031.25,1035.5,1016.5,1019,,,0,0,,,,,,,,,,,1035.5,1016.5,1019,49408,1027.8784845949176,1017.3504127813278
2021-03-02,1021.5,1037.5,1014.25,1035,,,0,0,,,,,,,,,,,1037.5,1014.25,1035,61521,1028.5258950862888,1018.0425534565699
2021-03-03,1031.75,1034.75,1019.5,1024.75,,,0,0,,,,,,,,,,,1034.75,1019.5,1024.75,45101,1028.1826318966262,1018.3055905759201
2021-03-04,1023.5,1030.75,1016,1019.75,,,0,0,,,,,,,,,,,1030.75,1016,1019.75,52487,1027.416028996933,1018.3622340827467
2021-03-05,1019.75,1029.5,1015.5,1021.75,,,0,0,,,,,,,,,,,1029.5,1015.5,1021.75,41924,1026.9009354517573,1018.4950876481291
2021-03-08,1028.5,1031.5,1008.25,1015.25,,,0,0,,,,,,,,,,,1031.5,1008.25,1015.25,60979,1025.8417595015976,1018.3678293089868
2021-03-09,1014.75,1026.5,1012.5,1025.25,,,0,0,,,,,,,,,,,1026.5,1012.5,1025.25,61549,1025.7879631832704,1018.6377183556932
2021-03-10,1025.5,1025.5,1010,1021.25,,,0,0,,,,,,,,,,,1025.5,1010,1021.25,45997,1025.3754210757004,1018.740160773117
2021-03-11,1020.25,1024.75,1007.75,1011.25,,,0,0,,,,,,,,,,,1024.75,1007.75,1011.25,50095,1024.0912918870004,1018.4464289780929
2021-03-12,1012.5,1014.5,1006.25,1007.25,,,0,0,,,,,,,,,,,1014.5,1006.25,1007.25,34909,1022.5602653518185,1018.0073533318931
2021-03-15,1006.5,1016.5,1004.75,1013.75,,,0,0,,,,,,,,,,,1016.5,1004.75,1013.75,40093,1021.7593321380168,1017.8403982992699
2021-03-16,1014.25,1016.75,1000.5,1015.75,,,0,0,,,,,,,,,,,1016.75,1000.5,1015.75,51099,1021.2130292163789,1017.758421895377
2021-03-17,1015,1018.25,1008,1008.75,,,0,0,,,,,,,,,,,1018.25,1008,1008.75,36147,1020.0800265603444,1017.4051504484994
2021-03-18,1008.75,1009.75,997.75,999.25,,,0,0,,,,,,,,,,,1009.75,997.75,999.25,47127,1018.1863877821313,1016.6931837642445
2021-03-19,997.75,1004.25,990.5,995.75,,,0,0,,,,,,,,,,,1004.25,990.5,995.75,51669,1016.1467161655739,1015.8718824401565
2021-03-22,996.25,999.5,990,996,,,0,0,,,,,,,,,,,999.5,990,996,36124,1014.3151965141582,1015.0925929326994
2021-03-23,996.75,1013.25,989.75,1003.5,,,0,0,,,,,,,,,,,1013.25,989.75,1003.5,68769,1013.3319968310528,1014.6379814451426
2021-03-24,1003.75,1007.5,992.75,993.5,,,0,0,,,,,,,,,,,1007.5,992.75,993.5,45577,1011.5290880282298,1013.8090409963135
2021-03-25,993.5,994.25,977.75,981.25,,,0,0,,,,,,,,,,,994.25,977.75,981.25,60632,1008.7764436620271,1012.5322158592031
2021-03-26,979.75,987.75,977,982,,,0,0,,,,,,,,,,,987.75,977,982,45616,1006.3422215109337,1011.334874060803
2021-03-29,984.5,986.5,976,985.5,,,0,0,,,,,,,,,,,986.5,976,985.5,38587,1004.4474741008488,1010.3217417446931
2021-03-30,985,985.5,969.25,970.5,,,0,0,,,,,,,,,,,985.5,969.25,970.5,52667,1001.3613400916807,1008.7601048135286
2021-03-31,972,1000.5,962,986.75,,,0,0,,,,,,,,,,,1000.5,962,986.75,90267,1000.0330364469825,1007.8969634482922
2021-04-01,991.75,994.5,970,979.75,,,0,0,,,,,,,,,,,994.5,970,979.75,73406,998.1891240427113,1006.7931609601239
2021-04-05,975.75,993.75,975.75,986.75,,,0,0,,,,,,,,,,,993.75,975.75,986.75,52004,997.1492036751921,1006.0071546479622
2021-04-06,990.75,996.25,982.5,984.25,,,0,0,,,,,,,,,,,996.25,982.5,984.25,58043,995.9765487956291,1005.1539328970617
2021-04-07,983.75,988.5,978.5,985,,,0,0,,,,,,,,,,,988.5,978.5,985,73524,994.9786807232992,1004.363582587373
2021-04-08,986.75,1000.25,984.75,997.5,,,0,0,,,,,,,,,,,1000.25,984.75,997.5,87000,995.2078915666357,1004.0944224859074
2021-04-09,997.5,1015.25,996,1007.5,,,0,0,,,,,,,,,,,1015.25,996,1007.5,113072,996.3253559696687,1004.2279745452836
2021-04-12,1006.75,1007.75,991.75,996.75,,,0,0,,,,,,,,,,,1007.75,991.75,996.75,101809,996.3639599724262,1003.934720641547
2021-04-13,999,1006,997,998.5,,,0,0,,,,,,,,,,,1006,997,998.5,78362,996.5581454294784,1003.7215943418785
2021-04-14,999.5,1024.5,999.5,1016.75,,,0,0,,,,,,,,,,,1024.5,999.5,1016.75,117768,998.3937685722531,1004.2325122108244
2021-04-15,1016,1026.5,1007.75,1022.5,,,0,0,,,,,,,,,,,1026.5,1007.75,1022.5,61426,1000.5852441565937,1004.9488842809882
2021-04-16,1021.25,1028.5,1017,1021.25,,,0,0,,,,,,,,,,,1028.5,1017,1021.25,36533,1002.4638583241762,1005.5881437209495
2021-04-19,1022,1029.25,1018.75,1020,,,0,0,,,,,,,,,,,1029.25,1018.75,1020,48272,1004.0580530219784,1006.1533145554221
2021-04-20,1019.25,1045.75,1017.5,1027.5,,,0,0,,,,,,,,,,,1045.75,1017.5,1027.5,86077,1006.1891391108894,1006.9904394748173
2021-04-21,1030.5,1046.25,1026.75,1041.25,,,0,0,,,,,,,,,,,1046.25,1026.75,1041.25,76254,1009.3764901008086,1008.3339516522755
2021-04-22,1042.25,1081.25,1040.5,1076.75,,,0,0,,,,,,,,,,,1081.25,1040.5,1076.75,130978,1015.5013546370988,1011.0169339404215
2021-04-23,1076.25,1081.5,1067.5,1078.5,,,0,0,,,,,,,,,,,1081.5,1067.5,1078.5,94919,1021.2285042155444,1013.6633286878559
2021-04-26,1081,1112.25,1081,1105.75,,,0,0,,,,,,,,,,,1112.25,1081,1105.75,116214,1028.9122765595857,1017.2745707000969
2021-04-27,1102.75,1135.75,1092.75,1099,,,0,0,,,,,,,,,,,1135.75,1092.75,1099,125982,1035.2838877814415,1020.4794894961715
2021-04-28,1099.25,1107.5,1077.75,1089,,,0,0,,,,,,,,,,,1107.5,1077.75,1089,102593,1040.1671707104015,1023.1665683394589
2021-04-29,1087,1100,1080.5,1095.25,,,0,0,,,,,,,,,,,1100,1080.5,1095.25,78280,1045.1747006458195,1025.9933695810487
2021-04-30,1094.25,1102.75,1083.25,1101,,,0,0,,,,,,,,,,,1102.75,1083.25,1101,64385,1050.249727859836,1028.9348060680663
2021-05-03,1106,1119.75,1079.5,1084.25,,,0,0,,,,,,,,,,,1119.75,1079.5,1084.25,85140,1053.34066169076,1031.1040293595147
2021-05-04,1088.5,1099.25,1082.5,1093,,,0,0,,,,,,,,,,,1099.25,1082.5,1093,62927,1056.9460560825091,1033.5313223258083
2021-05-05,1093.25,1112.25,1084.5,1110.75,,,0,0,,,,,,,,,,,1112.25,1084.5,1110.75,55506,1061.837323711372,1036.5595057640119
2021-05-06,1113,1122,1098.25,1119.5,,,0,0,,,,,,,,,,,1122,1098.25,1119.5,70253,1067.0793851921562,1039.8120741654232
2021-05-07,1119.5,1133.75,1111.5,1128,,,0,0,,,,,,,,,,,1133.75,1111.5,1128,62876,1072.6176229019602,1043.2704241981517
2021-05-10,1120.25,1127,1093.5,1096.75,,,0,0,,,,,,,,,,,1127,1093.5,1096.75,76543,1074.8114753654183,1045.3676624648908
2021-05-11,1094,1115.25,1089,1108,,,0,0,,,,,,,,,,,1115.25,1089,1108,64307,1077.8286139685622,1047.823832564307
2021-05-12,1111.25,1117.75,1090.5,1096,,,0,0,,,,,,,,,,,1117.75,1090.5,1096,59467,1079.4805581532385,1049.7130940323734
2021-05-13,1099.5,1100.5,1057,1067.75,,,0,0,,,,,,,,,,,1100.5,1057,1067.75,89480,1078.4141437756714,1050.4204236781627
2021-05-14,1072.5,1090.5,1065.75,1073.5,,,0,0,,,,,,,,,,,1090.5,1065.75,1073.5,79497,1077.9674034324285,1051.3255051025485
2021-05-17,1070.25,1073.75,1058.25,1066,,,0,0,,,,,,,,,,,1073.75,1058.25,1066,53086,1076.879457665844,1051.9009754906838
2021-05-18,1068.75,1084.75,1058.75,1064.25,,,0,0,,,,,,,,,,,1084.75,1058.75,1064.25,61420,1075.7313251507674,1052.3852509616374
2021-05-19,1064.25,1065.25,1037.75,1045.5,,,0,0,,,,,,,,,,,1065.25,1037.75,1045.5,77673,1072.9830228643339,1052.1152411200046
2021-05-20,1048.5,1054.25,1038.5,1041.5,,,0,0,,,,,,,,,,,1054.25,1038.5,1041.5,55313,1070.120929876667,1051.6989571545143
2021-05-21,1041.75,1043.75,1032,1040.5,,,0,0,,,,,,,,,,,1043.75,1032,1040.5,57455,1067.4281180696973,1051.2597823641413
2021-05-24,1033.25,1035,1019.5,1028.5,,,0,0,,,,,,,,,,,1035,1019.5,1028.5,57246,1063.8891982451794,1050.367241879273
2021-05-25,1029.5,1033.75,1013,1022.75,,,0,0,,,,,,,,,,,1033.75,1013,1022.75,64769,1060.1492711319813,1049.2842127859683
2021-05-26,1023.25,1024,1005.75,1014.75,,,0,0,,,,,,,,,,,1024,1005.75,1014.75,59945,1056.0220646654375,1047.9299299316167
2021-05-27,1014.5,1045.75,1014.25,1042.5,,,0,0,,,,,,,,,,,1045.75,1014.25,1042.5,65470,1054.7927860594887,1047.7169915029258
2021-05-28,1042.25,1046,1027.5,1029.75,,,0,0,,,,,,,,,,,1046,1027.5,1029.75,56121,1052.5161691449896,1047.0124036008503
2021-06-01,1039.5,1068.25,1038.25,1059.75,,,0,0,,,,,,,,,,,1068.25,1038.25,1059.75,75697,1053.1737901318088,1047.5119171851306
2021-06-02,1058.25,1067.75,1047.75,1053.75,,,0,0,,,,,,,,,,,1067.75,1047.75,1053.75,65956,1053.226172847099,1047.756547883753
2021-06-03,1055.75,1065.5,1035.5,1042.5,,,0,0,,,,,,,,,,,1065.5,1035.5,1042.5,60414,1052.2510662246355,1047.5504087510567
2021-06-04,1044.75,1056.5,1042.5,1054,,,0,0,,,,,,,,,,,1056.5,1042.5,1054,55839,1052.410060204214,1047.803333898074
2021-06-07,1060.5,1070.25,1044.75,1046.25,,,0,0,,,,,,,,,,,1070.25,1044.75,1046.25,103023,1051.8500547311037,1047.7424188432476
2021-06-08,1048.75,1065.5,1046.5,1051.25,,,0,0,,,,,,,,,,,1065.5,1046.5,1051.25,91988,1051.7955043010033,1047.8799710454732
2021-06-09,1051.25,1052.25,1039.75,1048.5,,,0,0,,,,,,,,,,,1052.25,1039.75,1048.5,91316,1051.4959130009122,1047.904285906435
2021-06-10,1050.25,1055.5,1039,1050,,,0,0,,,,,,,,,,,1055.5,1039,1050,103902,1051.3599209099202,1047.9864707728493
2021-06-11,1048.5,1054.25,1035.75,1047,,,0,0,,,,,,,,,,,1054.25,1035.75,1047,80622,1050.963564463564,1047.9477856445023
2021-06-14,1046.75,1047,1023.25,1040.75,,,0,0,,,,,,,,,,,1047,1023.25,1040.75,67693,1050.0350586032398,1047.6655195407964
2021-06-15,1040.75,1042.5,1015.25,1027.75,,,0,0,,,,,,,,,,,1042.5,1015.25,1027.75,68469,1048.0091441847635,1046.8845187744905
2021-06-16,1028.25,1039,1025,1029,,,0,0,,,,,,,,,,,1039,1025,1029,61563,1046.281040167967,1046.1831650970596
2021-06-17,1029.25,1033.25,1003.5,1006.25,,,0,0,,,,,,,,,,,1033.25,1003.5,1006.25,63404,1042.6418546981517,1044.617158622665
2021-06-18,1007.5,1034.75,1005.75,1029,,,0,0,,,,,,,,,,,1034.75,1005.75,1029,57114,1041.4016860892289,1044.0047210296193
2021-06-21,1025.25,1039,1012.5,1028.25,,,0,0,,,,,,,,,,,1039,1012.5,1028.25,55902,1040.2060782629353,1043.3868888323793
2021-06-22,1033.25,1039.75,1018,1018.25,,,0,0,,,,,,,,,,,1039.75,1018,1018.25,62074,1038.210071148123,1042.4011284860114
2021-06-23,1020.5,1035.25,1020.25,1027,,,0,0,,,,,,,,,,,1035.25,1020.25,1027,63510,1037.190973771021,1041.7971626630306
2021-06-24,1025.75,1025.75,1007.75,1015.25,,,0,0,,,,,,,,,,,1025.75,1007.75,1015.25,68728,1035.1963397918373,1040.7560974605587
2021-06-25,1014.75,1021.25,1000.25,1004,,,0,0,,,,,,,,,,,1021.25,1000.25,1004,63546,1032.3603089016704,1039.31468187387
2021-06-28,1003.5,1022.5,1002.5,1014.75,,,0,0,,,,,,,,,,,1022.5,1002.5,1014.75,71119,1030.7593717287912,1038.3513610160712
2021-06-29,1020.25,1026.75,1007.75,1009.5,,,0,0,,,,,,,,,,,1026.75,1007.75,1009.5,71715,1028.8267015716283,1037.2199350938724
2021-06-30,1008.75,1044.25,995.5,1042.75,,,0,0,,,,,,,,,,,1044.25,995.5,1042.75,88625,1030.0924559742075,1037.4368003843088
2021-07-01,1042.25,1057.5,1028.25,1028.75,,,0,0,,,,,,,,,,,1057.5,1028.25,1028.75,84152,1029.9704145220069,1037.0961415457084
2021-07-02,1030.25,1036.25,1011.5,1016,,,0,0,,,,,,,,,,,1036.25,1011.5,1016,61108,1028.700376838188,1036.2688418772493
2021-07-06,1001.25,1001.25,978.75,989.25,,,0,0,,,,,,,,,,,1001.25,978.75,989.25,91321,1025.1139789438073,1034.4249657252003
2021-07-07,986.5,997.5,981.25,985.5,,,0,0,,,,,,,,,,,997.5,981.25,985.5,53500,1021.5127081307339,1032.5063396183298
2021-07-08,987.5,991,979.75,981.25,,,0,0,,,,,,,,,,,991,979.75,981.25,51151,1017.8524619370309,1030.4962870842776
2021-07-09,983,984,972.75,978.25,,,0,0,,,,,,,,,,,984,972.75,978.25,50725,1014.2522381245735,1028.4474130809726
2021-07-12,977.75,1008.75,973.5,1004,,,0,0,,,,,,,,,,,1008.75,973.5,1004,81513,1013.320216476885,1027.4886909993659
2021-07-13,1003.75,1008,993.75,997,,,0,0,,,,,,,,,,,1008,993.75,997,68198,1011.8365604335318,1026.2930560582142
2021-07-14,998.25,1020.75,995.75,1017.5,,,0,0,,,,,,,,,,,1020.75,995.75,1017.5,60001,1012.3514185759379,1025.9482303304412
2021-07-15,1017,1036.75,1014.5,1035.25,,,0,0,,,,,,,,,,,1036.75,1014.5,1035.25,56836,1014.4331077963072,1026.3130056116004
2021-07-16,1035,1059.5,1034,1055.75,,,0,0,,,,,,,,,,,1059.5,1034,1055.75,75887,1018.1891889057339,1027.4673975484004
2021-07-19,1066,1072.75,1057.5,1061,,,0,0,,,,,,,,,,,1072.75,1057.5,1061,74215,1022.0810808233945,1028.7824015661101
2021-07-20,1062,1081.25,1061.5,1063.75,,,0,0,,,,,,,,,,,1081.25,1061.5,1063.75,64013,1025.869164384904,1030.1536799360665
2021-07-21,1064.25,1075.25,1063.25,1074,,,0,0,,,,,,,,,,,1075.25,1063.25,1074,52745,1030.2446948953673,1031.8731434679855
2021-07-22,1071.5,1072.25,1045,1055.5,,,0,0,,,,,,,,,,,1072.25,1045,1055.5,63077,1032.540631723061,1032.799686861398
2021-07-23,1051.25,1060,1040.75,1047.25,,,0,0,,,,,,,,,,,1060,1040.75,1047.25,42541,1033.8778470209647,1033.3663658080097
2021-07-26,1047.25,1047.25,1028.75,1040.25,,,0,0,,,,,,,,,,,1047.25,1028.75,1040.25,43684,1034.4571336554225,1033.6363122469113
2021-07-27,1043.5,1053.25,1035,1037.75,,,0,0,,,,,,,,,,,1053.25,1035,1037.75,50027,1034.756485141293,1033.7976333352676
2021-07-28,1038.25,1059.5,1037,1052,,,0,0,,,,,,,,,,,1059.5,1037,1052,49232,1036.3240774011756,1034.5114516358453
2021-07-29,1053,1070,1052.25,1068.5,,,0,0,,,,,,,,,,,1070,1052.25,1068.5,45524,1039.249161273796,1035.84433588542
2021-07-30,1068.25,1074.75,1058.25,1067,,,0,0,,,,,,,,,,,1074.75,1058.25,1067,53644,1041.77196479436,1037.0661266350112
2021-08-02,1067.25,1095,1067.25,1092.75,,,0,0,,,,,,,,,,,1095,1067.25,1092.75,62786,1046.4063316312363,1039.2498079434422
2021-08-03,1090.75,1098,1081,1087.75,,,0,0,,,,,,,,,,,1098,1081,1087.75,73891,1050.1648469374875,1041.1517762593855
2021-08-04,1087.5,1102,1077.75,1080.5,,,0,0,,,,,,,,,,,1102,1077.75,1080.5,75455,1052.9225881249886,1042.6948438570566
2021-08-05,1078,1088.75,1073,1076,,,0,0,,,,,,,,,,,1088.75,1073,1076,62604,1055.0205346590806,1044.0009284116818
2021-08-06,1076,1088,1072.5,1082.25,,,0,0,,,,,,,,,,,1088,1072.5,1082.25,85120,1057.4959405991642,1045.5008920033806
2021-08-09,1082.25,1087,1071.5,1074.5,,,0,0,,,,,,,,,,,1087,1071.5,1074.5,84297,1059.0417641810584,1046.6381119248167
2021-08-10,1074.25,1093.25,1071.75,1090.25,,,0,0,,,,,,,,,,,1093.25,1071.75,1090.25,85502,1061.878876528235,1048.348382045412
2021-08-11,1090,1095.5,1082,1090.25,,,0,0,,,,,,,,,,,1095.5,1082,1090.25,98740,1064.4580695711227,1049.9915827495136
2021-08-12,1087.25,1125.25,1086.25,1116.75,,,0,0,,,,,,,,,,,1125.25,1086.25,1116.75,109432,1069.2118814282933,1052.6095598965915
2021-08-13,1116.25,1138,1110.75,1125.5,,,0,0,,,,,,,,,,,1138,1110.75,1125.5,87099,1074.3289831166303,1055.4680085280977
2021-08-16,1125.75,1133.5,1121,1123.75,,,0,0,,,,,,,,,,,1133.5,1121,1123.75,62047,1078.8218028333004,1058.1457336838587
2021-08-17,1125.75,1127,1095.5,1097.75,,,0,0,,,,,,,,,,,1127,1095.5,1097.75,63610,1080.542548030273,1059.6988421668445
2021-08-18,1096.75,1103.75,1084.5,1100.5,,,0,0,,,,,,,,,,,1103.75,1084.5,1100.5,50233,1082.3568618457027,1061.2988875720664
2021-08-19,1100.25,1100.25,1080,1092,,,0,0,,,,,,,,,,,1100.25,1080,1092,55858,1083.2335107688207,1062.5028527653187
2021-08-20,1091.75,1097,1072.75,1077.5,,,0,0,,,,,,,,,,,1097,1072.75,1077.5,60347,1082.7122825171098,1063.0909761862865
2021-08-23,1075.5,1094.25,1073.25,1082.75,,,0,0,,,,,,,,,,,1094.25,1073.25,1082.75,44836,1082.7157113791907,1063.8619182966281
2021-08-24,1086.25,1086.75,1074,1081.5,,,0,0,,,,,,,,,,,1086.75,1074,1081.5,58664,1082.6051921629007,1064.5536077751917
2021-08-25,1081.5,1083.25,1067.75,1074.75,,,0,0,,,,,,,,,,,1083.25,1067.75,1074.75,60002,1081.8910837844553,1064.9534662938117
2021-08-26,1076.5,1090.25,1072.5,1088.5,,,0,0,,,,,,,,,,,1090.25,1072.5,1088.5,55074,1082.4918943495047,1065.876859772486
2021-08-27,1089.75,1094.25,1081,1081.75,,,0,0,,,,,,,,,,,1094.25,1081,1081.75,64085,1082.4244494086406,1066.4993358598394
2021-08-30,1084,1092.75,1071.5,1072.75,,,0,0,,,,,,,,,,,1092.75,1071.5,1072.75,63754,1081.544954007855,1066.7444599437674
2021-08-31,1072.25,1074.75,1056.25,1071.5,,,0,0,,,,,,,,,,,1074.75,1056.25,1071.5,103560,1080.6317763707773,1066.9309517106785
2021-09-01,1072.75,1078.75,1058.25,1063.5,,,0,0,,,,,,,,,,,1078.75,1058.25,1063.5,67830,1079.074342155252,1066.7964045847696
2021-09-02,1063.5,1070.5,1054.75,1066.25,,,0,0,,,,,,,,,,,1070.5,1054.75,1066.25,57676,1077.9084928684108,1066.7749769539944
2021-09-03,1066.5,1076.75,1061.25,1075.5,,,0,0,,,,,,,,,,,1076.75,1061.25,1075.5,55831,1077.6895389712824,1067.1171347205045
2021-09-07,1073.25,1082.5,1063.25,1069,,,0,0,,,,,,,,,,,1082.5,1063.25,1069,53990,1076.899580882984,1067.1909725746025
2021-09-08,1069.25,1073.25,1056.75,1058.75,,,0,0,,,,,,,,,,,1073.25,1056.75,1058.75,47143,1075.249618984531,1066.8599540422651
2021-09-09,1060.25,1060.5,1040.75,1041.5,,,0,0,,,,,,,,,,,1060.5,1040.75,1041.5,67217,1072.1814718041192,1065.8654460406076
2021-09-10,1041.25,1045,1026.25,1037.75,,,0,0,,,,,,,,,,,1045,1026.25,1037.75,69464,1069.0513380037446,1064.7628795292112
2021-09-13,1039.25,1039.25,1028.25,1036.25,,,0,0,,,,,,,,,,,1039.25,1028.25,1036.25,43600,1066.0693981852223,1063.6447273908107
2021-09-14,1036,1050.75,1034.5,1050,,,0,0,,,,,,,,,,,1050.75,1034.5,1050,55986,1064.6085438047476,1063.1096400421513
2021-09-15,1049.25,1064,1044.5,1061.5,,,0,0,,,,,,,,,,,1064,1044.5,1061.5,51075,1064.3259489134068,1063.0465169032434
2021-09-16,1060.5,1066,1054.25,1062.25,,,0,0,,,,,,,,,,,1066,1054.25,1062.25,40246,1064.1372262849152,1063.0152809462534
2021-09-17,1063,1065.25,1055.75,1058,,,0,0,,,,,,,,,,,1065.25,1055.75,1058,33375,1063.5792966226502,1062.8186032620865
2021-09-20,1057.25,1060,1045,1050,,,0,0,,,,,,,,,,,1060,1045,1050,37449,1062.3448151115,1062.315912938083
2021-09-21,1049.5,1050.25,1035.25,1039.5,,,0,0,,,,,,,,,,,1050.25,1035.25,1039.5,43195,1060.2680137377274,1061.4211712542367
2021-09-22,1038.75,1056,1037.25,1055,,,0,0,,,,,,,,,,,1056,1037.25,1055,37475,1059.789103397934,1061.1693606168155
2021-09-23,1057.75,1068.75,1053.25,1067,,,0,0,,,,,,,,,,,1068.75,1053.25,1067,46804,1060.4446394526674,1061.3980131416463
2021-09-24,1067.75,1075,1060.75,1073,,,0,0,,,,,,,,,,,1075,1060.75,1073,47318,1061.5860358660614,1061.8529930184445
2021-09-27,1072.75,1077.75,1069.5,1071.5,,,0,0,,,,,,,,,,,1077.75,1069.5,1071.5,32063,1062.487305332783,1062.2313070177213
2021-09-28,1071.25,1076,1055.25,1055.75,,,0,0,,,,,,,,,,,1076,1055.25,1055.75,54403,1061.8748230298029,1061.9771381150656
2021-09-29,1058.5,1067,1057.5,1059.5,,,0,0,,,,,,,,,,,1067,1057.5,1059.5,38927,1061.6589300270934,1061.8799954438866
2021-09-30,1060.5,1082,1050.5,1074.75,,,0,0,,,,,,,,,,,1082,1050.5,1074.75,71326,1062.8490272973577,1062.3847015049107
2021-10-01,1074.25,1107.75,1072,1104.5,,,0,0,,,,,,,,,,,1107.75,1072,1104.5,85696,1066.6354793612343,1064.0362818380515
2021-10-04,1101.5,1112.75,1097.75,1105.75,,,0,0,,,,,,,,,,,1112.75,1097.75,1105.75,54746,1070.1913448738494,1065.672113922834
2021-10-05,1105.5,1106.25,1093,1094,,,0,0,,,,,,,,,,,1106.25,1093,1094,49150,1072.3557680671358,1066.783011416056
2021-10-06,1094,1106,1091.5,1095.25,,,0,0,,,,,,,,,,,1106,1091.5,1095.25,44642,1074.4370618792143,1067.899363909544
2021-10-07,1095.25,1101.75,1088.75,1090.5,,,0,0,,,,,,,,,,,1101.75,1088.75,1090.5,42606,1075.897328981104,1068.7856633640718
2021-10-08,1088.5,1095.75,1081,1083.25,,,0,0,,,,,,,,,,,1095.75,1081,1083.25,47836,1076.5657536191854,1069.3528922517553
2021-10-11,1083.25,1088.75,1080.25,1081,,,0,0,,,,,,,,,,,1088.75,1080.25,1081,32210,1076.9688669265322,1069.809641575216
2021-10-12,1081,1093,1067.25,1083.25,,,0,0,,,,,,,,,,,1093,1067.25,1083.25,57859,1077.5398790241202,1070.3367144546191
2021-10-13,1085.25,1087,1062,1068,,,0,0,,,,,,,,,,,1087,1062,1068,57903,1076.6726172946546,1070.2450785936537
2021-10-14,1068,1078.75,1067.75,1074,,,0,0,,,,,,,,,,,1078.75,1067.75,1074,39585,1076.4296520860496,1070.3923304135105
2021-10-15,1074.25,1089.75,1071.5,1083.25,,,0,0,,,,,,,,,,,1089.75,1071.5,1083.25,40534,1077.0496837145906,1070.8965527502355
2021-10-18,1083.25,1088,1077.75,1085.5,,,0,0,,,,,,,,,,,1088,1077.75,1085.5,31460,1077.8178942859915,1071.4692369561087
2021-10-19,1085.25,1094.5,1084.5,1085.25,,,0,0,,,,,,,,,,,1094.5,1084.5,1085.25,37740,1078.4935402599924,1072.0096590362614
2021-10-20,1086.25,1099.25,1085.75,1098.5,,,0,0,,,,,,,,,,,1099.25,1085.75,1098.5,35078,1080.312309327266,1073.0484959368002
2021-10-21,1099,1101.75,1087.5,1090.5,,,0,0,,,,,,,,,,,1101.75,1087.5,1090.5,33633,1081.2384630247873,1073.732868645161
2021-10-22,1093,1108.75,1092.75,1105.25,,,0,0,,,,,,,,,,,1108.75,1092.75,1105.25,52332,1083.421330022534,1074.9688345806449
2021-10-25,1109,1116.25,1102.5,1108.75,,,0,0,,,,,,,,,,,1116.25,1102.5,1108.75,42579,1085.7239363841218,1076.2935861657177
2021-10-26,1112.25,1114.25,1096.75,1101.5,,,0,0,,,,,,,,,,,1114.25,1096.75,1101.5,53537,1087.1581239855652,1077.2820729827483
2021-10-27,1099.75,1112,1094.25,1109,,,0,0,,,,,,,,,,,1112,1094.25,1109,49839,1089.1437490777867,1078.5259132579347
2021-10-28,1109.25,1129.25,1100.75,1121.75,,,0,0,,,,,,,,,,,1129.25,1100.75,1121.75,57331,1092.1079537070789,1080.2209754831138
2021-10-29,1122.5,1129.25,1112.75,1122,,,0,0,,,,,,,,,,,1129.25,1112.75,1122,48726,1094.8254124609807,1081.859368601423
2021-11-01,1123.75,1149.75,1117.5,1146.5,,,0,0,,,,,,,,,,,1149.75,1117.5,1146.5,73027,1099.5231022372552,1084.394295322936
2021-11-02,1147.75,1156.25,1139,1140.75,,,0,0,,,,,,,,,,,1156.25,1139,1140.75,65894,1103.2710020338684,1086.6043229573306
2021-11-03,1139.75,1146,1126.75,1130.25,,,0,0,,,,,,,,,,,1146,1126.75,1130.25,53180,1105.7236382126077,1088.3159181354745
2021-11-04,1131.25,1143.5,1121.5,1123,,,0,0,,,,,,,,,,,1143.5,1121.5,1123,51270,1107.2942165569161,1089.676078208593
2021-11-05,1124,1130.75,1114.75,1115.75,,,0,0,,,,,,,,,,,1130.75,1114.75,1115.75,83637,1108.0629241426511,1090.698584945511
2021-11-08,1117.5,1122.25,1111.75,1117.25,,,0,0,,,,,,,,,,,1122.25,1111.75,1117.25,75813,1108.8981128569555,1091.739816908432
2021-11-09,1118.5,1132.5,1113.75,1127.75,,,0,0,,,,,,,,,,,1132.5,1113.75,1127.75,81300,1110.6119207790505,1093.1519809512386
2021-11-10,1132.25,1153,1127.25,1152.25,,,0,0,,,,,,,,,,,1153,1127.25,1152.25,85821,1114.3972007082277,1095.4695503256999
2021-11-11,1152.25,1174,1147.5,1161.75,,,0,0,,,,,,,,,,,1174,1147.5,1161.75,107495,1118.7020006438433,1098.0687836462607
2021-11-12,1163.5,1176,1154.75,1166.25,,,0,0,,,,,,,,,,,1176,1154.75,1166.25,63147,1123.0245460398576,1100.7425568366034
2021-11-15,1169,1178.75,1162.5,1175.5,,,0,0,,,,,,,,,,,1178.75,1162.5,1175.5,57377,1127.795041854416,1103.6742212743836
2021-11-16,1176.5,1176.5,1158.25,1158.75,,,0,0,,,,,,,,,,,1176.5,1158.25,1158.75,59420,1130.60912895856,1105.8340557342117
2021-11-17,1160.5,1182.75,1159.25,1171.75,,,0,0,,,,,,,,,,,1182.75,1159.25,1171.75,62894,1134.3492081441455,1108.418994725027
2021-11-18,1174.25,1192.75,1168.75,1169.5,,,0,0,,,,,,,,,,,1192.75,1168.75,1169.5,71044,1137.5447346764959,1110.814328265222
2021-11-19,1170.5,1180,1162.5,1173,,,0,0,,,,,,,,,,,1180,1162.5,1173,54368,1140.7679406149962,1113.2529820587426
2021-11-22,1177.5,1198.25,1175.5,1196.25,,,0,0,,,,,,,,,,,1198.25,1175.5,1196.25,59625,1145.8117641954511,1116.5077670760468
2021-11-23,1195.75,1207,1188.25,1206.25,,,0,0,,,,,,,,,,,1207,1188.25,1206.25,50430,1151.306149268592,1120.0270703279666
2021-11-24,1206.25,1213.5,1185.75,1189,,,0,0,,,,,,,,,,,1213.5,1185.75,1189,80016,1154.7328629714473,1122.7318910994188
2021-11-26,1171.75,1184,1162,1179,,,0,0,,,,,,,,,,,1184,1162,1179,49446,1156.9389663376794,1124.9384836053239
2021-11-29,1192.25,1194,1157.5,1161,,,0,0,,,,,,,,,,,1194,1157.5,1161,69517,1157.3081512160722,1126.3526607188405
2021-11-30,1163,1163,1121.25,1126,,,0,0,,,,,,,,,,,1163,1121.25,1126,87308,1154.4619556509747,1126.338830886729
2021-12-01,1130.5,1137.75,1124.25,1129.25,,,0,0,,,,,,,,,,,1137.75,1124.25,1129.25,55934,1152.1699596827043,1126.452994381367
2021-12-02,1129,1159.25,1128.25,1153.75,,,0,0,,,,,,,,,,,1159.25,1128.25,1153.75,67349,1152.3135997115494,1127.523465189941
2021-12-03,1156.75,1161.5,1135.25,1142.5,,,0,0,,,,,,,,,,,1161.5,1135.25,1142.5,58612,1151.4214542832267,1128.1107802805316
2021-12-06,1149.5,1150.75,1128.25,1145,,,0,0,,,,,,,,,,,1150.75,1128.25,1145,41088,1150.8376857120243,1128.7731026224715
2021-12-07,1147.25,1152.25,1136.25,1147.25,,,0,0,,,,,,,,,,,1152.25,1136.25,1147.25,35269,1150.5115324654766,1129.497686833355
2021-12-08,1148.75,1150.75,1129.5,1133.25,,,0,0,,,,,,,,,,,1150.75,1129.5,1133.25,38721,1148.9423022413423,1129.6448363693019
2021-12-09,1134.75,1135.25,1109.25,1115.5,,,0,0,,,,,,,,,,,1135.25,1109.25,1115.5,63021,1145.9020929466749,1129.090136903839
2021-12-10,1117.75,1126.75,1106.75,1124,,,0,0,,,,,,,,,,,1126.75,1106.75,1124,36952,1143.9109935878862,1128.8905236919238
2021-12-13,1123.5,1132.75,1114.75,1127.5,,,0,0,,,,,,,,,,,1132.75,1114.75,1127.5,39616,1142.4190850798966,1128.835993351064
2021-12-14,1128.25,1131,1116.25,1125.75,,,0,0,,,,,,,,,,,1131,1116.25,1125.75,34152,1140.903713708997,1128.7149740039633
2021-12-15,1125.75,1125.75,1089.75,1094.75,,,0,0,,,,,,,,,,,1125.75,1089.75,1094.75,77464,1136.7079215536337,1127.383014239102
2021-12-16,1096.25,1111.75,1090,1109.25,,,0,0,,,,,,,,,,,1111.75,1090,1109.25,50771,1134.2117468669396,1126.6719156414902
2021-12-17,1108.75,1119,1104,1113.75,,,0,0,,,,,,,,,,,1119,1104,1113.75,38053,1132.3515880608543,1126.1651738516277
2021-12-20,1116.25,1117.5,1096.5,1116.5,,,0,0,,,,,,,,,,,1117.5,1096.5,1116.5,38677,1130.9105346007766,1125.7861474260737
2021-12-21,1117.25,1138.5,1111.25,1137.75,,,0,0,,,,,,,,,,,1138.5,1111.25,1137.75,46149,1131.5323041825243,1126.2553181152473
2021-12-22,1135.5,1155.75,1130.75,1152.75,,,0,0,,,,,,,,,,,1155.75,1130.75,1152.75,48743,1133.4611856204767,1127.2943252479827
2021-12-23,1151.25,1159.25,1147,1153.5,,,0,0,,,,,,,,,,,1159.25,1147,1153.5,36615,1135.2828960186152,1128.3219987676696
2021-12-27,1156.25,1162.75,1141.25,1142.75,,,0,0,,,,,,,,,,,1162.75,1141.25,1142.75,30210,1135.9617236532865,1128.887802737565
2021-12-28,1144.5,1146.75,1120.5,1122.25,,,0,0,,,,,,,,,,,1146.75,1120.5,1122.25,41877,1134.7152033211696,1128.6274967478564
2021-12-29,1124,1131.75,1112.75,1126.5,,,0,0,,,,,,,,,,,1131.75,1112.75,1126.5,40941,1133.9683666556086,1128.5440655028424
2021-12-30,1128.25,1130.5,1114.75,1118.5,,,0,0,,,,,,,,,,,1130.5,1114.75,1118.5,29563,1132.5621515050987,1128.1501805811622
2021-12-31,1121.25,1126.5,1108.25,1109.5,,,0,0,,,,,,,,,,,1126.5,1108.25,1109.5,25055,1130.4655922773625,1127.4188009505283
2022-01-03,1112.75,1121,1091.5,1096.75,,,0,0,,,,,,,,,,,1121,1091.5,1096.75,42116,1127.400538433966,1126.216102874037
2022-01-04,1096.75,1110.25,1095,1108.75,,,0,0,,,,,,,,,,,1110.25,1095,1108.75,43220,1125.705034939969,1125.5311576632905
2022-01-05,1109.75,1110.25,1094.75,1099.5,,,0,0,,,,,,,,,,,1110.25,1094.75,1099.5,40236,1123.3227590363354,1124.5103279510047
2022-01-06,1100.5,1100.75,1074.75,1084.75,,,0,0,,,,,,,,,,,1100.75,1074.75,1084.75,64426,1119.8161445784867,1122.9510994039065
2022-01-07,1086.75,1099.5,1074.25,1097.25,,,0,0,,,,,,,,,,,1099.5,1074.25,1097.25,58463,1117.7646768895333,1121.9432131527728
2022-01-10,1099.5,1106.25,1086.75,1100.75,,,0,0,,,,,,,,,,,1106.25,1086.75,1100.75,46681,1116.217888081394,1121.1121067546248
2022-01-11,1100.5,1109.25,1097,1109,,,0,0,,,,,,,,,,,1109.25,1097,1109,43837,1115.5617164376308,1120.637122176012
2022-01-12,1106.75,1108.75,1092.25,1096.5,,,0,0,,,,,,,,,,,1108.75,1092.25,1096.5,51640,1113.828833125119,1119.690568365188
2022-01-13,1095.75,1096.5,1079.75,1085.5,,,0,0,,,,,,,,,,,1096.5,1079.75,1085.5,49455,1111.253484659199,1118.3497617626317
2022-01-14,1084.75,1086,1075.75,1080.25,,,0,0,,,,,,,,,,,1086,1075.75,1080.25,44592,1108.4349860538173,1116.8556534582149
2022-01-18,1081,1110.25,1080,1107.75,,,0,0,,,,,,,,,,,1110.25,1080,1107.75,70559,1108.3727145943794,1116.4985690088731
2022-01-19,1110.75,1136,1108.25,1135.25,,,0,0,,,,,,,,,,,1136,1108.25,1135.25,68427,1110.8161041767087,1117.2339192438192
2022-01-20,1132.75,1141.5,1122.5,1129,,,0,0,,,,,,,,,,,1141.5,1122.5,1129,58576,1112.4691856151896,1117.695334175434
2022-01-21,1126.75,1129.75,1116.75,1118.75,,,0,0,,,,,,,,,,,1129.75,1116.75,1118.75,47700,1113.0401687410815,1117.7366936195347
2022-01-24,1132.75,1141.25,1114.5,1139.25,,,0,0,,,,,,,,,,,1141.25,1114.5,1139.25,58617,1115.4228806737106,1118.5803526932784
2022-01-25,1139.75,1170.25,1139.25,1156.75,,,0,0,,,,,,,,,,,1170.25,1139.25,1156.75,76139,1119.179891521555,1120.0772016072674
2022-01-26,1156,1156.25,1125.75,1133.75,,,0,0,,,,,,,,,,,1156.25,1125.75,1133.75,73390,1120.5044468377773,1120.6133897795314
2022-01-27,1133,1134.25,1112.75,1115.75,,,0,0,,,,,,,,,,,1134.25,1112.75,1115.75,60147,1120.0722243979794,1120.4226686117067
2022-01-28,1116,1132.25,1113.5,1125,,,0,0,,,,,,,,,,,1132.25,1113.5,1125,49080,1120.5202039981632,1120.6021718034044
2022-01-31,1131.75,1137.25,1095.5,1100,,,0,0,,,,,,,,,,,1137.25,1095.5,1100,71473,1118.654730907421,1119.7942434973886
2022-02-01,1101.25,1115.5,1099.25,1107.75,,,0,0,,,,,,,,,,,1115.5,1099.25,1107.75,52159,1117.6633917340191,1119.3219202229811
2022-02-02,1108.75,1117.25,1088,1093.75,,,0,0,,,,,,,,,,,1117.25,1088,1093.75,67578,1115.4894470309264,1118.3190998220798
2022-02-03,1092.75,1095.25,1078.75,1090.5,,,0,0,,,,,,,,,,,1095.25,1078.75,1090.5,52592,1113.217679119024,1117.2281547310179
2022-02-04,1093.5,1106,1087,1102,,,0,0,,,,,,,,,,,1106,1087,1102,50585,1112.1978901082036,1116.6309721925466
2022-02-07,1114.75,1115.25,1098.75,1107.5,,,0,0,,,,,,,,,,,1115.25,1098.75,1107.5,81449,1111.770809189276,1116.2728948516624
2022-02-08,1110,1120.75,1092.75,1117.5,,,0,0,,,,,,,,,,,1120.75,1092.75,1117.5,99517,1112.2916447175237,1116.3210166221854
2022-02-09,1118.25,1127,1109.25,1123.75,,,0,0,,,,,,,,,,,1127,1109.25,1123.75,100108,1113.333313379567,1116.6123493036685
2022-02-10,1124.25,1140.5,1104.5,1110.25,,,0,0,,,,,,,,,,,1140.5,1104.5,1110.25,95102,1113.0530121632428,1116.3628454094069
2022-02-11,1109,1145,1103.5,1136.5,,,0,0,,,,,,,,,,,1145,1103.5,1136.5,101599,1115.1845565120389,1117.1525377462929
2022-02-14,1141.75,1152.5,1120,1138,,,0,0,,,,,,,,,,,1152.5,1120,1138,52492,1117.258687738217,1117.970085285654
2022-02-15,1140.25,1141,1112,1118.25,,,0,0,,,,,,,,,,,1141,1112,1118.25,47667,1117.3488070347428,1117.9810623332755
2022-02-16,1117.5,1125.5,1112,1118.75,,,0,0,,,,,,,,,,,1125.5,1112,1118.75,35893,1117.4761882134026,1118.0112167515786
2022-02-17,1118.5,1138,1114,1137.25,,,0,0,,,,,,,,,,,1138,1114,1137.25,55019,1119.2738074667295,1118.765678839752
2022-02-18,1136.75,1151.25,1129.5,1136.5,,,0,0,,,,,,,,,,,1151.25,1129.5,1136.5,55415,1120.839824969754,1119.4611424146635
2022-02-22,1156.25,1186.5,1143.25,1185,,,0,0,,,,,,,,,,,1186.5,1143.25,1185,101329,1126.6725681543219,1122.03129369252
2022-02-23,1181.5,1221.25,1175.25,1217.25,,,0,0,,,,,,,,,,,1221.25,1175.25,1217.25,98777,1134.9068801402925,1125.7653606065387
2022-02-24,1224,1267.25,1218,1267.25,,,0,0,,,,,,,,,,,1267.25,1218,1267.25,112029,1146.9380728548115,1131.313777837655
2022-02-25,1262.75,1293.25,1192.25,1192.25,,,0,0,,,,,,,,,,,1293.25,1192.25,1192.25,108712,1151.0573389589194,1133.7034336087272
2022-02-28,1262.75,1267.25,1218,1266.5,,,0,0,,,,,,,,,,,1267.25,1218,1266.5,107828,1161.5521263262904,1138.9111420946595
2022-03-01,1267,1316.5,1264.75,1316.5,,,0,0,,,,,,,,,,,1316.5,1264.75,1316.5,51215,1175.638296660264,1145.8754110321238
2022-03-02,1346.5,1391.5,1317.75,1391.5,,,0,0,,,,,,,,,,,1391.5,1317.75,1391.5,103797,1195.2620878729672,1155.5077478543935
2022-03-03,1404,1466.5,1402.5,1466.5,,,0,0,,,,,,,,,,,1466.5,1402.5,1466.5,88004,1219.9200798845156,1167.7035224483388
2022-03-04,1541.5,1541.5,1541.5,1541.5,,,0,0,,,,,,,,,,,1541.5,1541.5,1541.5,35941,1249.1546180768323,1182.3622078425217
2022-03-07,1626.5,1626.5,1626.5,1626.5,,,0,0,,,,,,,,,,,1626.5,1626.5,1626.5,39528,1283.4587437062112,1199.7793761624227
2022-03-08,1696,1696,1496.5,1619,,,0,0,,,,,,,,,,,1696,1496.5,1619,133198,1313.9624942783737,1216.2194006266416
2022-03-09,1617,1617.5,1534,1534,,,0,0,,,,,,,,,,,1617.5,1534,1534,55905,1333.9659038894306,1228.681384915793
2022-03-10,1483.5,1553.75,1412.5,1419.5,,,0,0,,,,,,,,,,,1553.75,1412.5,1419.5,73591,1341.7417308085733,1236.1644678602715
2022-03-11,1414.5,1458.75,1375.75,1439,,,0,0,,,,,,,,,,,1458.75,1375.75,1439,48921,1350.5833916441575,1244.1188024539863
2022-03-14,1458.75,1481.25,1396.5,1428.75,,,0,0,,,,,,,,,,,1481.25,1396.5,1428.75,38656,1357.689446949234,1251.3592415734379
2022-03-15,1438.5,1493.25,1420.75,1486.75,,,0,0,,,,,,,,,,,1493.25,1420.75,1486.75,30964,1369.4222244993036,1260.590251707813
2022-03-16,1489.75,1492,1401.75,1401.75,,,0,0,,,,,,,,,,,1492,1401.75,1401.75,37914,1372.3611131811851,1266.125928111428
2022-03-17,1383.5,1440.75,1364.25,1430.5,,,0,0,,,,,,,,,,,1440.75,1364.25,1430.5,31158,1377.6464665283502,1272.571970146274
2022-03-18,1427.5,1438.5,1388.25,1396.25,,,0,0,,,,,,,,,,,1438.5,1388.25,1396.25,19393,1379.3376968439547,1277.4220889640671
2022-03-21,1407.5,1481.25,1394.25,1451.75,,,0,0,,,,,,,,,,,1481.25,1394.25,1451.75,37035,1385.9206334945043,1284.258477632143
2022-03-22,1451.75,1501.75,1434.75,1450.75,,,0,0,,,,,,,,,,,1501.75,1434.75,1450.75,29006,1391.8142122677311,1290.7875569406865
2022-03-23,1451.75,1471.5,1433.5,1438.25,,,0,0,,,,,,,,,,,1471.5,1433.5,1438.25,24464,1396.0356475161193,1296.5703978449733
2022-03-24,1438.25,1447.5,1413,1418.25,,,0,0,,,,,,,,,,,1447.5,1413,1418.25,22420,1398.055134105563,1301.342146949092
2022-03-25,1422,1441.5,1397.25,1434.75,,,0,0,,,,,,,,,,,1441.5,1397.25,1434.75,27912,1401.3910310050571,1306.5738274608923
2022-03-28,1425.25,1428.5,1379.5,1389.5,,,0,0,,,,,,,,,,,1428.5,1379.5,1389.5,26162,1400.3100281864156,1309.8258342271317
2022-03-29,1379.5,1400.75,1304.5,1346.75,,,0,0,,,,,,,,,,,1400.75,1304.5,1346.75,45986,1395.4409347149233,1311.2738407280285
2022-03-30,1347.5,1374.25,1334.75,1359.75,,,0,0,,,,,,,,,,,1374.25,1334.75,1359.75,26336,1392.196304286294,1313.1748665818313
2022-03-31,1362.75,1407.5,1336,1338.5,,,0,0,,,,,,,,,,,1407.5,1336,1338.5,36848,1387.314822078449,1314.1680090688183
2022-04-01,1339.75,1365.25,1315,1317,,,0,0,,,,,,,,,,,1365.25,1315,1317,33853,1380.9225655258626,1314.2790675367078
2022-04-04,1322,1347,1317.25,1342.75,,,0,0,,,,,,,,,,,1347,1317.25,1342.75,26349,1377.4523322962389,1315.395574692131
2022-04-05,1353,1406.5,1352.5,1377.75,,,0,0,,,,,,,,,,,1406.5,1352.5,1377.75,26923,1377.4793929965808,1317.8408462728319
2022-04-06,1382,1388.75,1356,1370.75,,,0,0,,,,,,,,,,,1388.75,1356,1370.75,27905,1376.8676299968918,1319.9157150464464
2022-04-07,1372.75,1377,1350.25,1352.5,,,0,0,,,,,,,,,,,1377,1350.25,1352.5,50501,1374.6523909062653,1321.1935301426643
2022-04-08,1352.5,1386.75,1349.5,1384,,,0,0,,,,,,,,,,,1386.75,1349.5,1384,47599,1375.5021735511502,1323.656528960599
2022-04-11,1388.5,1424.25,1387.5,1413.75,,,0,0,,,,,,,,,,,1424.25,1387.5,1413.75,55247,1378.979248682864,1327.1896062562616
2022-04-12,1410.25,1450,1407.5,1436.25,,,0,0,,,,,,,,,,,1450,1407.5,1436.25,50433,1384.1856806207854,1331.4664844422905
2022-04-13,1435,1456.75,1410.5,1446,,,0,0,,,,,,,,,,,1456.75,1410.5,1446,53460,1389.805164200714,1335.9579948563182
2022-04-14,1445.5,1460,1426.75,1429,,,0,0,,,,,,,,,,,1460,1426.75,1429,20653,1393.3683310915583,1339.6067009403841
2022-04-18,1435.5,1467.5,1433.75,1453.25,,,0,0,,,,,,,,,,,1467.5,1433.75,1453.25,36326,1398.8121191741438,1344.0633009035064
2022-04-19,1455,1468,1430.25,1433.5,,,0,0,,,,,,,,,,,1468,1430.25,1433.5,37432,1401.9655628855853,1347.5706224367023
2022-04-20,1431.5,1443,1399.5,1422,,,0,0,,,,,,,,,,,1443,1399.5,1422,39368,1403.786875350532,1350.4894215568315
2022-04-21,1427.5,1427.5,1386.25,1401,,,0,0,,,,,,,,,,,1427.5,1386.25,1401,34511,1403.5335230459382,1352.470228554603
2022-04-22,1401.75,1410,1385.25,1399.75,,,0,0,,,,,,,,,,,1410,1385.25,1399.75,33181,1403.1895664053984,1354.3243372387362
2022-04-25,1406.25,1414,1380.25,1397,,,0,0,,,,,,,,,,,1414,1380.25,1397,37728,1402.626878550362,1355.9978926411388
2022-04-26,1405.5,1431.5,1401.5,1419.5,,,0,0,,,,,,,,,,,1431.5,1401.5,1419.5,34264,1404.1607986821473,1358.4881713610941
2022-04-27,1417,1422,1402.75,1415.75,,,0,0,,,,,,,,,,,1422,1402.75,1415.75,26721,1405.2143624383157,1360.7337332685022
2022-04-28,1412.5,1431,1405.5,1410.25,,,0,0,,,,,,,,,,,1431,1405.5,1410.25,28927,1405.6721476711962,1362.6755476501296
2022-04-29,1409.5,1427,1378.75,1380.25,,,0,0,,,,,,,,,,,1427,1378.75,1380.25,38162,1403.361043337451,1363.3647418599285
2022-05-02,1373.5,1396,1358.75,1380,,,0,0,,,,,,,,,,,1396,1358.75,1380,40743,1401.2373121249555,1364.017104924245
2022-05-03,1380.75,1393.25,1368.5,1370,,,0,0,,,,,,,,,,,1393.25,1368.5,1370,31317,1398.3975564772322,1364.251728260549
2022-05-04,1371.5,1413.5,1366.75,1401,,,0,0,,,,,,,,,,,1413.5,1366.75,1401,44200,1398.6341422520293,1365.6928369562138
2022-05-05,1403.5,1446.25,1401.75,1431,,,0,0,,,,,,,,,,,1446.25,1401.75,1431,47812,1401.5764929563902,1368.2539021736172
2022-05-06,1426.5,1452,1412.25,1433,,,0,0,,,,,,,,,,,1452,1412.25,1433,39579,1404.4331754149002,1370.7929648334755
2022-05-09,1445.25,1459.5,1414.5,1417.25,,,0,0,,,,,,,,,,,1459.5,1414.5,1417.25,37350,1405.598341286273,1372.6148093498098
2022-05-10,1414.75,1431.5,1407.5,1417.25,,,0,0,,,,,,,,,,,1431.5,1407.5,1417.25,30020,1406.6575829875208,1374.3652089831505
2022-05-11,1419.25,1451,1418.75,1437.5,,,0,0,,,,,,,,,,,1451,1418.75,1437.5,34004,1409.4614390795643,1376.841083140674
2022-05-12,1437.5,1507.5,1427.25,1503.25,,,0,0,,,,,,,,,,,1507.5,1427.25,1503.25,55767,1417.987671890513,1381.79829556653
2022-05-13,1497.25,1523,1483,1502,,,0,0,,,,,,,,,,,1523,1483,1502,35248,1425.6251562641028,1386.5120878972543
2022-05-16,1558.75,1572,1546.75,1572,,,0,0,,,,,,,,,,,1572,1546.75,1572,53773,1438.9319602400935,1393.7861236659894
2022-05-17,1592.5,1608.5,1525.25,1602,,,0,0,,,,,,,,,,,1608.5,1525.25,1602,73671,1453.7563274909942,1401.9513737183036
2022-05-18,1603,1604.5,1536,1555.25,,,0,0,,,,,,,,,,,1604.5,1536,1555.25,57090,1462.983024991813,1407.96308455288
2022-05-19,1546.5,1572.25,1518,1525,,,0,0,,,,,,,,,,,1572.25,1518,1525,54778,1468.620931810739,1412.5527675115907
2022-05-20,1532.5,1532.5,1492.5,1493.25,,,0,0,,,,,,,,,,,1532.5,1492.5,1493.25,40065,1470.8599380097628,1415.7173648640774
2022-05-23,1506.25,1521.25,1499.25,1514.5,,,0,0,,,,,,,,,,,1521.25,1499.25,1514.5,38143,1474.8272163725117,1419.5911936929372
2022-05-24,1520.5,1533.25,1462.5,1479.25,,,0,0,,,,,,,,,,,1533.25,1462.5,1479.25,52749,1475.2292876113743,1421.9307547245867
2022-05-25,1479,1483,1439,1472.75,,,0,0,,,,,,,,,,,1483,1439,1472.75,51657,1475.003897828522,1423.9236663040147
2022-05-26,1457.5,1484.75,1439.5,1467.75,,,0,0,,,,,,,,,,,1484.75,1439.5,1467.75,38507,1474.3444525713837,1425.6423460567985
2022-05-27,1467.75,1494.75,1458,1482,,,0,0,,,,,,,,,,,1494.75,1458,1482,25544,1475.0404114285307,1427.8524501330025
2022-05-31,1481.5,1481.75,1412,1412,,,0,0,,,,,,,,,,,1481.75,1412,1412,68159,1469.3094649350278,1427.2307854219043
2022-06-01,1415.5,1422.5,1351.75,1365.75,,,0,0,,,,,,,,,,,1422.5,1351.75,1365.75,81448,1459.8949681227525,1424.8197742288885
2022-06-02,1367.75,1399.5,1361.75,1382.75,,,0,0,,,,,,,,,,,1399.5,1361.75,1382.75,58137,1452.8817892025022,1423.169979161089
2022-06-03,1386,1393.75,1360.75,1364.5,,,0,0,,,,,,,,,,,1393.75,1360.75,1364.5,40835,1444.8470810931838,1420.8691956645757
2022-06-06,1384.5,1433.25,1384.5,1417.5,,,0,0,,,,,,,,,,,1433.25,1384.5,1417.5,60711,1442.3609828119852,1420.7370703443962
2022-06-07,1417.5,1425.5,1383,1396.25,,,0,0,,,,,,,,,,,1425.5,1383,1396.25,84918,1438.169075283623,1419.7767930759885
2022-06-08,1397.5,1413.5,1386.25,1399.25,,,0,0,,,,,,,,,,,1413.5,1386.25,1399.25,68009,1434.6309775305663,1418.9718207984988
2022-06-09,1400.75,1406.5,1368.75,1395.75,,,0,0,,,,,,,,,,,1406.5,1368.75,1395.75,70950,1431.0963432096057,1418.061161159342
2022-06-10,1399,1405.75,1377.5,1395.25,,,0,0,,,,,,,,,,,1405.75,1377.5,1395.25,62709,1427.8375847360053,1417.16660581976
2022-06-13,1397.5,1418,1378,1395.5,,,0,0,,,,,,,,,,,1418,1378,1395.5,62605,1424.8978043054594,1416.3169350032988
2022-06-14,1395.5,1397.25,1371,1374.75,,,0,0,,,,,,,,,,,1397.25,1371,1374.75,34011,1420.3389130049632,1414.6868591208165
2022-06-15,1379.5,1383.25,1361,1374.5,,,0,0,,,,,,,,,,,1383.25,1361,1374.5,32823,1416.1717390954211,1413.1109038611767
2022-06-16,1374.5,1407.5,1371,1401.5,,,0,0,,,,,,,,,,,1407.5,1371,1401.5,31896,1414.837944632201,1412.6555742979933
2022-06-17,1401,1407,1353.75,1357.75,,,0,0,,,,,,,,,,,1407,1353.75,1357.75,35631,1409.648131483819,1410.5024145216014
2022-06-21,1357,1357,1296.5,1298.25,,,0,0,,,,,,,,,,,1357,1296.5,1298.25,57056,1399.5210286216536,1406.100359050166
2022-06-22,1301,1329.5,1283.25,1299.75,,,0,0,,,,,,,,,,,1329.5,1283.25,1299.75,51781,1390.4509351105942,1401.9297567344731
2022-06-23,1296,1298,1257.5,1260.25,,,0,0,,,,,,,,,,,1298,1257.5,1260.25,46898,1378.6144864641765,1396.3736878429252
2022-06-24,1256.75,1284,1245.25,1247.5,,,0,0,,,,,,,,,,,1284,1245.25,1247.5,43179,1366.6949876947058,1390.5355040059478
2022-06-27,1244.25,1263.25,1224.5,1228.5,,,0,0,,,,,,,,,,,1263.25,1224.5,1228.5,48106,1354.1318069951872,1384.1811705155185
2022-06-28,1234.5,1260.75,1232,1247,,,0,0,,,,,,,,,,,1260.75,1232,1247,53518,1344.3925518138064,1378.8015167698118
2022-06-29,1247,1267,1240,1241,,,0,0,,,,,,,,,,,1267,1240,1241,50777,1334.9932289216422,1373.3975357200152
2022-06-30,1241,1250.5,1192,1195,,,0,0,,,,,,,,,,,1250.5,1192,1195,70148,1322.2665717469474,1366.4015539270733
2022-07-01,1201,1207.25,1151.5,1157,,,0,0,,,,,,,,,,,1207.25,1151.5,1157,54111,1307.2423379517704,1358.1897282828743
2022-07-05,1153.25,1153.5,1115.5,1118,,,0,0,,,,,,,,,,,1153.5,1115.5,1118,55014,1290.038489047064,1348.7705232521732
2022-07-06,1118,1149.5,1096.25,1115.5,,,0,0,,,,,,,,,,,1149.5,1096.25,1115.5,57720,1274.1713536791492,1339.6226595952253
2022-07-07,1118.75,1157,1118.75,1147.5,,,0,0,,,,,,,,,,,1157,1118.75,1147.5,49291,1262.6557760719538,1332.0884376503145
2022-07-08,1149.25,1205.75,1149.25,1202.5,,,0,0,,,,,,,,,,,1205.75,1149.25,1202.5,51844,1257.1870691563217,1327.006538134616
2022-07-11,1239.75,1251.25,1164.75,1167.5,,,0,0,,,,,,,,,,,1251.25,1164.75,1167.5,51969,1249.0336992330197,1320.7513797763957
2022-07-12,1166.25,1180.5,1121,1125.25,,,0,0,,,,,,,,,,,1180.5,1121,1125.25,50490,1237.7806356663816,1313.0846590008507
2022-07-13,1124.5,1151.5,1117.75,1121.75,,,0,0,,,,,,,,,,,1151.5,1117.75,1121.75,49075,1227.232396060347,1305.581339040033
2022-07-14,1123.75,1140.5,1103,1106,,,0,0,,,,,,,,,,,1140.5,1103,1106,53660,1216.2112691457698,1297.7546198619925
2022-07-15,1109,1115.75,1076.75,1087.75,,,0,0,,,,,,,,,,,1115.75,1076.75,1087.75,44621,1204.5329719507,1289.519144573287
2022-07-18,1098.25,1136,1089.5,1123.75,,,0,0,,,,,,,,,,,1136,1089.5,1123.75,42326,1197.1890654097272,1283.018393805707
2022-07-19,1119.5,1133.25,1103.5,1123.25,,,0,0,,,,,,,,,,,1133.25,1103.5,1123.25,45981,1190.467332190661,1276.7529665976401
2022-07-20,1121.25,1154.5,1112,1130.5,,,0,0,,,,,,,,,,,1154.5,1112,1130.5,38891,1185.0157565369645,1271.0175561428307
2022-07-21,1130.5,1145,1106.5,1117.25,,,0,0,,,,,,,,,,,1145,1106.5,1117.25,43046,1178.8552332154222,1264.9874559019354
2022-07-22,1114.25,1118.25,1065,1070,,,0,0,,,,,,,,,,,1118.25,1065,1070,66188,1168.9593029231112,1257.3408890038202
2022-07-25,1098,1104.5,1071.5,1081,,,0,0,,,,,,,,,,,1104.5,1071.5,1081,47491,1160.9630026573739,1250.4255600232782
2022-07-26,1084,1117,1083.25,1114.75,,,0,0,,,,,,,,,,,1117,1083.25,1114.75,43798,1156.7618205976125,1245.1049498262869
2022-07-27,1113.5,1129.75,1093,1101.25,,,0,0,,,,,,,,,,,1129.75,1093,1101.25,41494,1151.7152914523751,1239.463579244864
2022-07-28,1097.25,1135.25,1097.25,1128,,,0,0,,,,,,,,,,,1135.25,1097.25,1128,37417,1149.5593558657956,1235.0924584901634
2022-07-29,1128,1156.75,1112,1118.75,,,0,0,,,,,,,,,,,1156.75,1112,1118.75,47268,1146.7585053325415,1230.530009137608
2022-08-01,1123.75,1131.25,1092.25,1111.25,,,0,0,,,,,,,,,,,1131.25,1092.25,1111.25,41076,1143.5304593932196,1225.8523617204469
2022-08-02,1106,1106.75,1083.75,1085.75,,,0,0,,,,,,,,,,,1106.75,1083.75,1085.75,47230,1138.2776903574725,1220.3581514569
2022-08-03,1085,1101.25,1063,1074.75,,,0,0,,,,,,,,,,,1101.25,1063,1074.75,51385,1132.5024457795205,1214.648027870355
2022-08-04,1079,1100.5,1069.25,1093.5,,,0,0,,,,,,,,,,,1100.5,1069.25,1093.5,46769,1128.956768890473,1209.8971248166156
2022-08-05,1093,1107.75,1080.75,1086.75,,,0,0,,,,,,,,,,,1107.75,1080.75,1086.75,51597,1125.11978990043,1205.0678258041994
2022-08-08,1087.5,1104.75,1071.75,1090.75,,,0,0,,,,,,,,,,,1104.75,1071.75,1090.75,64408,1121.9952635458455,1200.5847738118778
2022-08-09,1096.75,1112.25,1083.75,1092.5,,,0,0,,,,,,,,,,,1112.25,1083.75,1092.5,59015,1119.3138759507688,1196.3461552310198
2022-08-10,1092.5,1119.5,1091.25,1110.75,,,0,0,,,,,,,,,,,1119.5,1091.25,1110.75,68225,1118.5353417734261,1192.989443261176
2022-08-11,1111,1131.75,1105.5,1121.75,,,0,0,,,,,,,,,,,1131.75,1105.5,1121.75,63667,1118.8275834303874,1190.195739603875
2022-08-12,1122.25,1122.25,1093.25,1117,,,0,0,,,,,,,,,,,1122.25,1093.25,1117,40652,1118.6614394821704,1187.3253184429386
2022-08-15,1113,1115.5,1089,1111.75,,,0,0,,,,,,,,,,,1115.5,1089,1111.75,29781,1118.0331268019731,1184.361580464784
2022-08-16,1110,1121.5,1093.5,1097,,,0,0,,,,,,,,,,,1121.5,1093.5,1097,25480,1116.1210243654302,1180.9356361328319
2022-08-17,1096.25,1108,1070.5,1074.25,,,0,0,,,,,,,,,,,1108,1070.5,1074.25,29954,1112.3145676049367,1176.7518856962502
2022-08-18,1075.5,1077.25,1037,1042.75,,,0,0,,,,,,,,,,,1077.25,1037,1042.75,60666,1105.990516004488,1171.4969097865933
2022-08-19,1044.75,1067.5,1039,1064.75,,,0,0,,,,,,,,,,,1067.5,1039,1064.75,40655,1102.2413781858982,1167.310756461629
2022-08-22,1065,1085.5,1056.25,1082,,,0,0,,,,,,,,,,,1085.5,1056.25,1082,44625,1100.401252896271,1163.9652366003886
2022-08-23,1081.25,1113.5,1078.75,1094.25,,,0,0,,,,,,,,,,,1113.5,1078.75,1094.25,53387,1099.842048087519,1161.2313057533145
2022-08-24,1094.25,1111.5,1086,1107,,,0,0,,,,,,,,,,,1111.5,1086,1107,48931,1100.4927709886538,1159.1045878806356
2022-08-25,1107,1115.25,1079.5,1082.75,,,0,0,,,,,,,,,,,1115.25,1079.5,1082.75,48165,1098.8797918078672,1156.110290316689
2022-08-26,1077.75,1106.25,1077,1099,,,0,0,,,,,,,,,,,1106.25,1077,1099,56544,1098.8907198253337,1153.8706710885835
2022-08-29,1099.75,1142.75,1088,1136.5,,,0,0,,,,,,,,,,,1142.75,1088,1136.5,73912,1102.309745295758,1153.1894683007959
2022-08-30,1134,1140,1110.25,1114,,,0,0,,,,,,,,,,,1140,1110.25,1114,59308,1103.3724957234163,1151.652626406647
2022-08-31,1113.75,1133,1100,1125.25,,,0,0,,,,,,,,,,,1133,1100,1125.25,49675,1105.3613597485603,1150.6172292926608
2022-09-01,1122,1128.75,1085,1088,,,0,0,,,,,,,,,,,1128.75,1085,1088,57932,1103.783054316873,1148.1616516733407
2022-09-02,1091.5,1113.25,1090,1104.75,,,0,0,,,,,,,,,,,1113.25,1090,1104.75,35504,1103.8709584698845,1146.4592339606606
2022-09-06,1108.5,1118.75,1095,1110.75,,,0,0,,,,,,,,,,,1118.75,1095,1110.75,36892,1104.4963258817131,1145.0588718445563
2022-09-07,1110.5,1167.25,1103,1138,,,0,0,,,,,,,,,,,1167.25,1103,1138,84918,1107.542114437921,1144.7820533408483
2022-09-08,1130.75,1151,1111.75,1122.75,,,0,0,,,,,,,,,,,1151,1111.75,1122.75,52459,1108.9246494890192,1143.9180512490502
2022-09-09,1122.75,1166.25,1119.75,1163.25,,,0,0,,,,,,,,,,,1166.25,1119.75,1163.25,54262,1113.86331771729,1144.6761668863423
2022-09-12,1158.5,1171.75,1142.25,1152.5,,,0,0,,,,,,,,,,,1171.75,1142.25,1152.5,60220,1117.3757433793546,1144.9829838711917
2022-09-13,1151.75,1170,1144.25,1154.25,,,0,0,,,,,,,,,,,1170,1144.25,1154.25,51520,1120.727948526686,1145.3463962683998
2022-09-14,1156.25,1168.5,1143,1166,,,0,0,,,,,,,,,,,1168.5,1143,1166,45623,1124.8435895697146,1146.1563415127762
2022-09-15,1167.75,1178.5,1137,1138.75,,,0,0,,,,,,,,,,,1178.5,1137,1138.75,52974,1126.1078086997406,1145.8658967475692
2022-09-16,1140.5,1160.25,1124.5,1153.5,,,0,0,,,,,,,,,,,1160.25,1124.5,1153.5,47239,1128.5980079088552,1146.1652733457038
2022-09-19,1151,1155,1113,1124.25,,,0,0,,,,,,,,,,,1155,1113,1124.25,46375,1128.2027344625956,1145.3058508615586
2022-09-20,1121.5,1190.5,1119.25,1187.5,,,0,0,,,,,,,,,,,1190.5,1119.25,1187.5,72771,1133.593394965996,1146.9605233767916
2022-09-21,1180.25,1213.25,1166.75,1197.5,,,0,0,,,,,,,,,,,1213.25,1166.75,1197.5,91297,1139.4030863327237,1148.9424636365252
2022-09-22,1190.25,1216.25,1184.75,1204.5,,,0,0,,,,,,,,,,,1216.25,1184.75,1204.5,59590,1145.3209875752034,1151.1211905527398
2022-09-23,1202.5,1206.75,1169.75,1174.25,,,0,0,,,,,,,,,,,1206.75,1169.75,1174.25,54237,1147.9508977956395,1152.0282026879265
2022-09-26,1170.75,1184.5,1148,1151.75,,,0,0,,,,,,,,,,,1184.5,1148,1151.75,48793,1148.2962707233087,1152.0172927785961
2022-09-27,1151.25,1188.25,1150.75,1165.25,,,0,0,,,,,,,,,,,1188.25,1150.75,1165.25,48803,1149.8375188393716,1152.5362224735532
2022-09-28,1168,1198.75,1155.75,1197,,,0,0,,,,,,,,,,,1198.75,1155.75,1197,51296,1154.1250171267013,1154.2799000236098
2022-09-29,1196.25,1208.25,1181.5,1190,,,0,0,,,,,,,,,,,1208.25,1181.5,1190,41358,1157.3863792060922,1155.680688257978
2022-09-30,1193.5,1239.5,1186.5,1215.25,,,0,0,,,,,,,,,,,1239.5,1186.5,1215.25,78137,1162.6467083691748,1158.0167396988418
2022-10-03,1223.75,1232.5,1202.25,1205.75,,,0,0,,,,,,,,,,,1232.5,1202.25,1205.75,52399,1166.5651894265225,1159.8886322596716
2022-10-04,1210,1220.75,1191.25,1196.75,,,0,0,,,,,,,,,,,1220.75,1191.25,1196.75,50521,1169.3092631150205,1161.3341760926255
2022-10-05,1197,1213.5,1188,1195.75,,,0,0,,,,,,,,,,,1213.5,1188,1195.75,39955,1171.7129664682004,1162.683816245856
2022-10-06,1199.5,1201.5,1167,1172.75,,,0,0,,,,,,,,,,,1201.5,1167,1172.75,46423,1171.8072422438186,1163.07856854994
2022-10-07,1177,1190.5,1166.25,1174,,,0,0,,,,,,,,,,,1190.5,1166.25,1174,38141,1172.006583858017,1163.5068599793542
2022-10-10,1189,1243.5,1185.25,1231.75,,,0,0,,,,,,,,,,,1243.5,1185.25,1231.75,77244,1177.4378035072882,1166.1830615487913
2022-10-11,1227.75,1230.5,1191.75,1194.75,,,0,0,,,,,,,,,,,1230.5,1191.75,1194.75,65146,1179.0116395520802,1167.303333644917
2022-10-12,1195.75,1197.5,1170,1176,,,0,0,,,,,,,,,,,1197.5,1170,1176,44744,1178.7378541382548,1167.644379384332
2022-10-13,1177.5,1200,1156.75,1186,,,0,0,,,,,,,,,,,1200,1156.75,1186,63574,1179.3980492165952,1168.36420764377
2022-10-14,1188,1192.5,1151,1153.5,,,0,0,,,,,,,,,,,1192.5,1151,1153.5,45071,1177.0436811059956,1167.7812975400927
2022-10-17,1153.75,1171.5,1149,1154.75,,,0,0,,,,,,,,,,,1171.5,1149,1154.75,42651,1175.0169828236324,1167.2702662640106
2022-10-18,1155.75,1159.75,1126.5,1143.25,,,0,0,,,,,,,,,,,1159.75,1126.5,1143.25,46278,1172.1290752942111,1166.328295037971
2022-10-19,1140.75,1156.5,1129.25,1135,,,0,0,,,,,,,,,,,1156.5,1129.25,1135,39811,1168.7537048129193,1165.0997344482466
2022-10-20,1138.25,1149.5,1130.5,1143,,,0,0,,,,,,,,,,,1149.5,1130.5,1143,34078,1166.4124589208357,1164.2330781953742
2022-10-21,1144,1156.75,1126.75,1144.5,,,0,0,,,,,,,,,,,1156.75,1126.75,1144.5,41911,1164.4204172007596,1163.459231991634
2022-10-24,1147.5,1150.25,1127.25,1132.5,,,0,0,,,,,,,,,,,1150.25,1127.25,1132.5,38013,1161.5185610915996,1162.2451444625503
2022-10-25,1133.75,1138.5,1120.5,1128.5,,,0,0,,,,,,,,,,,1138.5,1120.5,1128.5,40775,1158.5168737196361,1160.921805464019
2022-10-26,1130,1140.25,1117.75,1134.25,,,0,0,,,,,,,,,,,1140.25,1117.75,1134.25,39250,1156.3107942905783,1159.8758523085671
2022-10-27,1137.25,1151.75,1127.25,1132.25,,,0,0,,,,,,,,,,,1151.75,1127.25,1132.25,36089,1154.1234493550712,1158.7924855513684
2022-10-28,1133.5,1134,1116.25,1123,,,0,0,,,,,,,,,,,1134,1116.25,1123,33954,1151.2940448682466,1157.388858667001
2022-10-31,1178.25,1187,1147.5,1176,,,0,0,,,,,,,,,,,1187,1147.5,1176,98975,1153.540040789315,1158.1187073467263
2022-11-01,1172.25,1197.75,1161.5,1196.25,,,0,0,,,,,,,,,,,1197.75,1161.5,1196.25,74354,1157.4227643539227,1159.6140521566585
2022-11-02,1192.25,1195.75,1131.5,1139.75,,,0,0,,,,,,,,,,,1195.75,1131.5,1139.75,96131,1155.816149412657,1158.8350697191424
2022-11-03,1138.5,1142.75,1121.5,1134.25,,,0,0,,,,,,,,,,,1142.75,1121.5,1134.25,48030,1153.8555903751428,1157.8709493379995
2022-11-04,1135.75,1149.25,1127.75,1141.5,,,0,0,,,,,,,,,,,1149.25,1127.75,1141.5,43974,1152.7323548864936,1157.2289513247447
2022-11-07,1144.75,1157.5,1127.75,1139.5,,,0,0,,,,,,,,,,,1157.5,1127.75,1139.5,76862,1151.529413533176,1156.5336983316174
2022-11-08,1141.5,1148.75,1118.5,1121.5,,,0,0,,,,,,,,,,,1148.75,1118.5,1121.5,72922,1148.7994668483418,1155.1598278088088
2022-11-09,1123,1127.75,1099,1100.25,,,0,0,,,,,,,,,,,1127.75,1099,1100.25,95226,1144.385878953038,1153.006501228071
2022-11-10,1100.5,1109.5,1089.25,1097.25,,,0,0,,,,,,,,,,,1109.5,1089.25,1097.25,77215,1140.1007990482162,1150.8199717681468
2022-11-11,1098,1113.25,1093.25,1107.5,,,0,0,,,,,,,,,,,1113.25,1093.25,1107.5,75488,1137.137090043833,1149.1211493458666
2022-11-14,1106.75,1122.5,1098.5,1112.25,,,0,0,,,,,,,,,,,1122.5,1098.5,1112.25,45112,1134.8746273125755,1147.6752219205384
2022-11-15,1112.25,1136.75,1093,1122,,,0,0,,,,,,,,,,,1136.75,1093,1122,73685,1133.704206647796,1146.668350472674
2022-11-16,1122,1128,1096.5,1111.25,,,0,0,,,,,,,,,,,1128,1096.5,1111.25,42865,1131.66291513436,1145.279395552177
2022-11-17,1111.25,1111.25,1088.5,1099,,,0,0,,,,,,,,,,,1111.25,1088.5,1099,35732,1128.6935592130546,1143.464517295229
2022-11-18,1099,1108,1092.75,1096,,,0,0,,,,,,,,,,,1108,1092.75,1096,33902,1125.7214174664134,1141.6031636758082
2022-11-21,1098,1101,1078.5,1092.25,,,0,0,,,,,,,,,,,1101,1078.5,1092.25,37878,1122.678561333103,1139.6677454924431
2022-11-22,1090.5,1099,1083,1084.5,,,0,0,,,,,,,,,,,1099,1083,1084.5,36917,1119.2077830300937,1137.5043044927395
2022-11-23,1085.75,1091,1074.25,1087.5,,,0,0,,,,,,,,,,,1091,1074.25,1087.5,42850,1116.3252573000852,1135.5433513753771
2022-11-25,1083.75,1094.25,1066.5,1071,,,0,0,,,,,,,,,,,1094.25,1066.5,1071,34408,1112.204779363714,1133.0122395567348
2022-11-28,1067.25,1070.25,1047.25,1054.75,,,0,0,,,,,,,,,,,1070.25,1047.25,1054.75,76464,1106.9816176033762,1129.9431321231373
2022-11-29,1054.25,1066,1051.5,1055.5,,,0,0,,,,,,,,,,,1066,1051.5,1055.5,51018,1102.3014705485239,1127.0237936085045
2022-11-30,1058,1073.25,1055.5,1069.5,,,0,0,,,,,,,,,,,1073.25,1055.5,1069.5,45182,1099.3195186804762,1124.7679585650337
2022-12-01,1069.25,1071.25,1054.5,1057,,,0,0,,,,,,,,,,,1071.25,1054.5,1057,41085,1095.472289709524,1122.1103915624833
2022-12-02,1056,1057,1029.75,1035,,,0,0,,,,,,,,,,,1057,1029.75,1035,50916,1089.97480882684,1118.6942977757192
2022-12-05,1037.25,1042,1008,1013,,,0,0,,,,,,,,,,,1042,1008,1013,51514,1082.9770989334909,1114.549423353142
2022-12-06,1013,1017.5,997.5,1003,,,0,0,,,,,,,,,,,1017.5,997.5,1003,52137,1075.7064535759007,1110.1749361628226
2022-12-07,1006.25,1030.25,1000.25,1023.5,,,0,0,,,,,,,,,,,1030.25,1000.25,1023.5,50433,1070.960412341728,1106.7759190583981
2022-12-08,1023.5,1029.5,1011.5,1020.25,,,0,0,,,,,,,,,,,1029.5,1011.5,1020.25,35604,1066.3503748561163,1103.3827457619905
2022-12-09,1023.75,1026.5,1004.75,1008.25,,,0,0,,,,,,,,,,,1026.5,1004.75,1008.25,32511,1061.0685225964694,1099.6520498497555
2022-12-12,1015.75,1034,1012.25,1028.75,,,0,0,,,,,,,,,,,1034,1012.25,1028.75,49826,1058.1304750876996,1096.8715773066278
2022-12-13,1030.5,1043.25,1023.75,1024.75,,,0,0,,,,,,,,,,,1043.25,1023.75,1024.75,49908,1055.0958864433633,1094.0432801573484
2022-12-14,1024,1025.75,1011.75,1023.25,,,0,0,,,,,,,,,,,1025.75,1011.75,1023.25,41587,1052.200805857603,1091.2670730923544
2022-12-15,1023.75,1041,1019,1031.25,,,0,0,,,,,,,,,,,1041,1019,1031.25,51207,1050.2961871432753,1088.9134623828504
2022-12-16,1032.25,1038.25,1024.75,1027.5,,,0,0,,,,,,,,,,,1038.25,1024.75,1027.5,32613,1048.2238064938867,1086.505091309013
2022-12-19,1029,1033.75,1012.75,1022.5,,,0,0,,,,,,,,,,,1033.75,1012.75,1022.5,39778,1045.8852786308062,1083.9950877282674
2022-12-20,1021.25,1035.5,1018.75,1024.5,,,0,0,,,,,,,,,,,1035.5,1018.75,1024.5,38339,1043.941162391642,1081.6619470330413
2022-12-21,1024,1048.5,1022.75,1041.75,,,0,0,,,,,,,,,,,1048.5,1022.75,1041.75,52904,1043.7419658105835,1080.0967726395886
2022-12-22,1040.75,1051,1032,1036.25,,,0,0,,,,,,,,,,,1051,1032,1036.25,34649,1043.0608780096213,1078.3772913596047
2022-12-23,1036,1052,1032,1050,,,0,0,,,,,,,,,,,1052,1032,1050,25952,1043.691707281474,1077.264456404326
2022-12-27,1055.25,1058.5,1043,1048.5,,,0,0,,,,,,,,,,,1058.5,1043,1048.5,28358,1044.12882480134,1076.1364385061172
2022-12-28,1048.5,1061.5,1044.75,1059.5,,,0,0,,,,,,,,,,,1061.5,1044.75,1059.5,33179,1045.5262043648545,1075.484029152936
2022-12-29,1059,1060.5,1039.5,1048,,,0,0,,,,,,,,,,,1060.5,1039.5,1048,35941,1045.7510948771405,1074.406224088115
2022-12-30,1049.5,1073,1045.5,1066,,,0,0,,,,,,,,,,,1073,1045.5,1066,34784,1047.591904433764,1074.0765682415224
2023-01-03,1060,1068.5,1043.75,1049.5,,,0,0,,,,,,,,,,,1068.5,1043.75,1049.5,50138,1047.7653676670582,1073.1127812516588
2023-01-04,1054.5,1054.5,1018.25,1019.5,,,0,0,,,,,,,,,,,1054.5,1018.25,1019.5,51975,1045.1957887882347,1071.0103192417898
2023-01-05,1020,1026,1010,1020.75,,,0,0,,,,,,,,,,,1026,1010,1020.75,36793,1042.9734443529408,1069.0393263303472
2023-01-06,1022.5,1030.75,1016.5,1017.5,,,0,0,,,,,,,,,,,1030.75,1016.5,1017.5,28671,1040.6576766844917,1067.0181762781767
2023-01-09,1022,1032,1014.25,1015.5,,,0,0,,,,,,,,,,,1032,1014.25,1015.5,45486,1038.3706151677197,1064.9978556398169
2023-01-10,1015.25,1016.5,994.5,1005,,,0,0,,,,,,,,,,,1016.5,994.5,1005,59339,1035.3369228797453,1062.6449985559025
2023-01-11,1004.25,1016.25,998.5,1014,,,0,0,,,,,,,,,,,1016.25,998.5,1014,37156,1033.3972026179504,1060.7373515537101
2023-01-12,1013,1021.25,997,1016.75,,,0,0,,,,,,,,,,,1021.25,997,1016.75,64694,1031.883820561773,1059.0123573751332
2023-01-13,1017.5,1022.5,1011.25,1017.75,,,0,0,,,,,,,,,,,1022.5,1011.25,1017.75,34226,1030.59892778343,1057.3942257133633
2023-01-17,1016.5,1029.75,1002.75,1025.75,,,0,0,,,,,,,,,,,1029.75,1002.75,1025.75,48648,1030.1581161667546,1056.1532756853883
2023-01-18,1023,1034.25,1014.25,1016.5,,,0,0,,,,,,,,,,,1034.25,1014.25,1016.5,45150,1028.916469242504,1054.5982452663534
2023-01-19,1015.75,1022.75,1007.5,1008.5,,,0,0,,,,,,,,,,,1022.75,1007.5,1008.5,39217,1027.0604265840946,1052.7904709421828
2023-01-20,1009,1017,1001.75,1015.5,,,0,0,,,,,,,,,,,1017,1001.75,1015.5,35444,1026.0094787128132,1051.3280995326854
2023-01-23,1012,1014.5,986.5,994,,,0,0,,,,,,,,,,,1014.5,986.5,994,63999,1023.0995261025574,1049.0799387666978
2023-01-24,994.5,1013,993.75,1008.5,,,0,0,,,,,,,,,,,1013,993.75,1008.5,44243,1021.7722964568704,1047.4885686189841
2023-01-25,1009,1020.5,1008.75,1015.25,,,0,0,,,,,,,,,,,1020.5,1008.75,1015.25,41249,1021.1793604153368,1046.224311026083
2023-01-26,1015,1032,1012,1026.5,,,0,0,,,,,,,,,,,1032,1012,1026.5,47206,1021.6630549230334,1045.450808632903
2023-01-27,1026.25,1027.25,1018.25,1024,,,0,0,,,,,,,,,,,1027.25,1018.25,1024,41125,1021.875504475485,1044.6096004512206
2023-01-30,1027,1036.5,1017.5,1026.5,,,0,0,,,,,,,,,,,1036.5,1017.5,1026.5,43812,1022.2959131595318,1043.8994200413688
2023-01-31,1026.5,1040.75,1016,1035.25,,,0,0,,,,,,,,,,,1040.75,1016,1035.25,59637,1023.4735574177562,1043.56022709857
2023-02-01,1034.75,1036.5,1018.5,1033.75,,,0,0,,,,,,,,,,,1036.5,1018.5,1033.75,60025,1024.4077794706875,1043.1755123103908
2023-02-02,1031.5,1044.75,1024.5,1035,,,0,0,,,,,,,,,,,1044.75,1024.5,1035,59106,1025.3707086097158,1042.8549039844931
2023-02-03,1033.75,1050.5,1024.75,1030.75,,,0,0,,,,,,,,,,,1050.5,1024.75,1030.75,72367,1025.8597350997418,1042.3802018674542
2023-02-06,1032,1040.5,1019.5,1024.25,,,0,0,,,,,,,,,,,1040.5,1019.5,1024.25,56431,1025.7133955452198,1041.6692135589265
2023-02-07,1024,1031,1018.25,1023.75,,,0,0,,,,,,,,,,,1031,1018.25,1023.75,70662,1025.534905041109,1040.9664993017136
2023-02-08,1024,1040,1021.75,1038.75,,,0,0,,,,,,,,,,,1040,1021.75,1038.75,90201,1026.736277310099,1040.8795777604698
2023-02-09,1038.75,1044.5,1028.75,1031.25,,,0,0,,,,,,,,,,,1044.5,1028.75,1031.25,75196,1027.1466157364537,1040.5019472600593
2023-02-10,1029,1064,1029,1060,,,0,0,,,,,,,,,,,1064,1029,1060,109946,1030.1332870331396,1041.2665767792726
2023-02-13,1063,1070,1050,1066,,,0,0,,,,,,,,,,,1070,1050,1066,88266,1033.3938973028542,1042.2365149447912
2023-02-14,1064.25,1072.75,1059.5,1062,,,0,0,,,,,,,,,,,1072.75,1059.5,1062,60596,1035.9944520935037,1043.0115535744073
2023-02-15,1062,1063.25,1043.5,1045.5,,,0,0,,,,,,,,,,,1063.25,1043.5,1045.5,56909,1036.8585928122761,1043.1091397087444
2023-02-16,1043.75,1048,1038.5,1041.5,,,0,0,,,,,,,,,,,1048,1038.5,1041.5,35373,1037.280538920251,1043.0460361907544
2023-02-17,1042,1047,1036.5,1041.5,,,0,0,,,,,,,,,,,1047,1036.5,1041.5,37232,1037.6641262911373,1042.9854073205288
2023-02-21,1042.25,1049.75,1027,1028,,,0,0,,,,,,,,,,,1049.75,1027,1028,67049,1036.7855693555794,1042.3977442883513
2023-02-22,1028.75,1032,1012,1015.25,,,0,0,,,,,,,,,,,1032,1012,1015.25,68504,1034.827790323254,1041.3331268652787
2023-02-23,1013.75,1024,1012.5,1015.75,,,0,0,,,,,,,,,,,1024,1012.5,1015.75,65535,1033.0934457484127,1040.329866988209
2023-02-24,1017.5,1018.75,982.25,987,,,0,0,,,,,,,,,,,1018.75,982.25,987,86161,1028.903132498557,1038.238499655338
2023-02-27,987,989.25,971,975.25,,,0,0,,,,,,,,,,,989.25,971,975.25,81173,1024.0255749986882,1035.7683624139522
2023-02-28,975.25,980.25,967.75,970.75,,,0,0,,,,,,,,,,,980.25,967.75,970.75,57464,1019.1823409078984,1033.2186227114444
2023-03-01,973.25,979.75,967,975.25,,,0,0,,,,,,,,,,,979.75,967,975.25,55837,1015.1884917344531,1030.9453433894269
2023-03-02,978.25,987,973.75,978,,,0,0,,,,,,,,,,,987,973.75,978,50799,1011.8077197585937,1028.869055413371
2023-03-03,980,980.75,971.5,974,,,0,0,,,,,,,,,,,980.75,971.5,974,41608,1008.3706543259943,1026.7173277501015
2023-03-06,976.25,976.25,959,960.5,,,0,0,,,,,,,,,,,976.25,959,960.5,48629,1004.0187766599948,1024.1205697991172
2023-03-07,961.75,968.75,954.75,963.25,,,0,0,,,,,,,,,,,968.75,954.75,963.25,46818,1000.312524236359,1021.7334886305243
2023-03-08,963.25,964.75,949.5,952.75,,,0,0,,,,,,,,,,,964.75,949.5,952.75,58631,995.98865839669,1019.0282537822685
2023-03-09,954.25,956.75,929.5,931,,,0,0,,,,,,,,,,,956.75,929.5,931,79762,990.0805985424454,1015.5761653986501
2023-03-10,931,948.75,926.25,944.5,,,0,0,,,,,,,,,,,948.75,926.25,944.5,56324,985.9369077658595,1012.7888647947815
2023-03-13,947.25,961.25,932.5,949.75,,,0,0,,,,,,,,,,,961.25,932.5,949.75,78534,982.6471888780541,1010.3167524498881
2023-03-14,948.25,965,942.75,961.5,,,0,0,,,,,,,,,,,965,942.75,961.5,57958,980.7247171618674,1008.4023700008729
2023-03-15,962.5,971.25,958,968,,,0,0,,,,,,,,,,,971.25,958,968,50727,979.5679246926067,1006.817963334172
2023-03-16,969.25,969.25,956.75,964.25,,,0,0,,,,,,,,,,,969.25,956.75,964.25,43894,978.1753860841878,1005.1486314387142
2023-03-17,962.5,977.75,962.5,975.75,,,0,0,,,,,,,,,,,977.75,962.5,975.75,58006,977.9548964401707,1003.9957439313137
2023-03-20,973.75,973.75,960.5,966,,,0,0,,,,,,,,,,,973.75,960.5,966,61276,976.8680876728824,1002.5057147575367
2023-03-21,965.25,970.75,945.5,948.5,,,0,0,,,,,,,,,,,970.75,945.5,948.5,68061,974.2891706117113,1000.3878435905744
2023-03-22,947.75,949.25,919.25,928.75,,,0,0,,,,,,,,,,,949.25,919.25,928.75,89216,970.1492460106466,997.5785163909441
2023-03-23,928.25,940.75,922.5,927.25,,,0,0,,,,,,,,,,,940.75,922.5,927.25,56070,966.2493145551333,994.820535356005
2023-03-24,925.5,965.75,921.5,953.75,,,0,0,,,,,,,,,,,965.75,921.5,953.75,114498,965.1130132319394,993.2099261263578
2023-03-27,956.25,971.75,945.5,963.25,,,0,0,,,,,,,,,,,971.75,945.5,963.25,58958,964.9436483926721,992.035027062579
2023-03-28,963.75,970,956.75,965,,,0,0,,,,,,,,,,,970,956.75,965,51076,964.9487712660656,990.9748299228701
2023-03-29,963.5,989.25,961.75,970,,,0,0,,,,,,,,,,,989.25,961.75,970,77189,965.4079738782415,990.1522875729536
2023-03-30,970.5,975.25,955.5,957.5,,,0,0,,,,,,,,,,,975.25,955.5,957.5,45510,964.6890671620378,988.8718057073476
2023-03-31,957.75,966.5,946.25,957.5,,,0,0,,,,,,,,,,,966.5,946.25,957.5,58011,964.0355156018525,987.6415388168633
2023-04-03,962.25,975.25,956.75,958.75,,,0,0,,,,,,,,,,,975.25,956.75,958.75,51071,963.5550141835023,986.5085372946334
2023-04-04,962.25,966.75,953.25,956.75,,,0,0,,,,,,,,,,,966.75,953.25,956.75,44904,962.9363765304566,985.3415358320988
2023-04-05,958.25,958.5,940.25,947.25,,,0,0,,,,,,,,,,,958.5,940.25,947.25,56289,961.5103423004151,983.8477501131929
2023-04-06,947.5,950.25,936.5,940.75,,,0,0,,,,,,,,,,,950.25,936.5,940.75,55620,959.6230384549228,982.1576422656167
2023-04-10,949.75,952.75,933.5,943.75,,,0,0,,,,,,,,,,,952.75,933.5,943.75,67549,958.1800349590208,980.6514602159847
2023-04-11,945.5,951.25,931.5,939.25,,,0,0,,,,,,,,,,,951.25,931.5,939.25,114948,956.4591226900188,979.0278735408481
2023-04-12,938.25,949,938.25,944.75,,,0,0,,,,,,,,,,,949,938.25,944.75,111542,955.3946569909263,977.6836432059129
2023-04-13,946,946,929.75,932.25,,,0,0,,,,,,,,,,,946,929.75,932.25,91658,953.2905972644784,975.9019317076418
2023-04-14,934,950.5,926.5,947.75,,,0,0,,,,,,,,,,,950.5,926.5,947.75,81450,952.7869066040713,974.7979343857735
2023-04-17,950.25,963,940.5,962.5,,,0,0,,,,,,,,,,,963,940.5,962.5,74507,953.6699150946102,974.3156624490765
2023-04-18,959.5,972.5,955.75,964.75,,,0,0,,,,,,,,,,,972.5,955.75,964.75,60095,954.6771955405547,973.9405384314657
2023-04-19,964.5,965.25,947.25,948,,,0,0,,,,,,,,,,,965.25,947.25,948,52042,954.0701777641407,972.9232624145454
2023-04-20,950.25,951.25,933.5,935.25,,,0,0,,,,,,,,,,,951.25,933.5,935.25,56696,952.3592525128552,971.4458795747594
2023-04-21,936.5,941,924.25,928.25,,,0,0,,,,,,,,,,,941,924.25,928.25,61307,950.1675022844138,969.7519235130042
2023-04-24,934.25,937.25,912,912.25,,,0,0,,,,,,,,,,,937.25,912,912.25,74613,946.7204566221943,967.4969461203374
2023-04-25,912.25,915.75,897.75,908.25,,,0,0,,,,,,,,,,,915.75,897.75,908.25,85290,943.2231423838131,965.1735364685594
2023-04-26,909,913,896.25,897.25,,,0,0,,,,,,,,,,,913,896.25,897.25,63261,939.0437658034664,962.5098683717531
2023-04-27,899,900.75,880.75,884.5,,,0,0,,,,,,,,,,,900.75,880.75,884.5,88176,934.085241639515,959.4506578473706
2023-04-28,885.75,894.25,879.5,889,,,0,0,,,,,,,,,,,894.25,879.5,889,61854,929.98658330865,956.6878869513953
2023-05-01,888.75,890.5,869,873.5,,,0,0,,,,,,,,,,,890.5,869,873.5,62946,924.8514393715,953.42561687487
2023-05-02,875.25,881.75,862.75,864.5,,,0,0,,,,,,,,,,,881.75,862.75,864.5,64269,919.3649448831818,949.9383377817378
2023-05-03,864.5,897.5,859,895,,,0,0,,,,,,,,,,,897.5,859,895,98282,917.1499498938016,947.7838931628461
2023-05-04,897.25,906,884.5,900.25,,,0,0,,,,,,,,,,,906,884.5,900.25,72438,915.6135908125469,945.9198189211659
2023-05-05,901.25,918.75,899,915.5,,,0,0,,,,,,,,,,,918.75,899,915.5,70364,915.6032643750426,944.726884845826
2023-05-08,917.25,924.25,907.5,909.25,,,0,0,,,,,,,,,,,924.25,907.5,909.25,62820,915.0256948864023,943.3356344597152
2023-05-09,908.5,909,888.25,898.75,,,0,0,,,,,,,,,,,909,888.25,898.75,59773,913.5460862603658,941.587178206393
2023-05-10,899,903,885,896.5,,,0,0,,,,,,,,,,,903,885,896.5,59987,911.996442054878,939.8190535708482
2023-05-11,895.25,896,880.75,882.5,,,0,0,,,,,,,,,,,896,880.75,882.5,53457,909.3149473226164,937.571247548462
2023-05-12,883.25,909.25,881.25,890.25,,,0,0,,,,,,,,,,,909.25,881.25,890.25,74154,907.5817702932876,935.7155123504831
2023-05-15,890.25,919,887.75,916,,,0,0,,,,,,,,,,,919,887.75,916,67502,908.3470639029887,934.9423550034053
2023-05-16,917,919.5,895.25,902.75,,,0,0,,,,,,,,,,,919.5,895.25,902.75,62562,907.8382399118079,933.6799097091541
2023-05-17,902,909.5,871.25,880.75,,,0,0,,,,,,,,,,,909.5,871.25,880.75,98456,905.3756726470981,931.6042269754618
2023-05-18,881.5,881.75,860.75,867,,,0,0,,,,,,,,,,,881.75,860.75,867,59509,901.8869751337255,929.0707278783848
2023-05-19,866.25,876,857.25,860.25,,,0,0,,,,,,,,,,,876,857.25,860.25,62743,898.1017955761141,926.3718758047227
2023-05-22,863,869,851.5,861.5,,,0,0,,,,,,,,,,,869,851.5,861.5,60942,894.7743596146491,923.8278806751257
2023-05-23,862.75,880,849.5,877.5,,,0,0,,,,,,,,,,,880,849.5,877.5,57431,893.2039632860447,922.011101040807
2023-05-24,876.25,879.75,857.5,861.5,,,0,0,,,,,,,,,,,879.75,857.5,861.5,61465,890.3217848054951,919.6381166862656
2023-05-25,862.25,871.75,854.25,859.5,,,0,0,,,,,,,,,,,871.75,854.25,859.5,53306,887.5198043686319,917.2797591691572
2023-05-26,861.25,873.75,857.75,871.25,,,0,0,,,,,,,,,,,873.75,857.75,871.25,48350,886.0407312442107,915.4746705742882
2023-05-30,872,872,844,846.25,,,0,0,,,,,,,,,,,872,844,846.25,74481,882.4233920401916,912.7599776105907
2023-05-31,846.75,850.25,828.5,849.5,,,0,0,,,,,,,,,,,850.25,828.5,849.5,73773,879.4303564001742,910.2791941748812
2023-06-01,849.5,872.75,848.25,866,,,0,0,,,,,,,,,,,872.75,848.25,866,80028,878.2094149092493,908.542755187631
2023-06-02,865.5,877.75,857.5,874.25,,,0,0,,,,,,,,,,,877.75,857.5,874.25,69362,877.8494680993175,907.1979412587043
2023-06-05,876.75,886.75,870.75,879.25,,,0,0,,,,,,,,,,,886.75,870.75,879.25,69485,877.9767891811978,906.1019435622845
2023-06-06,879.5,903.25,876.5,883,,,0,0,,,,,,,,,,,903.25,876.5,883,113883,878.4334447101797,905.1959849912146
2023-06-07,881.75,890.75,868.5,872,,,0,0,,,,,,,,,,,890.75,868.5,872,89270,877.8485861001634,903.8941816582258
2023-06-08,871.25,884.25,866.5,881.5,,,0,0,,,,,,,,,,,884.25,866.5,881.5,98911,878.1805328183303,903.0159784559424
2023-06-09,879.75,887.5,873.75,885.5,,,0,0,,,,,,,,,,,887.5,873.75,885.5,113037,878.8459389257548,902.3290773400231
2023-06-12,885,894,877.5,889,,,0,0,,,,,,,,,,,894,877.5,889,91968,879.7690353870498,901.8063684247281
2023-06-13,889.75,904.5,882,891.5,,,0,0,,,,,,,,,,,904.5,882,891.5,106163,880.8354867154999,901.4021971139545
2023-06-14,893.25,894.25,880.25,885.5,,,0,0,,,,,,,,,,,894.25,880.25,885.5,70761,881.2595333777272,900.7785815408582
2023-06-15,884.25,920.5,883.5,916.75,,,0,0,,,,,,,,,,,920.5,883.5,916.75,72093,884.4859394342974,901.4049116765109
2023-06-16,916,953.5,913.75,945.5,,,0,0,,,,,,,,,,,953.5,913.75,945.5,85155,890.0326722129977,903.1341308264516
2023-06-20,945.5,957.25,933.25,952.75,,,0,0,,,,,,,,,,,957.25,933.25,952.75,68485,895.7342474663616,905.0798511861987
2023-06-21,957,992.75,956.75,992.25,,,0,0,,,,,,,,,,,992.75,956.75,992.25,72233,904.5084067876014,908.498288394583
2023-06-22,986.5,1004.75,983,996.75,,,0,0,,,,,,,,,,,1004.75,983,996.75,74960,912.8940061705467,911.9591398300896
2023-06-23,994.5,995.25,976.75,990.5,,,0,0,,,,,,,,,,,995.25,976.75,990.5,81324,919.9490965186789,915.0391735622429
2023-06-26,991.5,1014.25,977,982.25,,,0,0,,,,,,,,,,,1014.25,977,982.25,95716,925.6128150169808,917.6748922460765
2023-06-27,983,986,939.5,943,,,0,0,,,,,,,,,,,986,939.5,943,73256,927.1934681972552,918.6680337266225
2023-06-28,942.5,950.25,911.5,913.75,,,0,0,,,,,,,,,,,950.25,911.5,913.75,70475,925.9713347247775,918.4751696589118
2023-06-29,913.75,922,908.5,911.5,,,0,0,,,,,,,,,,,922,908.5,911.5,57733,924.6557588407069,918.2016335938564
2023-06-30,913.25,924.75,890,895,,,0,0,,,,,,,,,,,924.75,890,895,68030,921.959780764279,917.2917656097836
2023-07-03,893,899.75,882,885.75,,,0,0,,,,,,,,,,,899.75,882,885.75,53440,918.6679825129809,916.0548336250862
2023-07-05,893.75,924,890.25,918.25,,,0,0,,,,,,,,,,,924,890.25,918.25,73233,918.6299841027098,916.1409185809651
2023-07-06,917.75,918,895.75,902,,,0,0,,,,,,,,,,,918,895.75,902,57251,917.1181673660999,915.5863727542607
2023-07-07,900.75,906,887.75,893.5,,,0,0,,,,,,,,,,,906,887.75,893.5,48552,914.971061241909,914.7202404893877
2023-07-10,893.5,904,886.25,890.25,,,0,0,,,,,,,,,,,904,886.25,890.25,46427,912.7236920380991,913.7606232152941
2023-07-11,889.25,909.25,888,904.5,,,0,0,,,,,,,,,,,909.25,888,904.5,45270,911.9760836709992,913.3974615205767
2023-07-12,902,906.5,876,876.75,,,0,0,,,,,,,,,,,906.5,876,876.75,70490,908.773712428181,911.9603061668286
2023-07-13,877.5,888.75,866,883.75,,,0,0,,,,,,,,,,,888.75,866,883.75,63331,906.4988294801645,910.8540196504823
2023-07-14,883.5,907.25,881.75,905.5,,,0,0,,,,,,,,,,,907.25,881.75,905.5,55640,906.4080268001496,910.6440580955615
2023-07-17,910,933.25,895,897.75,,,0,0,,,,,,,,,,,933.25,895,897.75,73578,905.6209334546814,910.1384087584806
2023-07-18,893.25,919,886.25,914.75,,,0,0,,,,,,,,,,,919,886.25,914.75,54946,906.450848595165,910.3192554738343
2023-07-19,913,974.75,908,971.75,,,0,0,,,,,,,,,,,974.75,908,971.75,148746,912.3871350865136,912.728304278782
2023-07-20,969,994.75,955.25,971,,,0,0,,,,,,,,,,,994.75,955.25,971,136382,917.7155773513759,915.013468816869
2023-07-21,968.75,977.25,937.5,941.5,,,0,0,,,,,,,,,,,977.25,937.5,941.5,95069,919.8777975921599,916.0521563142468
2023-07-24,946,1001.5,942.75,1001.5,,,0,0,,,,,,,,,,,1001.5,942.75,1001.5,96764,927.2979978110545,919.4030521450607
2023-07-25,998.25,1021.25,980.5,1004.25,,,0,0,,,,,,,,,,,1021.25,980.5,1004.25,107919,934.2936343736859,922.7303834334897
2023-07-26,1001,1001.5,953,964,,,0,0,,,,,,,,,,,1001.5,953,964,105761,936.9942130669872,924.3487997694313
2023-07-27,967.25,984,955.75,956.75,,,0,0,,,,,,,,,,,984,955.75,956.75,75102,938.7901936972611,925.6194350725908
2023-07-28,958.75,964.25,933,948.25,,,0,0,,,,,,,,,,,964.25,933,948.25,74606,939.6501760884191,926.506908206999
2023-07-31,946.5,947,904.25,909.75,,,0,0,,,,,,,,,,,947,904.25,909.75,104577,936.9319782621992,925.8497745518226
2023-08-01,914,919,887.25,896.25,,,0,0,,,,,,,,,,,919,887.25,896.25,69422,933.2336166019993,924.6889990792022
2023-08-02,898.5,928,880,884,,,0,0,,,,,,,,,,,928,880,884,90376,928.7578332745449,923.0933520564884
2023-08-03,883.25,892.25,870.25,871,,,0,0,,,,,,,,,,,892.25,870.25,871,65703,923.5071211586771,921.0504755052535
2023-08-04,871.75,897.75,871.25,877,,,0,0,,,,,,,,,,,897.75,871.25,877,70991,919.2792010533428,919.3230058775965
2023-08-07,890,907.75,880,901.5,,,0,0,,,,,,,,,,,907.75,880,901.5,104532,917.6629100484935,918.624064470632
2023-08-08,901.5,906.25,887,900.25,,,0,0,,,,,,,,,,,906.25,887,900.25,81628,916.0799182259032,917.9035129227641
2023-08-09,899.5,902.25,877.5,879,,,0,0,,,,,,,,,,,902.25,877.5,879,70504,912.7090165690029,916.3778849650087
2023-08-10,881.25,888,879,881.75,,,0,0,,,,,,,,,,,888,879,881.75,67426,909.8945605172753,915.0199286918711
2023-08-11,882,883.75,868.25,870.75,,,0,0,,,,,,,,,,,883.75,868.25,870.75,72254,906.3359641066139,913.2838530568957
2023-08-14,876.75,879,849.25,860,,,0,0,,,,,,,,,,,879,849.25,860,56037,902.1236037332853,911.1942901919194
2023-08-15,862.5,863,839.75,842.5,,,0,0,,,,,,,,,,,863,839.75,842.5,52402,896.7032761211685,908.500396458903
2023-08-16,842.75,851.5,835.5,841.75,,,0,0,,,,,,,,,,,851.5,835.5,841.75,41338,891.7075237465168,905.8827338526714
2023-08-17,843.75,845.25,830.25,833.5,,,0,0,,,,,,,,,,,845.25,830.25,833.5,31435,886.4159306786516,903.0441952702138
2023-08-18,833.5,859.5,833.25,857.25,,,0,0,,,,,,,,,,,859.5,833.25,857.25,47725,883.7644824351379,901.2483444753034
2023-08-21,862.25,864.5,841,843.75,,,0,0,,,,,,,,,,,864.5,841,843.75,42372,880.1268022137617,898.9935074370562
2023-08-22,843.25,855.25,839.5,845.75,,,0,0,,,,,,,,,,,855.25,839.5,845.75,42768,877.0016383761471,896.9055267532501
2023-08-23,847.25,861.75,842.5,858,,,0,0,,,,,,,,,,,861.75,842.5,858,42320,875.2742167055883,895.3798198217501
2023-08-24,860.5,860.75,844.75,850,,,0,0,,,,,,,,,,,860.75,844.75,850,40837,872.9765606414439,893.6002190444266
2023-08-25,850.5,856,833.75,840,,,0,0,,,,,,,,,,,856,833.75,840,56651,869.9786914922217,891.4982496701354
2023-08-28,840.25,846.75,830.75,835.25,,,0,0,,,,,,,,,,,846.75,830.75,835.25,46802,866.8215377202016,889.292435957581
2023-08-29,834.75,836.5,817.75,818.75,,,0,0,,,,,,,,,,,836.5,817.75,818.75,68848,862.451397927456,886.5260659200288
2023-08-30,821,829,817.75,825.25,,,0,0,,,,,,,,,,,829,817.75,825.25,64121,859.0694526613237,884.1230829427728
2023-08-31,823.25,834,811.75,820.25,,,0,0,,,,,,,,,,,834,811.75,820.25,66515,855.5404115102942,881.6182561607034
2023-09-01,820.25,831,813.5,813.75,,,0,0,,,,,,,,,,,831,813.5,813.75,52173,851.7412831911765,878.9567559191072
2023-09-05,817,824,810.5,817.5,,,0,0,,,,,,,,,,,824,810.5,817.5,50088,848.6284392647059,876.5466870595344
2023-09-06,819.5,833.75,817.25,827.25,,,0,0,,,,,,,,,,,833.75,817.25,827.25,45236,846.6849447860963,874.613483645435
2023-09-07,827.25,832,816.25,818,,,0,0,,,,,,,,,,,832,816.25,818,42727,844.0772225328147,872.3933470318885
2023-09-08,818.25,821,808.75,814,,,0,0,,,,,,,,,,,821,808.75,814,45764,841.3429295752861,870.1034118541675
2023-09-11,815.25,815.75,798.5,802.75,,,0,0,,,,,,,,,,,815.75,798.5,802.75,50810,837.8344814320783,867.4621015853766
2023-09-12,802.5,809.25,788.25,805.75,,,0,0,,,,,,,,,,,809.25,788.25,805.75,64491,834.9177103927984,865.0420191702638
2023-09-13,805.75,819.75,803,815.5,,,0,0,,,,,,,,,,,819.75,803,815.5,65351,833.1524639934531,863.0991948890769
2023-09-14,813.75,816,801.75,812,,,0,0,,,,,,,,,,,816,801.75,812,55236,831.229512721321,861.0953048934268
2023-09-15,812.5,825.75,810,822.5,,,0,0,,,,,,,,,,,825.75,810,822.5,65394,830.4359206557464,859.5817635250571
2023-09-18,822.25,822.5,805.25,809.5,,,0,0,,,,,,,,,,,822.5,805.25,809.5,64919,828.5326551415876,857.6177727985843
2023-09-19,806.25,811,799.25,802.25,,,0,0,,,,,,,,,,,811,799.25,802.25,58587,826.1433228559887,855.4464875907967
2023-09-20,803.5,814.5,799.75,807,,,0,0,,,,,,,,,,,814.5,799.75,807,63637,824.4030207781715,853.5466253323341
2023-09-21,807.25,808.5,793.25,794,,,0,0,,,,,,,,,,,808.5,793.25,794,50330,821.6391097983377,851.2114635545955
2023-09-22,794.75,800.75,791,797.75,,,0,0,,,,,,,,,,,800.75,791,797.75,45559,819.4673725439434,849.1149355720623
2023-09-25,795.25,808.25,792,807.25,,,0,0,,,,,,,,,,,808.25,792,807.25,44697,818.3567023126758,847.4731733927658
2023-09-26,807.25,815,801.5,807.25,,,0,0,,,,,,,,,,,815,801.5,807.25,48882,817.3470021024325,845.8957940440299
2023-09-27,807.5,812.75,796.75,797.75,,,0,0,,,,,,,,,,,812.75,796.75,797.75,55807,815.5654564567568,844.007723689362
2023-09-28,798.75,801.75,793.5,797,,,0,0,,,,,,,,,,,801.75,793.5,797,43969,813.8776876879607,842.1642835446812
2023-09-29,797.75,803.75,758.25,759.75,,,0,0,,,,,,,,,,,803.75,758.25,759.75,123780,808.956988807237,838.9323508566545
2023-10-02,763.25,785.25,759.5,783,,,0,0,,,,,,,,,,,785.25,759.5,783,96364,806.5972625520337,836.7389253328641
2023-10-03,786.5,793.25,781,786.75,,,0,0,,,,,,,,,,,793.25,781,786.75,75409,804.7929659563943,834.7785753198107
2023-10-04,785.75,788,770,778.25,,,0,0,,,,,,,,,,,788,770,778.25,66479,802.3799690512675,832.561768444524
2023-10-05,778,798.5,777.25,796.5,,,0,0,,,,,,,,,,,798.5,777.25,796.5,69807,801.8454264102431,831.1475814466995
2023-10-06,794.25,798.5,784.75,786.5,,,0,0,,,,,,,,,,,798.5,784.75,786.5,50140,800.4503876456756,829.3966958997702
2023-10-09,791.5,799.75,788.25,791,,,0,0,,,,,,,,,,,799.75,788.25,791,46092,799.5912614960688,827.8909431193871
2023-10-10,792,793,773.75,776.75,,,0,0,,,,,,,,,,,793,773.75,776.75,48419,797.5147831782443,825.8854159382347
2023-10-11,777.25,779,769.25,774.25,,,0,0,,,,,,,,,,,779,769.25,774.25,43895,795.399802889313,823.860497666147
2023-10-12,775.5,792.75,765.5,789.75,,,0,0,,,,,,,,,,,792.75,765.5,789.75,83008,794.8861844448301,822.522831091004
2023-10-13,790.25,804.5,787.75,798,,,0,0,,,,,,,,,,,804.5,787.75,798,87479,795.1692585862091,821.5611514403764
2023-10-16,798.25,806.75,793.5,795.5,,,0,0,,,,,,,,,,,806.75,793.5,795.5,56769,795.1993259874629,820.5391455015381
2023-10-17,795.25,800.5,786.75,788.75,,,0,0,,,,,,,,,,,800.5,786.75,788.75,53405,794.6130236249662,819.292512344615
2023-10-18,790.75,802.25,789.5,798.5,,,0,0,,,,,,,,,,,802.25,789.5,798.5,52739,794.9663851136056,818.4771197036497
2023-10-19,798,812.75,794.75,812.25,,,0,0,,,,,,,,,,,812.75,794.75,812.25,65379,796.5376228305505,818.2329189309576
2023-10-20,812.25,822.75,801.5,804.25,,,0,0,,,,,,,,,,,822.75,801.5,804.25,81524,797.2387480277732,817.6845691689592
2023-10-23,804.75,813.5,800.25,805.5,,,0,0,,,,,,,,,,,813.5,800.25,805.5,48387,797.9897709343393,817.2067429270393
2023-10-24,806,806.25,791,798.75,,,0,0,,,,,,,,,,,806.25,791,798.75,47630,798.0588826675812,816.4829490867633
2023-10-25,798.25,804.5,785.25,786.75,,,0,0,,,,,,,,,,,804.5,785.25,786.75,57951,797.0308024250738,815.3169510833608
2023-10-26,787.5,798.75,781.5,797.75,,,0,0,,,,,,,,,,,798.75,781.5,797.75,72437,797.0961840227944,814.628051040876
2023-10-27,798.5,800.75,789.25,793.75,,,0,0,,,,,,,,,,,800.75,789.25,793.75,48608,796.7919854752677,813.8093039412338
2023-10-30,794.25,795.25,783.5,784.25,,,0,0,,,,,,,,,,,795.25,783.5,784.25,60510,795.651804977516,812.6501155513815
2023-10-31,786.5,786.75,772.75,774.5,,,0,0,,,,,,,,,,,786.75,772.75,774.5,72016,793.7289136159236,811.1540325885823
2023-11-01,775.75,783,773,780,,,0,0,,,,,,,,,,,783,773,780,58783,792.4808305599305,809.9323058204026
2023-11-02,780.5,787.75,775.5,783.75,,,0,0,,,,,,,,,,,787.75,775.5,783.75,53492,791.6871186908459,808.9055487294064
2023-11-03,784,792.75,782,790.75,,,0,0,,,,,,,,,,,792.75,782,790.75,41970,791.6019260825872,808.1935664262925
2023-11-06,791.25,796,784.75,794,,,0,0,,,,,,,,,,,796,784.75,794,68699,791.819932802352,807.6369559782025
2023-11-07,792.25,800.5,782.75,788.5,,,0,0,,,,,,,,,,,800.5,782.75,788.5,106304,791.518120729411,806.8864871163122
2023-11-08,789.75,817,788.5,810.5,,,0,0,,,,,,,,,,,817,788.5,810.5,144369,793.2437461176463,807.0281935039078
2023-11-09,808.25,810.75,791.25,799,,,0,0,,,,,,,,,,,810.75,791.25,799,85078,793.767041925133,806.7133623861075
2023-11-10,800,801.25,789,793.5,,,0,0,,,,,,,,,,,801.25,789,793.5,68735,793.7427653864845,806.1951913121425
2023-11-13,793.25,800.25,785.5,797.25,,,0,0,,,,,,,,,,,800.25,785.5,797.25,80609,794.061604896804,805.84439949598
2023-11-14,799.25,803.25,788.5,790.25,,,0,0,,,,,,,,,,,803.25,788.5,790.25,65166,793.715095360731,805.2328544177063
2023-11-15,791,797.5,775.25,778.75,,,0,0,,,,,,,,,,,797.5,775.25,778.75,83309,792.3546321461191,804.194311107208
2023-11-16,781,781.5,766,771.75,,,0,0,,,,,,,,,,,781.5,766,771.75,67925,790.4814837691991,802.9219851814352
2023-11-17,772.75,776,765.25,766.5,,,0,0,,,,,,,,,,,776,765.25,766.5,63689,788.3013488810901,801.4936720370652
2023-11-20,766.5,770.5,758.5,761.25,,,0,0,,,,,,,,,,,770.5,758.5,761.25,56489,785.8421353464456,799.9154888199254
2023-11-21,761.75,775.5,759.5,773.5,,,0,0,,,,,,,,,,,775.5,759.5,773.5,69087,784.7201230422232,798.8795872975753
2023-11-22,774.75,782.25,773.75,775.25,,,0,0,,,,,,,,,,,782.25,773.75,775.25,57250,783.8592027656575,797.9529368153175
2023-11-24,773.5,775.25,765.75,768,,,0,0,,,,,,,,,,,775.25,765.75,768,45784,782.4174570596887,796.7783118421678
2023-11-27,769.25,772.75,747,751.75,,,0,0,,,,,,,,,,,772.75,747,751.75,97007,779.6295064178988,795.0124956914946
2023-11-28,752.75,764.75,748,762.75,,,0,0,,,,,,,,,,,764.75,748,762.75,84851,778.0950058344534,793.7472997820242
2023-11-29,764.5,778.25,762.25,776.5,,,0,0,,,,,,,,,,,778.25,762.25,776.5,72626,777.9500053040485,793.07093508469
2023-11-30,776.5,789.75,772.75,788.75,,,0,0,,,,,,,,,,,789.75,772.75,788.75,78520,778.9318230036805,792.9014866499962
2023-12-01,786.25,800.75,779.75,793.5,,,0,0,,,,,,,,,,,800.75,779.75,793.5,72327,780.2562027306186,792.924957761761
2023-12-04,792.75,817.25,791,811.25,,,0,0,,,,,,,,,,,817.25,791,811.25,95896,783.0738206641987,793.643586869143
2023-12-05,809.75,827,807,822,,,0,0,,,,,,,,,,,827,807,822,99869,786.6125642401806,794.755603070353
2023-12-06,820.75,840.25,816.25,824.25,,,0,0,,,,,,,,,,,840.25,816.25,824.25,113132,790.0341493092551,795.9122460872019
2023-12-07,822,835.75,812.5,833,,,0,0,,,,,,,,,,,835.75,812.5,833,97744,793.9401357356865,797.3666678092724
2023-12-08,831.75,835.75,819.5,822.5,,,0,0,,,,,,,,,,,835.75,819.5,822.5,74699,796.5364870324422,798.352288679497
2023-12-11,822.75,824,798,800.25,,,0,0,,,,,,,,,,,824,798,800.25,66113,796.874079120402,798.4267087312813
2023-12-12,800.5,819.5,799,816.25,,,0,0,,,,,,,,,,,819.5,799,816.25,55336,798.6355264730928,799.1256613300546
2023-12-13,815,817.25,793.25,796,,,0,0,,,,,,,,,,,817.25,793.25,796,57314,798.395933157357,799.0030863759348
2023-12-14,798.75,810.25,797.25,806.5,,,0,0,,,,,,,,,,,810.25,797.25,806.5,46870,799.1326665066882,799.2970829886432
2023-12-15,806.75,820.75,801.5,820,,,0,0,,,,,,,,,,,820.75,801.5,820,52711,801.029696824262,800.1089620871278
2023-12-18,820.5,822.75,805.5,807.75,,,0,0,,,,,,,,,,,822.75,805.5,807.75,43591,801.6406334766018,800.4086106327306
2023-12-19,809,815,802,813.5,,,0,0,,,,,,,,,,,815,802,813.5,42919,802.7187577060016,800.921998451055
2023-12-20,813.25,816,799.75,800.75,,,0,0,,,,,,,,,,,816,799.75,800.75,39373,802.5397797327288,800.9152534137587
2023-12-21,802.25,808,801,803.25,,,0,0,,,,,,,,,,,808,801,803.25,33648,802.6043452115716,801.0068121034152
2023-12-22,803.25,809,801.5,807,,,0,0,,,,,,,,,,,809,801.5,807,26134,803.0039501923378,801.2418390797519
2023-12-26,805.75,830.5,802.25,827,,,0,0,,,,,,,,,,,830.5,802.25,827,40674,805.1854092657617,802.2519630374087
2023-12-27,826.75,828.25,810,813.75,,,0,0,,,,,,,,,,,828.25,810,813.75,38063,805.9640084234197,802.7028664477064
2023-12-28,815,827,812.5,822.25,,,0,0,,,,,,,,,,,827,812.5,822.25,32254,807.4445531121997,803.469420704659
2023-12-29,821.75,824.25,812.25,818.75,,,0,0,,,,,,,,,,,824.25,812.25,818.75,34752,808.4723210110907,804.0686591083978
2024-01-02,819.5,819.5,795.5,797.5,,,0,0,,,,,,,,,,,819.5,795.5,797.5,61472,807.4748372828097,803.8110646335587
2024-01-03,798.75,800.5,789,791,,,0,0,,,,,,,,,,,800.5,789,791,63996,805.9771248025543,803.3086699420465
2024-01-04,792.25,805.25,782,804.25,,,0,0,,,,,,,,,,,805.25,782,804.25,63693,805.8201134568675,803.34558484628
2024-01-05,803.75,812.25,802.25,806.75,,,0,0,,,,,,,,,,,812.25,802.25,806.75,43101,805.9046485971522,803.4790913228965
2024-01-08,807.75,808,783.75,787,,,0,0,,,,,,,,,,,808,783.75,787,70376,804.1860441792293,802.8328524474888
2024-01-09,786.75,804.5,784.75,800.75,,,0,0,,,,,,,,,,,804.5,784.75,800.75,57128,803.873676526572,802.751171959352
2024-01-10,801,802.75,794.5,801.5,,,0,0,,,,,,,,,,,802.75,794.5,801.5,40391,803.6578877514291,802.7021063923186
2024-01-11,800.75,805.5,792.75,794.5,,,0,0,,,,,,,,,,,805.5,792.75,794.5,38907,802.8253525012992,802.3804551612473
2024-01-12,794.75,802.5,778,786.75,,,0,0,,,,,,,,,,,802.5,778,786.75,82712,801.3639568193629,801.767496135316
2024-01-16,786.75,793,767.5,772.75,,,0,0,,,,,,,,,,,793,767.5,772.75,61371,798.7626880176026,800.6295551104017
2024-01-17,772.25,786.5,768.5,773.25,,,0,0,,,,,,,,,,,786.5,768.5,773.25,69550,796.4433527432751,799.5558470668566
2024-01-18,774.25,777.75,764,776.25,,,0,0,,,,,,,,,,,777.75,764,776.25,50947,794.6075934029774,798.6418922799211
2024-01-19,777,788.75,775.5,784,,,0,0,,,,,,,,,,,788.75,775.5,784,48393,793.6432667299795,798.0677004258065
2024-01-22,784.25,791,777.75,787.25,,,0,0,,,,,,,,,,,791,777.75,787.25,36371,793.0620606636177,797.6434768796964
2024-01-23,786.75,797.5,784.5,787.25,,,0,0,,,,,,,,,,,797.5,784.5,787.25,42176,792.5336915123797,797.2358895510808
2024-01-24,788.75,803,787.25,801.5,,,0,0,,,,,,,,,,,803,787.25,801.5,56703,793.3488104657997,797.4031095686855
2024-01-25,802.25,808,797.25,803,,,0,0,,,,,,,,,,,808,797.25,803,54705,794.2261913325452,797.6225954679528
2024-01-26,802.75,804.75,783,791,,,0,0,,,,,,,,,,,804.75,783,791,69590,793.9329012114048,797.3628858417586
2024-01-29,792,792.5,778.25,784.25,,,0,0,,,,,,,,,,,792.5,778.25,784.25,41478,793.0526374649135,796.8486550244347
2024-01-30,784.25,797.5,775.25,796.25,,,0,0,,,,,,,,,,,797.5,775.25,796.25,51993,793.343306786285,796.8251783568098
2024-01-31,795.75,795.75,782.5,786,,,0,0,,,,,,,,,,,795.75,782.5,786,43147,792.6757334420772,796.4006615585035
2024-02-01,786,793.75,777.75,792.25,,,0,0,,,,,,,,,,,793.75,777.75,792.25,62577,792.6370304018884,796.2378905169936
2024-02-02,792.25,802.25,786.5,790.5,,,0,0,,,,,,,,,,,802.25,786.5,790.5,66721,792.4427549108076,796.0128752026017
2024-02-05,790.75,792.5,777.5,781,,,0,0,,,,,,,,,,,792.5,777.5,781,51236,791.4025044643705,795.4241349985781
2024-02-06,781.25,788.25,778.75,785.75,,,0,0,,,,,,,,,,,788.25,778.75,785.75,47583,790.888640422155,795.0447571554967
2024-02-07,785.5,797.5,781.5,792.75,,,0,0,,,,,,,,,,,797.5,781.5,792.75,79577,791.0578549292319,794.9547666788105
2024-02-08,792,792.75,774.5,779.25,,,0,0,,,,,,,,,,,792.75,774.5,779.25,78673,789.984413572029,794.3388934757199
2024-02-09,782,796.25,778.75,787.5,,,0,0,,,,,,,,,,,796.25,778.75,787.5,100815,789.7585577927537,794.0707015747113
2024-02-12,787,793.75,779.25,788.25,,,0,0,,,,,,,,,,,793.75,779.25,788.25,69031,789.6214161752306,793.8424387678599
2024-02-13,787.75,794.25,783,788.25,,,0,0,,,,,,,,,,,794.25,783,788.25,82483,789.4967419774823,793.6231274436301
2024-02-14,788,788.5,768.25,776.25,,,0,0,,,,,,,,,,,788.5,768.25,776.25,84588,788.2924927068021,792.9418283281937
2024-02-15,776.25,776.5,759.25,760.5,,,0,0,,,,,,,,,,,776.5,759.25,760.5,72288,785.7659024607292,791.6695997663037
2024-02-16,760.25,762,748.25,752.25,,,0,0,,,,,,,,,,,762,748.25,752.25,62158,782.7190022370265,790.1237331088016
2024-02-20,750,775,746.75,772.5,,,0,0,,,,,,,,,,,775,746.75,772.5,76260,781.7900020336605,789.4326063202211
2024-02-21,772,773.75,764.25,771.25,,,0,0,,,,,,,,,,,773.75,764.25,771.25,54183,780.8318200306004,788.7195629351144
2024-02-22,769.25,787.5,767.75,772.5,,,0,0,,,,,,,,,,,787.5,767.75,772.5,78002,780.0743818460004,788.0835016435412
2024-02-23,773.5,780.75,761.25,762.25,,,0,0,,,,,,,,,,,780.75,761.25,762.25,56961,778.453983496364,787.070423147716
2024-02-26,763,769.5,753.25,768,,,0,0,,,,,,,,,,,769.5,753.25,768,62214,777.503621360331,786.322563416433
2024-02-27,767,782.75,764.75,777.5,,,0,0,,,,,,,,,,,782.75,764.75,777.5,59222,777.5032921457554,785.9765805373572
2024-02-28,777.5,778.25,764.75,768,,,0,0,,,,,,,,,,,778.25,764.75,768,55963,776.6393564961412,785.2716165947157
2024-02-29,769.5,774.75,762.25,769.5,,,0,0,,,,,,,,,,,774.75,762.25,769.5,51085,775.9903240874011,784.6531218262955
2024-03-01,768.25,770,748.75,751,,,0,0,,,,,,,,,,,770,748.75,751,68452,773.7184764430918,783.3333915585977
2024-03-04,752.5,761.25,746.25,757.25,,,0,0,,,,,,,,,,,761.25,746.25,757.25,45471,772.2213422209926,782.3105134582605
2024-03-05,756.75,758.5,739.5,744.25,,,0,0,,,,,,,,,,,758.5,739.5,744.25,65812,769.678492928175,780.8179443030347
2024-03-06,744.75,744.75,722.75,724.25,,,0,0,,,,,,,,,,,744.75,722.75,724.25,105250,765.5486299347045,778.5995935460529
2024-03-07,726.5,732,721.25,721.75,,,0,0,,,,,,,,,,,732,721.25,721.75,95285,761.5669363042769,776.3701977207176
2024-03-08,722.75,736,719.25,731,,,0,0,,,,,,,,,,,736,719.25,731,73290,758.7881239129789,774.5909742806895
2024-03-11,732.75,743.5,716.75,740.5,,,0,0,,,,,,,,,,,743.5,716.75,740.5,81244,757.1255671936171,773.2540733285056
2024-03-12,740.25,749.25,734.5,740.75,,,0,0,,,,,,,,,,,749.25,734.5,740.75,62617,755.6368792669247,771.9794037862113
2024-03-13,742.5,747.25,730,737.5,,,0,0,,,,,,,,,,,747.25,730,737.5,59143,753.9880720608406,770.6272703043991
2024-03-14,736,736.25,721.5,725.5,,,0,0,,,,,,,,,,,736.25,721.5,725.5,60596,751.398247328037,768.8575734297168
2024-03-15,725.25,730.75,720,721.75,,,0,0,,,,,,,,,,,730.75,720,721.75,40453,748.7029521163972,767.0102176089435
2024-03-18,724.5,737.25,720.25,736,,,0,0,,,,,,,,,,,737.25,720.25,736,57975,747.5481382876338,765.7941306438869
2024-03-19,736,747,732.25,745.75,,,0,0,,,,,,,,,,,747,732.25,745.75,52072,747.3846711705762,765.0080863049109
2024-03-20,745,746.25,730.25,738.25,,,0,0,,,,,,,,,,,746.25,730.25,738.25,52836,746.5542465187057,763.9587495870712
2024-03-21,739.25,745.75,733.5,740,,,0,0,,,,,,,,,,,745.75,733.5,740,43716,745.958405926096,763.0191907797351
2024-03-22,741.75,752.5,732.75,748,,,0,0,,,,,,,,,,,752.5,732.75,748,58439,746.14400538736,762.43020290602
2024-03-25,752.25,760.25,742.75,748.25,,,0,0,,,,,,,,,,,760.25,742.75,748.25,63147,746.3354594430546,761.8741165175486
2024-03-26,748.25,750.75,736,736.75,,,0,0,,,,,,,,,,,750.75,736,736.75,39839,745.4640540391405,760.8888570462722
2024-03-27,736.5,742.75,731.75,740.75,,,0,0,,,,,,,,,,,742.75,731.75,740.75,40131,745.0355036719459,760.0990979464184
2024-03-28,739.75,761.75,737.75,753.5,,,0,0,,,,,,,,,,,761.75,737.75,753.5,72671,745.8050033381327,759.8403097916569
2024-04-01,755.25,756,740.5,750.25,,,0,0,,,,,,,,,,,756,740.5,750.25,43697,746.209093943757,759.4642192115919
2024-04-02,750.75,756,736.75,738.5,,,0,0,,,,,,,,,,,756,736.75,738.5,64529,745.5082672215973,758.642092968
2024-04-03,738.25,753,733.5,749.25,,,0,0,,,,,,,,,,,753,733.5,749.25,58686,745.8484247469066,758.273775596706
2024-04-04,749.25,755.75,742.75,749.5,,,0,0,,,,,,,,,,,755.75,742.75,749.5,61299,746.1803861335515,757.9297059654626
2024-04-05,749.25,768,748.25,760.5,,,0,0,,,,,,,,,,,768,748.25,760.5,106580,747.4821692123195,758.0305018099543
2024-04-08,763.5,767,752.75,759,,,0,0,,,,,,,,,,,767,752.75,759,90126,748.5292447384722,758.0685213468189
2024-04-09,756.25,757.5,746.75,751,,,0,0,,,,,,,,,,,757.5,746.75,751,73159,748.7538588531565,757.7913244312574
2024-04-10,751.75,760.5,749,751.75,,,0,0,,,,,,,,,,,760.5,749,751.75,68514,749.0262353210514,757.5544097476787
2024-04-11,751.25,753,741.5,745,,,0,0,,,,,,,,,,,753,741.5,745,73571,748.6602139282286,757.0620799536521
2024-04-12,745.75,755.75,742.75,749.25,,,0,0,,,,,,,,,,,755.75,742.75,749.25,63720,748.7138308438442,756.7557238770382
2024-04-15,748.5,749.25,737.5,745,,,0,0,,,,,,,,,,,749.25,737.5,745,46713,748.3762098580402,756.2947150975465
2024-04-16,744,750.25,735.75,743,,,0,0,,,,,,,,,,,750.25,735.75,743,53008,747.8874635073092,755.7733537211722
2024-04-17,743.25,748.25,729.25,730.5,,,0,0,,,,,,,,,,,748.25,729.25,730.5,57291,746.3067850066448,754.7822418105379
2024-04-18,731.5,737.75,728.25,731.25,,,0,0,,,,,,,,,,,737.75,728.25,731.25,54452,744.9379863696771,753.8594087983599
2024-04-19,731.25,753,730.5,745,,,0,0,,,,,,,,,,,753,730.5,745,50746,744.9436239724338,753.5119810023458
2024-04-22,744,774,743.75,765.75,,,0,0,,,,,,,,,,,774,743.75,765.75,107776,746.8351127022125,753.9919033159794
2024-04-23,766.25,781.75,761.75,781,,,0,0,,,,,,,,,,,781.75,761.75,781,95163,749.9410115474659,755.0510443624115
2024-04-24,779,795.25,774.5,791.25,,,0,0,,,,,,,,,,,795.25,774.5,791.25,94397,753.69637413406,756.4706112501601
2024-04-25,790.75,801.75,790.25,798.75,,,0,0,,,,,,,,,,,801.75,790.25,798.75,96546,757.7921583036908,758.1286264952519
2024-04-26,798.25,811.5,794.5,800.5,,,0,0,,,,,,,,,,,811.5,794.5,800.5,102785,761.6746893669916,759.7902489856341
2024-04-29,793.5,801.75,780.75,786.75,,,0,0,,,,,,,,,,,801.75,780.75,786.75,100118,763.9542630609014,760.8474941234524
2024-04-30,784,785.5,773.75,781.5,,,0,0,,,,,,,,,,,785.5,773.75,781.5,86577,765.549330055365,761.6573963146895
2024-05-01,782.5,787,771.75,777.5,,,0,0,,,,,,,,,,,787,771.75,777.5,64885,766.6357545957864,762.278674890584
2024-05-02,777,793.75,773.75,782.5,,,0,0,,,,,,,,,,,793.75,773.75,782.5,65654,768.0779587234422,763.0716680321298
2024-05-03,781.5,810.75,781.25,800.75,,,0,0,,,,,,,,,,,810.75,781.25,800.75,96590,771.0481442940384,764.5492496779286
2024-05-06,800.25,828.5,787.75,827,,,0,0,,,,,,,,,,,828.5,787.75,827,107311,776.134676630944,766.9982987101668
2024-05-07,824,832,814.25,821,,,0,0,,,,,,,,,,,832,814.25,821,88539,780.2133423917672,769.1160124862387
2024-05-08,820.5,827.5,806.5,812.25,,,0,0,,,,,,,,,,,827.5,806.5,812.25,70498,783.1257658106975,770.807541408347
2024-05-09,811.25,825.75,809.75,815.75,,,0,0,,,,,,,,,,,825.75,809.75,815.75,62479,786.0916052824523,772.5699907648824
2024-05-10,815.5,843.5,815.25,841.75,,,0,0,,,,,,,,,,,843.5,815.25,841.75,96614,791.151459347684,775.2829323035145
2024-05-13,840.25,872.5,832.75,865.25,,,0,0,,,,,,,,,,,872.5,832.75,865.25,101033,797.8876903160764,778.8110526053374
2024-05-14,864.25,874.25,846,850.75,,,0,0,,,,,,,,,,,874.25,846,850.75,86543,802.6933548327967,781.6321877972849
2024-05-15,852.5,875.25,840.5,844,,,0,0,,,,,,,,,,,875.25,840.5,844,89540,806.4485043934516,784.0779843542541
2024-05-16,842.5,859.75,835,841.5,,,0,0,,,,,,,,,,,859.75,835,841.5,68479,809.6350039940469,786.3298281050677
2024-05-17,840.75,854.75,828.5,829.5,,,0,0,,,,,,,,,,,854.75,828.5,829.5,62410,811.4409127218609,788.022776022516
2024-05-20,832.25,869.5,832.25,867,,,0,0,,,,,,,,,,,869.5,832.25,867,93314,816.4917388380553,791.1199220608487
2024-05-21,865.75,879,860.25,875.75,,,0,0,,,,,,,,,,,879,860.25,875.75,88258,821.8788534891412,794.4387486466977
2024-05-22,875.5,895,866.75,871.25,,,0,0,,,,,,,,,,,895,866.75,871.25,89819,826.3671395355829,797.4509545821213
2024-05-23,872.25,880.75,860.75,876.25,,,0,0,,,,,,,,,,,880.75,860.75,876.25,68180,830.9019450323481,800.5411132259597
2024-05-24,879.5,884.25,867.25,875.5,,,0,0,,,,,,,,,,,884.25,867.25,875.5,70621,834.956313665771,803.480677413177
2024-05-28,891.25,898.25,872,878.5,,,0,0,,,,,,,,,,,898.25,872,878.5,73681,838.9148306052463,806.4226116322681
2024-05-29,879.75,884.5,866.75,871,,,0,0,,,,,,,,,,,884.5,866.75,871,63288,841.8316641865875,808.9550582349242
2024-05-30,871,872,851.5,859.25,,,0,0,,,,,,,,,,,872,851.5,859.25,68977,843.4151492605341,810.9274088923781
2024-05-31,858.75,869.75,852,856.75,,,0,0,,,,,,,,,,,869.75,852,856.75,54291,844.6274084186674,812.7243732495398
2024-06-03,856.25,876,845.75,851,,,0,0,,,,,,,,,,,876,845.75,851,84111,845.2067349260612,814.225378220146
2024-06-04,850.75,859.5,836,836.5,,,0,0,,,,,,,,,,,859.5,836,836.5,82162,844.4152135691465,815.0988927997481
2024-06-05,837.5,842.5,821,825,,,0,0,,,,,,,,,,,842.5,821,825,84832,842.6501941537696,815.4871715134835
2024-06-06,828,832.25,816.5,817.75,,,0,0,,,,,,,,,,,832.25,816.5,817.75,83045,840.3865401397906,815.5759098855037
2024-06-07,817.75,817.75,796.5,805.75,,,0,0,,,,,,,,,,,817.75,796.5,805.75,131164,837.237763763446,815.1905800860723
2024-06-10,804.25,805.25,784.5,785.75,,,0,0,,,,,,,,,,,805.25,784.5,785.75,119712,832.5570579667691,814.0360475336772
2024-06-11,785,811.25,783.75,804.75,,,0,0,,,,,,,,,,,811.25,783.75,804.75,132289,830.0291436061538,813.6718888068664
2024-06-12,804.25,806,788.75,795.25,,,0,0,,,,,,,,,,,806,788.75,795.25,84288,826.8674032783216,812.9494617948324
2024-06-13,792.75,805.5,790.75,798.25,,,0,0,,,,,,,,,,,805.5,790.75,798.25,77149,824.2658211621106,812.373012312682
2024-06-14,797,799.25,787.5,789,,,0,0,,,,,,,,,,,799.25,787.5,789,61720,821.0598374201005,811.4564235945377
2024-06-17,787.5,787.5,767,768.5,,,0,0,,,,,,,,,,,787.5,767,768.5,58028,816.2816703819095,809.7718579633794
2024-06-18,768.5,771.75,757.5,759.5,,,0,0,,,,,,,,,,,771.75,757.5,759.5,61773,811.1197003471905,807.8004125530508
2024-06-20,760.5,760.75,743.75,746.5,,,0,0,,,,,,,,,,,760.75,743.75,746.5,93729,805.2451821338095,805.3964748058723
2024-06-21,746.5,754.25,734.75,736.25,,,0,0,,,,,,,,,,,754.25,734.75,736.25,89671,798.9728928489177,802.684848342897
2024-06-24,737.25,739.5,724.75,731.5,,,0,0,,,,,,,,,,,739.5,724.75,731.5,81433,792.838993499016,799.8932856627833
2024-06-25,731.5,735,719.25,721,,,0,0,,,,,,,,,,,735,719.25,721,85876,786.3081759081964,796.7994313230663
2024-06-26,719.5,733,717.25,721,,,0,0,,,,,,,,,,,733,717.25,721,81213,780.3710690074513,793.8269046045147
2024-06-27,720.5,742,718.75,740,,,0,0,,,,,,,,,,,742,718.75,740,89972,776.7009718249557,791.716045600416
2024-06-28,740.25,746.75,726.5,734,,,0,0,,,,,,,,,,,746.75,726.5,734,74338,772.8190652954142,789.4526712631448
2024-07-01,734,752.25,728.25,750.75,,,0,0,,,,,,,,,,,752.25,728.25,750.75,76771,770.8127866321947,787.9349194489038
2024-07-02,749.5,750.75,739,741.5,,,0,0,,,,,,,,,,,750.75,739,741.5,53054,768.1479878474497,786.1139422156134
2024-07-03,742.5,749,733.25,734.5,,,0,0,,,,,,,,,,,749,733.25,734.5,43946,765.0890798613179,784.0898660502952
2024-07-05,742.75,752.75,739,751,,,0,0,,,,,,,,,,,752.75,739,751,46458,763.80825441938,782.7922242444013
2024-07-08,749.75,751.25,726.5,731,,,0,0,,,,,,,,,,,751.25,726.5,731,61332,760.8256858358,780.7611566269737
2024-07-09,730,739.25,729.75,732.5,,,0,0,,,,,,,,,,,739.25,729.75,732.5,51191,758.2506234870908,778.8685622494454
2024-07-10,732.5,732.75,716.75,722,,,0,0,,,,,,,,,,,732.75,716.75,722,62795,754.9551122609917,776.6384225533888
2024-07-11,721.5,741.25,720,731.75,,,0,0,,,,,,,,,,,741.25,720,731.75,72519,752.8455566009015,774.8780922571774
2024-07-12,730,732,710.5,711.25,,,0,0,,,,,,,,,,,732,710.5,711.25,79921,749.064142364456,772.3828729529744
2024-07-15,711.5,713,691.5,693,,,0,0,,,,,,,,,,,713,691.5,693,76571,743.9674021495055,769.2698191116813
2024-07-16,691.75,698,685.75,691.25,,,0,0,,,,,,,,,,,698,685.75,691.25,63371,739.1749110450049,766.2102183622036
2024-07-17,691,707,688.5,699.75,,,0,0,,,,,,,,,,,707,688.5,699.75,52555,735.5908282227317,763.603935289176
2024-07-18,701.25,707,693.5,695.75,,,0,0,,,,,,,,,,,707,693.5,695.75,50518,731.968934747938,760.9429966503848
2024-07-19,695.25,716.75,691,703.25,,,0,0,,,,,,,,,,,716.75,691,703.25,67049,729.3581224981255,758.6805261935069
2024-07-22,705.75,714,700.75,708.5,,,0,0,,,,,,,,,,,714,700.75,708.5,48547,727.4619295437504,756.7126624212125
2024-07-23,708.25,712.5,701,703.25,,,0,0,,,,,,,,,,,712.5,701,703.25,41164,725.2608450397731,754.6160874243022
2024-07-24,703,716,697.75,707.5,,,0,0,,,,,,,,,,,716,697.75,707.5,51655,723.6462227634302,752.7683977213884
2024-07-25,707.25,710.25,696.75,698.25,,,0,0,,,,,,,,,,,710.25,696.75,698.25,44805,721.3374752394819,750.6304213401575
2024-07-26,697.5,701.75,682.5,684,,,0,0,,,,,,,,,,,701.75,682.5,684,56593,717.9431593086199,748.0174636405434
2024-07-29,684,693.25,674.75,691.5,,,0,0,,,,,,,,,,,693.25,674.75,691.5,53527,715.539235735109,745.8010925173849
2024-07-30,689.25,690,677.5,684.5,,,0,0,,,,,,,,,,,690,677.5,684.5,50329,712.7174870319172,743.3971281049384
2024-07-31,683.5,694.5,676,687.75,,,0,0,,,,,,,,,,,694.5,676,687.75,60814,710.4477154835612,741.2148877870976
2024-08-01,687.25,695.25,680.25,692.5,,,0,0,,,,,,,,,,,695.25,680.25,692.5,56989,708.8161049850556,739.3045000307409
2024-08-02,692.5,701,689,699.5,,,0,0,,,,,,,,,,,701,689,699.5,51484,707.9691863500506,737.7435392452217
2024-08-05,700.75,702,680.25,700,,,0,0,,,,,,,,,,,702,680.25,700,60219,707.2447148636824,736.2634004512914
2024-08-06,700.5,709.25,692,703.75,,,0,0,,,,,,,,,,,709.25,692,703.75,59182,706.9270135124385,734.9883651394761
2024-08-07,704.5,709.25,695.25,698.75,,,0,0,,,,,,,,,,,709.25,695.25,698.75,79911,706.1836486476714,733.5672527810652
2024-08-08,698.25,705,693,698,,,0,0,,,,,,,,,,,705,693,698,67628,705.4396805887922,732.1724585543568
2024-08-09,697.75,712.5,696.75,703,,,0,0,,,,,,,,,,,712.5,696.75,703,82400,705.2178914443565,731.028440571833
2024-08-12,703.25,707.5,688.5,697.25,,,0,0,,,,,,,,,,,707.5,688.5,697.25,84754,704.4935376766878,729.7037958435259
2024-08-13,698.5,698.75,685.5,689.25,,,0,0,,,,,,,,,,,698.75,685.5,689.25,67772,703.1077615242616,728.1173724771131
2024-08-14,689.75,697.75,684.5,695.25,,,0,0,,,,,,,,,,,697.75,684.5,695.25,84253,702.3934195675106,726.8284559093833
2024-08-15,696.25,708.25,687.5,688.75,,,0,0,,,,,,,,,,,708.25,687.5,688.75,69556,701.1531086977369,725.3351831286232
2024-08-16,687.75,694,683.75,690.5,,,0,0,,,,,,,,,,,694,683.75,690.5,52852,700.1846442706699,723.9690975157359
2024-08-19,692.5,692.5,683,690.25,,,0,0,,,,,,,,,,,692.5,683,690.25,55412,699.2814947915181,722.6467799660992
2024-08-20,689,697.25,687.5,694.5,,,0,0,,,,,,,,,,,697.25,687.5,694.5,56212,698.8468134468346,721.542984673311
2024-08-21,695.5,698,681,682,,,0,0,,,,,,,,,,,698,681,682,62326,697.3152849516679,719.9922793920047
2024-08-22,683.25,686,664.25,673.5,,,0,0,,,,,,,,,,,686,664.25,673.5,79305,695.1502590469707,718.169052749181
2024-08-23,674.75,676.25,665,666,,,0,0,,,,,,,,,,,676.25,665,666,79874,692.5002354972461,716.1232075433308
2024-08-26,669.25,669.75,660,663,,,0,0,,,,,,,,,,,669.75,660,663,77414,689.8183959065874,714.0399445024158
2024-08-27,662.75,676.5,658.75,673.5,,,0,0,,,,,,,,,,,676.5,658.75,673.5,82483,688.334905369625,712.450142757223
2024-08-28,672.25,681.75,671,679.5,,,0,0,,,,,,,,,,,681.75,671,679.5,70938,687.5317321542045,711.1579802961554
2024-08-29,678.25,687.5,673,686.75,,,0,0,,,,,,,,,,,687.5,673,686.75,61566,687.4606655947314,710.2008045982669
2024-08-30,684.75,691.5,684,689.5,,,0,0,,,,,,,,,,,691.5,684,689.5,58075,687.646059631574,709.3890083395114
2024-09-03,690.25,705.5,682.25,704.75,,,0,0,,,,,,,,,,,705.5,682.25,704.75,79150,689.2009633014309,709.2070864438443
2024-09-04,703,720.75,701.5,718.75,,,0,0,,,,,,,,,,,720.75,701.5,718.75,86307,691.8872393649372,709.5813183480072
2024-09-05,715.75,718.5,704.75,712.75,,,0,0,,,,,,,,,,,718.5,704.75,712.75,68217,693.7838539681247,709.7055803735756
2024-09-06,712,718,703.75,705,,,0,0,,,,,,,,,,,718,703.75,705,55118,694.8035036073861,709.5210478099059
2024-09-09,703.5,707.75,698.5,706.5,,,0,0,,,,,,,,,,,707.75,698.5,706.5,48300,695.8668214612601,709.4025753467723
2024-09-10,706.75,716.5,703.75,712.25,,,0,0,,,,,,,,,,,716.5,703.75,712.25,51922,697.3562013284183,709.5142390586636
2024-09-11,711,720.25,710,717.25,,,0,0,,,,,,,,,,,720.25,710,717.25,45116,699.1647284803802,709.8176022328337
2024-09-12,717,729.75,711.25,716.5,,,0,0,,,,,,,,,,,729.75,711.25,716.5,74095,700.740662254891,710.0796570472323
2024-09-13,717,736.75,716,732.75,,,0,0,,,,,,,,,,,736.75,716,732.75,89761,703.650602049901,710.9686901042036
2024-09-16,732.75,734,712.25,716.5,,,0,0,,,,,,,,,,,734,712.25,716.5,80580,704.8187291362736,711.1856042177642
2024-09-17,716.5,722.25,709.25,713.75,,,0,0,,,,,,,,,,,722.25,709.25,713.75,45713,705.6306628511578,711.286168758244
2024-09-18,714,720.75,711,713.75,,,0,0,,,,,,,,,,,720.75,711,713.75,47041,706.3687844101435,711.3827895912541
2024-09-19,713.75,715.25,702,703.5,,,0,0,,,,,,,,,,,715.25,702,703.5,51648,706.1079858274031,711.0736605876755
2024-09-20,704.25,713.75,703.25,706.5,,,0,0,,,,,,,,,,,713.75,703.25,706.5,60486,706.1436234794573,710.8943013489431
2024-09-23,708.5,724.5,707,720.5,,,0,0,,,,,,,,,,,724.5,707,720.5,63331,707.4487486176885,711.2709954136905
2024-09-24,719.25,727.25,713.25,716,,,0,0,,,,,,,,,,,727.25,713.25,716,52268,708.2261351069895,711.4564465739379
2024-09-25,717,729.25,711.75,727.25,,,0,0,,,,,,,,,,,729.25,711.75,727.25,52959,709.9555773699905,712.0758016102541
2024-09-26,728.5,734.25,720.75,722.25,,,0,0,,,,,,,,,,,734.25,720.75,722.25,69058,711.0732521545368,712.474789782401
2024-09-27,721,721.5,713.5,718,,,0,0,,,,,,,,,,,721.5,713.5,718,46189,711.7029565041244,712.6914646928951
2024-09-30,717.75,728.75,713.5,722,,,0,0,,,,,,,,,,,728.75,713.5,722,58874,712.6390513673858,713.0565052931737
2024-10-01,722,740.5,715,737,,,0,0,,,,,,,,,,,740.5,715,737,84582,714.8536830612599,713.995465869912
2024-10-02,734.25,755.25,734.25,753.25,,,0,0,,,,,,,,,,,755.25,734.25,753.25,116431,718.344257328418,715.5348593652095
2024-10-03,752.25,755.25,739.25,741.5,,,0,0,,,,,,,,,,,755.25,739.25,741.5,78992,720.4493248440164,716.553100174417
2024-10-04,741.75,742.25,725,727.75,,,0,0,,,,,,,,,,,742.25,725,727.75,76333,721.1130225854694,716.9921942852242
2024-10-07,728.25,733.25,722,730.5,,,0,0,,,,,,,,,,,733.25,722,730.5,55580,721.9663841686086,717.5219121563919
2024-10-08,731.75,737,725.5,732.75,,,0,0,,,,,,,,,,,737,725.5,732.75,59037,722.9467128805533,718.1190920718275
2024-10-09,732.75,742.75,732.25,737,,,0,0,,,,,,,,,,,742.75,732.25,737,55193,724.2242844368666,718.8595198337166
2024-10-10,738.75,747.25,736.5,741.75,,,0,0,,,,,,,,,,,747.25,736.5,741.75,60990,725.8175313062424,719.7571857225904
2024-10-11,741.75,749.25,730.5,737,,,0,0,,,,,,,,,,,749.25,730.5,737,75587,726.8341193693112,720.4333745177829
2024-10-14,736.5,739,722.25,723.25,,,0,0,,,,,,,,,,,739,722.25,723.25,55970,726.5082903357375,720.5438304190463
2024-10-15,723.5,724.75,716,717.5,,,0,0,,,,,,,,,,,724.75,716,717.5,69756,725.6893548506704,720.4244645202602
2024-10-16,719.25,725.5,713.25,723,,,0,0,,,,,,,,,,,725.5,713.25,723,57508,725.444868046064,720.5254659116226
2024-10-17,722.25,729.75,714.25,727.5,,,0,0,,,,,,,,,,,729.75,714.25,727.5,75298,725.6316982236946,720.7989770523433
2024-10-18,728,733.5,708.25,710.75,,,0,0,,,,,,,,,,,733.5,708.25,710.75,82026,724.278816566995,720.4048995208789
2024-10-21,710.75,722.25,708.75,710.25,,,0,0,,,,,,,,,,,722.25,708.75,710.25,74088,723.0034696063591,720.006668167119
2024-10-22,712,716.75,703.75,714,,,0,0,,,,,,,,,,,716.75,703.75,714,49868,722.1849723694173,719.7711125527221
2024-10-23,713.75,720.75,704.25,716.5,,,0,0,,,,,,,,,,,720.75,704.25,716.5,57247,721.6681566994703,719.642833629086
2024-10-24,717,722.25,713,719.5,,,0,0,,,,,,,,,,,722.25,713,719.5,49883,721.471051544973,719.6372323102983
2024-10-25,719.25,723.5,704,707,,,0,0,,,,,,,,,,,723.5,704,707,75987,720.1555014045209,719.1416545726395
2024-10-28,702.25,709.5,695.75,696.75,,,0,0,,,,,,,,,,,709.5,695.75,696.75,61302,718.0277285495645,718.2635504717516
2024-10-29,697,710.75,696,708.5,,,0,0,,,,,,,,,,,710.75,696,708.5,67415,717.161571408695,717.880666139526
2024-10-30,709.25,718.5,702,711.25,,,0,0,,,,,,,,,,,718.5,702,711.25,68179,716.6241558260863,717.6206400164074
2024-10-31,710.75,711.75,701.5,708.5,,,0,0,,,,,,,,,,,711.75,701.5,708.5,61593,715.885596205533,717.2629678589012
2024-11-01,709.5,715.75,702.25,706,,,0,0,,,,,,,,,,,715.75,702.25,706,54164,714.9869056413937,716.8212828448267
2024-11-04,707,713.75,703,706.75,,,0,0,,,,,,,,,,,713.75,703,706.75,55475,714.2380960376306,716.426330576402
2024-11-05,707.5,712.5,703.25,710.5,,,0,0,,,,,,,,,,,712.5,703.25,710.5,58641,713.8982691251188,716.1939254557589
2024-11-06,709,715.75,700,711.25,,,0,0,,,,,,,,,,,715.75,700,711.25,67945,713.6575173864716,716.0000460261213
2024-11-07,712.5,717.5,703,709.5,,,0,0,,,,,,,,,,,717.5,703,709.5,105864,713.2795612604287,715.745142260391
2024-11-08,710.5,716.75,704.5,710.5,,,0,0,,,,,,,,,,,716.75,704.5,710.5,112145,713.0268738731171,715.5394504070424
2024-11-11,710.75,710.75,689.75,703.5,,,0,0,,,,,,,,,,,710.75,689.75,703.5,125709,712.1607944301064,715.0673150969623
2024-11-12,702.75,706.75,687,690.25,,,0,0,,,,,,,,,,,706.75,687,690.25,105727,710.1689040273694,714.0940870539441
2024-11-13,691.25,691.75,674.25,679,,,0,0,,,,,,,,,,,691.75,674.25,679,113238,707.3353672976085,712.7178483459463
2024-11-14,678,682.25,666,668.25,,,0,0,,,,,,,,,,,682.25,666,668.25,89913,703.782152088735,710.9740111559092
2024-11-15,670,679,669,674,,,0,0,,,,,,,,,,,679,669,674,71836,701.0746837170318,709.5240499341089
2024-11-18,678.25,689.25,674.25,685.75,,,0,0,,,,,,,,,,,689.25,674.25,685.75,71372,699.6815306518471,708.5917342504184
2024-11-19,686.5,695.75,683.5,687.75,,,0,0,,,,,,,,,,,695.75,683.5,687.75,65946,698.5968460471337,707.7744113386373
2024-11-20,687.5,694.5,682.25,692.25,,,0,0,,,,,,,,,,,694.5,682.25,692.25,60806,698.0198600428488,707.1656108939849
2024-11-21,692.75,697.5,688.5,689.5,,,0,0,,,,,,,,,,,697.5,688.5,689.5,58947,697.2453273116807,706.4728418393188
2024-11-22,690.25,691.25,682.5,684.75,,,0,0,,,,,,,,,,,691.25,682.5,684.75,61527,696.1093884651643,705.6209656887572
2024-11-25,685,688.5,670.75,675.75,,,0,0,,,,,,,,,,,688.5,670.75,675.75,82115,694.2585349683312,704.4495552695903
2024-11-26,676,684.5,673.25,678,,,0,0,,,,,,,,,,,684.5,673.25,678,78151,692.7804863348466,703.4123178080378
2024-11-27,677,678,667.5,668.5,,,0,0,,,,,,,,,,,678,667.5,668.5,75023,690.5731693953151,702.0432073057617
2024-11-29,667,673.25,663,668,,,0,0,,,,,,,,,,,673.25,663,668,47678,688.5210630866501,700.7081795682809
2024-12-02,668,672.5,662.75,667.25,,,0,0,,,,,,,,,,,672.5,662.75,667.25,53005,686.5873300787728,699.396094095015
2024-12-03,667.75,676.5,665.75,667.5,,,0,0,,,,,,,,,,,676.5,665.75,667.5,49702,684.8521182534298,698.1452668756026
2024-12-04,668.75,669.75,660.25,668.25,,,0,0,,,,,,,,,,,669.75,660.25,668.25,52606,683.3428347758453,696.9729034687163
2024-12-05,667.75,680.5,665.75,678.25,,,0,0,,,,,,,,,,,680.5,665.75,678.25,54473,682.879849796223,696.2386719601392
2024-12-06,678,680.5,673.25,677.25,,,0,0,,,,,,,,,,,680.5,673.25,677.25,55782,682.3680452692936,695.4940181577808
2024-12-09,676.75,684.75,673.75,678.75,,,0,0,,,,,,,,,,,684.75,673.75,678.75,49713,682.0391320629942,694.8373899947306
2024-12-10,678.5,683.5,673.75,681.75,,,0,0,,,,,,,,,,,683.5,673.75,681.75,50264,682.0128473299948,694.3241590145451
2024-12-11,681.75,689.25,680.5,683.25,,,0,0,,,,,,,,,,,689.25,680.5,683.25,55240,682.1253157545407,693.8898782688767
2024-12-12,683.75,686.25,676.25,678.5,,,0,0,,,,,,,,,,,686.25,676.25,678.5,52473,681.7957415950369,693.2863536308815
2024-12-13,678.75,681,671.25,672.25,,,0,0,,,,,,,,,,,681,671.25,672.25,49134,680.927946904579,692.4613985865333
2024-12-16,672.25,679.25,668.5,670,,,0,0,,,,,,,,,,,679.25,668.5,670,68005,679.934497185981,691.5805594262771
2024-12-17,670.75,672.5,662.5,665,,,0,0,,,,,,,,,,,672.5,662.5,665,72661,678.576815623619,690.5381845468153
2024-12-18,665,674.25,660,661.25,,,0,0,,,,,,,,,,,674.25,660,661.25,63252,677.0016505669264,689.3896282900774
2024-12-19,661,661.75,650.5,653,,,0,0,,,,,,,,,,,661.75,650.5,653,87290,674.8196823335694,687.9625840434078
2024-12-20,652.5,657.25,649.25,653,,,0,0,,,,,,,,,,,657.25,649.25,653,55084,672.8360748486995,686.5915023162153
2024-12-23,653,664,653,660.5,,,0,0,,,,,,,,,,,664,653,660.5,57507,671.7146134988177,685.568306146952
2024-12-24,659.5,661.5,653.5,654.75,,,0,0,,,,,,,,,,,661.5,653.5,654.75,25215,670.1723759080161,684.3597451215813
2024-12-26,654.75,664,653.75,661,,,0,0,,,,,,,,,,,664,653.75,661,28461,669.3385235527419,683.4436766854409
2024-12-27,662,667.75,657.25,666.5,,,0,0,,,,,,,,,,,667.75,657.25,666.5,43052,669.0804759570381,682.7792187762079
2024-12-30,667.25,674.75,664.5,668.25,,,0,0,,,,,,,,,,,674.75,664.5,668.25,46874,669.0049781427618,682.2094454908664
2024-12-31,668.75,672.75,666.75,671.5,,,0,0,,,,,,,,,,,672.75,666.75,671.5,33827,669.2317983116017,681.7894672363226
2025-01-02,671.75,672.75,662.5,665.75,,,0,0,,,,,,,,,,,672.75,662.5,665.75,44332,668.9152711923651,681.1604685211727
2025-01-03,665.5,667,647.5,649.25,,,0,0,,,,,,,,,,,667,647.5,649.25,87535,667.1275192657865,679.9090775987737
2025-01-06,650.25,663.75,650.25,660.5,,,0,0,,,,,,,,,,,663.75,650.25,660.5,64942,666.5250175143514,679.1479373007826
2025-01-07,660.5,664.25,655.25,662.5,,,0,0,,,,,,,,,,,664.25,655.25,662.5,46902,666.1591068312285,678.4950770144774
2025-01-08,662.75,664.75,654.5,656.25,,,0,0,,,,,,,,,,,664.75,654.5,656.25,58097,665.2582789374804,677.6227210531254
2025-01-09,655.5,659.25,649.25,654,,,0,0,,,,,,,,,,,659.25,649.25,654,45711,664.2347990340731,676.6963398353557
2025-01-10,653,661.25,646,650.75,,,0,0,,,,,,,,,,,661.25,646,650.75,104604,663.0089082127938,675.6788363124006
2025-01-13,650.5,665.75,648.5,665,,,0,0,,,,,,,,,,,665.75,648.5,665,84277,663.1899165570853,675.2600584177966
2025-01-14,666.25,672.25,662.75,666.25,,,0,0,,,,,,,,,,,672.25,662.75,666.25,70102,663.4681059609867,674.9067227935693
2025-01-15,666.75,671.5,662,667,,,0,0,,,,,,,,,,,671.5,662,667,56045,663.7891872372606,674.5966552330372
2025-01-16,667,667,656.75,657.5,,,0,0,,,,,,,,,,,667,656.75,657.5,52990,663.2174429429642,673.9261981650749
2025-01-17,657.5,662,653.25,658.75,,,0,0,,,,,,,,,,,662,653.25,658.75,50291,662.8113117663311,673.3310531389935
2025-01-21,662,681.75,662,678.75,,,0,0,,,,,,,,,,,681.75,662,678.75,112879,664.2602834239374,673.543560859033
2025-01-22,678.5,686.75,671.5,674,,,0,0,,,,,,,,,,,686.75,671.5,674,91512,665.1457122035795,673.5614604331886
2025-01-23,674,679,668,674,,,0,0,,,,,,,,,,,679,668,674,64143,665.9506474577995,673.5786580632596
2025-01-24,670,672.25,661.25,664,,,0,0,,,,,,,,,,,672.25,661.25,664,81676,665.7733158707268,673.20302441372
2025-01-27,663,663,652,655.5,,,0,0,,,,,,,,,,,663,652,655.5,68354,664.8393780642971,672.5087881622015
2025-01-28,655.75,668.5,653.5,665.25,,,0,0,,,,,,,,,,,668.5,653.5,665.25,77116,664.8767073311792,672.2241298028995
2025-01-29,664.5,684.75,664.5,682.5,,,0,0,,,,,,,,,,,684.75,664.5,682.5,90600,666.4788248465265,672.6271051047465
2025-01-30,680.75,689.75,679,686.5,,,0,0,,,,,,,,,,,689.75,679,686.5,96799,668.2989316786606,673.171140198678
2025-01-31,689,689,671.75,679.5,,,0,0,,,,,,,,,,,689,671.75,679.5,87916,669.3172106169642,673.419330779122
2025-02-03,675,693.75,670.5,686.75,,,0,0,,,,,,,,,,,693.75,670.5,686.75,90750,670.9020096517856,673.9421021211172
2025-02-04,686.5,699,678,697,,,0,0,,,,,,,,,,,699,678,697,89542,673.274554228896,674.8463334104852
2025-02-05,697.25,704.25,689.5,692.25,,,0,0,,,,,,,,,,,704.25,689.5,692.25,108673,674.9995947535418,675.5288301394858
2025-02-06,692.25,708.75,686.5,707.75,,,0,0,,,,,,,,,,,708.75,686.5,707.75,109406,677.9769043214017,676.7924054281334
2025-02-07,707.75,712.5,699.75,702.75,,,0,0,,,,,,,,,,,712.5,699.75,702.75,106334,680.229003928547,677.8103503133046
2025-02-10,701.25,706,696.25,699.5,,,0,0,,,,,,,,,,,706,696.25,699.5,105426,681.9809126623154,678.660924810822
2025-02-11,699,708,695.75,697,,,0,0,,,,,,,,,,,708,695.75,697,110234,683.3462842384686,679.3801042300055
2025-02-12,696.25,704.5,692.75,694.25,,,0,0,,,,,,,,,,,704.5,692.75,694.25,113048,684.3375311258806,679.9632373974563
2025-02-13,694,701,691.5,697.75,,,0,0,,,,,,,,,,,701,691.5,697.75,91309,685.5568464780732,680.6607574995169
2025-02-14,697.25,722.25,697,719.25,,,0,0,,,,,,,,,,,722.25,697,719.25,83063,688.6198604346121,682.1740611269868
2025-02-18,717.75,727.5,712.25,723.5,,,0,0,,,,,,,,,,,727.5,712.25,723.5,95074,691.7907822132837,683.7946861808305
2025-02-19,723.5,727,709.25,712.25,,,0,0,,,,,,,,,,,727,709.25,712.25,77008,693.6507111029852,684.9105808404057
2025-02-20,712.75,715.5,704,706,,,0,0,,,,,,,,,,,715.5,704,706,56780,694.7733737299865,685.73761688588
2025-02-21,705.75,713.75,705.5,709.75,,,0,0,,,,,,,,,,,713.75,705.5,709.75,60211,696.1348852090786,686.6792789687867
2025-02-24,709.5,709.75,695,699.25,,,0,0,,,,,,,,,,,709.75,695,699.25,73404,696.4180774627987,687.1722484209911
2025-02-25,699.5,701.5,685.25,693.5,,,0,0,,,,,,,,,,,701.5,685.25,693.5,84449,696.1527976934534,687.4203955417365
2025-02-26,694.5,698.5,683.25,685.5,,,0,0,,,,,,,,,,,698.5,683.25,685.5,75490,695.1843615395031,687.3450859126489
2025-02-27,685,686,665.75,668.25,,,0,0,,,,,,,,,,,686,665.75,668.25,87517,692.7357832177302,686.5962590141136
2025-02-28,668.75,676,660.75,661.5,,,0,0,,,,,,,,,,,676,660.75,661.5,74060,689.8961665615728,685.6120919939523
2025-03-03,663.25,669.25,651,653.5,,,0,0,,,,,,,,,,,669.25,651,653.5,89699,686.5874241468844,684.3527942686992
2025-03-04,653.5,657.5,635.75,642.5,,,0,0,,,,,,,,,,,657.5,635.75,642.5,112381,682.5794764971675,682.7115082189463
2025-03-05,644.75,656.75,642.75,654,,,0,0,,,,,,,,,,,656.75,642.75,654,84227,679.9813422701524,681.585566720164
2025-03-06,656,667.75,650.5,659.75,,,0,0,,,,,,,,,,,667.75,650.5,659.75,84193,678.1421293365022,680.72926998604
2025-03-07,659.75,661.25,650.25,657,,,0,0,,,,,,,,,,,661.25,650.25,657,62471,676.2201175786383,679.7987103787443
2025-03-10,660,671.75,659,668.25,,,0,0,,,,,,,,,,,671.75,659,668.25,74007,675.4955614351258,679.3458197756563
2025-03-11,667.75,668.75,661.25,662.5,,,0,0,,,,,,,,,,,668.75,661.25,662.5,51176,674.3141467592052,678.6851993922972
2025-03-12,663.25,667.25,652.25,659.75,,,0,0,,,,,,,,,,,667.25,652.25,659.75,70697,672.9901334174592,677.9426425533836
2025-03-13,661.5,672.5,660.5,668.25,,,0,0,,,,,,,,,,,672.5,660.5,668.25,76176,672.5592121976902,677.5625389238392
2025-03-14,667.75,670.75,661,662.75,,,0,0,,,,,,,,,,,670.75,661,662.75,60916,671.6674656342637,676.9816550444729
2025-03-17,664.75,681,664.75,674.25,,,0,0,,,,,,,,,,,681,664.75,674.25,78721,671.9022414856943,676.8745313172386
2025-03-18,674.5,680.5,669.25,670.75,,,0,0,,,,,,,,,,,680.5,669.25,670.75,64451,671.797492259722,676.6343536185234
2025-03-19,670,674.25,663.75,669.25,,,0,0,,,,,,,,,,,674.25,663.75,669.25,62175,671.5659020542928,676.3447711236794
2025-03-20,671,673.75,658,663,,,0,0,,,,,,,,,,,673.75,658,663,62329,670.7871836857207,675.821446765888
2025-03-21,663.5,668.75,659,664,,,0,0,,,,,,,,,,,668.75,659,664,47008,670.1701669870189,675.3578606182061
2025-03-24,667,668.75,651,654,,,0,0,,,,,,,,,,,668.75,651,654,53647,668.7001518063809,674.5202974567079
2025-03-25,653.75,655.25,646.75,649,,,0,0,,,,,,,,,,,655.25,646.75,649,57054,666.9092289148917,673.5195014780135
2025-03-26,649.75,651.5,640.75,641,,,0,0,,,,,,,,,,,651.5,640.75,641,57623,664.5538444680834,672.2442269102482
2025-03-27,642,643,632.25,637.75,,,0,0,,,,,,,,,,,643,632.25,637.75,81818,662.1171313346213,670.8915121294542
2025-03-28,637.5,638.75,623.25,634,,,0,0,,,,,,,,,,,638.75,623.25,634,81818,659.5610284860194,669.4447861635932
2025-03-31,635.25,645,629.25,642.75,,,0,0,,,,,,,,,,,645,629.25,642.75,83018,658.0327531691086,668.3979318042366
2025-04-01,644.75,649.75,639,646.25,,,0,0,,,,,,,,,,,649.75,639,646.25,62409,656.9615937900987,667.5293854589723
2025-04-02,647.5,648.75,638.25,645,,,0,0,,,,,,,,,,,648.75,638.25,645,58991,655.874176172817,666.6458801468558
2025-04-03,632.5,647.75,631,641.75,,,0,0,,,,,,,,,,,647.75,631,641.75,82626,654.5901601571063,665.669571121489
2025-04-04,642.5,645.25,626.25,634.75,,,0,0,,,,,,,,,,,645.25,626.25,634.75,70109,652.786509233733,664.4570389206463
2025-04-07,636.5,652.25,631.5,642.25,,,0,0,,,,,,,,,,,652.25,631.5,642.25,82626,651.8286447579391,663.5861746492484
2025-04-08,643.25,651.5,639.5,645.75,,,0,0,,,,,,,,,,,651.5,639.5,645.75,96849,651.2760406890355,662.8867168198661
2025-04-09,645.5,651.75,642.25,648,,,0,0,,,,,,,,,,,651.75,642.25,648,92716,650.9782188082141,662.3029240034008
2025-04-10,649.5,653.25,640.25,643.75,,,0,0,,,,,,,,,,,653.25,640.25,643.75,112107,650.3211080074674,661.5753583562087
2025-04-11,643.25,662.5,642.25,661.5,,,0,0,,,,,,,,,,,662.5,642.25,661.5,109364,651.3373709158794,661.5724031265535
2025-04-14,658.75,661,648.5,653.25,,,0,0,,,,,,,,,,,661,648.5,653.25,123039,651.5112462871631,661.2460343764925
2025-04-15,653.25,656.75,646,647.75,,,0,0,,,,,,,,,,,656.75,646,647.75,78608,651.1693148065119,660.716778126434
2025-04-16,648.25,656.25,642.5,652.75,,,0,0,,,,,,,,,,,656.25,642.5,652.75,68274,651.3130134604654,660.4043554548091
2025-04-17,653.75,661,653,654,,,0,0,,,,,,,,,,,661,653,654,52316,651.5572849640595,660.1532042605029
2025-04-21,653.75,658.25,643,644,,,0,0,,,,,,,,,,,658.25,643,644,52316,650.8702590582359,659.5197452698949
2025-04-22,646,647,637.25,642,,,0,0,,,,,,,,,,,647,637.25,642,41091,650.0638718711235,658.8326964357814
2025-04-23,642.5,644,634.75,635.25,,,0,0,,,,,,,,,,,644,634.75,635.25,62532,648.717156246476,657.9078848108487
2025-04-24,636.75,637.25,631,636.25,,,0,0,,,,,,,,,,,637.25,631,636.25,61550,647.5837784058872,657.058555994737
2025-04-25,637,641.5,634.25,636.75,,,0,0,,,,,,,,,,,641.5,634.25,636.75,51211,646.5988894598975,656.2621420341591
2025-04-28,635.75,635.75,619,622.75,,,0,0,,,,,,,,,,,635.75,619,622.75,54385,644.4308085999068,654.9479403857607
2025-04-29,624.75,628.75,615.5,617.25,,,0,0,,,,,,,,,,,628.75,615.5,617.25,99543,641.9598259999152,653.4695897823975
2025-04-30,618,631.5,615,622.5,,,0,0,,,,,,,,,,,631.5,615,622.5,77071,640.1907509090138,652.2550960654407
2025-05-01,624.25,629.5,620.25,622.75,,,0,0,,,,,,,,,,,629.5,620.25,622.75,52007,638.6052280991034,651.0980334746391
2025-05-02,622.5,638.5,622.25,634.75,,,0,0,,,,,,,,,,,638.5,622.25,634.75,62387,638.2547528173668,650.4569341226925
2025-05-05,637,639.75,622.5,623,,,0,0,,,,,,,,,,,639.75,622.5,623,67575,636.8679571066971,649.3801916080771
2025-05-06,625,630.5,620,627.75,,,0,0,,,,,,,,,,,630.5,620,627.75,63841,636.0390519151791,648.5319487999172
2025-05-07,627.75,636.75,624.75,626,,,0,0,,,,,,,,,,,636.75,624.75,626,54826,635.126410831981,647.6483429646264
2025-05-08,624.25,630.25,617.25,621,,,0,0,,,,,,,,,,,630.25,617.25,621,53543,633.8421916654373,646.6033099071901
2025-05-09,623.25,625.5,612.5,613.5,,,0,0,,,,,,,,,,,625.5,612.5,613.5,54210,631.992901514034,645.3051408912219
2025-05-12,617,620,605.75,607,,,0,0,,,,,,,,,,,620,605.75,607,57368,629.7208195582127,643.8029785033308
2025-05-13,606.25,611.75,598,609,,,0,0,,,,,,,,,,,611.75,598,609,73095,627.8371086892843,642.4381558169257
2025-05-14,610,617.25,602.5,616.5,,,0,0,,,,,,,,,,,617.25,602.5,616.5,78081,626.8064624448039,641.4209732358698
2025-05-15,616.25,625,613.5,624.5,,,0,0,,,,,,,,,,,625,613.5,624.5,69748,626.5967840407308,640.7574056579925
2025-05-16,625.25,625.25,615.25,616.75,,,0,0,,,,,,,,,,,625.25,615.25,616.75,46575,625.7016218552097,639.8159387694438
2025-05-19,618.75,627.75,616.25,620.75,,,0,0,,,,,,,,,,,627.75,616.25,620.75,49356,625.251474413827,639.0682548961323
2025-05-20,621.75,639.25,620.5,637.75,,,0,0,,,,,,,,,,,639.25,620.5,637.75,64286,626.38770401257,639.0165586256958
2025-05-21,637.75,648,636.75,641,,,0,0,,,,,,,,,,,648,636.75,641,86585,627.7160945568818,639.0943406403744
2025-05-22,640,643.75,633,636.25,,,0,0,,,,,,,,,,,643.75,633,636.25,85214,628.4919041426198,638.9827978701636
2025-05-23,636.75,640.25,630.25,634.25,,,0,0,,,,,,,,,,,640.25,630.25,634.25,51963,629.0153674023816,638.7971979536866
2025-05-27,635.25,635.75,619.25,620.25,,,0,0,,,,,,,,,,,635.75,619.25,620.25,66898,628.2185158203469,638.0698568574636
2025-05-28,622.75,627.5,618.5,622,,,0,0,,,,,,,,,,,627.5,618.5,622,60152,627.6531962003153,637.439666392465
2025-05-29,624.75,626.5,619,625.75,,,0,0,,,,,,,,,,,626.5,619,625.75,48247,627.480178363923,636.9812481025645
2025-05-30,626,630.25,623,625.75,,,0,0,,,,,,,,,,,630.25,623,625.75,49023,627.3228894217482,636.5408070005032
2025-06-02,625.75,641.25,625,630.75,,,0,0,,,,,,,,,,,641.25,625,630.75,82568,627.634444928862,636.3137165298951
2025-06-03,629.75,637.25,623.5,627.75,,,0,0,,,,,,,,,,,637.25,623.5,627.75,80640,627.644949935329,635.9778845091149
2025-06-04,627.25,639.25,625.25,635,,,0,0,,,,,,,,,,,639.25,625.25,635,73113,628.3135908502991,635.9395360969928
2025-06-05,635.25,641,632.25,637.25,,,0,0,,,,,,,,,,,641,632.25,637.25,97197,629.1259916820901,635.9909268382872
2025-06-06,637,647.5,632,646.5,,,0,0,,,,,,,,,,,647.5,632,646.5,97197,630.7054469837183,636.4030473544328
2025-06-09,647.75,649.5,631.75,633.75,,,0,0,,,,,,,,,,,649.5,631.75,633.75,94437,630.982224530653,636.2990062817099
2025-06-10,631.75,633.75,622.5,626.25,,,0,0,,,,,,,,,,,633.75,622.5,626.25,90158,630.5520223005936,635.9049276039958
2025-06-11,626.75,631,623.75,626,,,0,0,,,,,,,,,,,631,623.75,626,72453,630.1382020914488,635.5164990705058
2025-06-12,626,628.75,617.75,618.25,,,0,0,,,,,,,,,,,628.75,617.75,618.25,93654,629.0574564467717,634.8393814598977
2025-06-13,618.5,636.5,614,635.5,,,0,0,,,,,,,,,,,636.5,614,635.5,97069,629.6431422243379,634.8652880693135
2025-06-16,635.5,639,623.5,628.5,,,0,0,,,,,,,,,,,639,623.5,628.5,66457,629.5392202039435,634.6156689293404
2025-06-17,629,644.5,629,641.75,,,0,0,,,,,,,,,,,644.5,629,641.75,66629,630.6492910944941,634.8954466183858
2025-06-18,641.25,667.25,639.75,666.75,,,0,0,,,,,,,,,,,667.25,639.75,666.75,70463,633.9311737222673,636.1446447902138
2025-06-20,665.5,670.25,658.25,659.75,,,0,0,,,,,,,,,,,670.25,658.25,659.75,77093,636.2783397475157,637.0703449945191
2025-06-23,659.25,662,642.5,645.75,,,0,0,,,,,,,,,,,662,642.5,645.75,95614,637.1393997704688,637.4107236221851
2025-06-24,645.75,645.75,627.75,628.25,,,0,0,,,,,,,,,,,645.75,627.75,628.25,91115,636.331272518608,637.05147955857
2025-06-25,628,629.75,618.75,620.75,,,0,0,,,,,,,,,,,629.75,618.75,620.75,68313,634.9147931987345,636.4122058503908
2025-06-26,620,624,612.5,613,,,0,0,,,,,,,,,,,624,612.5,613,73662,632.9225392715769,635.4940801307677
2025-06-27,613.25,621.5,612.75,617,,,0,0,,,,,,,,,,,621.5,612.75,617,59264,631.4750357014335,634.7688220864238
2025-06-30,616.5,621.5,611,614.5,,,0,0,,,,,,,,,,,621.5,611,614.5,65967,629.9318506376668,633.9739663183287
2025-07-01,613.5,626.5,612,625.25,,,0,0,,,,,,,,,,,626.5,612,625.25,96790,629.5062278524243,633.6318499921198
2025-07-02,626,641.75,621,640.25,,,0,0,,,,,,,,,,,641.75,621,640.25,86572,630.4829344112949,633.8913852865464
2025-07-03,639.25,645,632.5,633,,,0,0,,,,,,,,,,,645,632.5,633,77292,630.7117585557227,633.8564290007995
2025-07-07,629.25,630,617.75,624.75,,,0,0,,,,,,,,,,,630,617.75,624.75,65505,630.1697805052024,633.499314138023
2025-07-08,624.75,626.25,618.25,624,,,0,0,,,,,,,,,,,626.25,618.25,624,57565,629.6088913683658,633.1267920149633
2025-07-09,623.25,627.5,618,623.25,,,0,0,,,,,,,,,,,627.5,618,623.25,46110,629.030810334878,632.7394668379059
2025-07-10,623.25,631.75,617.25,630.75,,,0,0,,,,,,,,,,,631.75,617.25,630.75,52217,629.1871003044345,632.661448530537
2025-07-11,630.75,633.75,620.25,621.25,,,0,0,,,,,,,,,,,633.75,620.25,621.25,67749,628.465545731304,632.2139407450258
2025-07-14,619.25,627.75,614.75,617.75,,,0,0,,,,,,,,,,,627.75,614.75,617.75,49224,627.4914052102764,631.6467273824758
2025-07-15,617.75,621.5,611.75,614.25,,,0,0,,,,,,,,,,,621.5,611.75,614.25,56165,626.2876411002513,630.9645027792415
2025-07-16,614.5,619.75,609.75,617.5,,,0,0,,,,,,,,,,,619.75,609.75,617.5,59091,625.4887646365921,630.4364830624085
2025-07-17,617.25,619,608.25,609.75,,,0,0,,,,,,,,,,,619,608.25,609.75,55433,624.0579678514474,629.62524843251
2025-07-18,609.75,626.5,609.25,622.5,,,0,0,,,,,,,,,,,626.5,609.25,622.5,76794,623.9163344104068,629.3458269253528
2025-07-21,622.25,625.75,617.25,618.5,,,0,0,,,,,,,,,,,625.75,617.25,618.5,43970,623.423940373097,628.9205003792605
2025-07-22,618,629,613,625.75,,,0,0,,,,,,,,,,,629,613,625.75,62596,623.6354003391791,628.7961670310542
2025-07-23,624.5,628.5,616.25,616.75,,,0,0,,,,,,,,,,,628.5,616.25,616.75,49135,623.0094548537992,628.323768323954
2025-07-24,617,622.25,611.25,617.75,,,0,0,,,,,,,,,,,622.25,611.25,617.75,56771,622.5313225943629,627.9091107426225
2025-07-25,617.25,620.25,610.25,614.5,,,0,0,,,,,,,,,,,620.25,610.25,614.5,37484,621.8012023585118,627.3832632625197
2025-07-28,612.75,616.25,608.5,614.75,,,0,0,,,,,,,,,,,616.25,608.5,614.75,45184,621.1601839622834,626.8878411737934
2025-07-29,614.5,615.25,602.25,606,,,0,0,,,,,,,,,,,615.25,602.25,606,68462,619.7819854202577,626.0687101473701
2025-07-30,606,608.25,599.5,600,,,0,0,,,,,,,,,,,608.25,599.5,600,64991,617.9836231093252,625.0464077886497
2025-07-31,599.5,602,593,599.5,,,0,0,,,,,,,,,,,602,593,599.5,77077,616.3032937357502,624.0445878753693
2025-08-01,599.25,602.25,592.5,593,,,0,0,,,,,,,,,,,602.25,592.5,593,62480,614.1848124870456,622.8271530567274
2025-08-04,593.75,599.25,589.25,593,,,0,0,,,,,,,,,,,599.25,589.25,593,71053,612.2589204427687,621.657460779993
2025-08-05,593,593.75,583.25,584.5,,,0,0,,,,,,,,,,,593.75,583.25,584.5,67614,609.7353822206989,620.2003054552874
2025-08-06,584.5,585.75,580.25,584.75,,,0,0,,,,,,,,,,,585.75,580.25,584.75,65192,607.463983836999,618.8100973982173
2025-08-07,584.75,596.25,584.75,594.5,,,0,0,,,,,,,,,,,596.25,584.75,594.5,69082,606.2854398518173,617.856760245346
2025-08-08,594.25,598,590,590.75,,,0,0,,,,,,,,,,,598,590,590.75,78246,604.8731271380157,616.7937500396462
2025-08-11,592.75,599.5,589.5,591.25,,,0,0,,,,,,,,,,,599.5,589.5,591.25,87297,603.6346610345597,615.7920343518169
2025-08-12,590.5,591.25,579.5,581.25,,,0,0,,,,,,,,,,,591.25,579.5,581.25,116430,601.5996918495997,614.4374447693928
2025-08-13,581.25,587,578.5,583.5,,,0,0,,,,,,,,,,,587,578.5,583.5,78660,599.9542653178179,613.2242116411812
2025-08-14,582.5,585,577,579.75,,,0,0,,,,,,,,,,,585,577,579.75,71519,598.117513925289,611.9114974591741
2025-08-15,580.25,584.5,578.5,582.75,,,0,0,,,,,,,,,,,584.5,578.5,582.75,57726,596.7204672048082,610.7679093235203
2025-08-18,582.25,585.75,577.5,580.75,,,0,0,,,,,,,,,,,585.75,577.5,580.75,80760,595.2686065498257,609.5907364088724
2025-08-19,580.75,580.75,575.25,577,,,0,0,,,,,,,,,,,580.75,575.25,577,71071,593.6078241362052,608.3126683144069
2025-08-20,576.75,586.5,573,584,,,0,0,,,,,,,,,,,586.5,573,584,94302,592.7343855783683,607.3592303412929
2025-08-21,584.75,590,581,585.5,,,0,0,,,,,,,,,,,590,581,585.5,96779,592.076714162153,606.5020056220266
2025-08-22,585,587.75,582.25,583,,,0,0,,,,,,,,,,,587.75,582.25,583,72516,591.2515583292301,605.5803583427314
2025-08-25,583.5,591.25,582.5,585.5,,,0,0,,,,,,,,,,,591.25,582.5,585.5,70073,590.7286893902092,604.7928933096831
2025-08-26,585.5,590.25,582.75,587.5,,,0,0,,,,,,,,,,,590.25,582.75,587.5,71017,590.4351721729174,604.114740630872
2025-08-27,587,588.5,579,580,,,0,0,,,,,,,,,,,588.5,579,580,82271,589.4865201571977,603.1690645277006
2025-08-28,580,585.75,576,584.75,,,0,0,,,,,,,,,,,585.75,576,584.75,68521,589.0559274156343,602.4467482717123
2025-08-29,584.75,590.5,582.75,590,,,0,0,,,,,,,,,,,590.5,582.75,590,0,589.1417521960312,601.958640496351
2025-09-02,586.25,587.75,578,584,,,0,0,,,,,,,,,,,587.75,578,584,83344,588.6743201782102,601.2543800847294
2025-09-03,584,585.75,577.5,577.75,,,0,0,,,,,,,,,,,585.75,577.5,577.75,62621,587.6812001620093,600.3326396892498
2025-09-04,577.75,578.25,570.25,575.25,,,0,0,,,,,,,,,,,578.25,570.25,575.25,70089,586.5510910563721,599.3490067602596
2025-09-05,576,579.25,573.75,575,,,0,0,,,,,,,,,,,579.25,573.75,575,41620,585.5009918694292,598.3941437500533
2025-09-08,574.75,580.25,572,579.5,,,0,0,,,,,,,,,,,580.25,572,579.5,50598,584.9554471540265,597.6531969363258
2025-09-09,579.75,580.75,575,576,,,0,0,,,,,,,,,,,580.75,575,576,34316,584.1413155945695,596.8040519584307
2025-09-10,575.75,578,570.5,570.75,,,0,0,,,,,,,,,,,578,570.5,570.75,36825,582.9239232677904,595.782324430649
2025-09-11,571,578,567.75,577.25,,,0,0,,,,,,,,,,,578,567.75,577.25,64473,582.4081120616277,595.0555666098393
2025-09-12,576.5,579.75,571,579.25,,,0,0,,,,,,,,,,,579.75,571,579.25,55282,582.121010965116,594.435740468277
2025-09-15,578.5,585,576,580.75,,,0,0,,,,,,,,,,,585,576,580.75,55496,581.996373604651,593.8990447636387
2025-09-16,580.75,590.25,579.75,589.75,,,0,0,,,,,,,,,,,590.25,579.75,589.75,46736,582.7012487315009,593.736337125849
2025-09-17,589.25,591.5,581.75,584,,,0,0,,,,,,,,,,,591.5,581.75,584,49323,582.8193170286371,593.3545199836589
2025-09-18,584,588,578.75,580,,,0,0,,,,,,,,,,,588,578.75,580,39926,582.5630154805792,592.830813317633
2025-09-19,580.75,582.5,576,578.25,,,0,0,,,,,,,,,,,582.5,576,578.25,45048,582.1709231641629,592.2590167169415
2025-09-22,578,578.75,564.25,566.5,,,0,0,,,,,,,,,,,578.75,564.25,566.5,86785,580.7462937856027,591.24885919863
2025-09-23,566.75,576.75,563,576.25,,,0,0,,,,,,,,,,,576.75,563,576.25,71968,580.3375398050933,590.6606686418211
2025-09-24,576.25,580.25,574.75,575.25,,,0,0,,,,,,,,,,,580.25,574.75,575.25,53328,579.8750361864485,590.056328695083
2025-09-25,576.25,583.25,574,582.75,,,0,0,,,,,,,,,,,583.25,574,582.75,56448,580.136396533135,589.7698060011583
2025-09-26,582,583.5,574.5,575.5,,,0,0,,,,,,,,,,,583.5,574.5,575.5,52731,579.7149059392136,589.2102057658187
2025-09-29,574.75,578.25,572.5,575.25,,,0,0,,,,,,,,,,,578.25,572.5,575.25,44889,579.3090053992851,588.6627467161787
2025-09-30,575.25,575.5,562.5,563.75,,,0,0,,,,,,,,,,,575.5,562.5,563.75,85752,577.8945503629865,587.6857762567207
2025-10-01,563.75,566,557.75,565,,,0,0,,,,,,,,,,,566,557.75,565,82924,576.7223185118058,586.7961379721435
2025-10-02,564.75,571.75,564,570.5,,,0,0,,,,,,,,,,,571.75,564,570.5,57218,576.1566531925507,586.1570737379418
2025-10-03,569.75,574.25,568.5,571,,,0,0,,,,,,,,,,,574.25,568.5,571,47455,575.6878665386824,585.562678689395
2025-10-06,571,574,567.75,568.5,,,0,0,,,,,,,,,,,574,567.75,568.5,49990,575.0344241260749,584.893554034909
2025-10-07,568.75,570,561.5,562.5,,,0,0,,,,,,,,,,,570,561.5,562.5,53564,573.8949310237044,584.0153754453047
2025-10-08,562.75,564.5,559.5,563,,,0,0,,,,,,,,,,,564.5,559.5,563,44067,572.9044827488223,583.1912430749006
2025-10-09,563.75,569.25,562.25,562.25,,,0,0,,,,,,,,,,,569.25,562.25,562.25,79086,571.9358934080202,582.3700178562771
2025-10-10,564.25,565.25,552.5,554.25,,,0,0,,,,,,,,,,,565.25,552.5,554.25,63513,570.328084916382,581.2672720579917
2025-10-13,555,557.5,550.25,552.5,,,0,0,,,,,,,,,,,557.5,550.25,552.5,63513,568.7073499239835,580.139143741992
2025-10-14,554.25,557.5,548,556,,,0,0,,,,,,,,,,,557.5,548,556,65741,567.5521362945304,579.1925106540708
2025-10-15,556.75,557,550.5,554.5,,,0,0,,,,,,,,,,,557,550.5,554.5,57004,566.3655784495731,578.2241769029308
2025-10-16,555.75,559.5,551,558.25,,,0,0,,,,,,,,,,,559.5,551,558.25,53290,565.627798590521,577.440875847914
2025-10-17,558,560.75,556,559.5,,,0,0,,,,,,,,,,,560.75,556,559.5,38177,565.0707259913828,576.7373120891722
2025-10-20,560.75,563,557.75,560.5,,,0,0,,,,,,,,,,,563,557.75,560.5,37582,564.6552054467116,576.1005547523418
2025-10-21,560.5,562,553.75,556,,,0,0,,,,,,,,,,,562,553.75,556,41036,563.8683685879197,575.3122977032305
2025-10-22,557.5,561.25,554,559.5,,,0,0,,,,,,,,,,,561.25,554,559.5,45473,563.471244170836,574.6922075972215
2025-10-23,560.5,569.25,558.25,568.75,,,0,0,,,,,,,,,,,569.25,558.25,568.75,59008,563.9511310643963,574.4591798483108
2025-10-24,567.75,571.25,565.5,568.25,,,0,0,,,,,,,,,,,571.25,565.5,568.25,59008,564.3419373312694,574.2156825993574
2025-10-27,572.75,586.25,572.5,581.75,,,0,0,,,,,,,,,,,586.25,572.5,581.75,109465,565.9244884829722,574.5111460268336
2025-10-28,579.75,590.75,579.75,584.75,,,0,0,,,,,,,,,,,590.75,579.75,584.75,105303,567.6358986208837,574.9126697120557
2025-10-29,584.25,589.5,582.5,588,,,0,0,,,,,,,,,,,589.5,582.5,588,90090,569.4871805644398,575.4258983507987
2025-10-30,589,591.25,576,580,,,0,0,,,,,,,,,,,591.25,576,580,101549,570.4428914222179,575.6052748860615
2025-10-31,580,590,573,589.75,,,0,0,,,,,,,,,,,590,573,589.75,106899,572.1980831111072,576.1599699885688
2025-11-03,589.75,600.75,587,599.25,,,0,0,,,,,,,,,,,600.75,587,599.25,149454,574.6573482828247,577.0654613615661
2025-11-04,598.5,606.25,595.5,606,,,0,0,,,,,,,,,,,606.25,595.5,606,116421,577.5066802571134,578.2001491513087
2025-11-05,605.25,610.75,602,610.5,,,0,0,,,,,,,,,,,610.75,602,610.5,69084,580.5060729610123,579.4668099689044
2025-11-06,608.5,610.25,590.25,591.25,,,0,0,,,,,,,,,,,610.25,590.25,591.25,127657,581.4827936009202,579.9288958524768
2025-11-07,591.25,593.25,582,583.5,,,0,0,,,,,,,,,,,593.25,582,583.5,127657,581.6661760008366,580.0689391523797
2025-11-10,583.75,593,583.25,591.5,,,0,0,,,,,,,,,,,593,583.25,591.5,92410,582.5601600007606,580.5172160483648
2025-11-11,591.5,594.75,587,591.75,,,0,0,,,,,,,,,,,594.75,587,591.75,80355,583.3956000006914,580.9577173798015
2025-11-12,591.75,592.5,583.25,591.75,,,0,0,,,,,,,,,,,592.5,583.25,591.75,95686,584.1550909097194,581.380944149221
2025-11-13,592,595,586.5,591.5,,,0,0,,,,,,,,,,,595,586.5,591.5,92763,584.8228099179267,581.7777698688594
2025-11-14,591.5,598,578.75,580.75,,,0,0,,,,,,,,,,,598,578.75,580.75,93881,584.4525544708425,581.7374651681198
2025-11-17,580.25,599,579.75,597.75,,,0,0,,,,,,,,,,,599,579.75,597.75,91649,585.6614131553114,582.3654077105465
2025-11-18,597.25,602.5,593.75,598.25,,,0,0,,,,,,,,,,,602.5,593.75,598.25,75638,586.8058301411921,582.9883328983682
2025-11-19,598,601.75,587.75,588.75,,,0,0,,,,,,,,,,,601.75,587.75,588.75,68039,586.9825728556292,583.2142806278439
2025-11-20,588.5,594.5,579,580,,,0,0,,,,,,,,,,,594.5,579,580,69724,586.3477935051175,583.0882304071441
2025-11-21,580.75,584.25,575,579,,,0,0,,,,,,,,,,,584.25,575,579,69724,585.6798122773795,582.9279076460797
2025-11-24,580,581,571,574,,,0,0,,,,,,,,,,,581,571,574,61424,584.6180111612541,582.5777936207433
2025-11-25,574,579.75,571.75,578.5,,,0,0,,,,,,,,,,,579.75,571.75,578.5,69580,584.0618283284128,582.41788014542
2025-11-26,577.75,584,575,579.75,,,0,0,,,,,,,,,,,584,575,579.75,72214,583.6698439349208,582.3132573946192
2025-11-28,579.75,582,574,577.75,,,0,0,,,,,,,,,,,582,574,577.75,21887,583.1316763044734,582.134306124242
2025-12-01,578.25,581,571.75,574.25,,,0,0,,,,,,,,,,,581,571.75,574.25,61051,582.3242511858849,581.8251176487815
2025-12-02,574.25,583.75,569,580.25,,,0,0,,,,,,,,,,,583.75,569,580.25,75307,582.135682896259,581.7633483292215
2025-12-03,580.25,581.75,576.5,577.5,,,0,0,,,,,,,,,,,581.75,576.5,577.5,46731,581.7142571784173,581.5961581986637
2025-12-04,578,581,570.75,579.5,,,0,0,,,,,,,,,,,581,570.75,579.5,57135,581.5129610712884,581.5139559163632
2025-12-05,579,581,573.5,575,,,0,0,,,,,,,,,,,581,573.5,575,47385,580.9208737011712,581.2585066647412
2025-12-08,574.5,579.25,571.75,574,,,0,0,,,,,,,,,,,579.25,571.75,574,49765,580.2917033647011,580.9738593445552
2025-12-09,574.75,577,570.5,573.75,,,0,0,,,,,,,,,,,577,570.5,573.75,54303,579.6970030588192,580.690570742808
2025-12-10,573.25,574.25,564.5,568.75,,,0,0,,,,,,,,,,,574.25,564.5,568.75,68625,578.7018209625629,580.2223130666194
2025-12-11,569,574,568.5,572.75,,,0,0,,,,,,,,,,,574,568.5,572.75,67353,578.1607463296026,579.929281181654
2025-12-12,574,575.25,568.25,568.5,,,0,0,,,,,,,,,,,575.25,568.25,568.5,48692,577.2824966632751,579.4810740764912
2025-12-15,568.75,568.75,558.75,560,,,0,0,,,,,,,,,,,568.75,558.75,560,79494,575.7113606029774,578.717110387217
2025-12-16,560.25,561.5,546.75,548.75,,,0,0,,,,,,,,,,,561.5,546.75,548.75,116616,573.2603278208885,577.5419295877183
2025-12-17,550,550.75,543.25,545.5,,,0,0,,,,,,,,,,,550.75,543.25,545.5,93081,570.7366616553531,576.2853833293764
2025-12-18,547,550,544.75,547,,,0,0,,,,,,,,,,,550,544.75,547,82031,568.5787833230484,575.1369369243027
2025-12-19,547,550.5,544.75,549,,,0,0,,,,,,,,,,,550.5,544.75,549,58220,566.798893930044,574.1119590057026
2025-12-22,550.25,557.5,549.25,554.75,,,0,0,,,,,,,,,,,557.5,549.25,554.75,39997,565.7035399364036,573.3526664956751
2025-12-23,553.5,558,553,556.25,,,0,0,,,,,,,,,,,558,553,556.25,32999,564.8441272149123,572.6819736919231
2025-12-24,557.75,564.25,557.25,561,,,0,0,,,,,,,,,,,564.25,557.25,561,28043,564.4946611044658,572.2238570765536
2025-12-26,561.75,563.75,556.25,558.25,,,0,0,,,,,,,,,,,563.75,556.25,558.25,38020,563.9269646404234,571.6758626813946
2025-12-29,557.25,560.25,551.25,552.25,,,0,0,,,,,,,,,,,560.25,551.25,552.25,43201,562.8654224003849,570.9140641448694
2025-12-30,552,554.75,549.25,550,,,0,0,,,,,,,,,,,554.75,549.25,550,40225,561.6958385458045,570.0939047666392
2025-12-31,549.5,551.25,545.25,546.25,,,0,0,,,,,,,,,,,551.25,545.25,546.25,40225,560.2916714052768,569.1588496777514
2026-01-02,545.75,547.75,540.75,545.75,,,0,0,,,,,,,,,,,547.75,540.75,545.75,59096,558.9697012775243,568.2408555727416
2026-01-05,546.5,553.75,545,551.75,,,0,0,,,,,,,,,,,553.75,545,551.75,65960,558.3133647977494,567.5941553542027
2026-01-06,552,554.25,549.25,549.75,,,0,0,,,,,,,,,,,554.25,549.25,549.75,53561,557.534877088863,566.8943845559987
2026-01-07,549.75,559.5,548.5,557.25,,,0,0,,,,,,,,,,,559.5,548.5,557.25,74479,557.5089791716937,566.51617339694
2026-01-08,558,562,555,557.25,,,0,0,,,,,,,,,,,562,555,557.25,70497,557.4854356106306,566.1527940480404
2026-01-09,559,560.5,553,556.5,,,0,0,,,,,,,,,,,560.5,553,556.5,56772,557.3958505551187,565.77425310498
2026-01-12,556.5,567.25,546.25,550.5,,,0,0,,,,,,,,,,,567.25,546.25,550.5,109417,556.7689550501079,565.1752627871376
2026-01-13,551.5,553,546.25,549.75,,,0,0,,,,,,,,,,,553,546.25,549.75,68026,556.1308682273708,564.5703505209754
2026-01-14,551.25,553.75,547.25,551.75,,,0,0,,,,,,,,,,,553.75,547.25,551.75,58151,555.732607479428,564.0675916770156
2026-01-15,551.75,556.5,549,549.75,,,0,0,,,,,,,,,,,556.5,549,549.75,49930,555.1887340722072,563.5061174936031
2026-01-16,550.25,560.25,549.5,557.25,,,0,0,,,,,,,,,,,560.25,549.5,557.25,53423,555.3761218838248,563.2607795526775
2026-01-20,557.5,559.5,548.75,549.5,,,0,0,,,,,,,,,,,559.5,548.75,549.5,65161,554.8419289852952,562.721141138847
2026-01-21,550,556,546.25,547,,,0,0,,,,,,,,,,,556,546.25,547,56709,554.1290263502684,562.1046258000687
2026-01-22,547.5,556.25,547,554.75,,,0,0,,,,,,,,,,,556.25,547,554.75,50973,554.185478500244,561.8162091020267
2026-01-23,554.25,569.75,554,568.75,,,0,0,,,,,,,,,,,569.75,554,568.75,85085,555.5095259093127,562.0881224705747
2026-01-26,571.25,572.5,560.75,561.75,,,0,0,,,,,,,,,,,572.5,560.75,561.75,74528,556.0768417357389,562.0748627658463
2026-01-27,561.75,564.75,558.5,562.5,,,0,0,,,,,,,,,,,564.75,558.5,562.5,62546,556.6607652143081,562.0915348142445
2026-01-28,562.5,580.5,562.25,575.25,,,0,0,,,,,,,,,,,580.5,562.25,575.25,121762,558.350695649371,562.6075530568231
2026-01-29,575.25,583.5,573,580.75,,,0,0,,,,,,,,,,,583.5,573,580.75,91934,560.3869960448827,563.3190215643987
2026-01-30,580.5,584,572.75,577.25,,,0,0,,,,,,,,,,,584,572.75,577.25,87410,561.9199964044388,563.8653344442262
2026-02-02,578.75,579.25,565,567,,,0,0,,,,,,,,,,,579.25,565,567,85993,562.3818149131263,563.9882625052369
2026-02-03,567.5,570.25,564.25,568,,,0,0,,,,,,,,,,,570.25,564.25,568,61674,562.892559011933,564.1455855442472
2026-02-04,568.5,571,561.5,566,,,0,0,,,,,,,,,,,571,561.5,566,78497,563.1750536472118,564.2183076797669
2026-02-05,566.25,575.75,562,574.5,,,0,0,,,,,,,,,,,575.75,562,574.5,104156,564.204594224738,564.6215113001682
2026-02-06,574,578.5,566.75,569,,,0,0,,,,,,,,,,,578.5,566.75,569,104156,564.6405402043073,564.7932167393773
2026-02-09,569.75,570.75,564.75,568,,,0,0,,,,,,,,,,,570.75,564.75,568,84945,564.9459456402793,564.9189729456762
2026-02-10,566.5,570.5,563.75,567.5,,,0,0,,,,,,,,,,,570.5,563.75,567.5,96739,565.178132400254,565.0201896929045
2026-02-11,569,579.25,567.25,576.5,,,0,0,,,,,,,,,,,579.25,567.25,576.5,138467,566.2073930911399,565.4703783323985
2026-02-12,576.5,592.75,575.25,591.75,,,0,0,,,,,,,,,,,592.75,575.25,591.75,159021,568.5294482646726,566.5009517311279
2026-02-13,591.5,592,581.25,581.75,,,0,0,,,,,,,,,,,592,581.25,581.75,155406,569.7313166042478,567.0989536240248
2026-02-17,581.25,581.25,572,575.75,,,0,0,,,,,,,,,,,581.25,572,575.75,160762,570.2784696402252,567.4382103446513
2026-02-18,575.75,587.25,575.5,585.75,,,0,0,,,,,,,,,,,587.25,575.5,585.75,121245,571.6849724002047,568.1563197429003
2026-02-19,585.25,603.25,583.75,600,,,0,0,,,,,,,,,,,603.25,583.75,600,128972,574.259065818368,569.4050915176886
2026-02-20,600.75,615.25,597.75,613.5,,,0,0,,,,,,,,,,,615.25,597.75,613.5,119375,577.8264234712436,571.1343036150341
2026-02-23,611.25,616.75,606.25,607,,,0,0,,,,,,,,,,,616.75,606.25,607,128972,580.4785667920397,572.5408015124838
2026-02-24,607.25,612.25,603.5,606.5,,,0,0,,,,,,,,,,,612.25,603.5,606.5,101351,582.844151629127,573.872534786504
2026-02-25,605.5,609,596.75,603,,,0,0,,,,,,,,,,,609,596.75,603,79007,584.6765014810246,575.0147883242882
2026-02-26,603,609,601,607.75,,,0,0,,,,,,,,,,,609,601,607.75,72754,586.774092255477,576.2985221154926
2026-02-27,607.25,630.25,606.5,624.75,,,0,0,,,,,,,,,,,630.25,606.5,624.75,104732,590.2264475049791,578.1985800717478
2026-03-02,633.75,637,608,610.5,,,0,0,,,,,,,,,,,637,608,610.5,114287,592.0694977317992,579.4653024218753
2026-03-03,609.25,619,602.25,607.25,,,0,0,,,,,,,,,,,619,602.25,607.25,120592,593.4495433925447,580.5548984053312
2026-03-04,607.25,610.25,597.75,601.5,,,0,0,,,,,,,,,,,610.25,597.75,601.5,98757,594.1814030841315,581.3762749384555
2026-03-05,601.5,619.25,601.25,617,,,0,0,,,,,,,,,,,619.25,601.25,617,177088,596.2558209855741,582.7732837643985
2026-03-06,618.5,651.75,617,650,,,0,0,,,,,,,,,,,651.75,617,650,168125,601.141655441431,585.4096255775593
2026-03-09,658.25,675,634.5,636.5,,,0,0,,,,,,,,,,,675,634.5,636.5,159696,604.3560504013009,587.4131696725569
2026-03-10,633.25,637.75,617,624.25,,,0,0,,,,,,,,,,,637.75,617,624.25,167900,606.1645912739099,588.8577512540253
2026-03-11,625.75,637.5,622.5,628,,,0,0,,,,,,,,,,,637.5,622.5,628,122215,608.1496284308272,590.3927414009263
2026-03-12,632.75,646.25,629.25,631.75,,,0,0,,,,,,,,,,,646.25,629.25,631.75,94320,610.2951167552975,592.0145946793214
2026-03-13,632.25,647.5,627.5,647,,,0,0,,,,,,,,,,,647.5,627.5,647,79617,613.6319243229977,594.1708850840539
2026-03-16,642.5,647,627.75,630.5,,,0,0,,,,,,,,,,,647,627.75,630.5,82793,615.1653857481798,595.5955562572283
2026-03-17,630.5,640.5,620,623,,,0,0,,,,,,,,,,,640.5,620,623,82221,615.8776234074362,596.6702403255723
2026-03-18,623.25,641,619.25,637.5,,,0,0,,,,,,,,,,,641,619.25,637.5,76805,617.8432940067602,598.2714073716282
2026-03-19,641.5,649.25,633.75,641.25,,,0,0,,,,,,,,,,,649.25,633.75,641.25,80189,619.971176369782,599.9568423766624
2026-03-20,641.25,642.5,628,628.5,,,0,0,,,,,,,,,,,642.5,628,628.5,61835,620.7465239725291,601.0761818913031
2026-03-23,629.75,639.75,611,621,,,0,0,,,,,,,,,,,639.75,611,621,94194,620.7695672477537,601.8575080916441
2026-03-24,624.25,629.25,615.75,623.25,,,0,0,,,,,,,,,,,629.25,615.75,623.25,65983,620.9950611343215,602.6964293429522
2026-03-25,622.25,632.75,612.5,631,,,0,0,,,,,,,,,,,632.75,612.5,631,61165,621.9046010312014,603.8063732902874
2026-03-26,632.75,641,626.25,638.25,,,0,0,,,,,,,,,,,641,626.25,638.25,52711,623.3905463920013,605.1571037494919
2026-03-27,638.25,646.5,632.5,638.25,,,0,0,,,,,,,,,,,646.5,632.5,638.25,49967,624.7414058109102,606.4548643867666
2026-03-30,641,645.25,631,640.25,,,0,0,,,,,,,,,,,645.25,631,640.25,57238,626.1512780099184,607.7801638225798
2026-03-31,643,658.25,638.5,649.5,,,0,0,,,,,,,,,,,658.25,638.5,649.5,95614,628.2738890999259,609.4162358295374
2026-04-01,651.25,656,626.5,630.75,,,0,0,,,,,,,,,,,656,626.5,630.75,96509,628.4989900908417,610.2528540323007
2026-04-02,630.75,642.5,627.25,631.5,,,0,0,,,,,,,,,,,642.5,627.25,631.5,68863,628.7718091734924,611.0860754427987
2026-04-06,632.25,633.75,621.75,628.5,,,0,0,,,,,,,,,,,633.75,621.75,628.5,36269,628.7470992486295,611.7689744450419
2026-04-07,629,633.75,621.25,631.25,,,0,0,,,,,,,,,,,633.75,621.25,631.25,55708,628.9746356805723,612.5329362315108
2026-04-08,622.25,622.25,610.25,613.5,,,0,0,,,,,,,,,,,622.25,610.25,613.5,95238,627.5678506187021,612.5708603008633
2026-04-09,613.25,622,603.25,607.75,,,0,0,,,,,,,,,,,622,603.25,607.75,94695,625.7662278351837,612.3818069557313
2026-04-10,606,611,600.75,604.25,,,0,0,,,,,,,,,,,611,600.75,604.25,76971,623.8102071228943,612.0629125653105
2026-04-13,613.25,622.75,609.5,615.5,,,0,0,,,,,,,,,,,622.75,609.5,615.5,98652,623.0547337480857,612.1977003078473
2026-04-14,614.75,627.5,611.75,625.25,,,0,0,,,,,,,,,,,627.5,611.75,625.25,86279,623.2543034073507,612.7095551977357
2026-04-15,625.25,630.25,618.5,627,,,0,0,,,,,,,,,,,630.25,618.5,627,73073,623.5948212794098,613.2699647978244
2026-04-16,626.25,643.25,624,631.75,,,0,0,,,,,,,,,,,643.25,624,631.75,67243,624.3362011630998,613.9946720606548
2026-04-17,630.25,635.25,615.75,624.5,,,0,0,,,,,,,,,,,635.25,615.75,624.5,81436,624.3510919664543,614.406645705335
2026-04-20,629.5,637,623.75,631.25,,,0,0,,,,,,,,,,,637,623.75,631.25,74225,624.9782654240494,615.0671694031649
2026-04-21,632.25,639.75,626.75,638,,,0,0,,,,,,,,,,,639.75,626.75,638,65631,626.1620594764086,615.9664960932369
2026-04-22,639.25,645.75,631.75,632.25,,,0,0,,,,,,,,,,,645.75,631.75,632.25,47793,626.7155086149169,616.6050648738942
2026-04-23,633.25,647.5,632.5,645.5,,,0,0,,,,,,,,,,,647.5,632.5,645.5,80129,628.4231896499244,617.7381995847219
2026-04-24,647.25,650.5,636.25,642,,,0,0,,,,,,,,,,,650.5,636.25,642,71658,629.657445136295,618.6896427382623
2026-04-27,643.25,656.75,642.25,655,,,0,0,,,,,,,,,,,656.75,642.25,655,82435,631.9613137602681,620.113578317154
2026-04-28,654.25,684.75,652.25,683,,,0,0,,,,,,,,,,,684.75,652.25,683,137214,636.6011943275165,622.5797125007949
2026-04-29,682.25,696.75,677.5,678.25,,,0,0,,,,,,,,,,,696.75,677.5,678.25,140290,640.3874493886514,624.7628610301755
2026-04-30,677.5,683,660,662,,,0,0,,,,,,,,,,,683,660,662,121065,642.3522267169558,626.2231409897764
2026-05-01,663,670,658,663,,,0,0,,,,,,,,,,,670,658,663,75226,644.2292970154143,627.6653707548833
2026-05-04,662.25,668.5,657,666.25,,,0,0,,,,,,,,,,,668.5,657,666.25,78121,646.2311791049221,629.178493470378
2026-05-05,666.5,675.5,649.25,653,,,0,0,,,,,,,,,,,675.5,649.25,653,90674,646.8465264590201,630.1126701970298
2026-05-06,652.5,653.5,632,642.5,,,0,0,,,,,,,,,,,653.5,632,642.5,100945,646.4513876900182,630.598447836362
2026-05-07,642.75,644,630.5,637.5,,,0,0,,,,,,,,,,,644,630.5,637.5,84987,645.6376251727438,630.8690969408184
2026-05-08,638.5,646,633.75,644.25,,,0,0,,,,,,,,,,,646,633.75,644.25,56655,645.5114774297671,631.3938382372569
2026-05-11,647.25,661.25,645.25,659.25,,,0,0,,,,,,,,,,,661.25,645.25,659.25,68677,646.760434027061,632.4862367377566
2026-05-12,664.5,704.25,662,704.25,,,0,0,,,,,,,,,,,704.25,662,704.25,164594,651.9867582064192,635.3005019637269
2026-05-13,704.75,708.5,692.25,700.75,,,0,0,,,,,,,,,,,708.5,692.25,700.75,130493,656.4197801876538,637.8671489455415
2026-05-14,698.25,713.5,675.5,683.25,,,0,0,,,,,,,,,,,713.5,675.5,683.25,116857,658.8588910796853,639.646868594736
2026-05-15,683.5,688.75,656.75,661,,,0,0,,,,,,,,,,,688.75,656.75,661,90348,659.0535373451685,640.4842462969033
2026-05-18,672.75,691.25,671.25,689.75,,,0,0,,,,,,,,,,,691.25,671.25,689.75,99932,661.8441248592441,642.4162366382012
2026-05-19,691.25,704.75,686.25,692.5,,,0,0,,,,,,,,,,,704.75,686.25,692.5,77266,664.6310225993128,644.3803057896444
2026-05-20,693.5,698,680.75,685.75,,,0,0,,,,,,,,,,,698,680.75,685.75,70818,666.550929635739,646.0026467390701
2026-05-21,686,686,670.5,672.75,,,0,0,,,,,,,,,,,686,670.5,672.75,56549,667.1144814870354,647.0515625532242
2026-05-22,675.25,679.25,667.5,671.5,,,0,0,,,,,,,,,,,679.25,667.5,671.5,49826,667.513164988214,648.010324806039
2026-05-26,665.25,670.5,660,660.75,,,0,0,,,,,,,,,,,670.5,660,660.75,54646,666.8983318074673,648.5099199116845
2026-05-27,661.75,664,646,647.75,,,0,0,,,,,,,,,,,664,646,647.75,69341,665.1575743704249,648.4801191308342
2026-05-28,647.5,653.25,643.25,649.25,,,0,0,,,,,,,,,,,653.25,643.25,649.25,65215,663.7114312458408,648.5103105374682
2026-05-29,651.5,653.25,634.5,635.75,,,0,0,,,,,,,,,,,653.25,634.5,635.75,66788,661.1694829507644,648.0099062026655
2026-06-01,638.25,644.75,631.75,634,,,0,0,,,,,,,,,,,644.75,631.75,634,71953,658.6995299552403,647.4604981162865
2026-06-02,634.5,635.5,624.5,628.25,,,0,0,,,,,,,,,,,635.5,624.5,628.25,61411,655.9313908684003,646.7071452489812
2026-06-03,628.25,632,610.75,612.5,,,0,0,,,,,,,,,,,632,610.75,612.5,92073,651.9830826076367,645.3656885725505
2026-06-04,612.25,615.75,604.5,607,,,0,0,,,,,,,,,,,615.75,604.5,607,81963,647.8937114614879,643.8611517657838
2026-06-05,607,612.5,603.25,605.25,,,0,0,,,,,,,,,,,612.5,603.25,605.25,85016,644.0170104195345,642.3469889514394
2026-06-08,608,614,600,608.5,,,0,0,,,,,,,,,,,614,600,608.5,100778,640.7881912904859,641.0196560513829
2026-06-09,608.25,620.25,607,610.5,,,0,0,,,,,,,,,,,620.25,607,610.5,94424,638.0347193549871,639.8228067944659
2026-06-10,610.25,625.5,608.75,612.75,,,0,0,,,,,,,,,,,625.5,608.75,612.75,85650,635.7361085045337,638.7611280966437
2026-06-11,613.75,619,607.5,612,,,0,0,,,,,,,,,,,619,607.5,612,87087,633.578280458667,637.7116720928537
2026-06-12,611,619.5,605,609.75,,,0,0,,,,,,,,,,,619.5,605,609.75,80259,631.4120731442428,636.6151359323496
2026-06-15,607.75,616.25,596.25,615,,,0,0,,,,,,,,,,,616.25,596.25,615,91840,629.9200664947662,635.7674835428458
2026-06-16,614.25,628.5,608,618.75,,,0,0,,,,,,,,,,,628.5,608,618.75,126279,628.9046059043329,635.1001312470479
2026-06-17,618.25,636.75,617.25,635.75,,,0,0,,,,,,,,,,,636.75,617.25,635.75,96648,629.5269144584845,635.1256162961832
2026-06-18,636.5,641,624.25,628.5,,,0,0,,,,,,,,,,,641,624.25,628.5,81940,629.4335585986223,634.8657882061368
2026-06-22,629.5,635,619,622,,,0,0,,,,,,,,,,,635,619,622,73126,628.7577805442021,634.3612474921707
2026-06-23,622.25,626,611,611.5,,,0,0,,,,,,,,,,,626,611,611.5,66619,627.1888914038201,633.4647279826738
2026-06-24,612.5,622,608,610.5,,,0,0,,,,,,,,,,,622,608,610.5,62455,625.6717194580183,632.5641504147259
2026-06-25,609.75,616.5,604.5,616,,,0,0,,,,,,,,,,,616.5,604.5,616,57209,624.7924722345621,631.9145758886582
2026-06-26,614.5,615,599.25,604.25,,,0,0,,,,,,,,,,,615,599.25,604.25,62875,622.9249747586928,630.8296905596912
2026-06-29,606.5,608,592.5,594.25,,,0,0,,,,,,,,,,,608,592.5,594.25,63232,620.3181588715389,629.3951928906837
2026-06-30,594,609.25,588.5,603.75,,,0,0,,,,,,,,,,,609.25,588.5,603.75,108421,618.8119626104899,628.3894990518334
2026-07-01,602.25,622.75,601,614.5,,,0,0,,,,,,,,,,,622.75,601,614.5,99959,618.4199660095363,627.8448128145066
2026-07-02,614.5,622.25,611.5,614.25,,,0,0,,,,,,,,,,,622.25,611.5,614.25,65479,618.0408781904875,627.3116829002122
2026-07-06,615,630.5,614.75,628.5,,,0,0,,,,,,,,,,,630.5,614.75,628.5,63626,618.9917074458978,627.3582835707921
2026-07-07,627.5,633.5,623.75,633,,,0,0,,,,,,,,,,,633.5,623.75,633,67715,620.2651885871798,627.5795273523296
2026-07-08,632.25,641.5,620.5,622.25,,,0,0,,,,,,,,,,,641.5,620.5,622.25,68199,620.4456259883452,627.3705262796892
2026-07-09,621.25,635.75,616.75,634.25,,,0,0,,,,,,,,,,,635.75,616.75,634.25,81712,621.7005690803138,627.6403095628386
2026-07-10,633.25,663.75,628.5,654.75,,,0,0,,,,,,,,,,,663.75,628.5,654.75,150447,624.7050628002853,628.7034346780214
2026-07-13,661,667.5,648,649.75,,,0,0,,,,,,,,,,,667.5,648,649.75,87200,626.9818752729866,629.5287901808441
2026-07-14,650.5,662,643.75,659.5,,,0,0,,,,,,,,,,,662,643.75,659.5,63265,629.9380684299878,630.7041317423797
2026-07-15,658.5,697.25,657.25,692,,,0,0,,,,,,,,,,,697.25,657.25,692,136572,635.5800622090798,633.1078912818942
2026-07-16,691.5,712.75,684,689.25,,,0,0,,,,,,,,,,,712.75,684,689.25,117429,640.4591474627998,635.3095426041729
2026-07-17,687.25,699.5,681,697.25,,,0,0,,,,,,,,,,,699.5,681,697.25,81347,645.6219522389089,637.7385801491073
2026-07-20,702,706.75,687.25,688.5,,,0,0,,,,,,,,,,,706.75,687.25,688.5,75758,649.5199565808263,639.7292240648286
2026-07-21,687.5,693.5,679.75,692.5,,,0,0,,,,,,,,,,,693.5,679.75,692.5,57577,653.4272332552966,641.7986662583647
2026-07-22,693,722.75,692.5,720.25,,,0,0,,,,,,,,,,,722.75,692.5,720.25,96201,659.5020302320878,644.8751891501936
2026-07-23,720,724.75,707.5,710.75,,,0,0,,,,,,,,,,,724.75,707.5,710.75,73588,664.1609365746252,647.4585150658722
2026-07-24,709.25,725.75,674,692.5,,,0,0,,,,,,,,,,,725.75,674,692.5,117726,666.7372150678411,649.224847808387
2026-07-27,695.25,696.5,672.5,674.5,,,0,0,,,,,,,,,,,696.5,672.5,674.5,67301,667.4429227889465,650.2160302472738
2026-07-28,676,680.25,665,677,,,0,0,,,,,,,,,,,680.25,665,677,60374,668.3117479899513,651.2663820022826
2026-07-29,681.25,686.75,672.75,675.25,,,0,0,,,,,,,,,,,686.75,672.75,675.25,54385,668.942498172683,652.2069160414088
2026-07-30,674.5,701,672.75,678,,,0,0,,,,,,,,,,,701,672.75,678,78227,669.7659074297119,653.218409529981
2026-07-31,677.75,679.5,649,653.75,,,0,0,,,,,,,,,,,679.5,649,653.75,89054,668.3099158451927,653.2392562150799
2026-08-03,649.5,668.25,646.5,665.5,,,0,0,,,,,,,,,,,668.25,646.5,665.5,64720,668.0544689501752,653.7200696968415
2026-08-04,666.5,674,650,653,,,0,0,,,,,,,,,,,674,650,653,64612,666.6858808637957,653.6918316695144
2026-08-05,652.5,667,647.75,656.75,,,0,0,,,,,,,,,,,667,647.75,656.75,55174,665.7826189670869,653.8117598393374
2026-08-06,658.25,663.5,641.25,645.75,,,0,0,,,,,,,,,,,663.5,641.25,645.75,68594,663.9614717882608,653.4956123946574
2026-08-07,645.5,660.5,643,654.25,,,0,0,,,,,,,,,,,660.5,643,654.25,77012,663.0786107166008,653.525196222318
2026-08-10,658,671,653.75,655,,,0,0,,,,,,,,,,,671,653.75,655,86920,662.3441915605462,653.58303166458
2026-08-11,654,661.25,641.5,644.75,,,0,0,,,,,,,,,,,661.25,641.5,644.75,114196,660.7447196004965,653.236638265969
2026-08-12,646.5,672.25,646,667.25,,,0,0,,,,,,,,,,,672.25,646,667.25,147283,661.3361087277241,653.7861818633819
2026-08-13,667.75,679.5,660,667.25,,,0,0,,,,,,,,,,,679.5,660,667.25,124353,661.8737352070219,654.3141747314845
2026-08-14,668.25,691.75,667,689.25,,,0,0,,,,,,,,,,,691.75,667,689.25,98004,664.3624865518381,655.6842070949557
2026-08-17,691.75,694.5,679.75,689.25,,,0,0,,,,,,,,,,,694.5,679.75,689.25,54278,666.6249877743983,657.0005126990751
2026-08-18,687.75,696.5,677,681.25,,,0,0,,,,,,,,,,,696.5,677,681.25,83654,667.9545343403621,657.9514729853859
2026-08-19,678.5,700.25,677.25,697.5,,,0,0,,,,,,,,,,,700.25,677.25,697.5,87440,670.6404857639656,659.5023956134099
2026-08-20,697,708.75,693,700,,,0,0,,,,,,,,,,,708.75,693,700,84813,673.3095325126959,661.0905369619037
2026-08-21,699,705,692.25,699.25,,,0,0,,,,,,,,,,,705,692.25,699.25,61503,675.6677568297235,662.5869864928094
2026-08-24,704.75,715,696.5,699.5,,,0,0,,,,,,,,,,,715,696.5,699.5,87147,677.8343243906578,664.0345556499541
2026-08-25,702,705.75,685,703.25,,,0,0,,,,,,,,,,,705.75,685,703.25,74442,680.1448403551434,665.572416212701
2026-08-26,704.25,748.25,700.75,748.25,,,0,0,,,,,,,,,,,748.25,700.75,748.25,136445,686.3362185046758,668.8146744004382
2026-08-27,746.5,767.5,741,760.75,,,0,0,,,,,,,,,,,767.5,741,760.75,129121,693.1011077315235,672.4199812866956
2026-08-28,758.25,790.25,754.75,784,,,0,0,,,,,,,,,,,790.25,754.75,784,129934,701.364643392294,676.7956682950605
2026-08-31,784,784.75,755.75,774,,,0,0,,,,,,,,,,,784.75,755.75,774,108026,707.9678576293583,680.6076028717248
2026-09-01,774.75,792.25,767,782.5,,,0,0,,,,,,,,,,,792.25,767,782.5,95862,714.7435069357803,684.603383151265
2026-09-02,782.25,795,764.5,774,,,0,0,,,,,,,,,,,795,764.5,774,94937,720.1304608507094,688.1091328316076
2026-09-03,774.25,776,730.5,754.25,,,0,0,,,,,,,,,,,776,730.5,754.25,154790,723.2322371370085,690.7028923284073
2026-09-04,751.75,762.5,732.75,734,,,0,0,,,,,,,,,,,762.5,732.75,734,100203,724.2111246700077,692.4008181194502
2026-09-08,746.5,763,736.5,747,,,0,0,,,,,,,,,,,763,736.5,747,94036,726.2828406090979,694.5419625069227
2026-09-09,747.75,755.5,727.75,728.75,,,0,0,,,,,,,,,,,755.5,727.75,728.75,86493,726.5071278264526,695.8834541733179
2026-09-10,729,742,723.25,741.25,,,0,0,,,,,,,,,,,742,723.25,741.25,64126,727.8473889331387,697.6625344018153
2026-09-11,741.25,743.5,716.25,725.25,,,0,0,,,,,,,,,,,743.5,716.25,725.25,88251,727.6112626664898,698.7443957978226
2026-09-14,729,734,710,722,,,0,0,,,,,,,,,,,734,710,722,81116,727.1011478786271,699.6563802763393
2026-09-15,722,731,711.25,728.5,,,0,0,,,,,,,,,,,731,711.25,728.5,67274,727.2283162532974,700.7875026184437
2026-09-16,728.25,736,723.5,730.75,,,0,0,,,,,,,,,,,736,723.5,730.75,53372,727.5484693211795,701.9625025157596
2026-09-17,730.75,735.5,716.5,727,,,0,0,,,,,,,,,,,735.5,716.5,727,47572,727.4986084737995,702.9443651622005
2026-09-18,725,729,711.25,714.25,,,0,0,,,,,,,,,,,729,711.25,714.25,45666,726.294189521636,703.3877233911338
2026-09-21,716,730,715.25,726.75,,,0,0,,,,,,,,,,,730,715.25,726.75,58017,726.3356268378509,704.3038911012854
2026-09-22,727.25,729.5,714.75,717.25,,,0,0,,,,,,,,,,,729.5,714.75,717.25,40336,725.5096607616827,704.811581646333
2026-09-23,716.75,717.75,702,708.5,,,0,0,,,,,,,,,,,717.75,702,708.5,65586,723.9633279651661,704.9562255033396
2026-09-24,707.75,712.5,700.25,707,,,0,0,,,,,,,,,,,712.5,700.25,707,56811,722.4212072410601,705.0363735228165
2026-09-25,707,707,683.5,703.25,,,0,0,,,,,,,,,,,707,683.5,703.25,85355,720.6783702191456,704.9663196591766
2026-09-28,703,703,683,688.75,,,0,0,,,,,,,,,,,703,683,688.75,61503,717.7757911083141,704.3303855548952
2026-09-29,689.5,694,681.5,692.75,,,0,0,,,,,,,,,,,694,681.5,692.75,60307,715.5007191893765,703.8762527880366
2026-09-30,692.75,700.25,673.25,675.75,,,0,0,,,,,,,,,,,700.25,673.25,675.75,108561,711.8870174448876,702.7732624826234
2026-10-01,675.25,684,670.75,682.75,,,0,0,,,,,,,,,,,684,670.75,682.75,124286,709.2381976771705,701.9880365029127
2026-10-02,681.75,689,677.75,683,,,,,,,,,,,,,,,689,677.75,683,52262,706.852906979246,701.2434076204455
2026-10-05,683,698.5,679.75,692.25,,,,,,,,,,,,,,,698.5,679.75,692.25,63101,705.5253699811327,700.8907249686633
2026-10-06,693.25,705,689,704.25,,,,,,,,,,,,,,,705,689,704.25,60988,705.4094272555752,701.022461244402
2026-10-07,704,706.5,684.75,686.5,,,,,,,,,,,,,,,706.5,684.75,686.5,62327,703.6903884141593,700.4529529603078
2026-10-08,687,687,683.75,685,,,,,,,,,,,,,,,687,683.75,685,2172,701.9912621946903,699.8469548050016