[2026-06-26 15:45:19] === SCHEDULER DAEMON KHOI DONG ===
[2026-06-26 15:45:19] He thong se chay ngam va theo doi lich...
[2026-06-26 15:45:19] Cac lich trinh dang hoat dong:
[2026-06-26 15:45:19] - [Prices & Macro]: Phut :15 moi gio (Trong gio giao dich)
[2026-06-26 15:45:19] - [COT CFTC]: 07:15 Thu Bay (Gio VN)
[2026-06-26 15:45:19] - [Weather Short]: 06:00 Hang ngay
[2026-06-26 15:45:19] - [Weather Long]: 06:30 Thu Hai
[2026-06-26 15:45:19] - [USDA Export]: 20:30 Thu Nam
[2026-06-28 20:26:46] === SCHEDULER DAEMON KHOI DONG ===
[2026-06-28 20:26:46] He thong se chay ngam va theo doi lich...
[2026-06-28 20:26:46] Cac lich trinh dang hoat dong:
[2026-06-28 20:26:46] - [Prices & Macro]: Phut :15 moi gio (Trong gio giao dich)
[2026-06-28 20:26:46] - [COT CFTC]: 07:15 Thu Bay (Gio VN)
[2026-06-28 20:26:46] - [Weather Short]: 06:00 Hang ngay
[2026-06-28 20:26:46] - [Weather Long]: 06:30 Thu Hai
[2026-06-28 20:26:46] - [USDA Export]: 20:30 Thu Nam
[2026-06-30 08:16:29] === SCHEDULER DAEMON KHOI DONG ===
[2026-06-30 08:16:29] He thong se chay ngam va theo doi lich...
[2026-06-30 08:16:29] Cac lich trinh dang hoat dong:
[2026-06-30 08:16:29] - [Prices & Macro]: Phut :15 moi gio (Trong gio giao dich)
[2026-06-30 08:16:29] - [COT CFTC]: 07:15 Thu Bay (Gio VN)
[2026-06-30 08:16:29] - [Weather Short]: 06:00 Hang ngay
[2026-06-30 08:16:29] - [Weather Long]: 06:30 Thu Hai
[2026-06-30 08:16:29] - [USDA Export]: 20:30 Thu Nam
[2026-07-01 18:30:53] [INFO] ============================================================
[2026-07-01 18:30:53] [INFO]   CBOT PRECISION SCHEDULER V2 — KHỞI ĐỘNG
[2026-07-01 18:30:53] [INFO] ============================================================
[2026-07-01 18:30:53] [INFO] Lịch trình đang chạy:
[2026-07-01 18:30:53] [INFO]   [Giá H1 + Macro]    : Phút :15 mỗi giờ giao dịch
[2026-07-01 18:30:53] [INFO]   [COT CFTC]          : Thứ Bảy 07:15 VN
[2026-07-01 18:30:53] [INFO]   [USDA Crop Progress]: Thứ Hai 22:00 VN
[2026-07-01 18:30:53] [INFO]   [Export Sales]      : Thứ Năm 21:32 VN
[2026-07-01 18:30:53] [INFO]   [WASDE Monthly]     : Ngày 10 hàng tháng, 23:00 VN
[2026-07-01 18:30:53] [INFO]   [Thời Tiết Ngắn]    : 06:00 hàng ngày
[2026-07-01 18:30:53] [INFO]   [ENSO Long-Term]    : Thứ Hai 06:30 VN
[2026-07-01 18:30:53] [INFO]   [USDA Acreage]      : 05:30 hàng ngày
[2026-07-01 18:30:53] [INFO] ------------------------------------------------------------
[2026-07-01 18:30:53] [INFO] ⏰ Đợi Giá H1: còn 0.74h (01/07 19:15:02 VN)
[2026-07-01 18:30:53] [INFO]   ✅ Thread khởi động: job_prices
[2026-07-01 18:30:53] [INFO] ⏰ Đợi COT CFTC: còn 60.74h (04/07 07:15:02 VN)
[2026-07-01 18:30:53] [INFO]   ✅ Thread khởi động: job_cot
[2026-07-01 18:30:53] [INFO]   ✅ Thread khởi động: job_crop_progress
:00:02 VN)
[2026-07-01 18:30:53] [INFO] ⏰ Đợi Export Sales: còn 27.02h (02/07 21:32:02 VN)
[2026-07-01 18:30:53] [INFO]   ✅ Thread khởi động: job_export_sales
[2026-07-01 18:30:53] [INFO] ⏰ Đợi WASDE Monthly: còn 220.49h (10/07 23:00:02 VN)
[2026-07-01 18:30:53] [INFO]   ✅ Thread khởi động: job_wasde
[2026-07-01 18:30:53] [INFO] ⏰ Đợi Weather Short: còn 11.49h (02/07 06:00:02 VN)
[2026-07-01 18:30:53] [INFO]   ✅ Thread khởi động: job_weather_short
[2026-07-01 18:30:53] [INFO] ⏰ Đợi ENSO Long-Term: còn 107.99h (06/07 06:30:02 VN)
[2026-07-01 18:30:53] [INFO]   ✅ Thread khởi động: job_weather_long
[2026-07-01 18:30:53] [INFO] ⏰ Đợi Acreage Reports: còn 10.99h (02/07 05:30:02 VN)
[2026-07-01 18:30:53] [INFO]   ✅ Thread khởi động: job_acreage
[2026-07-01 18:30:53] [INFO] ============================================================
[2026-07-01 18:30:53] [INFO] Scheduler đang chạy ngầm. Nhấn Ctrl+C để dừng.
[2026-07-01 19:15:02] [INFO] ▶ Kích hoạt: Giá H1 + Macro
[2026-07-01 19:15:12] [WARN] ⚠ Giá H1 + Macro lỗi attempt 1: errors,encoding_table)[0]
           ~~~~~~~~~~~~~~~~~~~~~^^^^^^^^^^^^^^^^^^^^^^^^^^^^^^^^^^
UnicodeEncodeError: 'charmap' codec can't encode characters in position 4-5: character maps to <undefined>

[2026-07-01 19:15:12] [INFO] ▶ Kích hoạt: Vĩ Mô (Macro)
[2026-07-01 19:15:19] [WARN] ⚠ Vĩ Mô (Macro) lỗi attempt 1: ,encoding_table)[0]
           ~~~~~~~~~~~~~~~~~~~~~^^^^^^^^^^^^^^^^^^^^^^^^^^^^^^^^^^
UnicodeEncodeError: 'charmap' codec can't encode character '\u274c' in position 2: character maps to <undefined>

[2026-07-01 19:15:19] [INFO] ⏰ Đợi Giá H1: còn 1.00h (01/07 20:15:02 VN)
[2026-07-01 20:15:02] [INFO] ▶ Kích hoạt: Giá H1 + Macro
[2026-07-01 20:15:03] [WARN] ⚠ Giá H1 + Macro lỗi attempt 1: errors,encoding_table)[0]
           ~~~~~~~~~~~~~~~~~~~~~^^^^^^^^^^^^^^^^^^^^^^^^^^^^^^^^^^
UnicodeEncodeError: 'charmap' codec can't encode characters in position 4-5: character maps to <undefined>

[2026-07-01 20:15:03] [INFO] ▶ Kích hoạt: Vĩ Mô (Macro)
[2026-07-01 20:15:06] [WARN] ⚠ Vĩ Mô (Macro) lỗi attempt 1: ,encoding_table)[0]
           ~~~~~~~~~~~~~~~~~~~~~^^^^^^^^^^^^^^^^^^^^^^^^^^^^^^^^^^
UnicodeEncodeError: 'charmap' codec can't encode character '\u274c' in position 2: character maps to <undefined>

[2026-07-01 20:15:06] [INFO] ⏰ Đợi Giá H1: còn 1.00h (01/07 21:15:02 VN)
[2026-07-01 21:15:02] [INFO] ▶ Kích hoạt: Giá H1 + Macro
[2026-07-01 21:15:03] [WARN] ⚠ Giá H1 + Macro lỗi attempt 1: errors,encoding_table)[0]
           ~~~~~~~~~~~~~~~~~~~~~^^^^^^^^^^^^^^^^^^^^^^^^^^^^^^^^^^
UnicodeEncodeError: 'charmap' codec can't encode characters in position 4-5: character maps to <undefined>

[2026-07-01 21:15:03] [INFO] ▶ Kích hoạt: Vĩ Mô (Macro)
[2026-07-01 21:15:09] [WARN] ⚠ Vĩ Mô (Macro) lỗi attempt 1: ,encoding_table)[0]
           ~~~~~~~~~~~~~~~~~~~~~^^^^^^^^^^^^^^^^^^^^^^^^^^^^^^^^^^
UnicodeEncodeError: 'charmap' codec can't encode character '\u274c' in position 2: character maps to <undefined>

[2026-07-01 21:15:09] [INFO] ⏰ Đợi Giá H1: còn 1.00h (01/07 22:15:02 VN)
[2026-07-01 22:15:02] [INFO] ▶ Kích hoạt: Giá H1 + Macro
[2026-07-01 22:15:03] [WARN] ⚠ Giá H1 + Macro lỗi attempt 1: errors,encoding_table)[0]
           ~~~~~~~~~~~~~~~~~~~~~^^^^^^^^^^^^^^^^^^^^^^^^^^^^^^^^^^
UnicodeEncodeError: 'charmap' codec can't encode characters in position 4-5: character maps to <undefined>

[2026-07-01 22:15:03] [INFO] ▶ Kích hoạt: Vĩ Mô (Macro)
[2026-07-01 22:15:06] [WARN] ⚠ Vĩ Mô (Macro) lỗi attempt 1: ,encoding_table)[0]
           ~~~~~~~~~~~~~~~~~~~~~^^^^^^^^^^^^^^^^^^^^^^^^^^^^^^^^^^
UnicodeEncodeError: 'charmap' codec can't encode character '\u274c' in position 2: character maps to <undefined>

[2026-07-01 22:15:06] [INFO] ⏰ Đợi Giá H1: còn 1.00h (01/07 23:15:02 VN)
[2026-07-01 23:15:02] [INFO] ▶ Kích hoạt: Giá H1 + Macro
[2026-07-01 23:15:03] [WARN] ⚠ Giá H1 + Macro lỗi attempt 1: errors,encoding_table)[0]
           ~~~~~~~~~~~~~~~~~~~~~^^^^^^^^^^^^^^^^^^^^^^^^^^^^^^^^^^
UnicodeEncodeError: 'charmap' codec can't encode characters in position 4-5: character maps to <undefined>

[2026-07-01 23:15:03] [INFO] ▶ Kích hoạt: Vĩ Mô (Macro)
[2026-07-01 23:15:06] [WARN] ⚠ Vĩ Mô (Macro) lỗi attempt 1: ,encoding_table)[0]
           ~~~~~~~~~~~~~~~~~~~~~^^^^^^^^^^^^^^^^^^^^^^^^^^^^^^^^^^
UnicodeEncodeError: 'charmap' codec can't encode character '\u274c' in position 2: character maps to <undefined>

[2026-07-01 23:15:06] [INFO] ⏰ Đợi Giá H1: còn 1.00h (02/07 00:15:02 VN)
[2026-07-02 01:21:50] [INFO] ▶ Kích hoạt: Giá H1 + Macro
[2026-07-02 01:21:52] [WARN] ⚠ Giá H1 + Macro lỗi attempt 1: errors,encoding_table)[0]
           ~~~~~~~~~~~~~~~~~~~~~^^^^^^^^^^^^^^^^^^^^^^^^^^^^^^^^^^
UnicodeEncodeError: 'charmap' codec can't encode characters in position 4-5: character maps to <undefined>

[2026-07-02 01:21:52] [INFO] ▶ Kích hoạt: Vĩ Mô (Macro)
[2026-07-02 01:21:54] [WARN] ⚠ Vĩ Mô (Macro) lỗi attempt 1: ,encoding_table)[0]
           ~~~~~~~~~~~~~~~~~~~~~^^^^^^^^^^^^^^^^^^^^^^^^^^^^^^^^^^
UnicodeEncodeError: 'charmap' codec can't encode character '\u274c' in position 2: character maps to <undefined>

[2026-07-02 01:21:54] [INFO] ⏰ Đợi Giá H1: còn 0.89h (02/07 02:15:02 VN)
[2026-07-02 02:15:02] [INFO] ▶ Kích hoạt: Giá H1 + Macro
[2026-07-02 02:15:03] [WARN] ⚠ Giá H1 + Macro lỗi attempt 1: errors,encoding_table)[0]
           ~~~~~~~~~~~~~~~~~~~~~^^^^^^^^^^^^^^^^^^^^^^^^^^^^^^^^^^
UnicodeEncodeError: 'charmap' codec can't encode characters in position 4-5: character maps to <undefined>

[2026-07-02 02:15:03] [INFO] ▶ Kích hoạt: Vĩ Mô (Macro)
[2026-07-02 02:15:05] [WARN] ⚠ Vĩ Mô (Macro) lỗi attempt 1: ,encoding_table)[0]
           ~~~~~~~~~~~~~~~~~~~~~^^^^^^^^^^^^^^^^^^^^^^^^^^^^^^^^^^
UnicodeEncodeError: 'charmap' codec can't encode character '\u274c' in position 2: character maps to <undefined>

[2026-07-02 02:15:05] [INFO] ⏰ Đợi Giá H1: còn 1.00h (02/07 03:15:02 VN)
[2026-07-02 03:15:02] [INFO] ▶ Kích hoạt: Giá H1 + Macro
[2026-07-02 03:15:03] [WARN] ⚠ Giá H1 + Macro lỗi attempt 1: errors,encoding_table)[0]
           ~~~~~~~~~~~~~~~~~~~~~^^^^^^^^^^^^^^^^^^^^^^^^^^^^^^^^^^
UnicodeEncodeError: 'charmap' codec can't encode characters in position 4-5: character maps to <undefined>

[2026-07-02 03:15:03] [INFO] ▶ Kích hoạt: Vĩ Mô (Macro)
[2026-07-02 03:15:05] [WARN] ⚠ Vĩ Mô (Macro) lỗi attempt 1: ,encoding_table)[0]
           ~~~~~~~~~~~~~~~~~~~~~^^^^^^^^^^^^^^^^^^^^^^^^^^^^^^^^^^
UnicodeEncodeError: 'charmap' codec can't encode character '\u274c' in position 2: character maps to <undefined>

[2026-07-02 03:15:05] [INFO] ⏰ Đợi Giá H1: còn 1.00h (02/07 04:15:02 VN)
[2026-07-02 04:15:02] [INFO] ▶ Kích hoạt: Giá H1 + Macro
[2026-07-02 04:15:03] [WARN] ⚠ Giá H1 + Macro lỗi attempt 1: errors,encoding_table)[0]
           ~~~~~~~~~~~~~~~~~~~~~^^^^^^^^^^^^^^^^^^^^^^^^^^^^^^^^^^
UnicodeEncodeError: 'charmap' codec can't encode characters in position 4-5: character maps to <undefined>

[2026-07-02 04:15:03] [INFO] ▶ Kích hoạt: Vĩ Mô (Macro)
[2026-07-02 04:15:05] [WARN] ⚠ Vĩ Mô (Macro) lỗi attempt 1: ,encoding_table)[0]
           ~~~~~~~~~~~~~~~~~~~~~^^^^^^^^^^^^^^^^^^^^^^^^^^^^^^^^^^
UnicodeEncodeError: 'charmap' codec can't encode character '\u274c' in position 2: character maps to <undefined>

[2026-07-02 04:15:05] [INFO] ⏰ Đợi Giá H1: còn 1.00h (02/07 05:15:02 VN)
[2026-07-02 05:15:02] [INFO] ▶ Kích hoạt: Giá H1 + Macro
[2026-07-02 05:15:03] [WARN] ⚠ Giá H1 + Macro lỗi attempt 1: errors,encoding_table)[0]
           ~~~~~~~~~~~~~~~~~~~~~^^^^^^^^^^^^^^^^^^^^^^^^^^^^^^^^^^
UnicodeEncodeError: 'charmap' codec can't encode characters in position 4-5: character maps to <undefined>

[2026-07-02 05:15:03] [INFO] ▶ Kích hoạt: Vĩ Mô (Macro)
[2026-07-02 05:15:05] [WARN] ⚠ Vĩ Mô (Macro) lỗi attempt 1: ,encoding_table)[0]
           ~~~~~~~~~~~~~~~~~~~~~^^^^^^^^^^^^^^^^^^^^^^^^^^^^^^^^^^
UnicodeEncodeError: 'charmap' codec can't encode character '\u274c' in position 2: character maps to <undefined>

[2026-07-02 05:15:05] [INFO] ⏰ Đợi Giá H1: còn 1.00h (02/07 06:15:02 VN)
[2026-07-02 06:15:02] [INFO] ▶ Kích hoạt: Giá H1 + Macro
[2026-07-02 06:15:03] [WARN] ⚠ Giá H1 + Macro lỗi attempt 1: errors,encoding_table)[0]
           ~~~~~~~~~~~~~~~~~~~~~^^^^^^^^^^^^^^^^^^^^^^^^^^^^^^^^^^
UnicodeEncodeError: 'charmap' codec can't encode characters in position 4-5: character maps to <undefined>

[2026-07-02 06:15:03] [INFO] ▶ Kích hoạt: Vĩ Mô (Macro)
[2026-07-02 06:15:05] [WARN] ⚠ Vĩ Mô (Macro) lỗi attempt 1: ,encoding_table)[0]
           ~~~~~~~~~~~~~~~~~~~~~^^^^^^^^^^^^^^^^^^^^^^^^^^^^^^^^^^
UnicodeEncodeError: 'charmap' codec can't encode character '\u274c' in position 2: character maps to <undefined>

[2026-07-02 06:15:05] [INFO] ⏰ Đợi Giá H1: còn 1.00h (02/07 07:15:02 VN)
[2026-07-02 06:36:50] [INFO] ▶ Kích hoạt: USDA Acreage
[2026-07-02 06:36:54] [INFO] ✅ USDA Acreage hoàn thành (attempt 1)
[2026-07-02 06:36:54] [INFO] ⏰ Đợi Acreage Reports: còn 22.89h (03/07 05:30:02 VN)
[2026-07-02 07:06:50] [INFO] ▶ Kích hoạt: Thời Tiết Ngắn Hạn
[2026-07-02 07:07:19] [INFO] ✅ Thời Tiết Ngắn Hạn hoàn thành (attempt 1)
[2026-07-02 07:07:19] [INFO] ⏰ Đợi Weather Short: còn 22.88h (03/07 06:00:02 VN)
[2026-07-02 07:15:02] [INFO] ▶ Kích hoạt: Giá H1 + Macro
[2026-07-02 07:15:04] [WARN] ⚠ Giá H1 + Macro lỗi attempt 1: errors,encoding_table)[0]
           ~~~~~~~~~~~~~~~~~~~~~^^^^^^^^^^^^^^^^^^^^^^^^^^^^^^^^^^
UnicodeEncodeError: 'charmap' codec can't encode characters in position 4-5: character maps to <undefined>

[2026-07-02 07:15:04] [INFO] ▶ Kích hoạt: Vĩ Mô (Macro)
[2026-07-02 07:15:07] [WARN] ⚠ Vĩ Mô (Macro) lỗi attempt 1: ,encoding_table)[0]
           ~~~~~~~~~~~~~~~~~~~~~^^^^^^^^^^^^^^^^^^^^^^^^^^^^^^^^^^
UnicodeEncodeError: 'charmap' codec can't encode character '\u274c' in position 2: character maps to <undefined>

[2026-07-02 07:15:07] [INFO] ⏰ Đợi Giá H1: còn 1.00h (02/07 08:15:02 VN)
[2026-07-02 08:15:02] [INFO] ▶ Kích hoạt: Giá H1 + Macro
[2026-07-02 08:15:03] [WARN] ⚠ Giá H1 + Macro lỗi attempt 1: errors,encoding_table)[0]
           ~~~~~~~~~~~~~~~~~~~~~^^^^^^^^^^^^^^^^^^^^^^^^^^^^^^^^^^
UnicodeEncodeError: 'charmap' codec can't encode characters in position 4-5: character maps to <undefined>

[2026-07-02 08:15:03] [INFO] ▶ Kích hoạt: Vĩ Mô (Macro)
[2026-07-02 08:15:06] [WARN] ⚠ Vĩ Mô (Macro) lỗi attempt 1: ,encoding_table)[0]
           ~~~~~~~~~~~~~~~~~~~~~^^^^^^^^^^^^^^^^^^^^^^^^^^^^^^^^^^
UnicodeEncodeError: 'charmap' codec can't encode character '\u274c' in position 2: character maps to <undefined>

[2026-07-02 08:15:06] [INFO] ⏰ Đợi Giá H1: còn 1.00h (02/07 09:15:02 VN)
[2026-07-02 09:15:02] [INFO] ▶ Kích hoạt: Giá H1 + Macro
[2026-07-02 09:15:10] [WARN] ⚠ Giá H1 + Macro lỗi attempt 1: errors,encoding_table)[0]
           ~~~~~~~~~~~~~~~~~~~~~^^^^^^^^^^^^^^^^^^^^^^^^^^^^^^^^^^
UnicodeEncodeError: 'charmap' codec can't encode characters in position 4-5: character maps to <undefined>

[2026-07-02 09:15:10] [INFO] ▶ Kích hoạt: Vĩ Mô (Macro)
[2026-07-02 09:15:16] [WARN] ⚠ Vĩ Mô (Macro) lỗi attempt 1: ,encoding_table)[0]
           ~~~~~~~~~~~~~~~~~~~~~^^^^^^^^^^^^^^^^^^^^^^^^^^^^^^^^^^
UnicodeEncodeError: 'charmap' codec can't encode character '\u274c' in position 2: character maps to <undefined>

[2026-07-02 09:15:16] [INFO] ⏰ Đợi Giá H1: còn 1.00h (02/07 10:15:02 VN)
[2026-07-02 10:15:02] [INFO] ▶ Kích hoạt: Giá H1 + Macro
[2026-07-02 10:15:04] [WARN] ⚠ Giá H1 + Macro lỗi attempt 1: errors,encoding_table)[0]
           ~~~~~~~~~~~~~~~~~~~~~^^^^^^^^^^^^^^^^^^^^^^^^^^^^^^^^^^
UnicodeEncodeError: 'charmap' codec can't encode characters in position 4-5: character maps to <undefined>

[2026-07-02 10:15:04] [INFO] ▶ Kích hoạt: Vĩ Mô (Macro)
[2026-07-02 10:15:07] [WARN] ⚠ Vĩ Mô (Macro) lỗi attempt 1: ,encoding_table)[0]
           ~~~~~~~~~~~~~~~~~~~~~^^^^^^^^^^^^^^^^^^^^^^^^^^^^^^^^^^
UnicodeEncodeError: 'charmap' codec can't encode character '\u274c' in position 2: character maps to <undefined>

[2026-07-02 10:15:07] [INFO] ⏰ Đợi Giá H1: còn 1.00h (02/07 11:15:02 VN)
[2026-07-02 11:15:02] [INFO] ▶ Kích hoạt: Giá H1 + Macro
[2026-07-02 11:15:09] [WARN] ⚠ Giá H1 + Macro lỗi attempt 1: errors,encoding_table)[0]
           ~~~~~~~~~~~~~~~~~~~~~^^^^^^^^^^^^^^^^^^^^^^^^^^^^^^^^^^
UnicodeEncodeError: 'charmap' codec can't encode characters in position 4-5: character maps to <undefined>

[2026-07-02 11:15:09] [INFO] ▶ Kích hoạt: Vĩ Mô (Macro)
[2026-07-02 11:15:14] [WARN] ⚠ Vĩ Mô (Macro) lỗi attempt 1: ,encoding_table)[0]
           ~~~~~~~~~~~~~~~~~~~~~^^^^^^^^^^^^^^^^^^^^^^^^^^^^^^^^^^
UnicodeEncodeError: 'charmap' codec can't encode character '\u274c' in position 2: character maps to <undefined>

[2026-07-02 11:15:14] [INFO] ⏰ Đợi Giá H1: còn 1.00h (02/07 12:15:02 VN)
[2026-07-02 12:15:02] [INFO] ▶ Kích hoạt: Giá H1 + Macro
[2026-07-02 12:15:03] [WARN] ⚠ Giá H1 + Macro lỗi attempt 1: errors,encoding_table)[0]
           ~~~~~~~~~~~~~~~~~~~~~^^^^^^^^^^^^^^^^^^^^^^^^^^^^^^^^^^
UnicodeEncodeError: 'charmap' codec can't encode characters in position 4-5: character maps to <undefined>

[2026-07-02 12:15:03] [INFO] ▶ Kích hoạt: Vĩ Mô (Macro)
[2026-07-02 12:15:07] [WARN] ⚠ Vĩ Mô (Macro) lỗi attempt 1: ,encoding_table)[0]
           ~~~~~~~~~~~~~~~~~~~~~^^^^^^^^^^^^^^^^^^^^^^^^^^^^^^^^^^
UnicodeEncodeError: 'charmap' codec can't encode character '\u274c' in position 2: character maps to <undefined>

[2026-07-02 12:15:07] [INFO] ⏰ Đợi Giá H1: còn 1.00h (02/07 13:15:02 VN)
[2026-07-02 13:15:02] [INFO] ▶ Kích hoạt: Giá H1 + Macro
[2026-07-02 13:15:04] [WARN] ⚠ Giá H1 + Macro lỗi attempt 1: errors,encoding_table)[0]
           ~~~~~~~~~~~~~~~~~~~~~^^^^^^^^^^^^^^^^^^^^^^^^^^^^^^^^^^
UnicodeEncodeError: 'charmap' codec can't encode characters in position 4-5: character maps to <undefined>

[2026-07-02 13:15:04] [INFO] ▶ Kích hoạt: Vĩ Mô (Macro)
[2026-07-02 13:15:07] [WARN] ⚠ Vĩ Mô (Macro) lỗi attempt 1: ,encoding_table)[0]
           ~~~~~~~~~~~~~~~~~~~~~^^^^^^^^^^^^^^^^^^^^^^^^^^^^^^^^^^
UnicodeEncodeError: 'charmap' codec can't encode character '\u274c' in position 2: character maps to <undefined>

[2026-07-02 13:15:07] [INFO] ⏰ Đợi Giá H1: còn 1.00h (02/07 14:15:02 VN)
[2026-07-02 14:15:02] [INFO] ▶ Kích hoạt: Giá H1 + Macro
[2026-07-02 14:15:04] [WARN] ⚠ Giá H1 + Macro lỗi attempt 1: errors,encoding_table)[0]
           ~~~~~~~~~~~~~~~~~~~~~^^^^^^^^^^^^^^^^^^^^^^^^^^^^^^^^^^
UnicodeEncodeError: 'charmap' codec can't encode characters in position 4-5: character maps to <undefined>

[2026-07-02 14:15:04] [INFO] ▶ Kích hoạt: Vĩ Mô (Macro)
[2026-07-02 14:15:07] [WARN] ⚠ Vĩ Mô (Macro) lỗi attempt 1: ,encoding_table)[0]
           ~~~~~~~~~~~~~~~~~~~~~^^^^^^^^^^^^^^^^^^^^^^^^^^^^^^^^^^
UnicodeEncodeError: 'charmap' codec can't encode character '\u274c' in position 2: character maps to <undefined>

[2026-07-02 14:15:07] [INFO] ⏰ Đợi Giá H1: còn 1.00h (02/07 15:15:02 VN)
[2026-07-02 15:15:02] [INFO] ▶ Kích hoạt: Giá H1 + Macro
[2026-07-02 15:15:03] [WARN] ⚠ Giá H1 + Macro lỗi attempt 1: errors,encoding_table)[0]
           ~~~~~~~~~~~~~~~~~~~~~^^^^^^^^^^^^^^^^^^^^^^^^^^^^^^^^^^
UnicodeEncodeError: 'charmap' codec can't encode characters in position 4-5: character maps to <undefined>

[2026-07-02 15:15:03] [INFO] ▶ Kích hoạt: Vĩ Mô (Macro)
[2026-07-02 15:15:06] [WARN] ⚠ Vĩ Mô (Macro) lỗi attempt 1: ,encoding_table)[0]
           ~~~~~~~~~~~~~~~~~~~~~^^^^^^^^^^^^^^^^^^^^^^^^^^^^^^^^^^
UnicodeEncodeError: 'charmap' codec can't encode character '\u274c' in position 2: character maps to <undefined>

[2026-07-02 15:15:06] [INFO] ⏰ Đợi Giá H1: còn 1.00h (02/07 16:15:02 VN)
[2026-07-02 16:15:02] [INFO] ▶ Kích hoạt: Giá H1 + Macro
[2026-07-02 16:15:03] [WARN] ⚠ Giá H1 + Macro lỗi attempt 1: errors,encoding_table)[0]
           ~~~~~~~~~~~~~~~~~~~~~^^^^^^^^^^^^^^^^^^^^^^^^^^^^^^^^^^
UnicodeEncodeError: 'charmap' codec can't encode characters in position 4-5: character maps to <undefined>

[2026-07-02 16:15:03] [INFO] ▶ Kích hoạt: Vĩ Mô (Macro)
[2026-07-02 16:15:06] [WARN] ⚠ Vĩ Mô (Macro) lỗi attempt 1: ,encoding_table)[0]
           ~~~~~~~~~~~~~~~~~~~~~^^^^^^^^^^^^^^^^^^^^^^^^^^^^^^^^^^
UnicodeEncodeError: 'charmap' codec can't encode character '\u274c' in position 2: character maps to <undefined>

[2026-07-02 16:15:06] [INFO] ⏰ Đợi Giá H1: còn 1.00h (02/07 17:15:02 VN)
[2026-07-02 17:15:02] [INFO] ▶ Kích hoạt: Giá H1 + Macro
[2026-07-02 17:15:04] [WARN] ⚠ Giá H1 + Macro lỗi attempt 1: errors,encoding_table)[0]
           ~~~~~~~~~~~~~~~~~~~~~^^^^^^^^^^^^^^^^^^^^^^^^^^^^^^^^^^
UnicodeEncodeError: 'charmap' codec can't encode characters in position 4-5: character maps to <undefined>

[2026-07-02 17:15:04] [INFO] ▶ Kích hoạt: Vĩ Mô (Macro)
[2026-07-02 17:15:07] [WARN] ⚠ Vĩ Mô (Macro) lỗi attempt 1: ,encoding_table)[0]
           ~~~~~~~~~~~~~~~~~~~~~^^^^^^^^^^^^^^^^^^^^^^^^^^^^^^^^^^
UnicodeEncodeError: 'charmap' codec can't encode character '\u274c' in position 2: character maps to <undefined>

[2026-07-02 17:15:07] [INFO] ⏰ Đợi Giá H1: còn 1.00h (02/07 18:15:02 VN)
[2026-07-02 18:15:02] [INFO] ▶ Kích hoạt: Giá H1 + Macro
[2026-07-02 18:15:04] [WARN] ⚠ Giá H1 + Macro lỗi attempt 1: errors,encoding_table)[0]
           ~~~~~~~~~~~~~~~~~~~~~^^^^^^^^^^^^^^^^^^^^^^^^^^^^^^^^^^
UnicodeEncodeError: 'charmap' codec can't encode characters in position 4-5: character maps to <undefined>

[2026-07-02 18:15:04] [INFO] ▶ Kích hoạt: Vĩ Mô (Macro)
[2026-07-02 18:15:07] [WARN] ⚠ Vĩ Mô (Macro) lỗi attempt 1: ,encoding_table)[0]
           ~~~~~~~~~~~~~~~~~~~~~^^^^^^^^^^^^^^^^^^^^^^^^^^^^^^^^^^
UnicodeEncodeError: 'charmap' codec can't encode character '\u274c' in position 2: character maps to <undefined>

[2026-07-02 18:15:07] [INFO] ⏰ Đợi Giá H1: còn 1.00h (02/07 19:15:02 VN)
[2026-07-02 19:15:02] [INFO] ▶ Kích hoạt: Giá H1 + Macro
[2026-07-02 19:15:04] [WARN] ⚠ Giá H1 + Macro lỗi attempt 1: errors,encoding_table)[0]
           ~~~~~~~~~~~~~~~~~~~~~^^^^^^^^^^^^^^^^^^^^^^^^^^^^^^^^^^
UnicodeEncodeError: 'charmap' codec can't encode characters in position 4-5: character maps to <undefined>

[2026-07-02 19:15:04] [INFO] ▶ Kích hoạt: Vĩ Mô (Macro)
[2026-07-02 19:15:07] [WARN] ⚠ Vĩ Mô (Macro) lỗi attempt 1: ,encoding_table)[0]
           ~~~~~~~~~~~~~~~~~~~~~^^^^^^^^^^^^^^^^^^^^^^^^^^^^^^^^^^
UnicodeEncodeError: 'charmap' codec can't encode character '\u274c' in position 2: character maps to <undefined>

[2026-07-02 19:15:07] [INFO] ⏰ Đợi Giá H1: còn 1.00h (02/07 20:15:02 VN)
[2026-07-02 20:32:15] [INFO] ▶ Kích hoạt: Giá H1 + Macro
[2026-07-02 20:32:17] [WARN] ⚠ Giá H1 + Macro lỗi attempt 1: errors,encoding_table)[0]
           ~~~~~~~~~~~~~~~~~~~~~^^^^^^^^^^^^^^^^^^^^^^^^^^^^^^^^^^
UnicodeEncodeError: 'charmap' codec can't encode characters in position 4-5: character maps to <undefined>

[2026-07-02 20:32:17] [INFO] ▶ Kích hoạt: Vĩ Mô (Macro)
[2026-07-02 20:32:20] [WARN] ⚠ Vĩ Mô (Macro) lỗi attempt 1: ,encoding_table)[0]
           ~~~~~~~~~~~~~~~~~~~~~^^^^^^^^^^^^^^^^^^^^^^^^^^^^^^^^^^
UnicodeEncodeError: 'charmap' codec can't encode character '\u274c' in position 2: character maps to <undefined>

[2026-07-02 20:32:20] [INFO] ⏰ Đợi Giá H1: còn 0.71h (02/07 21:15:02 VN)
[2026-07-02 21:15:02] [INFO] ▶ Kích hoạt: Giá H1 + Macro
[2026-07-02 21:15:03] [WARN] ⚠ Giá H1 + Macro lỗi attempt 1: errors,encoding_table)[0]
           ~~~~~~~~~~~~~~~~~~~~~^^^^^^^^^^^^^^^^^^^^^^^^^^^^^^^^^^
UnicodeEncodeError: 'charmap' codec can't encode characters in position 4-5: character maps to <undefined>

[2026-07-02 21:15:03] [INFO] ▶ Kích hoạt: Vĩ Mô (Macro)
[2026-07-02 21:15:06] [WARN] ⚠ Vĩ Mô (Macro) lỗi attempt 1: ,encoding_table)[0]
           ~~~~~~~~~~~~~~~~~~~~~^^^^^^^^^^^^^^^^^^^^^^^^^^^^^^^^^^
UnicodeEncodeError: 'charmap' codec can't encode character '\u274c' in position 2: character maps to <undefined>

[2026-07-02 21:15:06] [INFO] ⏰ Đợi Giá H1: còn 1.00h (02/07 22:15:02 VN)
[2026-07-02 23:06:10] [INFO] ▶ Kích hoạt: Giá H1 + Macro
[2026-07-02 23:06:19] [WARN] ⚠ Giá H1 + Macro lỗi attempt 1: errors,encoding_table)[0]
           ~~~~~~~~~~~~~~~~~~~~~^^^^^^^^^^^^^^^^^^^^^^^^^^^^^^^^^^
UnicodeEncodeError: 'charmap' codec can't encode characters in position 4-5: character maps to <undefined>

[2026-07-02 23:06:19] [INFO] ▶ Kích hoạt: Vĩ Mô (Macro)
[2026-07-02 23:06:25] [WARN] ⚠ Vĩ Mô (Macro) lỗi attempt 1: ,encoding_table)[0]
           ~~~~~~~~~~~~~~~~~~~~~^^^^^^^^^^^^^^^^^^^^^^^^^^^^^^^^^^
UnicodeEncodeError: 'charmap' codec can't encode character '\u274c' in position 2: character maps to <undefined>

[2026-07-02 23:06:25] [INFO] ⏰ Đợi Giá H1: còn 0.14h (02/07 23:15:02 VN)
[2026-07-02 23:15:02] [INFO] ▶ Kích hoạt: Giá H1 + Macro
[2026-07-02 23:15:03] [WARN] ⚠ Giá H1 + Macro lỗi attempt 1: errors,encoding_table)[0]
           ~~~~~~~~~~~~~~~~~~~~~^^^^^^^^^^^^^^^^^^^^^^^^^^^^^^^^^^
UnicodeEncodeError: 'charmap' codec can't encode characters in position 4-5: character maps to <undefined>

[2026-07-02 23:15:03] [INFO] ▶ Kích hoạt: Vĩ Mô (Macro)
[2026-07-02 23:15:07] [WARN] ⚠ Vĩ Mô (Macro) lỗi attempt 1: ,encoding_table)[0]
           ~~~~~~~~~~~~~~~~~~~~~^^^^^^^^^^^^^^^^^^^^^^^^^^^^^^^^^^
UnicodeEncodeError: 'charmap' codec can't encode character '\u274c' in position 2: character maps to <undefined>

[2026-07-02 23:15:07] [INFO] ⏰ Đợi Giá H1: còn 1.00h (03/07 00:15:02 VN)
[2026-07-02 23:47:11] [INFO] ▶ Kích hoạt: Export Sales
[2026-07-02 23:47:20] [INFO] ✅ Export Sales hoàn thành (attempt 1)
[2026-07-02 23:47:20] [INFO] ⏰ Đợi Export Sales: còn 165.74h (09/07 21:32:02 VN)
[2026-07-03 00:15:02] [INFO] ▶ Kích hoạt: Giá H1 + Macro
[2026-07-03 00:15:03] [WARN] ⚠ Giá H1 + Macro lỗi attempt 1: errors,encoding_table)[0]
           ~~~~~~~~~~~~~~~~~~~~~^^^^^^^^^^^^^^^^^^^^^^^^^^^^^^^^^^
UnicodeEncodeError: 'charmap' codec can't encode characters in position 4-5: character maps to <undefined>

[2026-07-03 00:15:03] [INFO] ▶ Kích hoạt: Vĩ Mô (Macro)
[2026-07-03 00:15:06] [WARN] ⚠ Vĩ Mô (Macro) lỗi attempt 1: ,encoding_table)[0]
           ~~~~~~~~~~~~~~~~~~~~~^^^^^^^^^^^^^^^^^^^^^^^^^^^^^^^^^^
UnicodeEncodeError: 'charmap' codec can't encode character '\u274c' in position 2: character maps to <undefined>

[2026-07-03 00:15:06] [INFO] ⏰ Đợi Giá H1: còn 1.00h (03/07 01:15:02 VN)
[2026-07-06 06:12:50] [INFO] ============================================================
[2026-07-06 06:12:50] [INFO]   CBOT PRECISION SCHEDULER V2 — KHỞI ĐỘNG
[2026-07-06 06:12:50] [INFO] ============================================================
[2026-07-06 06:12:50] [INFO] Lịch trình đang chạy:
[2026-07-06 06:12:50] [INFO]   [Giá H1 + Macro]    : Phút :15 mỗi giờ giao dịch
[2026-07-06 06:12:50] [INFO]   [COT CFTC]          : Thứ Bảy 07:15 VN
[2026-07-06 06:12:50] [INFO]   [USDA Crop Progress]: Thứ Hai 22:00 VN
[2026-07-06 06:12:50] [INFO]   [Export Sales]      : Thứ Năm 21:32 VN
[2026-07-06 06:12:50] [INFO]   [WASDE Monthly]     : Ngày 10 hàng tháng, 23:00 VN
[2026-07-06 06:12:50] [INFO]   [Thời Tiết Ngắn]    : 06:00 hàng ngày
[2026-07-06 06:12:50] [INFO]   [ENSO Long-Term]    : Thứ Hai 06:30 VN
[2026-07-06 06:12:50] [INFO]   [USDA Acreage]      : 05:30 hàng ngày
[2026-07-06 06:12:50] [INFO]   [AI Điểm Tin]       : 06:00 và 20:00 hàng ngày
[2026-07-06 06:12:50] [INFO]   [AI Tin Biển Đen]   : Thứ Tư & Chủ Nhật 07:00 VN
[2026-07-06 06:12:50] [INFO]   [Số Liệu Mùa Vụ Nga]: 07:30 hàng ngày
[2026-07-06 06:12:50] [INFO] ------------------------------------------------------------
[2026-07-06 06:12:50] [INFO]   ✅ Thread khởi động: job_prices
15:02 VN)
[2026-07-06 06:12:50] [INFO]   ✅ Thread khởi động: job_cot
07 07:15:02 VN)
[2026-07-06 06:12:50] [INFO]   ✅ Thread khởi động: job_crop_progress
00:02 VN)
[2026-07-06 06:12:50] [INFO]   ✅ Thread khởi động: job_export_sales
32:02 VN)
[2026-07-06 06:12:50] [INFO]   ✅ Thread khởi động: job_wasde
10/07 23:00:02 VN)
[2026-07-06 06:12:50] [INFO]   ✅ Thread khởi động: job_weather_short
00:02 VN)
[2026-07-06 06:12:50] [INFO]   ✅ Thread khởi động: job_weather_long
:30:02 VN)
[2026-07-06 06:12:50] [INFO]   ✅ Thread khởi động: job_acreage
7/07 05:30:02 VN)
[2026-07-06 06:12:50] [INFO]   ✅ Thread khởi động: job_ai_news
00:02 VN)
[2026-07-06 06:12:50] [INFO]   ✅ Thread khởi động: job_blacksea_news
:00:02 VN)
[2026-07-06 06:12:50] [INFO] ============================================================
[2026-07-06 06:12:50] [INFO] Scheduler đang chạy ngầm. Nhấn Ctrl+C để dừng.
[2026-07-06 06:15:02] [INFO] ▶ Kích hoạt: Giá H1 + Macro
[2026-07-06 06:15:09] [WARN] ⚠ Giá H1 + Macro lỗi attempt 1: errors,encoding_table)[0]
           ~~~~~~~~~~~~~~~~~~~~~^^^^^^^^^^^^^^^^^^^^^^^^^^^^^^^^^^
UnicodeEncodeError: 'charmap' codec can't encode characters in position 4-5: character maps to <undefined>

[2026-07-06 06:15:09] [INFO] ▶ Kích hoạt: Vĩ Mô (Macro)
[2026-07-06 06:15:13] [WARN] ⚠ Vĩ Mô (Macro) lỗi attempt 1: ,encoding_table)[0]
           ~~~~~~~~~~~~~~~~~~~~~^^^^^^^^^^^^^^^^^^^^^^^^^^^^^^^^^^
UnicodeEncodeError: 'charmap' codec can't encode character '\u274c' in position 2: character maps to <undefined>

[2026-07-06 06:15:13] [INFO] ⏰ Đợi Giá H1: còn 1.00h (06/07 07:15:02 VN)
[2026-07-06 06:30:02] [INFO] ▶ Kích hoạt: ENSO / Weather Long
[2026-07-06 06:30:06] [INFO] ✅ ENSO / Weather Long hoàn thành (attempt 1)
[2026-07-06 06:30:06] [INFO] ⏰ Đợi ENSO Long-Term: còn 168.00h (13/07 06:30:02 VN)
[2026-07-06 07:15:02] [INFO] ▶ Kích hoạt: Giá H1 + Macro
[2026-07-06 07:15:03] [WARN] ⚠ Giá H1 + Macro lỗi attempt 1: errors,encoding_table)[0]
           ~~~~~~~~~~~~~~~~~~~~~^^^^^^^^^^^^^^^^^^^^^^^^^^^^^^^^^^
UnicodeEncodeError: 'charmap' codec can't encode characters in position 4-5: character maps to <undefined>

[2026-07-06 07:15:03] [INFO] ▶ Kích hoạt: Vĩ Mô (Macro)
[2026-07-06 07:15:07] [WARN] ⚠ Vĩ Mô (Macro) lỗi attempt 1: ,encoding_table)[0]
           ~~~~~~~~~~~~~~~~~~~~~^^^^^^^^^^^^^^^^^^^^^^^^^^^^^^^^^^
UnicodeEncodeError: 'charmap' codec can't encode character '\u274c' in position 2: character maps to <undefined>

[2026-07-06 07:15:07] [INFO] ⏰ Đợi Giá H1: còn 1.00h (06/07 08:15:02 VN)
[2026-07-06 08:15:02] [INFO] ▶ Kích hoạt: Giá H1 + Macro
[2026-07-06 08:15:13] [WARN] ⚠ Giá H1 + Macro lỗi attempt 1: errors,encoding_table)[0]
           ~~~~~~~~~~~~~~~~~~~~~^^^^^^^^^^^^^^^^^^^^^^^^^^^^^^^^^^
UnicodeEncodeError: 'charmap' codec can't encode characters in position 4-5: character maps to <undefined>

[2026-07-06 08:15:13] [INFO] ▶ Kích hoạt: Vĩ Mô (Macro)
[2026-07-06 08:15:20] [WARN] ⚠ Vĩ Mô (Macro) lỗi attempt 1: ,encoding_table)[0]
           ~~~~~~~~~~~~~~~~~~~~~^^^^^^^^^^^^^^^^^^^^^^^^^^^^^^^^^^
UnicodeEncodeError: 'charmap' codec can't encode character '\u274c' in position 2: character maps to <undefined>

[2026-07-06 08:15:20] [INFO] ⏰ Đợi Giá H1: còn 0.99h (06/07 09:15:02 VN)
[2026-07-06 08:51:34] [INFO] ============================================================
[2026-07-06 08:51:34] [INFO]   CBOT PRECISION SCHEDULER V2 — KHỞI ĐỘNG
[2026-07-06 08:51:34] [INFO] ============================================================
[2026-07-06 08:51:34] [INFO] Lịch trình đang chạy:
[2026-07-06 08:51:34] [INFO]   [Giá H1 + Macro]    : Phút :15 mỗi giờ giao dịch
[2026-07-06 08:51:34] [INFO]   [COT CFTC]          : Thứ Bảy 07:15 VN
[2026-07-06 08:51:34] [INFO]   [USDA Crop Progress]: Thứ Hai 22:00 VN
[2026-07-06 08:51:34] [INFO]   [Export Sales]      : Thứ Năm 21:32 VN
[2026-07-06 08:51:34] [INFO]   [WASDE Monthly]     : Ngày 10 hàng tháng, 23:00 VN
[2026-07-06 08:51:34] [INFO]   [Thời Tiết Ngắn]    : 06:00 hàng ngày
[2026-07-06 08:51:34] [INFO]   [ENSO Long-Term]    : Thứ Hai 06:30 VN
[2026-07-06 08:51:34] [INFO]   [USDA Acreage]      : 05:30 hàng ngày
[2026-07-06 08:51:34] [INFO]   [AI Điểm Tin]       : 06:00 và 20:00 hàng ngày
[2026-07-06 08:51:34] [INFO]   [AI Tin Biển Đen]   : Thứ Tư & Chủ Nhật 07:00 VN
[2026-07-06 08:51:34] [INFO]   [Số Liệu Mùa Vụ Nga]: 07:30 hàng ngày
[2026-07-06 08:51:34] [INFO] ------------------------------------------------------------
[2026-07-06 08:51:34] [INFO]   ✅ Thread khởi động: job_prices
15:02 VN)
[2026-07-06 08:51:34] [INFO]   ✅ Thread khởi động: job_cot
07 07:15:02 VN)
[2026-07-06 08:51:34] [INFO]   ✅ Thread khởi động: job_crop_progress
00:02 VN)
[2026-07-06 08:51:34] [INFO]   ✅ Thread khởi động: job_export_sales
32:02 VN)
[2026-07-06 08:51:34] [INFO] ⏰ Đợi WASDE Monthly: còn 110.14h (10/07 23:00:02 VN)
[2026-07-06 08:51:34] [INFO]   ✅ Thread khởi động: job_wasde
[2026-07-06 08:51:34] [INFO] ⏰ Đợi Weather Short: còn 21.14h (07/07 06:00:02 VN)
[2026-07-06 08:51:34] [INFO]   ✅ Thread khởi động: job_weather_short
[2026-07-06 08:51:34] [INFO] ⏰ Đợi ENSO Long-Term: còn 165.64h (13/07 06:30:02 VN)
[2026-07-06 08:51:34] [INFO] ⏰ Đợi Acreage Reports: còn 20.64h (07/07 05:30:02 VN)
[2026-07-06 08:51:34] [INFO]   ✅ Thread khởi động: job_acreage
[2026-07-06 08:51:34] [INFO]   ✅ Thread khởi động: job_ai_news
[2026-07-06 08:51:34] [INFO] ⏰ Đợi AI News: còn 11.14h (06/07 20:00:02 VN)
[2026-07-06 08:51:34] [INFO]   ✅ Thread khởi động: job_blacksea_news
:00:02 VN)
[2026-07-06 08:51:34] [INFO] ============================================================
[2026-07-06 08:51:34] [INFO] Scheduler đang chạy ngầm. Nhấn Ctrl+C để dừng.
[2026-07-06 09:15:02] [INFO] ▶ Kích hoạt: Giá H1 + Macro
[2026-07-06 09:15:03] [WARN] ⚠ Giá H1 + Macro lỗi attempt 1: errors,encoding_table)[0]
           ~~~~~~~~~~~~~~~~~~~~~^^^^^^^^^^^^^^^^^^^^^^^^^^^^^^^^^^
UnicodeEncodeError: 'charmap' codec can't encode characters in position 4-5: character maps to <undefined>

[2026-07-06 09:15:03] [INFO] ▶ Kích hoạt: Vĩ Mô (Macro)
[2026-07-06 09:15:06] [WARN] ⚠ Vĩ Mô (Macro) lỗi attempt 1: ,encoding_table)[0]
           ~~~~~~~~~~~~~~~~~~~~~^^^^^^^^^^^^^^^^^^^^^^^^^^^^^^^^^^
UnicodeEncodeError: 'charmap' codec can't encode character '\u274c' in position 2: character maps to <undefined>

[2026-07-06 09:15:06] [INFO] ⏰ Đợi Giá H1: còn 1.00h (06/07 10:15:02 VN)
[2026-07-06 10:15:02] [INFO] ▶ Kích hoạt: Giá H1 + Macro
[2026-07-06 10:15:12] [WARN] ⚠ Giá H1 + Macro lỗi attempt 1: errors,encoding_table)[0]
           ~~~~~~~~~~~~~~~~~~~~~^^^^^^^^^^^^^^^^^^^^^^^^^^^^^^^^^^
UnicodeEncodeError: 'charmap' codec can't encode characters in position 4-5: character maps to <undefined>

[2026-07-06 10:15:12] [INFO] ▶ Kích hoạt: Vĩ Mô (Macro)
[2026-07-06 10:15:17] [WARN] ⚠ Vĩ Mô (Macro) lỗi attempt 1: ,encoding_table)[0]
           ~~~~~~~~~~~~~~~~~~~~~^^^^^^^^^^^^^^^^^^^^^^^^^^^^^^^^^^
UnicodeEncodeError: 'charmap' codec can't encode character '\u274c' in position 2: character maps to <undefined>

[2026-07-06 10:15:17] [INFO] ⏰ Đợi Giá H1: còn 1.00h (06/07 11:15:02 VN)
[2026-07-06 11:15:02] [INFO] ▶ Kích hoạt: Giá H1 + Macro
[2026-07-06 11:15:04] [WARN] ⚠ Giá H1 + Macro lỗi attempt 1: errors,encoding_table)[0]
           ~~~~~~~~~~~~~~~~~~~~~^^^^^^^^^^^^^^^^^^^^^^^^^^^^^^^^^^
UnicodeEncodeError: 'charmap' codec can't encode characters in position 4-5: character maps to <undefined>

[2026-07-06 11:15:04] [INFO] ▶ Kích hoạt: Vĩ Mô (Macro)
[2026-07-06 11:15:07] [WARN] ⚠ Vĩ Mô (Macro) lỗi attempt 1: ,encoding_table)[0]
           ~~~~~~~~~~~~~~~~~~~~~^^^^^^^^^^^^^^^^^^^^^^^^^^^^^^^^^^
UnicodeEncodeError: 'charmap' codec can't encode character '\u274c' in position 2: character maps to <undefined>

[2026-07-06 11:15:07] [INFO] ⏰ Đợi Giá H1: còn 1.00h (06/07 12:15:02 VN)
[2026-07-06 12:15:02] [INFO] ▶ Kích hoạt: Giá H1 + Macro
[2026-07-06 12:15:04] [WARN] ⚠ Giá H1 + Macro lỗi attempt 1: errors,encoding_table)[0]
           ~~~~~~~~~~~~~~~~~~~~~^^^^^^^^^^^^^^^^^^^^^^^^^^^^^^^^^^
UnicodeEncodeError: 'charmap' codec can't encode characters in position 4-5: character maps to <undefined>

[2026-07-06 12:15:04] [INFO] ▶ Kích hoạt: Vĩ Mô (Macro)
[2026-07-06 12:15:09] [WARN] ⚠ Vĩ Mô (Macro) lỗi attempt 1: ,encoding_table)[0]
           ~~~~~~~~~~~~~~~~~~~~~^^^^^^^^^^^^^^^^^^^^^^^^^^^^^^^^^^
UnicodeEncodeError: 'charmap' codec can't encode character '\u274c' in position 2: character maps to <undefined>

[2026-07-06 12:15:09] [INFO] ⏰ Đợi Giá H1: còn 1.00h (06/07 13:15:02 VN)
[2026-07-06 13:15:02] [INFO] ▶ Kích hoạt: Giá H1 + Macro
[2026-07-06 13:15:03] [WARN] ⚠ Giá H1 + Macro lỗi attempt 1: errors,encoding_table)[0]
           ~~~~~~~~~~~~~~~~~~~~~^^^^^^^^^^^^^^^^^^^^^^^^^^^^^^^^^^
UnicodeEncodeError: 'charmap' codec can't encode characters in position 4-5: character maps to <undefined>

[2026-07-06 13:15:03] [INFO] ▶ Kích hoạt: Vĩ Mô (Macro)
[2026-07-06 13:15:06] [WARN] ⚠ Vĩ Mô (Macro) lỗi attempt 1: ,encoding_table)[0]
           ~~~~~~~~~~~~~~~~~~~~~^^^^^^^^^^^^^^^^^^^^^^^^^^^^^^^^^^
UnicodeEncodeError: 'charmap' codec can't encode character '\u274c' in position 2: character maps to <undefined>

[2026-07-06 13:15:06] [INFO] ⏰ Đợi Giá H1: còn 1.00h (06/07 14:15:02 VN)
[2026-07-06 14:15:02] [INFO] ▶ Kích hoạt: Giá H1 + Macro
[2026-07-06 14:15:03] [WARN] ⚠ Giá H1 + Macro lỗi attempt 1: errors,encoding_table)[0]
           ~~~~~~~~~~~~~~~~~~~~~^^^^^^^^^^^^^^^^^^^^^^^^^^^^^^^^^^
UnicodeEncodeError: 'charmap' codec can't encode characters in position 4-5: character maps to <undefined>

[2026-07-06 14:15:03] [INFO] ▶ Kích hoạt: Vĩ Mô (Macro)
[2026-07-06 14:15:06] [WARN] ⚠ Vĩ Mô (Macro) lỗi attempt 1: ,encoding_table)[0]
           ~~~~~~~~~~~~~~~~~~~~~^^^^^^^^^^^^^^^^^^^^^^^^^^^^^^^^^^
UnicodeEncodeError: 'charmap' codec can't encode character '\u274c' in position 2: character maps to <undefined>

[2026-07-06 14:15:06] [INFO] ⏰ Đợi Giá H1: còn 1.00h (06/07 15:15:02 VN)
[2026-07-06 16:07:31] [INFO] ▶ Kích hoạt: Giá H1 + Macro
[2026-07-06 16:07:33] [WARN] ⚠ Giá H1 + Macro lỗi attempt 1: errors,encoding_table)[0]
           ~~~~~~~~~~~~~~~~~~~~~^^^^^^^^^^^^^^^^^^^^^^^^^^^^^^^^^^
UnicodeEncodeError: 'charmap' codec can't encode characters in position 4-5: character maps to <undefined>

[2026-07-06 16:07:33] [INFO] ▶ Kích hoạt: Vĩ Mô (Macro)
[2026-07-06 16:07:37] [WARN] ⚠ Vĩ Mô (Macro) lỗi attempt 1: ,encoding_table)[0]
           ~~~~~~~~~~~~~~~~~~~~~^^^^^^^^^^^^^^^^^^^^^^^^^^^^^^^^^^
UnicodeEncodeError: 'charmap' codec can't encode character '\u274c' in position 2: character maps to <undefined>

[2026-07-06 16:07:37] [INFO] ⏰ Đợi Giá H1: còn 0.12h (06/07 16:15:02 VN)
[2026-07-06 16:15:02] [INFO] ▶ Kích hoạt: Giá H1 + Macro
[2026-07-06 16:15:03] [WARN] ⚠ Giá H1 + Macro lỗi attempt 1: errors,encoding_table)[0]
           ~~~~~~~~~~~~~~~~~~~~~^^^^^^^^^^^^^^^^^^^^^^^^^^^^^^^^^^
UnicodeEncodeError: 'charmap' codec can't encode characters in position 4-5: character maps to <undefined>

[2026-07-06 16:15:03] [INFO] ▶ Kích hoạt: Vĩ Mô (Macro)
[2026-07-06 16:15:08] [WARN] ⚠ Vĩ Mô (Macro) lỗi attempt 1: ,encoding_table)[0]
           ~~~~~~~~~~~~~~~~~~~~~^^^^^^^^^^^^^^^^^^^^^^^^^^^^^^^^^^
UnicodeEncodeError: 'charmap' codec can't encode character '\u274c' in position 2: character maps to <undefined>

[2026-07-06 16:15:08] [INFO] ⏰ Đợi Giá H1: còn 1.00h (06/07 17:15:02 VN)
[2026-07-06 17:15:02] [INFO] ▶ Kích hoạt: Giá H1 + Macro
[2026-07-06 17:15:04] [WARN] ⚠ Giá H1 + Macro lỗi attempt 1: errors,encoding_table)[0]
           ~~~~~~~~~~~~~~~~~~~~~^^^^^^^^^^^^^^^^^^^^^^^^^^^^^^^^^^
UnicodeEncodeError: 'charmap' codec can't encode characters in position 4-5: character maps to <undefined>

[2026-07-06 17:15:04] [INFO] ▶ Kích hoạt: Vĩ Mô (Macro)
[2026-07-06 17:15:06] [WARN] ⚠ Vĩ Mô (Macro) lỗi attempt 1: ,encoding_table)[0]
           ~~~~~~~~~~~~~~~~~~~~~^^^^^^^^^^^^^^^^^^^^^^^^^^^^^^^^^^
UnicodeEncodeError: 'charmap' codec can't encode character '\u274c' in position 2: character maps to <undefined>

[2026-07-06 17:15:07] [INFO] ⏰ Đợi Giá H1: còn 1.00h (06/07 18:15:02 VN)
[2026-07-06 18:15:02] [INFO] ▶ Kích hoạt: Giá H1 + Macro
[2026-07-06 18:15:03] [WARN] ⚠ Giá H1 + Macro lỗi attempt 1: errors,encoding_table)[0]
           ~~~~~~~~~~~~~~~~~~~~~^^^^^^^^^^^^^^^^^^^^^^^^^^^^^^^^^^
UnicodeEncodeError: 'charmap' codec can't encode characters in position 4-5: character maps to <undefined>

[2026-07-06 18:15:03] [INFO] ▶ Kích hoạt: Vĩ Mô (Macro)
[2026-07-06 18:15:06] [WARN] ⚠ Vĩ Mô (Macro) lỗi attempt 1: ,encoding_table)[0]
           ~~~~~~~~~~~~~~~~~~~~~^^^^^^^^^^^^^^^^^^^^^^^^^^^^^^^^^^
UnicodeEncodeError: 'charmap' codec can't encode character '\u274c' in position 2: character maps to <undefined>

[2026-07-06 18:15:06] [INFO] ⏰ Đợi Giá H1: còn 1.00h (06/07 19:15:02 VN)
[2026-07-06 20:39:49] [INFO] ▶ Kích hoạt: Giá H1 + Macro
[2026-07-06 20:39:51] [WARN] ⚠ Giá H1 + Macro lỗi attempt 1: errors,encoding_table)[0]
           ~~~~~~~~~~~~~~~~~~~~~^^^^^^^^^^^^^^^^^^^^^^^^^^^^^^^^^^
UnicodeEncodeError: 'charmap' codec can't encode characters in position 4-5: character maps to <undefined>

[2026-07-06 20:39:51] [INFO] ▶ Kích hoạt: Vĩ Mô (Macro)
[2026-07-06 20:39:54] [WARN] ⚠ Vĩ Mô (Macro) lỗi attempt 1: ,encoding_table)[0]
           ~~~~~~~~~~~~~~~~~~~~~^^^^^^^^^^^^^^^^^^^^^^^^^^^^^^^^^^
UnicodeEncodeError: 'charmap' codec can't encode character '\u274c' in position 2: character maps to <undefined>

[2026-07-06 20:39:54] [INFO] ⏰ Đợi Giá H1: còn 0.59h (06/07 21:15:02 VN)
[2026-07-06 21:15:02] [INFO] ▶ Kích hoạt: Giá H1 + Macro
[2026-07-06 21:15:11] [WARN] ⚠ Giá H1 + Macro lỗi attempt 1: errors,encoding_table)[0]
           ~~~~~~~~~~~~~~~~~~~~~^^^^^^^^^^^^^^^^^^^^^^^^^^^^^^^^^^
UnicodeEncodeError: 'charmap' codec can't encode characters in position 4-5: character maps to <undefined>

[2026-07-06 21:15:11] [INFO] ▶ Kích hoạt: Vĩ Mô (Macro)
[2026-07-06 21:15:19] [WARN] ⚠ Vĩ Mô (Macro) lỗi attempt 1: ,encoding_table)[0]
           ~~~~~~~~~~~~~~~~~~~~~^^^^^^^^^^^^^^^^^^^^^^^^^^^^^^^^^^
UnicodeEncodeError: 'charmap' codec can't encode character '\u274c' in position 2: character maps to <undefined>

[2026-07-06 21:15:19] [INFO] ⏰ Đợi Giá H1: còn 1.00h (06/07 22:15:02 VN)
[2026-07-07 06:46:45] [INFO] ▶ Kích hoạt: Giá H1 + Macro
[2026-07-07 06:46:47] [WARN] ⚠ Giá H1 + Macro lỗi attempt 1: errors,encoding_table)[0]
           ~~~~~~~~~~~~~~~~~~~~~^^^^^^^^^^^^^^^^^^^^^^^^^^^^^^^^^^
UnicodeEncodeError: 'charmap' codec can't encode characters in position 4-5: character maps to <undefined>

[2026-07-07 06:46:47] [INFO] ▶ Kích hoạt: Vĩ Mô (Macro)
[2026-07-07 06:46:51] [WARN] ⚠ Vĩ Mô (Macro) lỗi attempt 1: ,encoding_table)[0]
           ~~~~~~~~~~~~~~~~~~~~~^^^^^^^^^^^^^^^^^^^^^^^^^^^^^^^^^^
UnicodeEncodeError: 'charmap' codec can't encode character '\u274c' in position 2: character maps to <undefined>

[2026-07-07 06:46:51] [INFO] ⏰ Đợi Giá H1: còn 0.47h (07/07 07:15:02 VN)
[2026-07-07 06:49:01] [INFO] ▶ Kích hoạt: AI Điểm Tin
[2026-07-07 06:49:38] [INFO] ✅ AI Điểm Tin hoàn thành (attempt 1)
[2026-07-07 06:49:38] [INFO] ⏰ Đợi AI News: còn 13.17h (07/07 20:00:02 VN)
[2026-07-07 07:15:02] [INFO] ▶ Kích hoạt: Giá H1 + Macro
[2026-07-07 07:15:03] [WARN] ⚠ Giá H1 + Macro lỗi attempt 1: errors,encoding_table)[0]
           ~~~~~~~~~~~~~~~~~~~~~^^^^^^^^^^^^^^^^^^^^^^^^^^^^^^^^^^
UnicodeEncodeError: 'charmap' codec can't encode characters in position 4-5: character maps to <undefined>

[2026-07-07 07:15:03] [INFO] ▶ Kích hoạt: Vĩ Mô (Macro)
[2026-07-07 07:15:08] [WARN] ⚠ Vĩ Mô (Macro) lỗi attempt 1: ,encoding_table)[0]
           ~~~~~~~~~~~~~~~~~~~~~^^^^^^^^^^^^^^^^^^^^^^^^^^^^^^^^^^
UnicodeEncodeError: 'charmap' codec can't encode character '\u274c' in position 2: character maps to <undefined>

[2026-07-07 07:15:08] [INFO] ⏰ Đợi Giá H1: còn 1.00h (07/07 08:15:02 VN)
[2026-07-07 08:15:02] [INFO] ▶ Kích hoạt: Giá H1 + Macro
[2026-07-07 08:15:04] [WARN] ⚠ Giá H1 + Macro lỗi attempt 1: errors,encoding_table)[0]
           ~~~~~~~~~~~~~~~~~~~~~^^^^^^^^^^^^^^^^^^^^^^^^^^^^^^^^^^
UnicodeEncodeError: 'charmap' codec can't encode characters in position 4-5: character maps to <undefined>

[2026-07-07 08:15:04] [INFO] ▶ Kích hoạt: Vĩ Mô (Macro)
[2026-07-07 08:15:06] [WARN] ⚠ Vĩ Mô (Macro) lỗi attempt 1: ,encoding_table)[0]
           ~~~~~~~~~~~~~~~~~~~~~^^^^^^^^^^^^^^^^^^^^^^^^^^^^^^^^^^
UnicodeEncodeError: 'charmap' codec can't encode character '\u274c' in position 2: character maps to <undefined>

[2026-07-07 08:15:06] [INFO] ⏰ Đợi Giá H1: còn 1.00h (07/07 09:15:02 VN)
[2026-07-07 08:49:01] [INFO] ▶ Kích hoạt: USDA Crop Progress
[2026-07-07 08:49:01] [WARN] ⚠ USDA Crop Progress lỗi attempt 1: errors,encoding_table)[0]
           ~~~~~~~~~~~~~~~~~~~~~^^^^^^^^^^^^^^^^^^^^^^^^^^^^^^^^^^
UnicodeEncodeError: 'charmap' codec can't encode characters in position 2-3: character maps to <undefined>

[2026-07-07 08:49:02] [WARN] ⚠ USDA Crop Progress lỗi attempt 2: errors,encoding_table)[0]
           ~~~~~~~~~~~~~~~~~~~~~^^^^^^^^^^^^^^^^^^^^^^^^^^^^^^^^^^
UnicodeEncodeError: 'charmap' codec can't encode characters in position 2-3: character maps to <undefined>

[2026-07-07 08:49:04] [WARN] ⚠ USDA Crop Progress lỗi attempt 3: errors,encoding_table)[0]
           ~~~~~~~~~~~~~~~~~~~~~^^^^^^^^^^^^^^^^^^^^^^^^^^^^^^^^^^
UnicodeEncodeError: 'charmap' codec can't encode characters in position 2-3: character maps to <undefined>

[2026-07-07 08:49:05] [WARN] ⚠ USDA Crop Progress lỗi attempt 4: errors,encoding_table)[0]
           ~~~~~~~~~~~~~~~~~~~~~^^^^^^^^^^^^^^^^^^^^^^^^^^^^^^^^^^
UnicodeEncodeError: 'charmap' codec can't encode characters in position 2-3: character maps to <undefined>

[2026-07-07 08:49:06] [WARN] ⚠ USDA Crop Progress lỗi attempt 5: errors,encoding_table)[0]
           ~~~~~~~~~~~~~~~~~~~~~^^^^^^^^^^^^^^^^^^^^^^^^^^^^^^^^^^
UnicodeEncodeError: 'charmap' codec can't encode characters in position 2-3: character maps to <undefined>

[2026-07-07 08:49:07] [WARN] ⚠ USDA Crop Progress lỗi attempt 6: errors,encoding_table)[0]
           ~~~~~~~~~~~~~~~~~~~~~^^^^^^^^^^^^^^^^^^^^^^^^^^^^^^^^^^
UnicodeEncodeError: 'charmap' codec can't encode characters in position 2-3: character maps to <undefined>

[2026-07-07 08:49:08] [WARN] ⚠ USDA Crop Progress lỗi attempt 7: errors,encoding_table)[0]
           ~~~~~~~~~~~~~~~~~~~~~^^^^^^^^^^^^^^^^^^^^^^^^^^^^^^^^^^
UnicodeEncodeError: 'charmap' codec can't encode characters in position 2-3: character maps to <undefined>

[2026-07-07 08:49:09] [WARN] ⚠ USDA Crop Progress lỗi attempt 8: errors,encoding_table)[0]
           ~~~~~~~~~~~~~~~~~~~~~^^^^^^^^^^^^^^^^^^^^^^^^^^^^^^^^^^
UnicodeEncodeError: 'charmap' codec can't encode characters in position 2-3: character maps to <undefined>

[2026-07-07 08:49:11] [WARN] ⚠ USDA Crop Progress lỗi attempt 9: errors,encoding_table)[0]
           ~~~~~~~~~~~~~~~~~~~~~^^^^^^^^^^^^^^^^^^^^^^^^^^^^^^^^^^
UnicodeEncodeError: 'charmap' codec can't encode characters in position 2-3: character maps to <undefined>

[2026-07-07 08:49:12] [WARN] ⚠ USDA Crop Progress lỗi attempt 10: errors,encoding_table)[0]
           ~~~~~~~~~~~~~~~~~~~~~^^^^^^^^^^^^^^^^^^^^^^^^^^^^^^^^^^
UnicodeEncodeError: 'charmap' codec can't encode characters in position 2-3: character maps to <undefined>

[2026-07-07 08:49:12] [INFO] ⏰ Đợi Crop Progress: còn 157.18h (13/07 22:00:02 VN)
[2026-07-07 09:15:02] [INFO] ▶ Kích hoạt: Giá H1 + Macro
[2026-07-07 09:15:11] [WARN] ⚠ Giá H1 + Macro lỗi attempt 1: errors,encoding_table)[0]
           ~~~~~~~~~~~~~~~~~~~~~^^^^^^^^^^^^^^^^^^^^^^^^^^^^^^^^^^
UnicodeEncodeError: 'charmap' codec can't encode characters in position 4-5: character maps to <undefined>

[2026-07-07 09:15:11] [INFO] ▶ Kích hoạt: Vĩ Mô (Macro)
[2026-07-07 09:15:18] [WARN] ⚠ Vĩ Mô (Macro) lỗi attempt 1: ,encoding_table)[0]
           ~~~~~~~~~~~~~~~~~~~~~^^^^^^^^^^^^^^^^^^^^^^^^^^^^^^^^^^
UnicodeEncodeError: 'charmap' codec can't encode character '\u274c' in position 2: character maps to <undefined>

[2026-07-07 09:15:18] [INFO] ⏰ Đợi Giá H1: còn 1.00h (07/07 10:15:02 VN)
[2026-07-07 10:15:02] [INFO] ▶ Kích hoạt: Giá H1 + Macro
[2026-07-07 10:15:04] [WARN] ⚠ Giá H1 + Macro lỗi attempt 1: errors,encoding_table)[0]
           ~~~~~~~~~~~~~~~~~~~~~^^^^^^^^^^^^^^^^^^^^^^^^^^^^^^^^^^
UnicodeEncodeError: 'charmap' codec can't encode characters in position 4-5: character maps to <undefined>

[2026-07-07 10:15:04] [INFO] ▶ Kích hoạt: Vĩ Mô (Macro)
[2026-07-07 10:15:09] [WARN] ⚠ Vĩ Mô (Macro) lỗi attempt 1: ,encoding_table)[0]
           ~~~~~~~~~~~~~~~~~~~~~^^^^^^^^^^^^^^^^^^^^^^^^^^^^^^^^^^
UnicodeEncodeError: 'charmap' codec can't encode character '\u274c' in position 2: character maps to <undefined>

[2026-07-07 10:15:09] [INFO] ⏰ Đợi Giá H1: còn 1.00h (07/07 11:15:02 VN)
[2026-07-07 11:15:02] [INFO] ▶ Kích hoạt: Giá H1 + Macro
[2026-07-07 11:15:09] [WARN] ⚠ Giá H1 + Macro lỗi attempt 1: errors,encoding_table)[0]
           ~~~~~~~~~~~~~~~~~~~~~^^^^^^^^^^^^^^^^^^^^^^^^^^^^^^^^^^
UnicodeEncodeError: 'charmap' codec can't encode characters in position 4-5: character maps to <undefined>

[2026-07-07 11:15:09] [INFO] ▶ Kích hoạt: Vĩ Mô (Macro)
[2026-07-07 11:15:15] [WARN] ⚠ Vĩ Mô (Macro) lỗi attempt 1: ,encoding_table)[0]
           ~~~~~~~~~~~~~~~~~~~~~^^^^^^^^^^^^^^^^^^^^^^^^^^^^^^^^^^
UnicodeEncodeError: 'charmap' codec can't encode character '\u274c' in position 2: character maps to <undefined>

[2026-07-07 11:15:15] [INFO] ⏰ Đợi Giá H1: còn 1.00h (07/07 12:15:02 VN)
[2026-07-07 12:15:02] [INFO] ▶ Kích hoạt: Giá H1 + Macro
[2026-07-07 12:15:03] [WARN] ⚠ Giá H1 + Macro lỗi attempt 1: errors,encoding_table)[0]
           ~~~~~~~~~~~~~~~~~~~~~^^^^^^^^^^^^^^^^^^^^^^^^^^^^^^^^^^
UnicodeEncodeError: 'charmap' codec can't encode characters in position 4-5: character maps to <undefined>

[2026-07-07 12:15:03] [INFO] ▶ Kích hoạt: Vĩ Mô (Macro)
[2026-07-07 12:15:06] [WARN] ⚠ Vĩ Mô (Macro) lỗi attempt 1: ,encoding_table)[0]
           ~~~~~~~~~~~~~~~~~~~~~^^^^^^^^^^^^^^^^^^^^^^^^^^^^^^^^^^
UnicodeEncodeError: 'charmap' codec can't encode character '\u274c' in position 2: character maps to <undefined>

[2026-07-07 12:15:06] [INFO] ⏰ Đợi Giá H1: còn 1.00h (07/07 13:15:02 VN)
[2026-07-07 13:15:02] [INFO] ▶ Kích hoạt: Giá H1 + Macro
[2026-07-07 13:15:03] [WARN] ⚠ Giá H1 + Macro lỗi attempt 1: errors,encoding_table)[0]
           ~~~~~~~~~~~~~~~~~~~~~^^^^^^^^^^^^^^^^^^^^^^^^^^^^^^^^^^
UnicodeEncodeError: 'charmap' codec can't encode characters in position 4-5: character maps to <undefined>

[2026-07-07 13:15:03] [INFO] ▶ Kích hoạt: Vĩ Mô (Macro)
[2026-07-07 13:15:06] [WARN] ⚠ Vĩ Mô (Macro) lỗi attempt 1: ,encoding_table)[0]
           ~~~~~~~~~~~~~~~~~~~~~^^^^^^^^^^^^^^^^^^^^^^^^^^^^^^^^^^
UnicodeEncodeError: 'charmap' codec can't encode character '\u274c' in position 2: character maps to <undefined>

[2026-07-07 13:15:06] [INFO] ⏰ Đợi Giá H1: còn 1.00h (07/07 14:15:02 VN)
[2026-07-07 14:15:02] [INFO] ▶ Kích hoạt: Giá H1 + Macro
[2026-07-07 14:15:04] [WARN] ⚠ Giá H1 + Macro lỗi attempt 1: errors,encoding_table)[0]
           ~~~~~~~~~~~~~~~~~~~~~^^^^^^^^^^^^^^^^^^^^^^^^^^^^^^^^^^
UnicodeEncodeError: 'charmap' codec can't encode characters in position 4-5: character maps to <undefined>

[2026-07-07 14:15:04] [INFO] ▶ Kích hoạt: Vĩ Mô (Macro)
[2026-07-07 14:15:07] [WARN] ⚠ Vĩ Mô (Macro) lỗi attempt 1: ,encoding_table)[0]
           ~~~~~~~~~~~~~~~~~~~~~^^^^^^^^^^^^^^^^^^^^^^^^^^^^^^^^^^
UnicodeEncodeError: 'charmap' codec can't encode character '\u274c' in position 2: character maps to <undefined>

[2026-07-07 14:15:07] [INFO] ⏰ Đợi Giá H1: còn 1.00h (07/07 15:15:02 VN)
[2026-07-07 16:50:42] [INFO] ▶ Kích hoạt: Giá H1 + Macro
[2026-07-07 16:50:46] [WARN] ⚠ Giá H1 + Macro lỗi attempt 1: errors,encoding_table)[0]
           ~~~~~~~~~~~~~~~~~~~~~^^^^^^^^^^^^^^^^^^^^^^^^^^^^^^^^^^
UnicodeEncodeError: 'charmap' codec can't encode characters in position 4-5: character maps to <undefined>

[2026-07-07 16:50:46] [INFO] ▶ Kích hoạt: Vĩ Mô (Macro)
[2026-07-07 16:50:49] [WARN] ⚠ Vĩ Mô (Macro) lỗi attempt 1: ,encoding_table)[0]
           ~~~~~~~~~~~~~~~~~~~~~^^^^^^^^^^^^^^^^^^^^^^^^^^^^^^^^^^
UnicodeEncodeError: 'charmap' codec can't encode character '\u274c' in position 2: character maps to <undefined>

[2026-07-07 16:50:49] [INFO] ⏰ Đợi Giá H1: còn 0.40h (07/07 17:15:02 VN)
[2026-07-07 17:15:02] [INFO] ▶ Kích hoạt: Giá H1 + Macro
[2026-07-07 17:15:03] [WARN] ⚠ Giá H1 + Macro lỗi attempt 1: errors,encoding_table)[0]
           ~~~~~~~~~~~~~~~~~~~~~^^^^^^^^^^^^^^^^^^^^^^^^^^^^^^^^^^
UnicodeEncodeError: 'charmap' codec can't encode characters in position 4-5: character maps to <undefined>

[2026-07-07 17:15:03] [INFO] ▶ Kích hoạt: Vĩ Mô (Macro)
[2026-07-07 17:15:06] [WARN] ⚠ Vĩ Mô (Macro) lỗi attempt 1: ,encoding_table)[0]
           ~~~~~~~~~~~~~~~~~~~~~^^^^^^^^^^^^^^^^^^^^^^^^^^^^^^^^^^
UnicodeEncodeError: 'charmap' codec can't encode character '\u274c' in position 2: character maps to <undefined>

[2026-07-07 17:15:06] [INFO] ⏰ Đợi Giá H1: còn 1.00h (07/07 18:15:02 VN)
[2026-07-07 18:33:03] [INFO] ▶ Kích hoạt: USDA Acreage
[2026-07-07 18:33:10] [INFO] ✅ USDA Acreage hoàn thành (attempt 1)
[2026-07-07 18:33:10] [INFO] ⏰ Đợi Acreage Reports: còn 10.95h (08/07 05:30:02 VN)
[2026-07-07 19:16:59] [INFO] ▶ Kích hoạt: Giá H1 + Macro
[2026-07-07 19:17:00] [WARN] ⚠ Giá H1 + Macro lỗi attempt 1: errors,encoding_table)[0]
           ~~~~~~~~~~~~~~~~~~~~~^^^^^^^^^^^^^^^^^^^^^^^^^^^^^^^^^^
UnicodeEncodeError: 'charmap' codec can't encode characters in position 4-5: character maps to <undefined>

[2026-07-07 19:17:00] [INFO] ▶ Kích hoạt: Vĩ Mô (Macro)
[2026-07-07 19:17:04] [WARN] ⚠ Vĩ Mô (Macro) lỗi attempt 1: ,encoding_table)[0]
           ~~~~~~~~~~~~~~~~~~~~~^^^^^^^^^^^^^^^^^^^^^^^^^^^^^^^^^^
UnicodeEncodeError: 'charmap' codec can't encode character '\u274c' in position 2: character maps to <undefined>

[2026-07-07 19:17:04] [INFO] ⏰ Đợi Giá H1: còn 0.97h (07/07 20:15:02 VN)
[2026-07-07 19:26:40] [INFO] ▶ Kích hoạt: Thời Tiết Ngắn Hạn
[2026-07-07 19:27:11] [INFO] ✅ Thời Tiết Ngắn Hạn hoàn thành (attempt 1)
[2026-07-07 19:27:11] [INFO] ⏰ Đợi Weather Short: còn 10.55h (08/07 06:00:02 VN)
[2026-07-07 20:45:39] [INFO] ▶ Kích hoạt: Giá H1 + Macro
[2026-07-07 20:45:42] [WARN] ⚠ Giá H1 + Macro lỗi attempt 1: errors,encoding_table)[0]
           ~~~~~~~~~~~~~~~~~~~~~^^^^^^^^^^^^^^^^^^^^^^^^^^^^^^^^^^
UnicodeEncodeError: 'charmap' codec can't encode characters in position 4-5: character maps to <undefined>

[2026-07-07 20:45:42] [INFO] ▶ Kích hoạt: Vĩ Mô (Macro)
[2026-07-07 20:45:45] [WARN] ⚠ Vĩ Mô (Macro) lỗi attempt 1: ,encoding_table)[0]
           ~~~~~~~~~~~~~~~~~~~~~^^^^^^^^^^^^^^^^^^^^^^^^^^^^^^^^^^
UnicodeEncodeError: 'charmap' codec can't encode character '\u274c' in position 2: character maps to <undefined>

[2026-07-07 20:45:45] [INFO] ⏰ Đợi Giá H1: còn 0.49h (07/07 21:15:02 VN)
[2026-07-07 21:15:02] [INFO] ▶ Kích hoạt: Giá H1 + Macro
[2026-07-07 21:15:03] [WARN] ⚠ Giá H1 + Macro lỗi attempt 1: errors,encoding_table)[0]
           ~~~~~~~~~~~~~~~~~~~~~^^^^^^^^^^^^^^^^^^^^^^^^^^^^^^^^^^
UnicodeEncodeError: 'charmap' codec can't encode characters in position 4-5: character maps to <undefined>

[2026-07-07 21:15:03] [INFO] ▶ Kích hoạt: Vĩ Mô (Macro)
[2026-07-07 21:15:05] [WARN] ⚠ Vĩ Mô (Macro) lỗi attempt 1: ,encoding_table)[0]
           ~~~~~~~~~~~~~~~~~~~~~^^^^^^^^^^^^^^^^^^^^^^^^^^^^^^^^^^
UnicodeEncodeError: 'charmap' codec can't encode character '\u274c' in position 2: character maps to <undefined>

[2026-07-07 21:15:05] [INFO] ⏰ Đợi Giá H1: còn 1.00h (07/07 22:15:02 VN)
[2026-07-07 22:15:02] [INFO] ▶ Kích hoạt: Giá H1 + Macro
[2026-07-07 22:15:03] [WARN] ⚠ Giá H1 + Macro lỗi attempt 1: errors,encoding_table)[0]
           ~~~~~~~~~~~~~~~~~~~~~^^^^^^^^^^^^^^^^^^^^^^^^^^^^^^^^^^
UnicodeEncodeError: 'charmap' codec can't encode characters in position 4-5: character maps to <undefined>

[2026-07-07 22:15:03] [INFO] ▶ Kích hoạt: Vĩ Mô (Macro)
[2026-07-07 22:15:06] [WARN] ⚠ Vĩ Mô (Macro) lỗi attempt 1: ,encoding_table)[0]
           ~~~~~~~~~~~~~~~~~~~~~^^^^^^^^^^^^^^^^^^^^^^^^^^^^^^^^^^
UnicodeEncodeError: 'charmap' codec can't encode character '\u274c' in position 2: character maps to <undefined>

[2026-07-07 22:15:06] [INFO] ⏰ Đợi Giá H1: còn 1.00h (07/07 23:15:02 VN)
[2026-07-07 23:55:07] [INFO] ▶ Kích hoạt: AI Điểm Tin
[2026-07-07 23:55:46] [INFO] ✅ AI Điểm Tin hoàn thành (attempt 1)
[2026-07-07 23:55:46] [INFO] ⏰ Đợi AI News: còn 6.07h (08/07 06:00:02 VN)
[2026-07-08 00:01:51] [INFO] ▶ Kích hoạt: Giá H1 + Macro
[2026-07-08 00:01:53] [WARN] ⚠ Giá H1 + Macro lỗi attempt 1: errors,encoding_table)[0]
           ~~~~~~~~~~~~~~~~~~~~~^^^^^^^^^^^^^^^^^^^^^^^^^^^^^^^^^^
UnicodeEncodeError: 'charmap' codec can't encode characters in position 4-5: character maps to <undefined>

[2026-07-08 00:01:53] [INFO] ▶ Kích hoạt: Vĩ Mô (Macro)
[2026-07-08 00:01:56] [WARN] ⚠ Vĩ Mô (Macro) lỗi attempt 1: ,encoding_table)[0]
           ~~~~~~~~~~~~~~~~~~~~~^^^^^^^^^^^^^^^^^^^^^^^^^^^^^^^^^^
UnicodeEncodeError: 'charmap' codec can't encode character '\u274c' in position 2: character maps to <undefined>

[2026-07-08 00:01:56] [INFO] ⏰ Đợi Giá H1: còn 0.22h (08/07 00:15:02 VN)
[2026-07-08 00:15:02] [INFO] ▶ Kích hoạt: Giá H1 + Macro
[2026-07-08 00:15:03] [WARN] ⚠ Giá H1 + Macro lỗi attempt 1: errors,encoding_table)[0]
           ~~~~~~~~~~~~~~~~~~~~~^^^^^^^^^^^^^^^^^^^^^^^^^^^^^^^^^^
UnicodeEncodeError: 'charmap' codec can't encode characters in position 4-5: character maps to <undefined>

[2026-07-08 00:15:03] [INFO] ▶ Kích hoạt: Vĩ Mô (Macro)
[2026-07-08 00:15:07] [WARN] ⚠ Vĩ Mô (Macro) lỗi attempt 1: ,encoding_table)[0]
           ~~~~~~~~~~~~~~~~~~~~~^^^^^^^^^^^^^^^^^^^^^^^^^^^^^^^^^^
UnicodeEncodeError: 'charmap' codec can't encode character '\u274c' in position 2: character maps to <undefined>

[2026-07-08 00:15:07] [INFO] ⏰ Đợi Giá H1: còn 1.00h (08/07 01:15:02 VN)
[2026-07-08 07:33:15] [INFO] ▶ Kích hoạt: Giá H1 + Macro
[2026-07-08 07:33:16] [WARN] ⚠ Giá H1 + Macro lỗi attempt 1: errors,encoding_table)[0]
           ~~~~~~~~~~~~~~~~~~~~~^^^^^^^^^^^^^^^^^^^^^^^^^^^^^^^^^^
UnicodeEncodeError: 'charmap' codec can't encode characters in position 4-5: character maps to <undefined>

[2026-07-08 07:33:16] [INFO] ▶ Kích hoạt: Vĩ Mô (Macro)
[2026-07-08 07:33:19] [WARN] ⚠ Vĩ Mô (Macro) lỗi attempt 1: ,encoding_table)[0]
           ~~~~~~~~~~~~~~~~~~~~~^^^^^^^^^^^^^^^^^^^^^^^^^^^^^^^^^^
UnicodeEncodeError: 'charmap' codec can't encode character '\u274c' in position 2: character maps to <undefined>

[2026-07-08 07:33:19] [INFO] ⏰ Đợi Giá H1: còn 0.70h (08/07 08:15:02 VN)
[2026-07-08 08:15:02] [INFO] ▶ Kích hoạt: Giá H1 + Macro
[2026-07-08 08:15:03] [WARN] ⚠ Giá H1 + Macro lỗi attempt 1: errors,encoding_table)[0]
           ~~~~~~~~~~~~~~~~~~~~~^^^^^^^^^^^^^^^^^^^^^^^^^^^^^^^^^^
UnicodeEncodeError: 'charmap' codec can't encode characters in position 4-5: character maps to <undefined>

[2026-07-08 08:15:03] [INFO] ▶ Kích hoạt: Vĩ Mô (Macro)
[2026-07-08 08:15:06] [WARN] ⚠ Vĩ Mô (Macro) lỗi attempt 1: ,encoding_table)[0]
           ~~~~~~~~~~~~~~~~~~~~~^^^^^^^^^^^^^^^^^^^^^^^^^^^^^^^^^^
UnicodeEncodeError: 'charmap' codec can't encode character '\u274c' in position 2: character maps to <undefined>

[2026-07-08 08:15:06] [INFO] ⏰ Đợi Giá H1: còn 1.00h (08/07 09:15:02 VN)
[2026-07-08 10:16:13] [INFO] ▶ Kích hoạt: Giá H1 + Macro
[2026-07-08 10:16:23] [WARN] ⚠ Giá H1 + Macro lỗi attempt 1: errors,encoding_table)[0]
           ~~~~~~~~~~~~~~~~~~~~~^^^^^^^^^^^^^^^^^^^^^^^^^^^^^^^^^^
UnicodeEncodeError: 'charmap' codec can't encode characters in position 4-5: character maps to <undefined>

[2026-07-08 10:16:23] [INFO] ▶ Kích hoạt: Vĩ Mô (Macro)
[2026-07-08 10:16:30] [WARN] ⚠ Vĩ Mô (Macro) lỗi attempt 1: ,encoding_table)[0]
           ~~~~~~~~~~~~~~~~~~~~~^^^^^^^^^^^^^^^^^^^^^^^^^^^^^^^^^^
UnicodeEncodeError: 'charmap' codec can't encode character '\u274c' in position 2: character maps to <undefined>

[2026-07-08 10:16:30] [INFO] ⏰ Đợi Giá H1: còn 0.98h (08/07 11:15:02 VN)
[2026-07-08 12:46:38] [INFO] ▶ Kích hoạt: Giá H1 + Macro
[2026-07-08 12:46:47] [WARN] ⚠ Giá H1 + Macro lỗi attempt 1: errors,encoding_table)[0]
           ~~~~~~~~~~~~~~~~~~~~~^^^^^^^^^^^^^^^^^^^^^^^^^^^^^^^^^^
UnicodeEncodeError: 'charmap' codec can't encode characters in position 4-5: character maps to <undefined>

[2026-07-08 12:46:47] [INFO] ▶ Kích hoạt: Vĩ Mô (Macro)
[2026-07-08 12:46:54] [WARN] ⚠ Vĩ Mô (Macro) lỗi attempt 1: ,encoding_table)[0]
           ~~~~~~~~~~~~~~~~~~~~~^^^^^^^^^^^^^^^^^^^^^^^^^^^^^^^^^^
UnicodeEncodeError: 'charmap' codec can't encode character '\u274c' in position 2: character maps to <undefined>

[2026-07-08 12:46:54] [INFO] ⏰ Đợi Giá H1: còn 0.47h (08/07 13:15:02 VN)
[2026-07-08 13:28:40] [INFO] ============================================================
[2026-07-08 13:28:40] [INFO]   CBOT PRECISION SCHEDULER V2 — KHỞI ĐỘNG
[2026-07-08 13:28:40] [INFO] ============================================================
[2026-07-08 13:28:40] [INFO] Lịch trình đang chạy:
[2026-07-08 13:28:40] [INFO]   [Giá H1 + Macro]    : Phút :15 mỗi giờ giao dịch
[2026-07-08 13:28:40] [INFO]   [COT CFTC]          : Thứ Bảy 07:15 VN
[2026-07-08 13:28:40] [INFO]   [USDA Crop Progress]: Thứ Hai 22:00 VN
[2026-07-08 13:28:40] [INFO]   [Export Sales]      : Thứ Năm 21:32 VN
[2026-07-08 13:28:40] [INFO]   [WASDE Monthly]     : Ngày 10 hàng tháng, 23:00 VN
[2026-07-08 13:28:40] [INFO]   [Thời Tiết Ngắn]    : 06:00 hàng ngày
[2026-07-08 13:28:40] [INFO]   [ENSO Long-Term]    : Thứ Hai 06:30 VN
[2026-07-08 13:28:40] [INFO]   [USDA Acreage]      : 05:30 hàng ngày
[2026-07-08 13:28:40] [INFO]   [AI Điểm Tin]       : 06:00 và 20:00 hàng ngày
[2026-07-08 13:28:40] [INFO]   [AI Tin Biển Đen]   : Thứ Tư & Chủ Nhật 07:00 VN
[2026-07-08 13:28:40] [INFO]   [Số Liệu Mùa Vụ Nga]: 07:30 hàng ngày
[2026-07-08 13:28:40] [INFO] ------------------------------------------------------------
[2026-07-08 13:28:40] [INFO]   ✅ Thread khởi động: job_prices
15:02 VN)
[2026-07-08 13:28:40] [INFO]   ✅ Thread khởi động: job_cot
7 07:15:02 VN)
[2026-07-08 13:28:40] [INFO]   ✅ Thread khởi động: job_crop_progress
:00:02 VN)
[2026-07-08 13:28:40] [INFO]   ✅ Thread khởi động: job_export_sales
32:02 VN)
[2026-07-08 13:28:40] [INFO]   ✅ Thread khởi động: job_wasde
0/07 23:00:02 VN)
[2026-07-08 13:28:40] [INFO]   ✅ Thread khởi động: job_weather_short
00:02 VN)
[2026-07-08 13:28:40] [INFO]   ✅ Thread khởi động: job_weather_long
06:30:02 VN)
[2026-07-08 13:28:40] [INFO]   ✅ Thread khởi động: job_acreage
9/07 05:30:02 VN)
[2026-07-08 13:28:40] [INFO]   ✅ Thread khởi động: job_ai_news
0:02 VN)
[2026-07-08 13:28:40] [INFO]   ✅ Thread khởi động: job_blacksea_news
:00:02 VN)
[2026-07-08 13:28:40] [INFO] ============================================================
[2026-07-08 13:28:40] [INFO] Scheduler đang chạy ngầm. Nhấn Ctrl+C để dừng.
[2026-07-08 14:15:02] [INFO] ▶ Kích hoạt: Giá H1 + Macro
[2026-07-08 14:15:03] [WARN] ⚠ Giá H1 + Macro lỗi attempt 1: errors,encoding_table)[0]
           ~~~~~~~~~~~~~~~~~~~~~^^^^^^^^^^^^^^^^^^^^^^^^^^^^^^^^^^
UnicodeEncodeError: 'charmap' codec can't encode characters in position 4-5: character maps to <undefined>

[2026-07-08 14:15:03] [INFO] ▶ Kích hoạt: Vĩ Mô (Macro)
[2026-07-08 14:15:06] [WARN] ⚠ Vĩ Mô (Macro) lỗi attempt 1: ,encoding_table)[0]
           ~~~~~~~~~~~~~~~~~~~~~^^^^^^^^^^^^^^^^^^^^^^^^^^^^^^^^^^
UnicodeEncodeError: 'charmap' codec can't encode character '\u274c' in position 2: character maps to <undefined>

[2026-07-08 14:15:06] [INFO] ⏰ Đợi Giá H1: còn 1.00h (08/07 15:15:02 VN)
[2026-07-08 16:00:21] [INFO] ▶ Kích hoạt: Giá H1 + Macro
[2026-07-08 16:00:24] [WARN] ⚠ Giá H1 + Macro lỗi attempt 1: errors,encoding_table)[0]
           ~~~~~~~~~~~~~~~~~~~~~^^^^^^^^^^^^^^^^^^^^^^^^^^^^^^^^^^
UnicodeEncodeError: 'charmap' codec can't encode characters in position 4-5: character maps to <undefined>

[2026-07-08 16:00:24] [INFO] ▶ Kích hoạt: Vĩ Mô (Macro)
[2026-07-08 16:00:27] [WARN] ⚠ Vĩ Mô (Macro) lỗi attempt 1: ,encoding_table)[0]
           ~~~~~~~~~~~~~~~~~~~~~^^^^^^^^^^^^^^^^^^^^^^^^^^^^^^^^^^
UnicodeEncodeError: 'charmap' codec can't encode character '\u274c' in position 2: character maps to <undefined>

[2026-07-08 16:00:27] [INFO] ⏰ Đợi Giá H1: còn 0.24h (08/07 16:15:02 VN)
[2026-07-08 16:15:02] [INFO] ▶ Kích hoạt: Giá H1 + Macro
[2026-07-08 16:15:03] [WARN] ⚠ Giá H1 + Macro lỗi attempt 1: errors,encoding_table)[0]
           ~~~~~~~~~~~~~~~~~~~~~^^^^^^^^^^^^^^^^^^^^^^^^^^^^^^^^^^
UnicodeEncodeError: 'charmap' codec can't encode characters in position 4-5: character maps to <undefined>

[2026-07-08 16:15:03] [INFO] ▶ Kích hoạt: Vĩ Mô (Macro)
[2026-07-08 16:15:05] [WARN] ⚠ Vĩ Mô (Macro) lỗi attempt 1: ,encoding_table)[0]
           ~~~~~~~~~~~~~~~~~~~~~^^^^^^^^^^^^^^^^^^^^^^^^^^^^^^^^^^
UnicodeEncodeError: 'charmap' codec can't encode character '\u274c' in position 2: character maps to <undefined>

[2026-07-08 16:15:05] [INFO] ⏰ Đợi Giá H1: còn 1.00h (08/07 17:15:02 VN)
[2026-07-08 17:15:02] [INFO] ▶ Kích hoạt: Giá H1 + Macro
[2026-07-08 17:15:04] [WARN] ⚠ Giá H1 + Macro lỗi attempt 1: errors,encoding_table)[0]
           ~~~~~~~~~~~~~~~~~~~~~^^^^^^^^^^^^^^^^^^^^^^^^^^^^^^^^^^
UnicodeEncodeError: 'charmap' codec can't encode characters in position 4-5: character maps to <undefined>

[2026-07-08 17:15:04] [INFO] ▶ Kích hoạt: Vĩ Mô (Macro)
[2026-07-08 17:15:06] [WARN] ⚠ Vĩ Mô (Macro) lỗi attempt 1: ,encoding_table)[0]
           ~~~~~~~~~~~~~~~~~~~~~^^^^^^^^^^^^^^^^^^^^^^^^^^^^^^^^^^
UnicodeEncodeError: 'charmap' codec can't encode character '\u274c' in position 2: character maps to <undefined>

[2026-07-08 17:15:06] [INFO] ⏰ Đợi Giá H1: còn 1.00h (08/07 18:15:02 VN)
[2026-07-08 18:15:02] [INFO] ▶ Kích hoạt: Giá H1 + Macro
[2026-07-08 18:15:04] [WARN] ⚠ Giá H1 + Macro lỗi attempt 1: errors,encoding_table)[0]
           ~~~~~~~~~~~~~~~~~~~~~^^^^^^^^^^^^^^^^^^^^^^^^^^^^^^^^^^
UnicodeEncodeError: 'charmap' codec can't encode characters in position 4-5: character maps to <undefined>

[2026-07-08 18:15:04] [INFO] ▶ Kích hoạt: Vĩ Mô (Macro)
[2026-07-08 18:15:07] [WARN] ⚠ Vĩ Mô (Macro) lỗi attempt 1: ,encoding_table)[0]
           ~~~~~~~~~~~~~~~~~~~~~^^^^^^^^^^^^^^^^^^^^^^^^^^^^^^^^^^
UnicodeEncodeError: 'charmap' codec can't encode character '\u274c' in position 2: character maps to <undefined>

[2026-07-08 18:15:07] [INFO] ⏰ Đợi Giá H1: còn 1.00h (08/07 19:15:02 VN)
[2026-07-08 20:25:08] [INFO] ▶ Kích hoạt: Giá H1 + Macro
[2026-07-08 20:25:10] [WARN] ⚠ Giá H1 + Macro lỗi attempt 1: errors,encoding_table)[0]
           ~~~~~~~~~~~~~~~~~~~~~^^^^^^^^^^^^^^^^^^^^^^^^^^^^^^^^^^
UnicodeEncodeError: 'charmap' codec can't encode characters in position 4-5: character maps to <undefined>

[2026-07-08 20:25:10] [INFO] ▶ Kích hoạt: Vĩ Mô (Macro)
[2026-07-08 20:25:13] [WARN] ⚠ Vĩ Mô (Macro) lỗi attempt 1: ,encoding_table)[0]
           ~~~~~~~~~~~~~~~~~~~~~^^^^^^^^^^^^^^^^^^^^^^^^^^^^^^^^^^
UnicodeEncodeError: 'charmap' codec can't encode character '\u274c' in position 2: character maps to <undefined>

[2026-07-08 20:25:13] [INFO] ⏰ Đợi Giá H1: còn 0.83h (08/07 21:15:02 VN)
[2026-07-08 21:15:02] [INFO] ▶ Kích hoạt: Giá H1 + Macro
[2026-07-08 21:15:03] [WARN] ⚠ Giá H1 + Macro lỗi attempt 1: errors,encoding_table)[0]
           ~~~~~~~~~~~~~~~~~~~~~^^^^^^^^^^^^^^^^^^^^^^^^^^^^^^^^^^
UnicodeEncodeError: 'charmap' codec can't encode characters in position 4-5: character maps to <undefined>

[2026-07-08 21:15:03] [INFO] ▶ Kích hoạt: Vĩ Mô (Macro)
[2026-07-08 21:15:05] [WARN] ⚠ Vĩ Mô (Macro) lỗi attempt 1: ,encoding_table)[0]
           ~~~~~~~~~~~~~~~~~~~~~^^^^^^^^^^^^^^^^^^^^^^^^^^^^^^^^^^
UnicodeEncodeError: 'charmap' codec can't encode character '\u274c' in position 2: character maps to <undefined>

[2026-07-08 21:15:05] [INFO] ⏰ Đợi Giá H1: còn 1.00h (08/07 22:15:02 VN)
[2026-07-08 21:55:28] [INFO] ▶ Kích hoạt: AI Điểm Tin
[2026-07-08 21:56:06] [INFO] ✅ AI Điểm Tin hoàn thành (attempt 1)
[2026-07-08 21:56:06] [INFO] ⏰ Đợi AI News: còn 8.07h (09/07 06:00:02 VN)
[2026-07-08 22:15:02] [INFO] ▶ Kích hoạt: Giá H1 + Macro
[2026-07-08 22:15:04] [WARN] ⚠ Giá H1 + Macro lỗi attempt 1: errors,encoding_table)[0]
           ~~~~~~~~~~~~~~~~~~~~~^^^^^^^^^^^^^^^^^^^^^^^^^^^^^^^^^^
UnicodeEncodeError: 'charmap' codec can't encode characters in position 4-5: character maps to <undefined>

[2026-07-08 22:15:04] [INFO] ▶ Kích hoạt: Vĩ Mô (Macro)
[2026-07-08 22:15:07] [WARN] ⚠ Vĩ Mô (Macro) lỗi attempt 1: ,encoding_table)[0]
           ~~~~~~~~~~~~~~~~~~~~~^^^^^^^^^^^^^^^^^^^^^^^^^^^^^^^^^^
UnicodeEncodeError: 'charmap' codec can't encode character '\u274c' in position 2: character maps to <undefined>

[2026-07-08 22:15:07] [INFO] ⏰ Đợi Giá H1: còn 1.00h (08/07 23:15:02 VN)
[2026-07-08 23:15:02] [INFO] ▶ Kích hoạt: Giá H1 + Macro
[2026-07-08 23:15:04] [WARN] ⚠ Giá H1 + Macro lỗi attempt 1: errors,encoding_table)[0]
           ~~~~~~~~~~~~~~~~~~~~~^^^^^^^^^^^^^^^^^^^^^^^^^^^^^^^^^^
UnicodeEncodeError: 'charmap' codec can't encode characters in position 4-5: character maps to <undefined>

[2026-07-08 23:15:04] [INFO] ▶ Kích hoạt: Vĩ Mô (Macro)
[2026-07-08 23:15:06] [WARN] ⚠ Vĩ Mô (Macro) lỗi attempt 1: ,encoding_table)[0]
           ~~~~~~~~~~~~~~~~~~~~~^^^^^^^^^^^^^^^^^^^^^^^^^^^^^^^^^^
UnicodeEncodeError: 'charmap' codec can't encode character '\u274c' in position 2: character maps to <undefined>

[2026-07-08 23:15:06] [INFO] ⏰ Đợi Giá H1: còn 1.00h (09/07 00:15:02 VN)
[2026-07-09 05:24:39] [INFO] ▶ Kích hoạt: Giá H1 + Macro
[2026-07-09 05:24:48] [WARN] ⚠ Giá H1 + Macro lỗi attempt 1: errors,encoding_table)[0]
           ~~~~~~~~~~~~~~~~~~~~~^^^^^^^^^^^^^^^^^^^^^^^^^^^^^^^^^^
UnicodeEncodeError: 'charmap' codec can't encode characters in position 4-5: character maps to <undefined>

[2026-07-09 05:24:48] [INFO] ▶ Kích hoạt: Vĩ Mô (Macro)
[2026-07-09 05:24:54] [WARN] ⚠ Vĩ Mô (Macro) lỗi attempt 1: ,encoding_table)[0]
           ~~~~~~~~~~~~~~~~~~~~~^^^^^^^^^^^^^^^^^^^^^^^^^^^^^^^^^^
UnicodeEncodeError: 'charmap' codec can't encode character '\u274c' in position 2: character maps to <undefined>

[2026-07-09 05:24:54] [INFO] ⏰ Đợi Giá H1: còn 0.84h (09/07 06:15:02 VN)
[2026-07-09 06:15:02] [INFO] ▶ Kích hoạt: Giá H1 + Macro
[2026-07-09 06:15:03] [WARN] ⚠ Giá H1 + Macro lỗi attempt 1: errors,encoding_table)[0]
           ~~~~~~~~~~~~~~~~~~~~~^^^^^^^^^^^^^^^^^^^^^^^^^^^^^^^^^^
UnicodeEncodeError: 'charmap' codec can't encode characters in position 4-5: character maps to <undefined>

[2026-07-09 06:15:03] [INFO] ▶ Kích hoạt: Vĩ Mô (Macro)
[2026-07-09 06:15:05] [WARN] ⚠ Vĩ Mô (Macro) lỗi attempt 1: ,encoding_table)[0]
           ~~~~~~~~~~~~~~~~~~~~~^^^^^^^^^^^^^^^^^^^^^^^^^^^^^^^^^^
UnicodeEncodeError: 'charmap' codec can't encode character '\u274c' in position 2: character maps to <undefined>

[2026-07-09 06:15:05] [INFO] ⏰ Đợi Giá H1: còn 1.00h (09/07 07:15:02 VN)
[2026-07-09 07:15:02] [INFO] ▶ Kích hoạt: Giá H1 + Macro
[2026-07-09 07:15:04] [WARN] ⚠ Giá H1 + Macro lỗi attempt 1: errors,encoding_table)[0]
           ~~~~~~~~~~~~~~~~~~~~~^^^^^^^^^^^^^^^^^^^^^^^^^^^^^^^^^^
UnicodeEncodeError: 'charmap' codec can't encode characters in position 4-5: character maps to <undefined>

[2026-07-09 07:15:04] [INFO] ▶ Kích hoạt: Vĩ Mô (Macro)
[2026-07-09 07:15:07] [WARN] ⚠ Vĩ Mô (Macro) lỗi attempt 1: ,encoding_table)[0]
           ~~~~~~~~~~~~~~~~~~~~~^^^^^^^^^^^^^^^^^^^^^^^^^^^^^^^^^^
UnicodeEncodeError: 'charmap' codec can't encode character '\u274c' in position 2: character maps to <undefined>

[2026-07-09 07:15:07] [INFO] ⏰ Đợi Giá H1: còn 1.00h (09/07 08:15:02 VN)
[2026-07-09 08:15:02] [INFO] ▶ Kích hoạt: Giá H1 + Macro
[2026-07-09 08:15:03] [WARN] ⚠ Giá H1 + Macro lỗi attempt 1: errors,encoding_table)[0]
           ~~~~~~~~~~~~~~~~~~~~~^^^^^^^^^^^^^^^^^^^^^^^^^^^^^^^^^^
UnicodeEncodeError: 'charmap' codec can't encode characters in position 4-5: character maps to <undefined>

[2026-07-09 08:15:03] [INFO] ▶ Kích hoạt: Vĩ Mô (Macro)
[2026-07-09 08:15:07] [WARN] ⚠ Vĩ Mô (Macro) lỗi attempt 1: ,encoding_table)[0]
           ~~~~~~~~~~~~~~~~~~~~~^^^^^^^^^^^^^^^^^^^^^^^^^^^^^^^^^^
UnicodeEncodeError: 'charmap' codec can't encode character '\u274c' in position 2: character maps to <undefined>

[2026-07-09 08:15:07] [INFO] ⏰ Đợi Giá H1: còn 1.00h (09/07 09:15:02 VN)
[2026-07-09 09:15:02] [INFO] ▶ Kích hoạt: Giá H1 + Macro
[2026-07-09 09:15:04] [WARN] ⚠ Giá H1 + Macro lỗi attempt 1: errors,encoding_table)[0]
           ~~~~~~~~~~~~~~~~~~~~~^^^^^^^^^^^^^^^^^^^^^^^^^^^^^^^^^^
UnicodeEncodeError: 'charmap' codec can't encode characters in position 4-5: character maps to <undefined>

[2026-07-09 09:15:04] [INFO] ▶ Kích hoạt: Vĩ Mô (Macro)
[2026-07-09 09:15:08] [WARN] ⚠ Vĩ Mô (Macro) lỗi attempt 1: ,encoding_table)[0]
           ~~~~~~~~~~~~~~~~~~~~~^^^^^^^^^^^^^^^^^^^^^^^^^^^^^^^^^^
UnicodeEncodeError: 'charmap' codec can't encode character '\u274c' in position 2: character maps to <undefined>

[2026-07-09 09:15:08] [INFO] ⏰ Đợi Giá H1: còn 1.00h (09/07 10:15:02 VN)
[2026-07-09 10:15:02] [INFO] ▶ Kích hoạt: Giá H1 + Macro
[2026-07-09 10:15:03] [WARN] ⚠ Giá H1 + Macro lỗi attempt 1: errors,encoding_table)[0]
           ~~~~~~~~~~~~~~~~~~~~~^^^^^^^^^^^^^^^^^^^^^^^^^^^^^^^^^^
UnicodeEncodeError: 'charmap' codec can't encode characters in position 4-5: character maps to <undefined>

[2026-07-09 10:15:03] [INFO] ▶ Kích hoạt: Vĩ Mô (Macro)
[2026-07-09 10:15:06] [WARN] ⚠ Vĩ Mô (Macro) lỗi attempt 1: ,encoding_table)[0]
           ~~~~~~~~~~~~~~~~~~~~~^^^^^^^^^^^^^^^^^^^^^^^^^^^^^^^^^^
UnicodeEncodeError: 'charmap' codec can't encode character '\u274c' in position 2: character maps to <undefined>

[2026-07-09 10:15:06] [INFO] ⏰ Đợi Giá H1: còn 1.00h (09/07 11:15:02 VN)
[2026-07-09 11:09:39] [INFO] ▶ Kích hoạt: AI Điểm Tin
[2026-07-09 11:10:15] [INFO] ✅ AI Điểm Tin hoàn thành (attempt 1)
[2026-07-09 11:10:15] [INFO] ⏰ Đợi AI News: còn 8.83h (09/07 20:00:02 VN)
[2026-07-09 11:15:02] [INFO] ▶ Kích hoạt: Giá H1 + Macro
[2026-07-09 11:15:09] [WARN] ⚠ Giá H1 + Macro lỗi attempt 1: errors,encoding_table)[0]
           ~~~~~~~~~~~~~~~~~~~~~^^^^^^^^^^^^^^^^^^^^^^^^^^^^^^^^^^
UnicodeEncodeError: 'charmap' codec can't encode characters in position 4-5: character maps to <undefined>

[2026-07-09 11:15:09] [INFO] ▶ Kích hoạt: Vĩ Mô (Macro)
[2026-07-09 11:15:14] [WARN] ⚠ Vĩ Mô (Macro) lỗi attempt 1: ,encoding_table)[0]
           ~~~~~~~~~~~~~~~~~~~~~^^^^^^^^^^^^^^^^^^^^^^^^^^^^^^^^^^
UnicodeEncodeError: 'charmap' codec can't encode character '\u274c' in position 2: character maps to <undefined>

[2026-07-09 11:15:14] [INFO] ⏰ Đợi Giá H1: còn 1.00h (09/07 12:15:02 VN)
[2026-07-09 12:15:02] [INFO] ▶ Kích hoạt: Giá H1 + Macro
[2026-07-09 12:15:03] [WARN] ⚠ Giá H1 + Macro lỗi attempt 1: errors,encoding_table)[0]
           ~~~~~~~~~~~~~~~~~~~~~^^^^^^^^^^^^^^^^^^^^^^^^^^^^^^^^^^
UnicodeEncodeError: 'charmap' codec can't encode characters in position 4-5: character maps to <undefined>

[2026-07-09 12:15:03] [INFO] ▶ Kích hoạt: Vĩ Mô (Macro)
[2026-07-09 12:15:06] [WARN] ⚠ Vĩ Mô (Macro) lỗi attempt 1: ,encoding_table)[0]
           ~~~~~~~~~~~~~~~~~~~~~^^^^^^^^^^^^^^^^^^^^^^^^^^^^^^^^^^
UnicodeEncodeError: 'charmap' codec can't encode character '\u274c' in position 2: character maps to <undefined>

[2026-07-09 12:15:06] [INFO] ⏰ Đợi Giá H1: còn 1.00h (09/07 13:15:02 VN)
[2026-07-09 12:35:06] [INFO] ▶ Kích hoạt: USDA Acreage
[2026-07-09 12:35:11] [INFO] ✅ USDA Acreage hoàn thành (attempt 1)
[2026-07-09 12:35:11] [INFO] ⏰ Đợi Acreage Reports: còn 16.91h (10/07 05:30:02 VN)
[2026-07-09 13:05:06] [INFO] ▶ Kích hoạt: Thời Tiết Ngắn Hạn
[2026-07-09 13:05:34] [INFO] ✅ Thời Tiết Ngắn Hạn hoàn thành (attempt 1)
[2026-07-09 13:05:34] [INFO] ⏰ Đợi Weather Short: còn 16.91h (10/07 06:00:02 VN)
[2026-07-09 13:15:02] [INFO] ▶ Kích hoạt: Giá H1 + Macro
[2026-07-09 13:15:03] [WARN] ⚠ Giá H1 + Macro lỗi attempt 1: errors,encoding_table)[0]
           ~~~~~~~~~~~~~~~~~~~~~^^^^^^^^^^^^^^^^^^^^^^^^^^^^^^^^^^
UnicodeEncodeError: 'charmap' codec can't encode characters in position 4-5: character maps to <undefined>

[2026-07-09 13:15:03] [INFO] ▶ Kích hoạt: Vĩ Mô (Macro)
[2026-07-09 13:15:06] [WARN] ⚠ Vĩ Mô (Macro) lỗi attempt 1: ,encoding_table)[0]
           ~~~~~~~~~~~~~~~~~~~~~^^^^^^^^^^^^^^^^^^^^^^^^^^^^^^^^^^
UnicodeEncodeError: 'charmap' codec can't encode character '\u274c' in position 2: character maps to <undefined>

[2026-07-09 13:15:06] [INFO] ⏰ Đợi Giá H1: còn 1.00h (09/07 14:15:02 VN)
[2026-07-09 14:15:02] [INFO] ▶ Kích hoạt: Giá H1 + Macro
[2026-07-09 14:15:03] [WARN] ⚠ Giá H1 + Macro lỗi attempt 1: errors,encoding_table)[0]
           ~~~~~~~~~~~~~~~~~~~~~^^^^^^^^^^^^^^^^^^^^^^^^^^^^^^^^^^
UnicodeEncodeError: 'charmap' codec can't encode characters in position 4-5: character maps to <undefined>

[2026-07-09 14:15:03] [INFO] ▶ Kích hoạt: Vĩ Mô (Macro)
[2026-07-09 14:15:06] [WARN] ⚠ Vĩ Mô (Macro) lỗi attempt 1: ,encoding_table)[0]
           ~~~~~~~~~~~~~~~~~~~~~^^^^^^^^^^^^^^^^^^^^^^^^^^^^^^^^^^
UnicodeEncodeError: 'charmap' codec can't encode character '\u274c' in position 2: character maps to <undefined>

[2026-07-09 14:15:06] [INFO] ⏰ Đợi Giá H1: còn 1.00h (09/07 15:15:02 VN)
[2026-07-09 15:15:02] [INFO] ▶ Kích hoạt: Giá H1 + Macro
[2026-07-09 15:15:03] [WARN] ⚠ Giá H1 + Macro lỗi attempt 1: errors,encoding_table)[0]
           ~~~~~~~~~~~~~~~~~~~~~^^^^^^^^^^^^^^^^^^^^^^^^^^^^^^^^^^
UnicodeEncodeError: 'charmap' codec can't encode characters in position 4-5: character maps to <undefined>

[2026-07-09 15:15:03] [INFO] ▶ Kích hoạt: Vĩ Mô (Macro)
[2026-07-09 15:15:06] [WARN] ⚠ Vĩ Mô (Macro) lỗi attempt 1: ,encoding_table)[0]
           ~~~~~~~~~~~~~~~~~~~~~^^^^^^^^^^^^^^^^^^^^^^^^^^^^^^^^^^
UnicodeEncodeError: 'charmap' codec can't encode character '\u274c' in position 2: character maps to <undefined>

[2026-07-09 15:15:06] [INFO] ⏰ Đợi Giá H1: còn 1.00h (09/07 16:15:02 VN)
[2026-07-09 16:15:02] [INFO] ▶ Kích hoạt: Giá H1 + Macro
[2026-07-09 16:15:03] [WARN] ⚠ Giá H1 + Macro lỗi attempt 1: errors,encoding_table)[0]
           ~~~~~~~~~~~~~~~~~~~~~^^^^^^^^^^^^^^^^^^^^^^^^^^^^^^^^^^
UnicodeEncodeError: 'charmap' codec can't encode characters in position 4-5: character maps to <undefined>

[2026-07-09 16:15:03] [INFO] ▶ Kích hoạt: Vĩ Mô (Macro)
[2026-07-09 16:15:07] [WARN] ⚠ Vĩ Mô (Macro) lỗi attempt 1: ,encoding_table)[0]
           ~~~~~~~~~~~~~~~~~~~~~^^^^^^^^^^^^^^^^^^^^^^^^^^^^^^^^^^
UnicodeEncodeError: 'charmap' codec can't encode character '\u274c' in position 2: character maps to <undefined>

[2026-07-09 16:15:07] [INFO] ⏰ Đợi Giá H1: còn 1.00h (09/07 17:15:02 VN)
[2026-07-09 17:15:02] [INFO] ▶ Kích hoạt: Giá H1 + Macro
[2026-07-09 17:15:04] [WARN] ⚠ Giá H1 + Macro lỗi attempt 1: errors,encoding_table)[0]
           ~~~~~~~~~~~~~~~~~~~~~^^^^^^^^^^^^^^^^^^^^^^^^^^^^^^^^^^
UnicodeEncodeError: 'charmap' codec can't encode characters in position 4-5: character maps to <undefined>

[2026-07-09 17:15:04] [INFO] ▶ Kích hoạt: Vĩ Mô (Macro)
[2026-07-09 17:15:07] [WARN] ⚠ Vĩ Mô (Macro) lỗi attempt 1: ,encoding_table)[0]
           ~~~~~~~~~~~~~~~~~~~~~^^^^^^^^^^^^^^^^^^^^^^^^^^^^^^^^^^
UnicodeEncodeError: 'charmap' codec can't encode character '\u274c' in position 2: character maps to <undefined>

[2026-07-09 17:15:07] [INFO] ⏰ Đợi Giá H1: còn 1.00h (09/07 18:15:02 VN)
[2026-07-09 18:15:02] [INFO] ▶ Kích hoạt: Giá H1 + Macro
[2026-07-09 18:15:11] [WARN] ⚠ Giá H1 + Macro lỗi attempt 1: errors,encoding_table)[0]
           ~~~~~~~~~~~~~~~~~~~~~^^^^^^^^^^^^^^^^^^^^^^^^^^^^^^^^^^
UnicodeEncodeError: 'charmap' codec can't encode characters in position 4-5: character maps to <undefined>

[2026-07-09 18:15:11] [INFO] ▶ Kích hoạt: Vĩ Mô (Macro)
[2026-07-09 18:15:18] [WARN] ⚠ Vĩ Mô (Macro) lỗi attempt 1: ,encoding_table)[0]
           ~~~~~~~~~~~~~~~~~~~~~^^^^^^^^^^^^^^^^^^^^^^^^^^^^^^^^^^
UnicodeEncodeError: 'charmap' codec can't encode character '\u274c' in position 2: character maps to <undefined>

[2026-07-09 18:15:18] [INFO] ⏰ Đợi Giá H1: còn 1.00h (09/07 19:15:02 VN)
[2026-07-09 19:28:07] [INFO] ▶ Kích hoạt: Giá H1 + Macro
[2026-07-09 19:28:08] [WARN] ⚠ Giá H1 + Macro lỗi attempt 1: errors,encoding_table)[0]
           ~~~~~~~~~~~~~~~~~~~~~^^^^^^^^^^^^^^^^^^^^^^^^^^^^^^^^^^
UnicodeEncodeError: 'charmap' codec can't encode characters in position 4-5: character maps to <undefined>

[2026-07-09 19:28:08] [INFO] ▶ Kích hoạt: Vĩ Mô (Macro)
[2026-07-09 19:28:11] [WARN] ⚠ Vĩ Mô (Macro) lỗi attempt 1: ,encoding_table)[0]
           ~~~~~~~~~~~~~~~~~~~~~^^^^^^^^^^^^^^^^^^^^^^^^^^^^^^^^^^
UnicodeEncodeError: 'charmap' codec can't encode character '\u274c' in position 2: character maps to <undefined>

[2026-07-09 19:28:11] [INFO] ⏰ Đợi Giá H1: còn 0.78h (09/07 20:15:02 VN)
[2026-07-09 20:13:07] [INFO] ▶ Kích hoạt: AI Điểm Tin
[2026-07-09 20:13:46] [INFO] ✅ AI Điểm Tin hoàn thành (attempt 1)
[2026-07-09 20:13:46] [INFO] ⏰ Đợi AI News: còn 9.77h (10/07 06:00:02 VN)
[2026-07-09 20:15:02] [INFO] ▶ Kích hoạt: Giá H1 + Macro
[2026-07-09 20:15:10] [WARN] ⚠ Giá H1 + Macro lỗi attempt 1: errors,encoding_table)[0]
           ~~~~~~~~~~~~~~~~~~~~~^^^^^^^^^^^^^^^^^^^^^^^^^^^^^^^^^^
UnicodeEncodeError: 'charmap' codec can't encode characters in position 4-5: character maps to <undefined>

[2026-07-09 20:15:10] [INFO] ▶ Kích hoạt: Vĩ Mô (Macro)
[2026-07-09 20:15:16] [WARN] ⚠ Vĩ Mô (Macro) lỗi attempt 1: ,encoding_table)[0]
           ~~~~~~~~~~~~~~~~~~~~~^^^^^^^^^^^^^^^^^^^^^^^^^^^^^^^^^^
UnicodeEncodeError: 'charmap' codec can't encode character '\u274c' in position 2: character maps to <undefined>

[2026-07-09 20:15:16] [INFO] ⏰ Đợi Giá H1: còn 1.00h (09/07 21:15:02 VN)
[2026-07-09 21:15:02] [INFO] ▶ Kích hoạt: Giá H1 + Macro
[2026-07-09 21:15:03] [WARN] ⚠ Giá H1 + Macro lỗi attempt 1: errors,encoding_table)[0]
           ~~~~~~~~~~~~~~~~~~~~~^^^^^^^^^^^^^^^^^^^^^^^^^^^^^^^^^^
UnicodeEncodeError: 'charmap' codec can't encode characters in position 4-5: character maps to <undefined>

[2026-07-09 21:15:03] [INFO] ▶ Kích hoạt: Vĩ Mô (Macro)
[2026-07-09 21:15:06] [WARN] ⚠ Vĩ Mô (Macro) lỗi attempt 1: ,encoding_table)[0]
           ~~~~~~~~~~~~~~~~~~~~~^^^^^^^^^^^^^^^^^^^^^^^^^^^^^^^^^^
UnicodeEncodeError: 'charmap' codec can't encode character '\u274c' in position 2: character maps to <undefined>

[2026-07-09 21:15:06] [INFO] ⏰ Đợi Giá H1: còn 1.00h (09/07 22:15:02 VN)
[2026-07-09 22:15:02] [INFO] ▶ Kích hoạt: Giá H1 + Macro
[2026-07-09 22:15:04] [WARN] ⚠ Giá H1 + Macro lỗi attempt 1: errors,encoding_table)[0]
           ~~~~~~~~~~~~~~~~~~~~~^^^^^^^^^^^^^^^^^^^^^^^^^^^^^^^^^^
UnicodeEncodeError: 'charmap' codec can't encode characters in position 4-5: character maps to <undefined>

[2026-07-09 22:15:04] [INFO] ▶ Kích hoạt: Vĩ Mô (Macro)
[2026-07-09 22:15:08] [WARN] ⚠ Vĩ Mô (Macro) lỗi attempt 1: ,encoding_table)[0]
           ~~~~~~~~~~~~~~~~~~~~~^^^^^^^^^^^^^^^^^^^^^^^^^^^^^^^^^^
UnicodeEncodeError: 'charmap' codec can't encode character '\u274c' in position 2: character maps to <undefined>

[2026-07-09 22:15:08] [INFO] ⏰ Đợi Giá H1: còn 1.00h (09/07 23:15:02 VN)
[2026-07-10 06:50:10] [INFO] ▶ Kích hoạt: Giá H1 + Macro
[2026-07-10 06:50:24] [WARN] ⚠ Giá H1 + Macro lỗi attempt 1: errors,encoding_table)[0]
           ~~~~~~~~~~~~~~~~~~~~~^^^^^^^^^^^^^^^^^^^^^^^^^^^^^^^^^^
UnicodeEncodeError: 'charmap' codec can't encode characters in position 4-5: character maps to <undefined>

[2026-07-10 06:50:24] [INFO] ▶ Kích hoạt: Vĩ Mô (Macro)
[2026-07-10 06:50:32] [WARN] ⚠ Vĩ Mô (Macro) lỗi attempt 1: ,encoding_table)[0]
           ~~~~~~~~~~~~~~~~~~~~~^^^^^^^^^^^^^^^^^^^^^^^^^^^^^^^^^^
UnicodeEncodeError: 'charmap' codec can't encode character '\u274c' in position 2: character maps to <undefined>

[2026-07-10 06:50:32] [INFO] ⏰ Đợi Giá H1: còn 0.41h (10/07 07:15:02 VN)
[2026-07-10 07:15:02] [INFO] ▶ Kích hoạt: Giá H1 + Macro
[2026-07-10 07:15:04] [WARN] ⚠ Giá H1 + Macro lỗi attempt 1: errors,encoding_table)[0]
           ~~~~~~~~~~~~~~~~~~~~~^^^^^^^^^^^^^^^^^^^^^^^^^^^^^^^^^^
UnicodeEncodeError: 'charmap' codec can't encode characters in position 4-5: character maps to <undefined>

[2026-07-10 07:15:04] [INFO] ▶ Kích hoạt: Vĩ Mô (Macro)
[2026-07-10 07:15:07] [WARN] ⚠ Vĩ Mô (Macro) lỗi attempt 1: ,encoding_table)[0]
           ~~~~~~~~~~~~~~~~~~~~~^^^^^^^^^^^^^^^^^^^^^^^^^^^^^^^^^^
UnicodeEncodeError: 'charmap' codec can't encode character '\u274c' in position 2: character maps to <undefined>

[2026-07-10 07:15:07] [INFO] ⏰ Đợi Giá H1: còn 1.00h (10/07 08:15:02 VN)
[2026-07-10 08:15:02] [INFO] ▶ Kích hoạt: Giá H1 + Macro
[2026-07-10 08:15:04] [WARN] ⚠ Giá H1 + Macro lỗi attempt 1: errors,encoding_table)[0]
           ~~~~~~~~~~~~~~~~~~~~~^^^^^^^^^^^^^^^^^^^^^^^^^^^^^^^^^^
UnicodeEncodeError: 'charmap' codec can't encode characters in position 4-5: character maps to <undefined>

[2026-07-10 08:15:04] [INFO] ▶ Kích hoạt: Vĩ Mô (Macro)
[2026-07-10 08:15:09] [WARN] ⚠ Vĩ Mô (Macro) lỗi attempt 1: ,encoding_table)[0]
           ~~~~~~~~~~~~~~~~~~~~~^^^^^^^^^^^^^^^^^^^^^^^^^^^^^^^^^^
UnicodeEncodeError: 'charmap' codec can't encode character '\u274c' in position 2: character maps to <undefined>

[2026-07-10 08:15:09] [INFO] ⏰ Đợi Giá H1: còn 1.00h (10/07 09:15:02 VN)
[2026-07-10 09:15:02] [INFO] ▶ Kích hoạt: Giá H1 + Macro
[2026-07-10 09:15:03] [WARN] ⚠ Giá H1 + Macro lỗi attempt 1: errors,encoding_table)[0]
           ~~~~~~~~~~~~~~~~~~~~~^^^^^^^^^^^^^^^^^^^^^^^^^^^^^^^^^^
UnicodeEncodeError: 'charmap' codec can't encode characters in position 4-5: character maps to <undefined>

[2026-07-10 09:15:03] [INFO] ▶ Kích hoạt: Vĩ Mô (Macro)
[2026-07-10 09:15:06] [WARN] ⚠ Vĩ Mô (Macro) lỗi attempt 1: ,encoding_table)[0]
           ~~~~~~~~~~~~~~~~~~~~~^^^^^^^^^^^^^^^^^^^^^^^^^^^^^^^^^^
UnicodeEncodeError: 'charmap' codec can't encode character '\u274c' in position 2: character maps to <undefined>

[2026-07-10 09:15:06] [INFO] ⏰ Đợi Giá H1: còn 1.00h (10/07 10:15:02 VN)
[2026-07-10 10:15:02] [INFO] ▶ Kích hoạt: Giá H1 + Macro
[2026-07-10 10:15:04] [WARN] ⚠ Giá H1 + Macro lỗi attempt 1: errors,encoding_table)[0]
           ~~~~~~~~~~~~~~~~~~~~~^^^^^^^^^^^^^^^^^^^^^^^^^^^^^^^^^^
UnicodeEncodeError: 'charmap' codec can't encode characters in position 4-5: character maps to <undefined>

[2026-07-10 10:15:04] [INFO] ▶ Kích hoạt: Vĩ Mô (Macro)
[2026-07-10 10:15:07] [WARN] ⚠ Vĩ Mô (Macro) lỗi attempt 1: ,encoding_table)[0]
           ~~~~~~~~~~~~~~~~~~~~~^^^^^^^^^^^^^^^^^^^^^^^^^^^^^^^^^^
UnicodeEncodeError: 'charmap' codec can't encode character '\u274c' in position 2: character maps to <undefined>

[2026-07-10 10:15:08] [INFO] ⏰ Đợi Giá H1: còn 1.00h (10/07 11:15:02 VN)
[2026-07-10 11:15:02] [INFO] ▶ Kích hoạt: Giá H1 + Macro
[2026-07-10 11:15:10] [WARN] ⚠ Giá H1 + Macro lỗi attempt 1: errors,encoding_table)[0]
           ~~~~~~~~~~~~~~~~~~~~~^^^^^^^^^^^^^^^^^^^^^^^^^^^^^^^^^^
UnicodeEncodeError: 'charmap' codec can't encode characters in position 4-5: character maps to <undefined>

[2026-07-10 11:15:10] [INFO] ▶ Kích hoạt: Vĩ Mô (Macro)
[2026-07-10 11:15:16] [WARN] ⚠ Vĩ Mô (Macro) lỗi attempt 1: ,encoding_table)[0]
           ~~~~~~~~~~~~~~~~~~~~~^^^^^^^^^^^^^^^^^^^^^^^^^^^^^^^^^^
UnicodeEncodeError: 'charmap' codec can't encode character '\u274c' in position 2: character maps to <undefined>

[2026-07-10 11:15:16] [INFO] ⏰ Đợi Giá H1: còn 1.00h (10/07 12:15:02 VN)
[2026-07-10 12:15:02] [INFO] ▶ Kích hoạt: Giá H1 + Macro
[2026-07-10 12:15:04] [WARN] ⚠ Giá H1 + Macro lỗi attempt 1: errors,encoding_table)[0]
           ~~~~~~~~~~~~~~~~~~~~~^^^^^^^^^^^^^^^^^^^^^^^^^^^^^^^^^^
UnicodeEncodeError: 'charmap' codec can't encode characters in position 4-5: character maps to <undefined>

[2026-07-10 12:15:04] [INFO] ▶ Kích hoạt: Vĩ Mô (Macro)
[2026-07-10 12:15:08] [WARN] ⚠ Vĩ Mô (Macro) lỗi attempt 1: ,encoding_table)[0]
           ~~~~~~~~~~~~~~~~~~~~~^^^^^^^^^^^^^^^^^^^^^^^^^^^^^^^^^^
UnicodeEncodeError: 'charmap' codec can't encode character '\u274c' in position 2: character maps to <undefined>

[2026-07-10 12:15:08] [INFO] ⏰ Đợi Giá H1: còn 1.00h (10/07 13:15:02 VN)
[2026-07-10 12:25:19] [INFO] ▶ Kích hoạt: Export Sales
[2026-07-10 12:25:33] [INFO] ✅ Export Sales hoàn thành (attempt 1)
[2026-07-10 12:25:33] [INFO] ⏰ Đợi Export Sales: còn 153.11h (16/07 21:32:02 VN)
[2026-07-10 12:53:57] [Sync] Bắt đầu đẩy dữ liệu lên Github (Kích hoạt bởi: Thử nghiệm Manual Sync)...
[2026-07-10 12:54:00] [Sync] ✅ Đồng bộ Github thành công (Thử nghiệm Manual Sync)!
[2026-07-10 13:15:02] [INFO] ▶ Kích hoạt: Giá H1 + Macro
[2026-07-10 13:15:04] [WARN] ⚠ Giá H1 + Macro lỗi attempt 1: errors,encoding_table)[0]
           ~~~~~~~~~~~~~~~~~~~~~^^^^^^^^^^^^^^^^^^^^^^^^^^^^^^^^^^
UnicodeEncodeError: 'charmap' codec can't encode characters in position 4-5: character maps to <undefined>

[2026-07-10 13:15:04] [INFO] ▶ Kích hoạt: Vĩ Mô (Macro)
[2026-07-10 13:15:08] [WARN] ⚠ Vĩ Mô (Macro) lỗi attempt 1: ,encoding_table)[0]
           ~~~~~~~~~~~~~~~~~~~~~^^^^^^^^^^^^^^^^^^^^^^^^^^^^^^^^^^
UnicodeEncodeError: 'charmap' codec can't encode character '\u274c' in position 2: character maps to <undefined>

[2026-07-10 13:15:08] [INFO] ⏰ Đợi Giá H1: còn 1.00h (10/07 14:15:02 VN)
[2026-07-10 13:18:15] [INFO] ▶ Kích hoạt: USDA Acreage
[2026-07-10 13:18:23] [INFO] ✅ USDA Acreage hoàn thành (attempt 1)
[2026-07-10 13:18:23] [INFO] ⏰ Đợi Acreage Reports: còn 16.19h (11/07 05:30:02 VN)
[2026-07-10 13:35:10] [INFO] ▶ Kích hoạt: AI Điểm Tin
[2026-07-10 13:35:43] [INFO] ✅ AI Điểm Tin hoàn thành (attempt 1)
[2026-07-10 13:35:43] [INFO] ⏰ Đợi AI News: còn 6.41h (10/07 20:00:02 VN)
[2026-07-10 13:48:15] [INFO] ▶ Kích hoạt: Thời Tiết Ngắn Hạn
[2026-07-10 13:48:43] [INFO] ✅ Thời Tiết Ngắn Hạn hoàn thành (attempt 1)
[2026-07-10 13:48:43] [INFO] ⏰ Đợi Weather Short: còn 16.19h (11/07 06:00:02 VN)
[2026-07-10 14:15:02] [INFO] ▶ Kích hoạt: Giá H1 + Macro
[2026-07-10 14:15:03] [WARN] ⚠ Giá H1 + Macro lỗi attempt 1: errors,encoding_table)[0]
           ~~~~~~~~~~~~~~~~~~~~~^^^^^^^^^^^^^^^^^^^^^^^^^^^^^^^^^^
UnicodeEncodeError: 'charmap' codec can't encode characters in position 4-5: character maps to <undefined>

[2026-07-10 14:15:03] [INFO] ▶ Kích hoạt: Vĩ Mô (Macro)
[2026-07-10 14:15:06] [WARN] ⚠ Vĩ Mô (Macro) lỗi attempt 1: ,encoding_table)[0]
           ~~~~~~~~~~~~~~~~~~~~~^^^^^^^^^^^^^^^^^^^^^^^^^^^^^^^^^^
UnicodeEncodeError: 'charmap' codec can't encode character '\u274c' in position 2: character maps to <undefined>

[2026-07-10 14:15:06] [INFO] ⏰ Đợi Giá H1: còn 1.00h (10/07 15:15:02 VN)
[2026-07-10 15:15:02] [INFO] ▶ Kích hoạt: Giá H1 + Macro
[2026-07-10 15:15:04] [WARN] ⚠ Giá H1 + Macro lỗi attempt 1: errors,encoding_table)[0]
           ~~~~~~~~~~~~~~~~~~~~~^^^^^^^^^^^^^^^^^^^^^^^^^^^^^^^^^^
UnicodeEncodeError: 'charmap' codec can't encode characters in position 4-5: character maps to <undefined>

[2026-07-10 15:15:04] [INFO] ▶ Kích hoạt: Vĩ Mô (Macro)
[2026-07-10 15:15:06] [WARN] ⚠ Vĩ Mô (Macro) lỗi attempt 1: ,encoding_table)[0]
           ~~~~~~~~~~~~~~~~~~~~~^^^^^^^^^^^^^^^^^^^^^^^^^^^^^^^^^^
UnicodeEncodeError: 'charmap' codec can't encode character '\u274c' in position 2: character maps to <undefined>

[2026-07-10 15:15:06] [INFO] ⏰ Đợi Giá H1: còn 1.00h (10/07 16:15:02 VN)
[2026-07-10 16:15:02] [INFO] ▶ Kích hoạt: Giá H1 + Macro
[2026-07-10 16:15:03] [WARN] ⚠ Giá H1 + Macro lỗi attempt 1: errors,encoding_table)[0]
           ~~~~~~~~~~~~~~~~~~~~~^^^^^^^^^^^^^^^^^^^^^^^^^^^^^^^^^^
UnicodeEncodeError: 'charmap' codec can't encode characters in position 4-5: character maps to <undefined>

[2026-07-10 16:15:03] [INFO] ▶ Kích hoạt: Vĩ Mô (Macro)
[2026-07-10 16:15:06] [WARN] ⚠ Vĩ Mô (Macro) lỗi attempt 1: ,encoding_table)[0]
           ~~~~~~~~~~~~~~~~~~~~~^^^^^^^^^^^^^^^^^^^^^^^^^^^^^^^^^^
UnicodeEncodeError: 'charmap' codec can't encode character '\u274c' in position 2: character maps to <undefined>

[2026-07-10 16:15:06] [INFO] ⏰ Đợi Giá H1: còn 1.00h (10/07 17:15:02 VN)
[2026-07-10 17:15:02] [INFO] ▶ Kích hoạt: Giá H1 + Macro
[2026-07-10 17:15:03] [WARN] ⚠ Giá H1 + Macro lỗi attempt 1: errors,encoding_table)[0]
           ~~~~~~~~~~~~~~~~~~~~~^^^^^^^^^^^^^^^^^^^^^^^^^^^^^^^^^^
UnicodeEncodeError: 'charmap' codec can't encode characters in position 4-5: character maps to <undefined>

[2026-07-10 17:15:03] [INFO] ▶ Kích hoạt: Vĩ Mô (Macro)
[2026-07-10 17:15:05] [WARN] ⚠ Vĩ Mô (Macro) lỗi attempt 1: ,encoding_table)[0]
           ~~~~~~~~~~~~~~~~~~~~~^^^^^^^^^^^^^^^^^^^^^^^^^^^^^^^^^^
UnicodeEncodeError: 'charmap' codec can't encode character '\u274c' in position 2: character maps to <undefined>

[2026-07-10 17:15:06] [INFO] ⏰ Đợi Giá H1: còn 1.00h (10/07 18:15:02 VN)
[2026-07-10 18:15:02] [INFO] ▶ Kích hoạt: Giá H1 + Macro
[2026-07-10 18:15:03] [WARN] ⚠ Giá H1 + Macro lỗi attempt 1: errors,encoding_table)[0]
           ~~~~~~~~~~~~~~~~~~~~~^^^^^^^^^^^^^^^^^^^^^^^^^^^^^^^^^^
UnicodeEncodeError: 'charmap' codec can't encode characters in position 4-5: character maps to <undefined>

[2026-07-10 18:15:03] [INFO] ▶ Kích hoạt: Vĩ Mô (Macro)
[2026-07-10 18:15:06] [WARN] ⚠ Vĩ Mô (Macro) lỗi attempt 1: ,encoding_table)[0]
           ~~~~~~~~~~~~~~~~~~~~~^^^^^^^^^^^^^^^^^^^^^^^^^^^^^^^^^^
UnicodeEncodeError: 'charmap' codec can't encode character '\u274c' in position 2: character maps to <undefined>

[2026-07-10 18:15:06] [INFO] ⏰ Đợi Giá H1: còn 1.00h (10/07 19:15:02 VN)
[2026-07-10 19:15:02] [INFO] ▶ Kích hoạt: Giá H1 + Macro
[2026-07-10 19:15:13] [WARN] ⚠ Giá H1 + Macro lỗi attempt 1: errors,encoding_table)[0]
           ~~~~~~~~~~~~~~~~~~~~~^^^^^^^^^^^^^^^^^^^^^^^^^^^^^^^^^^
UnicodeEncodeError: 'charmap' codec can't encode characters in position 4-5: character maps to <undefined>

[2026-07-10 19:15:13] [INFO] ▶ Kích hoạt: Vĩ Mô (Macro)
[2026-07-10 19:15:20] [WARN] ⚠ Vĩ Mô (Macro) lỗi attempt 1: ,encoding_table)[0]
           ~~~~~~~~~~~~~~~~~~~~~^^^^^^^^^^^^^^^^^^^^^^^^^^^^^^^^^^
UnicodeEncodeError: 'charmap' codec can't encode character '\u274c' in position 2: character maps to <undefined>

[2026-07-10 19:15:20] [INFO] ⏰ Đợi Giá H1: còn 0.99h (10/07 20:15:02 VN)
[2026-07-10 20:00:02] [INFO] ▶ Kích hoạt: AI Điểm Tin
[2026-07-10 20:00:12] [INFO] ✅ AI Điểm Tin hoàn thành (attempt 1)
[2026-07-10 20:00:12] [INFO] ⏰ Đợi AI News: còn 10.00h (11/07 06:00:02 VN)
[2026-07-10 20:15:02] [INFO] ▶ Kích hoạt: Giá H1 + Macro
[2026-07-10 20:15:04] [WARN] ⚠ Giá H1 + Macro lỗi attempt 1: errors,encoding_table)[0]
           ~~~~~~~~~~~~~~~~~~~~~^^^^^^^^^^^^^^^^^^^^^^^^^^^^^^^^^^
UnicodeEncodeError: 'charmap' codec can't encode characters in position 4-5: character maps to <undefined>

[2026-07-10 20:15:04] [INFO] ▶ Kích hoạt: Vĩ Mô (Macro)
[2026-07-10 20:15:06] [WARN] ⚠ Vĩ Mô (Macro) lỗi attempt 1: ,encoding_table)[0]
           ~~~~~~~~~~~~~~~~~~~~~^^^^^^^^^^^^^^^^^^^^^^^^^^^^^^^^^^
UnicodeEncodeError: 'charmap' codec can't encode character '\u274c' in position 2: character maps to <undefined>

[2026-07-10 20:15:06] [INFO] ⏰ Đợi Giá H1: còn 1.00h (10/07 21:15:02 VN)
[2026-07-10 21:15:02] [INFO] ▶ Kích hoạt: Giá H1 + Macro
[2026-07-10 21:15:04] [WARN] ⚠ Giá H1 + Macro lỗi attempt 1: errors,encoding_table)[0]
           ~~~~~~~~~~~~~~~~~~~~~^^^^^^^^^^^^^^^^^^^^^^^^^^^^^^^^^^
UnicodeEncodeError: 'charmap' codec can't encode characters in position 4-5: character maps to <undefined>

[2026-07-10 21:15:04] [INFO] ▶ Kích hoạt: Vĩ Mô (Macro)
[2026-07-10 21:15:07] [WARN] ⚠ Vĩ Mô (Macro) lỗi attempt 1: ,encoding_table)[0]
           ~~~~~~~~~~~~~~~~~~~~~^^^^^^^^^^^^^^^^^^^^^^^^^^^^^^^^^^
UnicodeEncodeError: 'charmap' codec can't encode character '\u274c' in position 2: character maps to <undefined>

[2026-07-10 21:15:07] [INFO] ⏰ Đợi Giá H1: còn 1.00h (10/07 22:15:02 VN)
[2026-07-10 22:15:02] [INFO] ▶ Kích hoạt: Giá H1 + Macro
[2026-07-10 22:15:04] [WARN] ⚠ Giá H1 + Macro lỗi attempt 1: errors,encoding_table)[0]
           ~~~~~~~~~~~~~~~~~~~~~^^^^^^^^^^^^^^^^^^^^^^^^^^^^^^^^^^
UnicodeEncodeError: 'charmap' codec can't encode characters in position 4-5: character maps to <undefined>

[2026-07-10 22:15:04] [INFO] ▶ Kích hoạt: Vĩ Mô (Macro)
[2026-07-10 22:15:07] [WARN] ⚠ Vĩ Mô (Macro) lỗi attempt 1: ,encoding_table)[0]
           ~~~~~~~~~~~~~~~~~~~~~^^^^^^^^^^^^^^^^^^^^^^^^^^^^^^^^^^
UnicodeEncodeError: 'charmap' codec can't encode character '\u274c' in position 2: character maps to <undefined>

[2026-07-10 22:15:07] [INFO] ⏰ Đợi Giá H1: còn 1.00h (10/07 23:15:02 VN)
[2026-07-10 23:15:02] [INFO] ▶ Kích hoạt: Giá H1 + Macro
[2026-07-10 23:15:04] [WARN] ⚠ Giá H1 + Macro lỗi attempt 1: errors,encoding_table)[0]
           ~~~~~~~~~~~~~~~~~~~~~^^^^^^^^^^^^^^^^^^^^^^^^^^^^^^^^^^
UnicodeEncodeError: 'charmap' codec can't encode characters in position 4-5: character maps to <undefined>

[2026-07-10 23:15:04] [INFO] ▶ Kích hoạt: Vĩ Mô (Macro)
[2026-07-10 23:15:08] [WARN] ⚠ Vĩ Mô (Macro) lỗi attempt 1: ,encoding_table)[0]
           ~~~~~~~~~~~~~~~~~~~~~^^^^^^^^^^^^^^^^^^^^^^^^^^^^^^^^^^
UnicodeEncodeError: 'charmap' codec can't encode character '\u274c' in position 2: character maps to <undefined>

[2026-07-10 23:15:08] [INFO] ⏰ Đợi Giá H1: còn 1.00h (11/07 00:15:02 VN)
[2026-07-11 06:53:16] [INFO] ▶ Kích hoạt: Giá H1 + Macro
[2026-07-11 06:53:18] [WARN] ⚠ Giá H1 + Macro lỗi attempt 1: errors,encoding_table)[0]
           ~~~~~~~~~~~~~~~~~~~~~^^^^^^^^^^^^^^^^^^^^^^^^^^^^^^^^^^
UnicodeEncodeError: 'charmap' codec can't encode characters in position 4-5: character maps to <undefined>

[2026-07-11 06:53:18] [INFO] ▶ Kích hoạt: Vĩ Mô (Macro)
[2026-07-11 06:53:22] [WARN] ⚠ Vĩ Mô (Macro) lỗi attempt 1: ,encoding_table)[0]
           ~~~~~~~~~~~~~~~~~~~~~^^^^^^^^^^^^^^^^^^^^^^^^^^^^^^^^^^
UnicodeEncodeError: 'charmap' codec can't encode character '\u274c' in position 2: character maps to <undefined>

[2026-07-11 06:53:22] [INFO] ⏰ Đợi Giá H1: còn 0.36h (11/07 07:15:02 VN)
[2026-07-11 07:15:02] [INFO] ▶ Kích hoạt: Giá H1 + Macro
[2026-07-11 07:15:03] [WARN] ⚠ Giá H1 + Macro lỗi attempt 1: errors,encoding_table)[0]
           ~~~~~~~~~~~~~~~~~~~~~^^^^^^^^^^^^^^^^^^^^^^^^^^^^^^^^^^
UnicodeEncodeError: 'charmap' codec can't encode characters in position 4-5: character maps to <undefined>

[2026-07-11 07:15:03] [INFO] ▶ Kích hoạt: Vĩ Mô (Macro)
[2026-07-11 07:15:06] [WARN] ⚠ Vĩ Mô (Macro) lỗi attempt 1: ,encoding_table)[0]
           ~~~~~~~~~~~~~~~~~~~~~^^^^^^^^^^^^^^^^^^^^^^^^^^^^^^^^^^
UnicodeEncodeError: 'charmap' codec can't encode character '\u274c' in position 2: character maps to <undefined>

[2026-07-11 07:15:06] [INFO] ⏰ Đợi Giá H1: còn 1.00h (11/07 08:15:02 VN)
[2026-07-11 08:15:02] [INFO] ▶ Kích hoạt: Giá H1 + Macro
[2026-07-11 08:15:14] [WARN] ⚠ Giá H1 + Macro lỗi attempt 1: errors,encoding_table)[0]
           ~~~~~~~~~~~~~~~~~~~~~^^^^^^^^^^^^^^^^^^^^^^^^^^^^^^^^^^
UnicodeEncodeError: 'charmap' codec can't encode characters in position 4-5: character maps to <undefined>

[2026-07-11 08:15:14] [INFO] ▶ Kích hoạt: Vĩ Mô (Macro)
[2026-07-11 08:15:21] [WARN] ⚠ Vĩ Mô (Macro) lỗi attempt 1: ,encoding_table)[0]
           ~~~~~~~~~~~~~~~~~~~~~^^^^^^^^^^^^^^^^^^^^^^^^^^^^^^^^^^
UnicodeEncodeError: 'charmap' codec can't encode character '\u274c' in position 2: character maps to <undefined>

[2026-07-11 08:15:21] [INFO] ⏰ Đợi Giá H1: còn 0.99h (11/07 09:15:02 VN)
[2026-07-11 09:15:02] [INFO] ▶ Kích hoạt: Giá H1 + Macro
[2026-07-11 09:15:04] [WARN] ⚠ Giá H1 + Macro lỗi attempt 1: errors,encoding_table)[0]
           ~~~~~~~~~~~~~~~~~~~~~^^^^^^^^^^^^^^^^^^^^^^^^^^^^^^^^^^
UnicodeEncodeError: 'charmap' codec can't encode characters in position 4-5: character maps to <undefined>

[2026-07-11 09:15:04] [INFO] ▶ Kích hoạt: Vĩ Mô (Macro)
[2026-07-11 09:15:07] [WARN] ⚠ Vĩ Mô (Macro) lỗi attempt 1: ,encoding_table)[0]
           ~~~~~~~~~~~~~~~~~~~~~^^^^^^^^^^^^^^^^^^^^^^^^^^^^^^^^^^
UnicodeEncodeError: 'charmap' codec can't encode character '\u274c' in position 2: character maps to <undefined>

[2026-07-11 09:15:07] [INFO] ⏰ Đợi Giá H1: còn 1.00h (11/07 10:15:02 VN)
[2026-07-11 11:13:20] [INFO] ▶ Kích hoạt: Giá H1 + Macro
[2026-07-11 11:13:32] [WARN] ⚠ Giá H1 + Macro lỗi attempt 1: errors,encoding_table)[0]
           ~~~~~~~~~~~~~~~~~~~~~^^^^^^^^^^^^^^^^^^^^^^^^^^^^^^^^^^
UnicodeEncodeError: 'charmap' codec can't encode characters in position 4-5: character maps to <undefined>

[2026-07-11 11:13:32] [INFO] ▶ Kích hoạt: Vĩ Mô (Macro)
[2026-07-11 11:13:40] [WARN] ⚠ Vĩ Mô (Macro) lỗi attempt 1: ,encoding_table)[0]
           ~~~~~~~~~~~~~~~~~~~~~^^^^^^^^^^^^^^^^^^^^^^^^^^^^^^^^^^
UnicodeEncodeError: 'charmap' codec can't encode character '\u274c' in position 2: character maps to <undefined>

[2026-07-11 11:13:40] [INFO] ⏰ Đợi Giá H1: còn 0.02h (11/07 11:15:02 VN)
[2026-07-11 11:15:02] [INFO] ▶ Kích hoạt: Giá H1 + Macro
[2026-07-11 11:15:09] [WARN] ⚠ Giá H1 + Macro lỗi attempt 1: errors,encoding_table)[0]
           ~~~~~~~~~~~~~~~~~~~~~^^^^^^^^^^^^^^^^^^^^^^^^^^^^^^^^^^
UnicodeEncodeError: 'charmap' codec can't encode characters in position 4-5: character maps to <undefined>

[2026-07-11 11:15:09] [INFO] ▶ Kích hoạt: Vĩ Mô (Macro)
[2026-07-11 11:15:14] [WARN] ⚠ Vĩ Mô (Macro) lỗi attempt 1: ,encoding_table)[0]
           ~~~~~~~~~~~~~~~~~~~~~^^^^^^^^^^^^^^^^^^^^^^^^^^^^^^^^^^
UnicodeEncodeError: 'charmap' codec can't encode character '\u274c' in position 2: character maps to <undefined>

[2026-07-11 11:15:14] [INFO] ⏰ Đợi Giá H1: còn 1.00h (11/07 12:15:02 VN)
[2026-07-11 12:15:02] [INFO] ▶ Kích hoạt: Giá H1 + Macro
[2026-07-11 12:15:04] [WARN] ⚠ Giá H1 + Macro lỗi attempt 1: errors,encoding_table)[0]
           ~~~~~~~~~~~~~~~~~~~~~^^^^^^^^^^^^^^^^^^^^^^^^^^^^^^^^^^
UnicodeEncodeError: 'charmap' codec can't encode characters in position 4-5: character maps to <undefined>

[2026-07-11 12:15:04] [INFO] ▶ Kích hoạt: Vĩ Mô (Macro)
[2026-07-11 12:15:07] [WARN] ⚠ Vĩ Mô (Macro) lỗi attempt 1: ,encoding_table)[0]
           ~~~~~~~~~~~~~~~~~~~~~^^^^^^^^^^^^^^^^^^^^^^^^^^^^^^^^^^
UnicodeEncodeError: 'charmap' codec can't encode character '\u274c' in position 2: character maps to <undefined>

[2026-07-11 12:15:07] [INFO] ⏰ Đợi Giá H1: còn 1.00h (11/07 13:15:02 VN)
[2026-07-11 13:06:35] [INFO] ▶ Kích hoạt: USDA Acreage
[2026-07-11 13:06:44] [INFO] ✅ USDA Acreage hoàn thành (attempt 1)
[2026-07-11 13:06:44] [INFO] ⏰ Đợi Acreage Reports: còn 16.39h (12/07 05:30:02 VN)
[2026-07-11 13:15:02] [INFO] ▶ Kích hoạt: Giá H1 + Macro
[2026-07-11 13:15:12] [WARN] ⚠ Giá H1 + Macro lỗi attempt 1: errors,encoding_table)[0]
           ~~~~~~~~~~~~~~~~~~~~~^^^^^^^^^^^^^^^^^^^^^^^^^^^^^^^^^^
UnicodeEncodeError: 'charmap' codec can't encode characters in position 4-5: character maps to <undefined>

[2026-07-11 13:15:12] [INFO] ▶ Kích hoạt: Vĩ Mô (Macro)
[2026-07-11 13:15:18] [WARN] ⚠ Vĩ Mô (Macro) lỗi attempt 1: ,encoding_table)[0]
           ~~~~~~~~~~~~~~~~~~~~~^^^^^^^^^^^^^^^^^^^^^^^^^^^^^^^^^^
UnicodeEncodeError: 'charmap' codec can't encode character '\u274c' in position 2: character maps to <undefined>

[2026-07-11 13:15:18] [INFO] ⏰ Đợi Giá H1: còn 1.00h (11/07 14:15:02 VN)
[2026-07-11 14:01:21] [INFO] ▶ Kích hoạt: AI Điểm Tin
ắn Hạn
[2026-07-11 14:01:29] [INFO] ✅ AI Điểm Tin hoàn thành (attempt 1)
[2026-07-11 14:01:29] [INFO] ⏰ Đợi AI News: còn 5.98h (11/07 20:00:02 VN)
[2026-07-11 14:01:47] [INFO] ✅ Thời Tiết Ngắn Hạn hoàn thành (attempt 1)
[2026-07-11 14:01:47] [INFO] ⏰ Đợi Weather Short: còn 15.97h (12/07 06:00:02 VN)
[2026-07-11 16:42:27] [INFO] ▶ Kích hoạt: Giá H1 + Macro
[2026-07-11 16:42:30] [WARN] ⚠ Giá H1 + Macro lỗi attempt 1: errors,encoding_table)[0]
           ~~~~~~~~~~~~~~~~~~~~~^^^^^^^^^^^^^^^^^^^^^^^^^^^^^^^^^^
UnicodeEncodeError: 'charmap' codec can't encode characters in position 4-5: character maps to <undefined>

[2026-07-11 16:42:30] [INFO] ▶ Kích hoạt: Vĩ Mô (Macro)
[2026-07-11 16:42:33] [WARN] ⚠ Vĩ Mô (Macro) lỗi attempt 1: ,encoding_table)[0]
           ~~~~~~~~~~~~~~~~~~~~~^^^^^^^^^^^^^^^^^^^^^^^^^^^^^^^^^^
UnicodeEncodeError: 'charmap' codec can't encode character '\u274c' in position 2: character maps to <undefined>

[2026-07-11 16:42:33] [INFO] ⏰ Đợi Giá H1: còn 0.54h (11/07 17:15:02 VN)
[2026-07-11 17:15:02] [INFO] ▶ Kích hoạt: Giá H1 + Macro
[2026-07-11 17:15:03] [WARN] ⚠ Giá H1 + Macro lỗi attempt 1: errors,encoding_table)[0]
           ~~~~~~~~~~~~~~~~~~~~~^^^^^^^^^^^^^^^^^^^^^^^^^^^^^^^^^^
UnicodeEncodeError: 'charmap' codec can't encode characters in position 4-5: character maps to <undefined>

[2026-07-11 17:15:03] [INFO] ▶ Kích hoạt: Vĩ Mô (Macro)
[2026-07-11 17:15:05] [WARN] ⚠ Vĩ Mô (Macro) lỗi attempt 1: ,encoding_table)[0]
           ~~~~~~~~~~~~~~~~~~~~~^^^^^^^^^^^^^^^^^^^^^^^^^^^^^^^^^^
UnicodeEncodeError: 'charmap' codec can't encode character '\u274c' in position 2: character maps to <undefined>

[2026-07-11 17:15:05] [INFO] ⏰ Đợi Giá H1: còn 1.00h (11/07 18:15:02 VN)
[2026-07-11 18:15:02] [INFO] ▶ Kích hoạt: Giá H1 + Macro
[2026-07-11 18:15:03] [WARN] ⚠ Giá H1 + Macro lỗi attempt 1: errors,encoding_table)[0]
           ~~~~~~~~~~~~~~~~~~~~~^^^^^^^^^^^^^^^^^^^^^^^^^^^^^^^^^^
UnicodeEncodeError: 'charmap' codec can't encode characters in position 4-5: character maps to <undefined>

[2026-07-11 18:15:03] [INFO] ▶ Kích hoạt: Vĩ Mô (Macro)
[2026-07-11 18:15:07] [WARN] ⚠ Vĩ Mô (Macro) lỗi attempt 1: ,encoding_table)[0]
           ~~~~~~~~~~~~~~~~~~~~~^^^^^^^^^^^^^^^^^^^^^^^^^^^^^^^^^^
UnicodeEncodeError: 'charmap' codec can't encode character '\u274c' in position 2: character maps to <undefined>

[2026-07-11 18:15:07] [INFO] ⏰ Đợi Giá H1: còn 1.00h (11/07 19:15:02 VN)
[2026-07-11 19:15:02] [INFO] ▶ Kích hoạt: Giá H1 + Macro
[2026-07-11 19:15:04] [WARN] ⚠ Giá H1 + Macro lỗi attempt 1: errors,encoding_table)[0]
           ~~~~~~~~~~~~~~~~~~~~~^^^^^^^^^^^^^^^^^^^^^^^^^^^^^^^^^^
UnicodeEncodeError: 'charmap' codec can't encode characters in position 4-5: character maps to <undefined>

[2026-07-11 19:15:04] [INFO] ▶ Kích hoạt: Vĩ Mô (Macro)
[2026-07-11 19:15:08] [WARN] ⚠ Vĩ Mô (Macro) lỗi attempt 1: ,encoding_table)[0]
           ~~~~~~~~~~~~~~~~~~~~~^^^^^^^^^^^^^^^^^^^^^^^^^^^^^^^^^^
UnicodeEncodeError: 'charmap' codec can't encode character '\u274c' in position 2: character maps to <undefined>

[2026-07-11 19:15:08] [INFO] ⏰ Đợi Giá H1: còn 1.00h (11/07 20:15:02 VN)
[2026-07-11 20:15:02] [INFO] ▶ Kích hoạt: Giá H1 + Macro
[2026-07-11 20:15:13] [WARN] ⚠ Giá H1 + Macro lỗi attempt 1: errors,encoding_table)[0]
           ~~~~~~~~~~~~~~~~~~~~~^^^^^^^^^^^^^^^^^^^^^^^^^^^^^^^^^^
UnicodeEncodeError: 'charmap' codec can't encode characters in position 4-5: character maps to <undefined>

[2026-07-11 20:15:13] [INFO] ▶ Kích hoạt: Vĩ Mô (Macro)
[2026-07-11 20:15:21] [WARN] ⚠ Vĩ Mô (Macro) lỗi attempt 1: ,encoding_table)[0]
           ~~~~~~~~~~~~~~~~~~~~~^^^^^^^^^^^^^^^^^^^^^^^^^^^^^^^^^^
UnicodeEncodeError: 'charmap' codec can't encode character '\u274c' in position 2: character maps to <undefined>

[2026-07-11 20:15:21] [INFO] ⏰ Đợi Giá H1: còn 0.99h (11/07 21:15:02 VN)
[2026-07-11 21:15:02] [INFO] ▶ Kích hoạt: Giá H1 + Macro
[2026-07-11 21:15:03] [WARN] ⚠ Giá H1 + Macro lỗi attempt 1: errors,encoding_table)[0]
           ~~~~~~~~~~~~~~~~~~~~~^^^^^^^^^^^^^^^^^^^^^^^^^^^^^^^^^^
UnicodeEncodeError: 'charmap' codec can't encode characters in position 4-5: character maps to <undefined>

[2026-07-11 21:15:03] [INFO] ▶ Kích hoạt: Vĩ Mô (Macro)
[2026-07-11 21:15:08] [WARN] ⚠ Vĩ Mô (Macro) lỗi attempt 1: ,encoding_table)[0]
           ~~~~~~~~~~~~~~~~~~~~~^^^^^^^^^^^^^^^^^^^^^^^^^^^^^^^^^^
UnicodeEncodeError: 'charmap' codec can't encode character '\u274c' in position 2: character maps to <undefined>

[2026-07-11 21:15:08] [INFO] ⏰ Đợi Giá H1: còn 1.00h (11/07 22:15:02 VN)
[2026-07-11 22:29:44] [INFO] ▶ Kích hoạt: AI Điểm Tin
[2026-07-11 22:30:22] [INFO] ✅ AI Điểm Tin hoàn thành (attempt 1)
[2026-07-11 22:30:23] [INFO] ⏰ Đợi AI News: còn 7.49h (12/07 06:00:02 VN)
[2026-07-11 22:42:04] [INFO] ▶ Kích hoạt: Giá H1 + Macro
[2026-07-11 22:42:06] [WARN] ⚠ Giá H1 + Macro lỗi attempt 1: errors,encoding_table)[0]
           ~~~~~~~~~~~~~~~~~~~~~^^^^^^^^^^^^^^^^^^^^^^^^^^^^^^^^^^
UnicodeEncodeError: 'charmap' codec can't encode characters in position 4-5: character maps to <undefined>

[2026-07-11 22:42:06] [INFO] ▶ Kích hoạt: Vĩ Mô (Macro)
[2026-07-11 22:42:09] [WARN] ⚠ Vĩ Mô (Macro) lỗi attempt 1: ,encoding_table)[0]
           ~~~~~~~~~~~~~~~~~~~~~^^^^^^^^^^^^^^^^^^^^^^^^^^^^^^^^^^
UnicodeEncodeError: 'charmap' codec can't encode character '\u274c' in position 2: character maps to <undefined>

[2026-07-11 22:42:09] [INFO] ⏰ Đợi Giá H1: còn 0.55h (11/07 23:15:02 VN)
[2026-07-11 23:15:23] [INFO] ▶ Kích hoạt: Giá H1 + Macro
[2026-07-11 23:15:25] [WARN] ⚠ Giá H1 + Macro lỗi attempt 1: errors,encoding_table)[0]
           ~~~~~~~~~~~~~~~~~~~~~^^^^^^^^^^^^^^^^^^^^^^^^^^^^^^^^^^
UnicodeEncodeError: 'charmap' codec can't encode characters in position 4-5: character maps to <undefined>

[2026-07-11 23:15:25] [INFO] ▶ Kích hoạt: Vĩ Mô (Macro)
[2026-07-11 23:15:28] [WARN] ⚠ Vĩ Mô (Macro) lỗi attempt 1: ,encoding_table)[0]
           ~~~~~~~~~~~~~~~~~~~~~^^^^^^^^^^^^^^^^^^^^^^^^^^^^^^^^^^
UnicodeEncodeError: 'charmap' codec can't encode character '\u274c' in position 2: character maps to <undefined>

[2026-07-11 23:15:28] [INFO] ⏰ Đợi Giá H1: còn 0.99h (12/07 00:15:02 VN)
[2026-07-12 08:04:24] [INFO] ▶ Kích hoạt: Giá H1 + Macro
[2026-07-12 08:04:33] [WARN] ⚠ Giá H1 + Macro lỗi attempt 1: errors,encoding_table)[0]
           ~~~~~~~~~~~~~~~~~~~~~^^^^^^^^^^^^^^^^^^^^^^^^^^^^^^^^^^
UnicodeEncodeError: 'charmap' codec can't encode characters in position 4-5: character maps to <undefined>

[2026-07-12 08:04:33] [INFO] ▶ Kích hoạt: Vĩ Mô (Macro)
[2026-07-12 08:04:39] [WARN] ⚠ Vĩ Mô (Macro) lỗi attempt 1: ,encoding_table)[0]
           ~~~~~~~~~~~~~~~~~~~~~^^^^^^^^^^^^^^^^^^^^^^^^^^^^^^^^^^
UnicodeEncodeError: 'charmap' codec can't encode character '\u274c' in position 2: character maps to <undefined>

[2026-07-12 08:04:39] [INFO] ⏰ Đợi Giá H1: còn 0.17h (12/07 08:15:02 VN)
[2026-07-12 08:14:04] [INFO] ▶ Kích hoạt: WASDE Report
[2026-07-12 08:14:04] [WARN] ⚠ WASDE Report lỗi attempt 1: errors,encoding_table)[0]
           ~~~~~~~~~~~~~~~~~~~~~^^^^^^^^^^^^^^^^^^^^^^^^^^^^^^^^^^
UnicodeEncodeError: 'charmap' codec can't encode characters in position 2-3: character maps to <undefined>

[2026-07-12 08:14:05] [WARN] ⚠ WASDE Report lỗi attempt 2: errors,encoding_table)[0]
           ~~~~~~~~~~~~~~~~~~~~~^^^^^^^^^^^^^^^^^^^^^^^^^^^^^^^^^^
UnicodeEncodeError: 'charmap' codec can't encode characters in position 2-3: character maps to <undefined>

[2026-07-12 08:14:06] [WARN] ⚠ WASDE Report lỗi attempt 3: errors,encoding_table)[0]
           ~~~~~~~~~~~~~~~~~~~~~^^^^^^^^^^^^^^^^^^^^^^^^^^^^^^^^^^
UnicodeEncodeError: 'charmap' codec can't encode characters in position 2-3: character maps to <undefined>

[2026-07-12 08:14:07] [WARN] ⚠ WASDE Report lỗi attempt 4: errors,encoding_table)[0]
           ~~~~~~~~~~~~~~~~~~~~~^^^^^^^^^^^^^^^^^^^^^^^^^^^^^^^^^^
UnicodeEncodeError: 'charmap' codec can't encode characters in position 2-3: character maps to <undefined>

[2026-07-12 08:14:09] [WARN] ⚠ WASDE Report lỗi attempt 5: errors,encoding_table)[0]
           ~~~~~~~~~~~~~~~~~~~~~^^^^^^^^^^^^^^^^^^^^^^^^^^^^^^^^^^
UnicodeEncodeError: 'charmap' codec can't encode characters in position 2-3: character maps to <undefined>

[2026-07-12 08:14:10] [WARN] ⚠ WASDE Report lỗi attempt 6: errors,encoding_table)[0]
           ~~~~~~~~~~~~~~~~~~~~~^^^^^^^^^^^^^^^^^^^^^^^^^^^^^^^^^^
UnicodeEncodeError: 'charmap' codec can't encode characters in position 2-3: character maps to <undefined>

[2026-07-12 08:14:11] [WARN] ⚠ WASDE Report lỗi attempt 7: errors,encoding_table)[0]
           ~~~~~~~~~~~~~~~~~~~~~^^^^^^^^^^^^^^^^^^^^^^^^^^^^^^^^^^
UnicodeEncodeError: 'charmap' codec can't encode characters in position 2-3: character maps to <undefined>

[2026-07-12 08:14:12] [WARN] ⚠ WASDE Report lỗi attempt 8: errors,encoding_table)[0]
           ~~~~~~~~~~~~~~~~~~~~~^^^^^^^^^^^^^^^^^^^^^^^^^^^^^^^^^^
UnicodeEncodeError: 'charmap' codec can't encode characters in position 2-3: character maps to <undefined>

[2026-07-12 08:14:13] [WARN] ⚠ WASDE Report lỗi attempt 9: errors,encoding_table)[0]
           ~~~~~~~~~~~~~~~~~~~~~^^^^^^^^^^^^^^^^^^^^^^^^^^^^^^^^^^
UnicodeEncodeError: 'charmap' codec can't encode characters in position 2-3: character maps to <undefined>

[2026-07-12 08:14:15] [WARN] ⚠ WASDE Report lỗi attempt 10: errors,encoding_table)[0]
           ~~~~~~~~~~~~~~~~~~~~~^^^^^^^^^^^^^^^^^^^^^^^^^^^^^^^^^^
UnicodeEncodeError: 'charmap' codec can't encode characters in position 2-3: character maps to <undefined>

[2026-07-12 08:14:16] [WARN] ⚠ WASDE Report lỗi attempt 11: errors,encoding_table)[0]
           ~~~~~~~~~~~~~~~~~~~~~^^^^^^^^^^^^^^^^^^^^^^^^^^^^^^^^^^
UnicodeEncodeError: 'charmap' codec can't encode characters in position 2-3: character maps to <undefined>

[2026-07-12 08:14:17] [WARN] ⚠ WASDE Report lỗi attempt 12: errors,encoding_table)[0]
           ~~~~~~~~~~~~~~~~~~~~~^^^^^^^^^^^^^^^^^^^^^^^^^^^^^^^^^^
UnicodeEncodeError: 'charmap' codec can't encode characters in position 2-3: character maps to <undefined>

[2026-07-12 08:14:18] [WARN] ⚠ WASDE Report lỗi attempt 13: errors,encoding_table)[0]
           ~~~~~~~~~~~~~~~~~~~~~^^^^^^^^^^^^^^^^^^^^^^^^^^^^^^^^^^
UnicodeEncodeError: 'charmap' codec can't encode characters in position 2-3: character maps to <undefined>

[2026-07-12 08:14:19] [WARN] ⚠ WASDE Report lỗi attempt 14: errors,encoding_table)[0]
           ~~~~~~~~~~~~~~~~~~~~~^^^^^^^^^^^^^^^^^^^^^^^^^^^^^^^^^^
UnicodeEncodeError: 'charmap' codec can't encode characters in position 2-3: character maps to <undefined>

[2026-07-12 08:14:20] [WARN] ⚠ WASDE Report lỗi attempt 15: errors,encoding_table)[0]
           ~~~~~~~~~~~~~~~~~~~~~^^^^^^^^^^^^^^^^^^^^^^^^^^^^^^^^^^
UnicodeEncodeError: 'charmap' codec can't encode characters in position 2-3: character maps to <undefined>

[2026-07-12 08:14:20] [INFO] ⏰ Đợi WASDE Monthly: còn 710.76h (10/08 23:00:02 VN)
[2026-07-12 08:15:02] [INFO] ▶ Kích hoạt: Giá H1 + Macro
[2026-07-12 08:15:03] [WARN] ⚠ Giá H1 + Macro lỗi attempt 1: errors,encoding_table)[0]
           ~~~~~~~~~~~~~~~~~~~~~^^^^^^^^^^^^^^^^^^^^^^^^^^^^^^^^^^
UnicodeEncodeError: 'charmap' codec can't encode characters in position 4-5: character maps to <undefined>

[2026-07-12 08:15:03] [INFO] ▶ Kích hoạt: Vĩ Mô (Macro)
[2026-07-12 08:15:06] [WARN] ⚠ Vĩ Mô (Macro) lỗi attempt 1: ,encoding_table)[0]
           ~~~~~~~~~~~~~~~~~~~~~^^^^^^^^^^^^^^^^^^^^^^^^^^^^^^^^^^
UnicodeEncodeError: 'charmap' codec can't encode character '\u274c' in position 2: character maps to <undefined>

[2026-07-12 08:15:06] [INFO] ⏰ Đợi Giá H1: còn 1.00h (12/07 09:15:02 VN)
[2026-07-12 09:15:02] [INFO] ▶ Kích hoạt: Giá H1 + Macro
[2026-07-12 09:15:03] [WARN] ⚠ Giá H1 + Macro lỗi attempt 1: errors,encoding_table)[0]
           ~~~~~~~~~~~~~~~~~~~~~^^^^^^^^^^^^^^^^^^^^^^^^^^^^^^^^^^
UnicodeEncodeError: 'charmap' codec can't encode characters in position 4-5: character maps to <undefined>

[2026-07-12 09:15:03] [INFO] ▶ Kích hoạt: Vĩ Mô (Macro)
[2026-07-12 09:15:05] [WARN] ⚠ Vĩ Mô (Macro) lỗi attempt 1: ,encoding_table)[0]
           ~~~~~~~~~~~~~~~~~~~~~^^^^^^^^^^^^^^^^^^^^^^^^^^^^^^^^^^
UnicodeEncodeError: 'charmap' codec can't encode character '\u274c' in position 2: character maps to <undefined>

[2026-07-12 09:15:05] [INFO] ⏰ Đợi Giá H1: còn 1.00h (12/07 10:15:02 VN)
[2026-07-12 12:08:09] [INFO] ▶ Kích hoạt: Giá H1 + Macro
[2026-07-12 12:08:13] [WARN] ⚠ Giá H1 + Macro lỗi attempt 1: errors,encoding_table)[0]
           ~~~~~~~~~~~~~~~~~~~~~^^^^^^^^^^^^^^^^^^^^^^^^^^^^^^^^^^
UnicodeEncodeError: 'charmap' codec can't encode characters in position 4-5: character maps to <undefined>

[2026-07-12 12:08:13] [INFO] ▶ Kích hoạt: Vĩ Mô (Macro)
[2026-07-12 12:08:16] [WARN] ⚠ Vĩ Mô (Macro) lỗi attempt 1: ,encoding_table)[0]
           ~~~~~~~~~~~~~~~~~~~~~^^^^^^^^^^^^^^^^^^^^^^^^^^^^^^^^^^
UnicodeEncodeError: 'charmap' codec can't encode character '\u274c' in position 2: character maps to <undefined>

[2026-07-12 12:08:16] [INFO] ⏰ Đợi Giá H1: còn 0.11h (12/07 12:15:02 VN)
[2026-07-12 12:15:02] [INFO] ▶ Kích hoạt: Giá H1 + Macro
[2026-07-12 12:15:03] [WARN] ⚠ Giá H1 + Macro lỗi attempt 1: errors,encoding_table)[0]
           ~~~~~~~~~~~~~~~~~~~~~^^^^^^^^^^^^^^^^^^^^^^^^^^^^^^^^^^
UnicodeEncodeError: 'charmap' codec can't encode characters in position 4-5: character maps to <undefined>

[2026-07-12 12:15:03] [INFO] ▶ Kích hoạt: Vĩ Mô (Macro)
[2026-07-12 12:15:08] [WARN] ⚠ Vĩ Mô (Macro) lỗi attempt 1: ,encoding_table)[0]
           ~~~~~~~~~~~~~~~~~~~~~^^^^^^^^^^^^^^^^^^^^^^^^^^^^^^^^^^
UnicodeEncodeError: 'charmap' codec can't encode character '\u274c' in position 2: character maps to <undefined>

[2026-07-12 12:15:08] [INFO] ⏰ Đợi Giá H1: còn 1.00h (12/07 13:15:02 VN)
[2026-07-12 13:15:02] [INFO] ▶ Kích hoạt: Giá H1 + Macro
[2026-07-12 13:15:10] [WARN] ⚠ Giá H1 + Macro lỗi attempt 1: errors,encoding_table)[0]
           ~~~~~~~~~~~~~~~~~~~~~^^^^^^^^^^^^^^^^^^^^^^^^^^^^^^^^^^
UnicodeEncodeError: 'charmap' codec can't encode characters in position 4-5: character maps to <undefined>

[2026-07-12 13:15:10] [INFO] ▶ Kích hoạt: Vĩ Mô (Macro)
[2026-07-12 13:15:14] [WARN] ⚠ Vĩ Mô (Macro) lỗi attempt 1: ,encoding_table)[0]
           ~~~~~~~~~~~~~~~~~~~~~^^^^^^^^^^^^^^^^^^^^^^^^^^^^^^^^^^
UnicodeEncodeError: 'charmap' codec can't encode character '\u274c' in position 2: character maps to <undefined>

[2026-07-12 13:15:14] [INFO] ⏰ Đợi Giá H1: còn 1.00h (12/07 14:15:02 VN)
[2026-07-12 17:46:47] [INFO] ▶ Kích hoạt: Giá H1 + Macro
[2026-07-12 17:46:54] [WARN] ⚠ Giá H1 + Macro lỗi attempt 1: errors,encoding_table)[0]
           ~~~~~~~~~~~~~~~~~~~~~^^^^^^^^^^^^^^^^^^^^^^^^^^^^^^^^^^
UnicodeEncodeError: 'charmap' codec can't encode characters in position 4-5: character maps to <undefined>

[2026-07-12 17:46:54] [INFO] ▶ Kích hoạt: Vĩ Mô (Macro)
[2026-07-12 17:46:59] [WARN] ⚠ Vĩ Mô (Macro) lỗi attempt 1: ,encoding_table)[0]
           ~~~~~~~~~~~~~~~~~~~~~^^^^^^^^^^^^^^^^^^^^^^^^^^^^^^^^^^
UnicodeEncodeError: 'charmap' codec can't encode character '\u274c' in position 2: character maps to <undefined>

[2026-07-12 17:46:59] [INFO] ⏰ Đợi Giá H1: còn 0.47h (12/07 18:15:02 VN)
[2026-07-12 20:49:02] [INFO] ▶ Kích hoạt: Giá H1 + Macro
[2026-07-12 20:49:05] [WARN] ⚠ Giá H1 + Macro lỗi attempt 1: errors,encoding_table)[0]
           ~~~~~~~~~~~~~~~~~~~~~^^^^^^^^^^^^^^^^^^^^^^^^^^^^^^^^^^
UnicodeEncodeError: 'charmap' codec can't encode characters in position 4-5: character maps to <undefined>

[2026-07-12 20:49:05] [INFO] ▶ Kích hoạt: Vĩ Mô (Macro)
[2026-07-12 20:49:08] [WARN] ⚠ Vĩ Mô (Macro) lỗi attempt 1: ,encoding_table)[0]
           ~~~~~~~~~~~~~~~~~~~~~^^^^^^^^^^^^^^^^^^^^^^^^^^^^^^^^^^
UnicodeEncodeError: 'charmap' codec can't encode character '\u274c' in position 2: character maps to <undefined>

[2026-07-12 20:49:08] [INFO] ⏰ Đợi Giá H1: còn 0.43h (12/07 21:15:02 VN)
[2026-07-12 21:15:02] [INFO] ▶ Kích hoạt: Giá H1 + Macro
[2026-07-12 21:15:13] [WARN] ⚠ Giá H1 + Macro lỗi attempt 1: errors,encoding_table)[0]
           ~~~~~~~~~~~~~~~~~~~~~^^^^^^^^^^^^^^^^^^^^^^^^^^^^^^^^^^
UnicodeEncodeError: 'charmap' codec can't encode characters in position 4-5: character maps to <undefined>

[2026-07-12 21:15:13] [INFO] ▶ Kích hoạt: Vĩ Mô (Macro)
[2026-07-12 21:15:21] [WARN] ⚠ Vĩ Mô (Macro) lỗi attempt 1: ,encoding_table)[0]
           ~~~~~~~~~~~~~~~~~~~~~^^^^^^^^^^^^^^^^^^^^^^^^^^^^^^^^^^
UnicodeEncodeError: 'charmap' codec can't encode character '\u274c' in position 2: character maps to <undefined>

[2026-07-12 21:15:21] [INFO] ⏰ Đợi Giá H1: còn 0.99h (12/07 22:15:02 VN)
[2026-07-13 04:50:57] [INFO] ============================================================
[2026-07-13 04:50:57] [INFO]   CBOT PRECISION SCHEDULER V2 — KHỞI ĐỘNG
[2026-07-13 04:50:57] [INFO] ============================================================
[2026-07-13 04:50:57] [INFO] Lịch trình đang chạy:
[2026-07-13 04:50:57] [INFO]   [Giá H1 + Macro]    : Phút :15 mỗi giờ giao dịch
[2026-07-13 04:50:57] [INFO]   [COT CFTC]          : Thứ Bảy 07:15 VN
[2026-07-13 04:50:57] [INFO]   [USDA Crop Progress]: Thứ Hai 22:00 VN
[2026-07-13 04:50:57] [INFO]   [Export Sales]      : Thứ Năm 21:32 VN
[2026-07-13 04:50:57] [INFO]   [WASDE Monthly]     : Ngày 10 hàng tháng, 23:00 VN
[2026-07-13 04:50:57] [INFO]   [Thời Tiết Ngắn]    : 06:00 hàng ngày
[2026-07-13 04:50:57] [INFO]   [ENSO Long-Term]    : Thứ Hai 06:30 VN
[2026-07-13 04:50:57] [INFO]   [USDA Acreage]      : 05:30 hàng ngày
[2026-07-13 04:50:57] [INFO]   [AI Điểm Tin]       : 06:00 và 20:00 hàng ngày
[2026-07-13 04:50:57] [INFO]   [AI Tin Biển Đen]   : Thứ Tư & Chủ Nhật 07:00 VN
[2026-07-13 04:50:57] [INFO]   [Số Liệu Mùa Vụ Nga]: 07:30 hàng ngày
[2026-07-13 04:50:57] [INFO]   [🧠 AI Phân Tích]   : 06:30 và 20:00 hàng ngày (T2-T6)
[2026-07-13 04:50:57] [INFO] ------------------------------------------------------------
[2026-07-13 04:50:57] [INFO]   ✅ Thread khởi động: job_prices
15:02 VN)
[2026-07-13 04:50:57] [INFO]   ✅ Thread khởi động: job_cot
07 07:15:02 VN)
[2026-07-13 04:50:57] [INFO]   ✅ Thread khởi động: job_crop_progress
00:02 VN)
[2026-07-13 04:50:57] [INFO]   ✅ Thread khởi động: job_export_sales
32:02 VN)
[2026-07-13 04:50:57] [INFO]   ✅ Thread khởi động: job_wasde
10/08 23:00:02 VN)
[2026-07-13 04:50:57] [INFO]   ✅ Thread khởi động: job_weather_short
0:02 VN)
[2026-07-13 04:50:57] [INFO]   ✅ Thread khởi động: job_weather_long
:30:02 VN)
[2026-07-13 04:50:57] [INFO]   ✅ Thread khởi động: job_acreage
/07 05:30:02 VN)
[2026-07-13 04:50:57] [INFO]   ✅ Thread khởi động: job_ai_news
0:02 VN)
[2026-07-13 04:50:57] [INFO]   ✅ Thread khởi động: job_blacksea_news
:00:02 VN)
[2026-07-13 04:50:57] [INFO] ⏰ Đợi AI Phân Tích: còn 1.65h (13/07 06:30:02 VN)
[2026-07-13 04:50:57] [INFO]   ✅ Thread khởi động: job_ai_analysis
[2026-07-13 04:50:57] [INFO] ============================================================
[2026-07-13 04:50:57] [INFO] Scheduler đang chạy ngầm. Nhấn Ctrl+C để dừng.
[2026-07-13 05:15:02] [INFO] ▶ Kích hoạt: Giá H1 + Macro
[2026-07-13 05:15:03] [WARN] ⚠ Giá H1 + Macro lỗi attempt 1: errors,encoding_table)[0]
           ~~~~~~~~~~~~~~~~~~~~~^^^^^^^^^^^^^^^^^^^^^^^^^^^^^^^^^^
UnicodeEncodeError: 'charmap' codec can't encode characters in position 4-5: character maps to <undefined>

[2026-07-13 05:15:03] [INFO] ▶ Kích hoạt: Vĩ Mô (Macro)
[2026-07-13 05:15:06] [WARN] ⚠ Vĩ Mô (Macro) lỗi attempt 1: unknown error
[2026-07-13 05:15:06] [INFO] ⏰ Đợi Giá H1: còn 1.00h (13/07 06:15:02 VN)
[2026-07-13 05:30:00] [INFO] ▶ Kích hoạt: USDA Acreage
[2026-07-13 05:30:06] [INFO] ✅ USDA Acreage hoàn thành (attempt 1)
[2026-07-13 05:30:06] [Sync] Bắt đầu đẩy dữ liệu lên Github (Kích hoạt bởi: USDA Acreage)...
[2026-07-13 05:30:12] [Sync] ✅ Đồng bộ Github thành công (USDA Acreage)!
[2026-07-13 05:30:12] [INFO] ⏰ Đợi Acreage Reports: còn 24.00h (14/07 05:30:02 VN)
[2026-07-13 06:00:00] [INFO] ▶ Kích hoạt: Thời Tiết Ngắn Hạn
[2026-07-13 06:00:06] [INFO] ✅ AI Điểm Tin hoàn thành (attempt 1)
[2026-07-13 06:00:06] [Sync] Bắt đầu đẩy dữ liệu lên Github (Kích hoạt bởi: AI Điểm Tin)...
[2026-07-13 06:00:09] [Sync] ✅ Đồng bộ Github thành công (AI Điểm Tin)!
[2026-07-13 06:00:09] [INFO] ⏰ Đợi AI News: còn 14.00h (13/07 20:00:02 VN)
[2026-07-13 06:00:25] [INFO] ✅ Thời Tiết Ngắn Hạn hoàn thành (attempt 1)
[2026-07-13 06:00:25] [Sync] Bắt đầu đẩy dữ liệu lên Github (Kích hoạt bởi: Thời Tiết Ngắn Hạn)...
[2026-07-13 06:00:29] [Sync] ✅ Đồng bộ Github thành công (Thời Tiết Ngắn Hạn)!
[2026-07-13 06:00:29] [INFO] ⏰ Đợi Weather Short: còn 23.99h (14/07 06:00:02 VN)
[2026-07-13 06:15:00] [INFO] ▶ Kích hoạt: Giá H1 + Macro
[2026-07-13 06:15:01] [WARN] ⚠ Giá H1 + Macro lỗi attempt 1: errors,encoding_table)[0]
           ~~~~~~~~~~~~~~~~~~~~~^^^^^^^^^^^^^^^^^^^^^^^^^^^^^^^^^^
UnicodeEncodeError: 'charmap' codec can't encode characters in position 4-5: character maps to <undefined>

[2026-07-13 06:15:01] [INFO] ▶ Kích hoạt: Vĩ Mô (Macro)
[2026-07-13 06:15:04] [WARN] ⚠ Vĩ Mô (Macro) lỗi attempt 1: unknown error
[2026-07-13 06:15:04] [INFO] ⏰ Đợi Giá H1: còn 1.00h (13/07 07:15:02 VN)
[2026-07-13 06:30:00] [INFO] ▶ Kích hoạt: ENSO / Weather Long
n Sâu
[2026-07-13 06:30:00] [WARN] ⚠ AI Phân Tích Chuyên Sâu lỗi attempt 1: unknown error
[2026-07-13 06:30:00] [INFO] ⏰ Đợi AI Phân Tích: còn 0.00h (13/07 06:30:02 VN)
[2026-07-13 06:30:02] [INFO] ▶ Kích hoạt: AI Phân Tích Chuyên Sâu
[2026-07-13 06:30:02] [WARN] ⚠ AI Phân Tích Chuyên Sâu lỗi attempt 1: unknown error
[2026-07-13 06:30:02] [INFO] ⏰ Đợi AI Phân Tích: còn 13.50h (13/07 20:00:02 VN)
[2026-07-13 06:30:04] [INFO] ✅ ENSO / Weather Long hoàn thành (attempt 1)
[2026-07-13 06:30:04] [Sync] Bắt đầu đẩy dữ liệu lên Github (Kích hoạt bởi: ENSO / Weather Long)...
[2026-07-13 06:30:08] [Sync] ✅ Đồng bộ Github thành công (ENSO / Weather Long)!
[2026-07-13 06:30:08] [INFO] ⏰ Đợi ENSO Long-Term: còn 168.00h (20/07 06:30:02 VN)
[2026-07-13 07:15:02] [INFO] ▶ Kích hoạt: Giá H1 + Macro
[2026-07-13 07:15:03] [WARN] ⚠ Giá H1 + Macro lỗi attempt 1: errors,encoding_table)[0]
           ~~~~~~~~~~~~~~~~~~~~~^^^^^^^^^^^^^^^^^^^^^^^^^^^^^^^^^^
UnicodeEncodeError: 'charmap' codec can't encode characters in position 4-5: character maps to <undefined>

[2026-07-13 07:15:03] [INFO] ▶ Kích hoạt: Vĩ Mô (Macro)
[2026-07-13 07:15:05] [WARN] ⚠ Vĩ Mô (Macro) lỗi attempt 1: unknown error
[2026-07-13 07:15:05] [INFO] ⏰ Đợi Giá H1: còn 1.00h (13/07 08:15:02 VN)
[2026-07-13 08:15:02] [INFO] ▶ Kích hoạt: Giá H1 + Macro
[2026-07-13 08:15:04] [WARN] ⚠ Giá H1 + Macro lỗi attempt 1: errors,encoding_table)[0]
           ~~~~~~~~~~~~~~~~~~~~~^^^^^^^^^^^^^^^^^^^^^^^^^^^^^^^^^^
UnicodeEncodeError: 'charmap' codec can't encode characters in position 4-5: character maps to <undefined>

[2026-07-13 08:15:04] [INFO] ▶ Kích hoạt: Vĩ Mô (Macro)
[2026-07-13 08:15:07] [WARN] ⚠ Vĩ Mô (Macro) lỗi attempt 1: unknown error
[2026-07-13 08:15:07] [INFO] ⏰ Đợi Giá H1: còn 1.00h (13/07 09:15:02 VN)
[2026-07-13 09:15:02] [INFO] ▶ Kích hoạt: Giá H1 + Macro
[2026-07-13 09:15:03] [WARN] ⚠ Giá H1 + Macro lỗi attempt 1: errors,encoding_table)[0]
           ~~~~~~~~~~~~~~~~~~~~~^^^^^^^^^^^^^^^^^^^^^^^^^^^^^^^^^^
UnicodeEncodeError: 'charmap' codec can't encode characters in position 4-5: character maps to <undefined>

[2026-07-13 09:15:03] [INFO] ▶ Kích hoạt: Vĩ Mô (Macro)
[2026-07-13 09:15:06] [WARN] ⚠ Vĩ Mô (Macro) lỗi attempt 1: unknown error
[2026-07-13 09:15:06] [INFO] ⏰ Đợi Giá H1: còn 1.00h (13/07 10:15:02 VN)
[2026-07-13 10:15:02] [INFO] ▶ Kích hoạt: Giá H1 + Macro
[2026-07-13 10:15:11] [WARN] ⚠ Giá H1 + Macro lỗi attempt 1: errors,encoding_table)[0]
           ~~~~~~~~~~~~~~~~~~~~~^^^^^^^^^^^^^^^^^^^^^^^^^^^^^^^^^^
UnicodeEncodeError: 'charmap' codec can't encode characters in position 4-5: character maps to <undefined>

[2026-07-13 10:15:11] [INFO] ▶ Kích hoạt: Vĩ Mô (Macro)
[2026-07-13 10:15:19] [WARN] ⚠ Vĩ Mô (Macro) lỗi attempt 1: unknown error
[2026-07-13 10:15:19] [INFO] ⏰ Đợi Giá H1: còn 1.00h (13/07 11:15:02 VN)
[2026-07-13 11:15:02] [INFO] ▶ Kích hoạt: Giá H1 + Macro
[2026-07-13 11:15:04] [WARN] ⚠ Giá H1 + Macro lỗi attempt 1: errors,encoding_table)[0]
           ~~~~~~~~~~~~~~~~~~~~~^^^^^^^^^^^^^^^^^^^^^^^^^^^^^^^^^^
UnicodeEncodeError: 'charmap' codec can't encode characters in position 4-5: character maps to <undefined>

[2026-07-13 11:15:04] [INFO] ▶ Kích hoạt: Vĩ Mô (Macro)
[2026-07-13 11:15:08] [WARN] ⚠ Vĩ Mô (Macro) lỗi attempt 1: unknown error
[2026-07-13 11:15:08] [INFO] ⏰ Đợi Giá H1: còn 1.00h (13/07 12:15:02 VN)
[2026-07-13 12:15:02] [INFO] ▶ Kích hoạt: Giá H1 + Macro
[2026-07-13 12:15:12] [WARN] ⚠ Giá H1 + Macro lỗi attempt 1: errors,encoding_table)[0]
           ~~~~~~~~~~~~~~~~~~~~~^^^^^^^^^^^^^^^^^^^^^^^^^^^^^^^^^^
UnicodeEncodeError: 'charmap' codec can't encode characters in position 4-5: character maps to <undefined>

[2026-07-13 12:15:12] [INFO] ▶ Kích hoạt: Vĩ Mô (Macro)
[2026-07-13 12:15:20] [WARN] ⚠ Vĩ Mô (Macro) lỗi attempt 1: unknown error
[2026-07-13 12:15:20] [INFO] ⏰ Đợi Giá H1: còn 0.99h (13/07 13:15:02 VN)
[2026-07-13 13:15:02] [INFO] ▶ Kích hoạt: Giá H1 + Macro
[2026-07-13 13:15:03] [WARN] ⚠ Giá H1 + Macro lỗi attempt 1: errors,encoding_table)[0]
           ~~~~~~~~~~~~~~~~~~~~~^^^^^^^^^^^^^^^^^^^^^^^^^^^^^^^^^^
UnicodeEncodeError: 'charmap' codec can't encode characters in position 4-5: character maps to <undefined>

[2026-07-13 13:15:03] [INFO] ▶ Kích hoạt: Vĩ Mô (Macro)
[2026-07-13 13:15:05] [WARN] ⚠ Vĩ Mô (Macro) lỗi attempt 1: unknown error
[2026-07-13 13:15:05] [INFO] ⏰ Đợi Giá H1: còn 1.00h (13/07 14:15:02 VN)
[2026-07-13 14:15:02] [INFO] ▶ Kích hoạt: Giá H1 + Macro
[2026-07-13 14:15:03] [WARN] ⚠ Giá H1 + Macro lỗi attempt 1: errors,encoding_table)[0]
           ~~~~~~~~~~~~~~~~~~~~~^^^^^^^^^^^^^^^^^^^^^^^^^^^^^^^^^^
UnicodeEncodeError: 'charmap' codec can't encode characters in position 4-5: character maps to <undefined>

[2026-07-13 14:15:03] [INFO] ▶ Kích hoạt: Vĩ Mô (Macro)
[2026-07-13 14:15:05] [WARN] ⚠ Vĩ Mô (Macro) lỗi attempt 1: unknown error
[2026-07-13 14:15:06] [INFO] ⏰ Đợi Giá H1: còn 1.00h (13/07 15:15:02 VN)
[2026-07-13 14:34:29] [INFO] ▶ Kích hoạt: Vĩ Mô
[2026-07-13 14:34:34] [INFO] ✅ Vĩ Mô hoàn thành (attempt 1)
[2026-07-13 14:34:34] [Sync] Bắt đầu đẩy dữ liệu lên Github (Kích hoạt bởi: Vĩ Mô)...
[2026-07-13 14:34:39] [Sync] ✅ Đồng bộ Github thành công (Vĩ Mô)!
[2026-07-13 14:34:39] [INFO] ▶ Kích hoạt: Giá H1
[2026-07-13 14:34:45] [INFO] ✅ Giá H1 hoàn thành (attempt 1)
[2026-07-13 14:34:45] [Sync] Bắt đầu đẩy dữ liệu lên Github (Kích hoạt bởi: Giá H1)...
[2026-07-13 14:34:49] [Sync] ✅ Đồng bộ Github thành công (Giá H1)!
[2026-07-13 15:36:59] [INFO] ▶ Kích hoạt: Giá H1 + Macro
[2026-07-13 15:37:01] [WARN] ⚠ Giá H1 + Macro lỗi attempt 1: errors,encoding_table)[0]
           ~~~~~~~~~~~~~~~~~~~~~^^^^^^^^^^^^^^^^^^^^^^^^^^^^^^^^^^
UnicodeEncodeError: 'charmap' codec can't encode characters in position 4-5: character maps to <undefined>

[2026-07-13 15:37:01] [INFO] ▶ Kích hoạt: Vĩ Mô (Macro)
[2026-07-13 15:37:05] [WARN] ⚠ Vĩ Mô (Macro) lỗi attempt 1: unknown error
[2026-07-13 15:37:05] [INFO] ⏰ Đợi Giá H1: còn 0.63h (13/07 16:15:02 VN)
[2026-07-13 18:06:19] [INFO] ▶ Kích hoạt: Giá H1 + Macro
[2026-07-13 18:06:22] [WARN] ⚠ Giá H1 + Macro lỗi attempt 1: errors,encoding_table)[0]
           ~~~~~~~~~~~~~~~~~~~~~^^^^^^^^^^^^^^^^^^^^^^^^^^^^^^^^^^
UnicodeEncodeError: 'charmap' codec can't encode characters in position 4-5: character maps to <undefined>

[2026-07-13 18:06:22] [INFO] ▶ Kích hoạt: Vĩ Mô (Macro)
[2026-07-13 18:06:24] [WARN] ⚠ Vĩ Mô (Macro) lỗi attempt 1: unknown error
[2026-07-13 18:06:24] [INFO] ⏰ Đợi Giá H1: còn 0.14h (13/07 18:15:02 VN)
[2026-07-13 18:15:02] [INFO] ▶ Kích hoạt: Giá H1 + Macro
[2026-07-13 18:15:03] [WARN] ⚠ Giá H1 + Macro lỗi attempt 1: errors,encoding_table)[0]
           ~~~~~~~~~~~~~~~~~~~~~^^^^^^^^^^^^^^^^^^^^^^^^^^^^^^^^^^
UnicodeEncodeError: 'charmap' codec can't encode characters in position 4-5: character maps to <undefined>

[2026-07-13 18:15:03] [INFO] ▶ Kích hoạt: Vĩ Mô (Macro)
[2026-07-13 18:15:06] [WARN] ⚠ Vĩ Mô (Macro) lỗi attempt 1: unknown error
[2026-07-13 18:15:06] [INFO] ⏰ Đợi Giá H1: còn 1.00h (13/07 19:15:02 VN)
[2026-07-13 19:20:39] [INFO] ▶ Kích hoạt: Giá H1 + Macro
[2026-07-13 19:20:41] [WARN] ⚠ Giá H1 + Macro lỗi attempt 1: errors,encoding_table)[0]
           ~~~~~~~~~~~~~~~~~~~~~^^^^^^^^^^^^^^^^^^^^^^^^^^^^^^^^^^
UnicodeEncodeError: 'charmap' codec can't encode characters in position 4-5: character maps to <undefined>

[2026-07-13 19:20:41] [INFO] ▶ Kích hoạt: Vĩ Mô (Macro)
[2026-07-13 19:20:44] [WARN] ⚠ Vĩ Mô (Macro) lỗi attempt 1: unknown error
[2026-07-13 19:20:44] [INFO] ⏰ Đợi Giá H1: còn 0.90h (13/07 20:15:02 VN)
[2026-07-13 20:55:57] [INFO] ▶ Kích hoạt: Giá H1 + Macro
[2026-07-13 20:56:00] [WARN] ⚠ Giá H1 + Macro lỗi attempt 1: errors,encoding_table)[0]
           ~~~~~~~~~~~~~~~~~~~~~^^^^^^^^^^^^^^^^^^^^^^^^^^^^^^^^^^
UnicodeEncodeError: 'charmap' codec can't encode characters in position 4-5: character maps to <undefined>

[2026-07-13 20:56:00] [INFO] ▶ Kích hoạt: Vĩ Mô (Macro)
[2026-07-13 20:56:03] [WARN] ⚠ Vĩ Mô (Macro) lỗi attempt 1: unknown error
[2026-07-13 20:56:03] [INFO] ⏰ Đợi Giá H1: còn 0.32h (13/07 21:15:02 VN)
[2026-07-13 21:15:02] [INFO] ▶ Kích hoạt: Giá H1 + Macro
[2026-07-13 21:15:04] [WARN] ⚠ Giá H1 + Macro lỗi attempt 1: errors,encoding_table)[0]
           ~~~~~~~~~~~~~~~~~~~~~^^^^^^^^^^^^^^^^^^^^^^^^^^^^^^^^^^
UnicodeEncodeError: 'charmap' codec can't encode characters in position 4-5: character maps to <undefined>

[2026-07-13 21:15:04] [INFO] ▶ Kích hoạt: Vĩ Mô (Macro)
[2026-07-13 21:15:06] [WARN] ⚠ Vĩ Mô (Macro) lỗi attempt 1: unknown error
[2026-07-13 21:15:06] [INFO] ⏰ Đợi Giá H1: còn 1.00h (13/07 22:15:02 VN)
[2026-07-13 22:15:02] [INFO] ▶ Kích hoạt: Giá H1 + Macro
[2026-07-13 22:15:12] [WARN] ⚠ Giá H1 + Macro lỗi attempt 1: errors,encoding_table)[0]
           ~~~~~~~~~~~~~~~~~~~~~^^^^^^^^^^^^^^^^^^^^^^^^^^^^^^^^^^
UnicodeEncodeError: 'charmap' codec can't encode characters in position 4-5: character maps to <undefined>

[2026-07-13 22:15:13] [INFO] ▶ Kích hoạt: Vĩ Mô (Macro)
[2026-07-13 22:15:19] [WARN] ⚠ Vĩ Mô (Macro) lỗi attempt 1: unknown error
[2026-07-13 22:15:19] [INFO] ⏰ Đợi Giá H1: còn 1.00h (13/07 23:15:02 VN)
[2026-07-14 06:23:57] [INFO] ▶ Kích hoạt: AI Điểm Tin
huyên Sâu
[2026-07-14 06:23:57] [WARN] ⚠ AI Phân Tích Chuyên Sâu lỗi attempt 1: unknown error
[2026-07-14 06:23:57] [INFO] ⏰ Đợi AI Phân Tích: còn 0.10h (14/07 06:30:02 VN)
[2026-07-14 06:24:31] [INFO] ✅ AI Điểm Tin hoàn thành (attempt 1)
[2026-07-14 06:24:31] [Sync] Bắt đầu đẩy dữ liệu lên Github (Kích hoạt bởi: AI Điểm Tin)...
[2026-07-14 06:24:35] [Sync] ✅ Đồng bộ Github thành công (AI Điểm Tin)!
[2026-07-14 06:24:35] [INFO] ⏰ Đợi AI News: còn 13.59h (14/07 20:00:02 VN)
[2026-07-14 06:30:02] [INFO] ▶ Kích hoạt: AI Phân Tích Chuyên Sâu
[2026-07-14 06:30:02] [WARN] ⚠ AI Phân Tích Chuyên Sâu lỗi attempt 1: unknown error
[2026-07-14 06:30:02] [INFO] ⏰ Đợi AI Phân Tích: còn 13.50h (14/07 20:00:02 VN)
[2026-07-14 06:39:09] [INFO] ▶ Kích hoạt: Giá H1 + Macro
[2026-07-14 06:39:11] [WARN] ⚠ Giá H1 + Macro lỗi attempt 1: errors,encoding_table)[0]
           ~~~~~~~~~~~~~~~~~~~~~^^^^^^^^^^^^^^^^^^^^^^^^^^^^^^^^^^
UnicodeEncodeError: 'charmap' codec can't encode characters in position 4-5: character maps to <undefined>

[2026-07-14 06:39:11] [INFO] ▶ Kích hoạt: Vĩ Mô (Macro)
[2026-07-14 06:39:15] [WARN] ⚠ Vĩ Mô (Macro) lỗi attempt 1: unknown error
[2026-07-14 06:39:15] [INFO] ⏰ Đợi Giá H1: còn 0.60h (14/07 07:15:02 VN)
[2026-07-14 07:15:02] [INFO] ▶ Kích hoạt: Giá H1 + Macro
[2026-07-14 07:15:04] [WARN] ⚠ Giá H1 + Macro lỗi attempt 1: errors,encoding_table)[0]
           ~~~~~~~~~~~~~~~~~~~~~^^^^^^^^^^^^^^^^^^^^^^^^^^^^^^^^^^
UnicodeEncodeError: 'charmap' codec can't encode characters in position 4-5: character maps to <undefined>

[2026-07-14 07:15:04] [INFO] ▶ Kích hoạt: Vĩ Mô (Macro)
[2026-07-14 07:15:07] [WARN] ⚠ Vĩ Mô (Macro) lỗi attempt 1: unknown error
[2026-07-14 07:15:07] [INFO] ⏰ Đợi Giá H1: còn 1.00h (14/07 08:15:02 VN)
[2026-07-14 08:15:02] [INFO] ▶ Kích hoạt: Giá H1 + Macro
[2026-07-14 08:15:04] [WARN] ⚠ Giá H1 + Macro lỗi attempt 1: errors,encoding_table)[0]
           ~~~~~~~~~~~~~~~~~~~~~^^^^^^^^^^^^^^^^^^^^^^^^^^^^^^^^^^
UnicodeEncodeError: 'charmap' codec can't encode characters in position 4-5: character maps to <undefined>

[2026-07-14 08:15:04] [INFO] ▶ Kích hoạt: Vĩ Mô (Macro)
[2026-07-14 08:15:07] [WARN] ⚠ Vĩ Mô (Macro) lỗi attempt 1: unknown error
[2026-07-14 08:15:07] [INFO] ⏰ Đợi Giá H1: còn 1.00h (14/07 09:15:02 VN)
[2026-07-14 08:23:55] [INFO] ▶ Kích hoạt: USDA Crop Progress
[2026-07-14 08:23:55] [WARN] ⚠ USDA Crop Progress lỗi attempt 1: errors,encoding_table)[0]
           ~~~~~~~~~~~~~~~~~~~~~^^^^^^^^^^^^^^^^^^^^^^^^^^^^^^^^^^
UnicodeEncodeError: 'charmap' codec can't encode characters in position 2-3: character maps to <undefined>

[2026-07-14 08:23:56] [WARN] ⚠ USDA Crop Progress lỗi attempt 2: errors,encoding_table)[0]
           ~~~~~~~~~~~~~~~~~~~~~^^^^^^^^^^^^^^^^^^^^^^^^^^^^^^^^^^
UnicodeEncodeError: 'charmap' codec can't encode characters in position 2-3: character maps to <undefined>

[2026-07-14 08:23:58] [WARN] ⚠ USDA Crop Progress lỗi attempt 3: errors,encoding_table)[0]
           ~~~~~~~~~~~~~~~~~~~~~^^^^^^^^^^^^^^^^^^^^^^^^^^^^^^^^^^
UnicodeEncodeError: 'charmap' codec can't encode characters in position 2-3: character maps to <undefined>

[2026-07-14 08:23:59] [WARN] ⚠ USDA Crop Progress lỗi attempt 4: errors,encoding_table)[0]
           ~~~~~~~~~~~~~~~~~~~~~^^^^^^^^^^^^^^^^^^^^^^^^^^^^^^^^^^
UnicodeEncodeError: 'charmap' codec can't encode characters in position 2-3: character maps to <undefined>

[2026-07-14 08:24:00] [WARN] ⚠ USDA Crop Progress lỗi attempt 5: errors,encoding_table)[0]
           ~~~~~~~~~~~~~~~~~~~~~^^^^^^^^^^^^^^^^^^^^^^^^^^^^^^^^^^
UnicodeEncodeError: 'charmap' codec can't encode characters in position 2-3: character maps to <undefined>

[2026-07-14 08:24:01] [WARN] ⚠ USDA Crop Progress lỗi attempt 6: errors,encoding_table)[0]
           ~~~~~~~~~~~~~~~~~~~~~^^^^^^^^^^^^^^^^^^^^^^^^^^^^^^^^^^
UnicodeEncodeError: 'charmap' codec can't encode characters in position 2-3: character maps to <undefined>

[2026-07-14 08:24:02] [WARN] ⚠ USDA Crop Progress lỗi attempt 7: errors,encoding_table)[0]
           ~~~~~~~~~~~~~~~~~~~~~^^^^^^^^^^^^^^^^^^^^^^^^^^^^^^^^^^
UnicodeEncodeError: 'charmap' codec can't encode characters in position 2-3: character maps to <undefined>

[2026-07-14 08:24:03] [WARN] ⚠ USDA Crop Progress lỗi attempt 8: errors,encoding_table)[0]
           ~~~~~~~~~~~~~~~~~~~~~^^^^^^^^^^^^^^^^^^^^^^^^^^^^^^^^^^
UnicodeEncodeError: 'charmap' codec can't encode characters in position 2-3: character maps to <undefined>

[2026-07-14 08:24:05] [WARN] ⚠ USDA Crop Progress lỗi attempt 9: errors,encoding_table)[0]
           ~~~~~~~~~~~~~~~~~~~~~^^^^^^^^^^^^^^^^^^^^^^^^^^^^^^^^^^
UnicodeEncodeError: 'charmap' codec can't encode characters in position 2-3: character maps to <undefined>

[2026-07-14 08:24:06] [WARN] ⚠ USDA Crop Progress lỗi attempt 10: errors,encoding_table)[0]
           ~~~~~~~~~~~~~~~~~~~~~^^^^^^^^^^^^^^^^^^^^^^^^^^^^^^^^^^
UnicodeEncodeError: 'charmap' codec can't encode characters in position 2-3: character maps to <undefined>

[2026-07-14 08:24:06] [INFO] ⏰ Đợi Crop Progress: còn 157.60h (20/07 22:00:02 VN)
[2026-07-14 09:15:02] [INFO] ▶ Kích hoạt: Giá H1 + Macro
[2026-07-14 09:15:05] [WARN] ⚠ Giá H1 + Macro lỗi attempt 1: errors,encoding_table)[0]
           ~~~~~~~~~~~~~~~~~~~~~^^^^^^^^^^^^^^^^^^^^^^^^^^^^^^^^^^
UnicodeEncodeError: 'charmap' codec can't encode characters in position 4-5: character maps to <undefined>

[2026-07-14 09:15:05] [INFO] ▶ Kích hoạt: Vĩ Mô (Macro)
[2026-07-14 09:15:09] [WARN] ⚠ Vĩ Mô (Macro) lỗi attempt 1: unknown error
[2026-07-14 09:15:09] [INFO] ⏰ Đợi Giá H1: còn 1.00h (14/07 10:15:02 VN)
[2026-07-14 09:46:28] [INFO] ============================================================
[2026-07-14 09:46:28] [INFO]   CBOT PRECISION SCHEDULER V2 — KHỞI ĐỘNG
[2026-07-14 09:46:28] [INFO] ============================================================
[2026-07-14 09:46:28] [INFO] Lịch trình đang chạy:
[2026-07-14 09:46:28] [INFO]   [Giá H1 + Macro]    : Phút :15 mỗi giờ giao dịch
[2026-07-14 09:46:28] [INFO]   [COT CFTC]          : Thứ Bảy 07:15 VN
[2026-07-14 09:46:28] [INFO]   [USDA Crop Progress]: Thứ Hai 22:00 VN
[2026-07-14 09:46:28] [INFO]   [Export Sales]      : Thứ Năm 21:32 VN
[2026-07-14 09:46:28] [INFO]   [WASDE Monthly]     : Ngày 10 hàng tháng, 23:00 VN
[2026-07-14 09:46:28] [INFO]   [Thời Tiết Ngắn]    : 06:00 hàng ngày
[2026-07-14 09:46:28] [INFO]   [ENSO Long-Term]    : Thứ Hai 06:30 VN
[2026-07-14 09:46:28] [INFO]   [USDA Acreage]      : 05:30 hàng ngày
[2026-07-14 09:46:28] [INFO]   [AI Điểm Tin]       : 06:00 và 20:00 hàng ngày
[2026-07-14 09:46:28] [INFO]   [AI Tin Biển Đen]   : Thứ Tư & Chủ Nhật 07:00 VN
[2026-07-14 09:46:28] [INFO]   [Số Liệu Mùa Vụ Nga]: 07:30 hàng ngày
[2026-07-14 09:46:28] [INFO]   [🧠 AI Phân Tích]   : 06:30 và 20:00 hàng ngày (T2-T6)
[2026-07-14 09:46:28] [INFO] ------------------------------------------------------------
[2026-07-14 09:46:28] [INFO]   ✅ Thread khởi động: job_prices
15:02 VN)
[2026-07-14 09:46:28] [INFO]   ✅ Thread khởi động: job_cot
7 07:15:02 VN)
[2026-07-14 09:46:28] [INFO]   ✅ Thread khởi động: job_crop_progress
:00:02 VN)
[2026-07-14 09:46:28] [INFO]   ✅ Thread khởi động: job_export_sales
32:02 VN)
[2026-07-14 09:46:28] [INFO]   ✅ Thread khởi động: job_wasde
10/08 23:00:02 VN)
[2026-07-14 09:46:28] [INFO] ⏰ Đợi Weather Short: còn 20.23h (15/07 06:00:02 VN)
[2026-07-14 09:46:28] [INFO] ⏰ Đợi ENSO Long-Term: còn 140.73h (20/07 06:30:02 VN)
[2026-07-14 09:46:28] [INFO]   ✅ Thread khởi động: job_weather_long
[2026-07-14 09:46:28] [INFO] ⏰ Đợi Acreage Reports: còn 19.73h (15/07 05:30:02 VN)
[2026-07-14 09:46:28] [INFO]   ✅ Thread khởi động: job_acreage
[2026-07-14 09:46:28] [INFO] ⏰ Đợi AI News: còn 10.23h (14/07 20:00:02 VN)
[2026-07-14 09:46:28] [INFO]   ✅ Thread khởi động: job_ai_news
[2026-07-14 09:46:28] [INFO] ⏰ Đợi Black Sea News: còn 21.23h (15/07 07:00:02 VN)
[2026-07-14 09:46:28] [INFO]   ✅ Thread khởi động: job_blacksea_news
[2026-07-14 09:46:28] [INFO] ⏰ Đợi AI Phân Tích: còn 10.23h (14/07 20:00:02 VN)
[2026-07-14 09:46:28] [INFO]   ✅ Thread khởi động: job_ai_analysis
[2026-07-14 09:46:28] [INFO] ============================================================
[2026-07-14 09:46:28] [INFO] Scheduler đang chạy ngầm. Nhấn Ctrl+C để dừng.
[2026-07-14 10:27:36] [INFO] ▶ Kích hoạt: Giá H1 + Macro
[2026-07-14 10:27:53] [INFO] ✅ Giá H1 + Macro hoàn thành (attempt 1)
[2026-07-14 10:27:53] [Sync] Bắt đầu đẩy dữ liệu lên Github (Kích hoạt bởi: Giá H1 + Macro)...
[2026-07-14 10:27:58] [Sync] ✅ Đồng bộ Github thành công (Giá H1 + Macro)!
[2026-07-14 10:27:58] [INFO] ▶ Kích hoạt: Vĩ Mô (Macro)
[2026-07-14 10:28:01] [INFO] ✅ Vĩ Mô (Macro) hoàn thành (attempt 1)
[2026-07-14 10:28:01] [Sync] Bắt đầu đẩy dữ liệu lên Github (Kích hoạt bởi: Vĩ Mô (Macro))...
[2026-07-14 10:28:04] [Sync] ✅ Đồng bộ Github thành công (Vĩ Mô (Macro))!
[2026-07-14 10:28:04] [INFO] Đang quét tín hiệu Telegram Alarm (SMC)...
[2026-07-14 10:28:06] [INFO] Đang chạy cập nhật Hồ sơ mã (run_pro_plus) và tạo Dashboard (gen_dashboard)...
[2026-07-14 10:28:13] [INFO] ⏰ Đợi Giá H1: còn 0.78h (14/07 11:15:02 VN)
[2026-07-14 10:36:35] [INFO] ============================================================
[2026-07-14 10:36:35] [INFO]   CBOT PRECISION SCHEDULER V2 — KHỞI ĐỘNG
[2026-07-14 10:36:35] [INFO] ============================================================
[2026-07-14 10:36:35] [INFO] Lịch trình đang chạy:
[2026-07-14 10:36:35] [INFO]   [Giá H1 + Macro]    : Phút :15 mỗi giờ giao dịch
[2026-07-14 10:36:35] [INFO]   [COT CFTC]          : Thứ Bảy 07:15 VN
[2026-07-14 10:36:35] [INFO]   [USDA Crop Progress]: Thứ Hai 22:00 VN
[2026-07-14 10:36:35] [INFO]   [Export Sales]      : Thứ Năm 21:32 VN
[2026-07-14 10:36:35] [INFO]   [WASDE Monthly]     : Ngày 10 hàng tháng, 23:00 VN
[2026-07-14 10:36:35] [INFO]   [Thời Tiết Ngắn]    : 06:00 hàng ngày
[2026-07-14 10:36:35] [INFO]   [ENSO Long-Term]    : Thứ Hai 06:30 VN
[2026-07-14 10:36:35] [INFO]   [USDA Acreage]      : 05:30 hàng ngày
[2026-07-14 10:36:35] [INFO]   [AI Điểm Tin]       : 06:00 và 20:00 hàng ngày
[2026-07-14 10:36:35] [INFO]   [AI Tin Biển Đen]   : Thứ Tư & Chủ Nhật 07:00 VN
[2026-07-14 10:36:35] [INFO]   [Số Liệu Mùa Vụ Nga]: 07:30 hàng ngày
[2026-07-14 10:36:35] [INFO]   [🧠 AI Phân Tích]   : 06:30 và 20:00 hàng ngày (T2-T6)
[2026-07-14 10:36:35] [INFO] ------------------------------------------------------------
[2026-07-14 10:36:35] [INFO]   ✅ Thread khởi động: job_prices
00:05 VN)
[2026-07-14 10:36:35] [INFO]   ✅ Thread khởi động: job_cot
7 07:15:02 VN)
[2026-07-14 10:36:35] [INFO]   ✅ Thread khởi động: job_crop_progress
:00:02 VN)
[2026-07-14 10:36:35] [INFO]   ✅ Thread khởi động: job_export_sales
32:02 VN)
[2026-07-14 10:36:35] [INFO]   ✅ Thread khởi động: job_wasde
10/08 23:00:02 VN)
[2026-07-14 10:36:35] [INFO] ⏰ Đợi Weather Short: còn 19.39h (15/07 06:00:02 VN)
[2026-07-14 10:36:35] [INFO]   ✅ Thread khởi động: job_weather_long
06:30:02 VN)
[2026-07-14 10:36:35] [INFO]   ✅ Thread khởi động: job_acreage
5/07 05:30:02 VN)
[2026-07-14 10:36:35] [INFO] ⏰ Đợi AI News: còn 9.39h (14/07 20:00:02 VN)
[2026-07-14 10:36:35] [INFO]   ✅ Thread khởi động: job_ai_news
[2026-07-14 10:36:35] [INFO] ⏰ Đợi Black Sea News: còn 20.39h (15/07 07:00:02 VN)
[2026-07-14 10:36:35] [INFO]   ✅ Thread khởi động: job_blacksea_news
[2026-07-14 10:36:35] [INFO] ⏰ Đợi AI Phân Tích: còn 9.39h (14/07 20:00:02 VN)
[2026-07-14 10:36:35] [INFO]   ✅ Thread khởi động: job_ai_analysis
[2026-07-14 10:36:35] [INFO] ============================================================
[2026-07-14 10:36:35] [INFO] Scheduler đang chạy ngầm. Nhấn Ctrl+C để dừng.
[2026-07-14 11:00:05] [INFO] ▶ Kích hoạt: Giá H1 + Macro
[2026-07-14 11:00:17] [INFO] ✅ Giá H1 + Macro hoàn thành (attempt 1)
[2026-07-14 11:00:17] [Sync] Bắt đầu đẩy dữ liệu lên Github (Kích hoạt bởi: Giá H1 + Macro)...
[2026-07-14 11:00:21] [Sync] ✅ Đồng bộ Github thành công (Giá H1 + Macro)!
[2026-07-14 11:00:21] [INFO] ▶ Kích hoạt: Vĩ Mô (Macro)
[2026-07-14 11:00:23] [INFO] ✅ Vĩ Mô (Macro) hoàn thành (attempt 1)
[2026-07-14 11:00:23] [Sync] Bắt đầu đẩy dữ liệu lên Github (Kích hoạt bởi: Vĩ Mô (Macro))...
[2026-07-14 11:00:27] [Sync] ✅ Đồng bộ Github thành công (Vĩ Mô (Macro))!
[2026-07-14 11:00:27] [INFO] Đang quét tín hiệu Telegram Alarm (SMC)...
[2026-07-14 11:00:28] [INFO] Đang chạy cập nhật Hồ sơ mã (run_pro_plus) và tạo Dashboard (gen_dashboard)...
[2026-07-14 11:00:36] [INFO] ⏰ Đợi Giá H1: còn 0.99h (14/07 12:00:05 VN)
[2026-07-14 11:41:28] [INFO] ▶ Kích hoạt: Giá H1 + Macro
[2026-07-14 11:41:36] [INFO] ✅ Giá H1 + Macro hoàn thành (attempt 1)
[2026-07-14 11:41:36] [Sync] Bắt đầu đẩy dữ liệu lên Github (Kích hoạt bởi: Giá H1 + Macro)...
[2026-07-14 11:41:40] [Sync] ✅ Đồng bộ Github thành công (Giá H1 + Macro)!
[2026-07-14 11:41:40] [INFO] ▶ Kích hoạt: Vĩ Mô (Macro)
[2026-07-14 11:41:43] [INFO] ✅ Vĩ Mô (Macro) hoàn thành (attempt 1)
[2026-07-14 11:41:43] [Sync] Bắt đầu đẩy dữ liệu lên Github (Kích hoạt bởi: Vĩ Mô (Macro))...
[2026-07-14 11:41:47] [Sync] ✅ Đồng bộ Github thành công (Vĩ Mô (Macro))!
[2026-07-14 11:41:47] [INFO] Đang quét tín hiệu Telegram Alarm (SMC)...
[2026-07-14 11:41:48] [INFO] Đang chạy cập nhật Hồ sơ mã (run_pro_plus) và tạo Dashboard (gen_dashboard)...
[2026-07-14 11:41:55] [INFO] ⏰ Đợi Giá H1: còn 0.55h (14/07 12:15:02 VN)
[2026-07-14 12:15:02] [INFO] ▶ Kích hoạt: Giá H1 + Macro
[2026-07-14 12:15:19] [INFO] ✅ Giá H1 + Macro hoàn thành (attempt 1)
[2026-07-14 12:15:19] [Sync] Bắt đầu đẩy dữ liệu lên Github (Kích hoạt bởi: Giá H1 + Macro)...
[2026-07-14 12:15:24] [Sync] ✅ Đồng bộ Github thành công (Giá H1 + Macro)!
[2026-07-14 12:15:24] [INFO] ▶ Kích hoạt: Vĩ Mô (Macro)
[2026-07-14 12:15:29] [INFO] ✅ Vĩ Mô (Macro) hoàn thành (attempt 1)
[2026-07-14 12:15:29] [Sync] Bắt đầu đẩy dữ liệu lên Github (Kích hoạt bởi: Vĩ Mô (Macro))...
[2026-07-14 12:15:32] [Sync] ✅ Đồng bộ Github thành công (Vĩ Mô (Macro))!
[2026-07-14 12:15:32] [INFO] Đang quét tín hiệu Telegram Alarm (SMC)...
[2026-07-14 12:15:33] [INFO] Đang chạy cập nhật Hồ sơ mã (run_pro_plus) và tạo Dashboard (gen_dashboard)...
[2026-07-14 12:15:40] [INFO] ⏰ Đợi Giá H1: còn 0.99h (14/07 13:15:02 VN)
[2026-07-14 12:26:31] [INFO] ▶ Kích hoạt: Giá H1 + Macro
[2026-07-14 12:26:44] [INFO] ✅ Giá H1 + Macro hoàn thành (attempt 1)
[2026-07-14 12:26:44] [Sync] Bắt đầu đẩy dữ liệu lên Github (Kích hoạt bởi: Giá H1 + Macro)...
[2026-07-14 12:26:47] [Sync] ✅ Đồng bộ Github thành công (Giá H1 + Macro)!
[2026-07-14 12:26:47] [INFO] ▶ Kích hoạt: Vĩ Mô (Macro)
[2026-07-14 12:26:50] [INFO] ✅ Vĩ Mô (Macro) hoàn thành (attempt 1)
[2026-07-14 12:26:50] [Sync] Bắt đầu đẩy dữ liệu lên Github (Kích hoạt bởi: Vĩ Mô (Macro))...
[2026-07-14 12:26:53] [Sync] ✅ Đồng bộ Github thành công (Vĩ Mô (Macro))!
[2026-07-14 12:26:53] [INFO] Đang quét tín hiệu Telegram Alarm (SMC)...
[2026-07-14 12:26:54] [INFO] Đang chạy cập nhật Hồ sơ mã (run_pro_plus) và tạo Dashboard (gen_dashboard)...
[2026-07-14 12:27:01] [INFO] ⏰ Đợi Giá H1: còn 0.55h (14/07 13:00:05 VN)
[2026-07-14 13:00:05] [INFO] ▶ Kích hoạt: Giá H1 + Macro
[2026-07-14 13:00:13] [INFO] ✅ Giá H1 + Macro hoàn thành (attempt 1)
[2026-07-14 13:00:13] [Sync] Bắt đầu đẩy dữ liệu lên Github (Kích hoạt bởi: Giá H1 + Macro)...
[2026-07-14 13:00:16] [Sync] ✅ Đồng bộ Github thành công (Giá H1 + Macro)!
[2026-07-14 13:00:16] [INFO] ▶ Kích hoạt: Vĩ Mô (Macro)
[2026-07-14 13:00:19] [INFO] ✅ Vĩ Mô (Macro) hoàn thành (attempt 1)
[2026-07-14 13:00:19] [Sync] Bắt đầu đẩy dữ liệu lên Github (Kích hoạt bởi: Vĩ Mô (Macro))...
[2026-07-14 13:00:24] [Sync] ✅ Đồng bộ Github thành công (Vĩ Mô (Macro))!
[2026-07-14 13:00:24] [INFO] Đang quét tín hiệu Telegram Alarm (SMC)...
[2026-07-14 13:00:25] [INFO] Đang chạy cập nhật Hồ sơ mã (run_pro_plus) và tạo Dashboard (gen_dashboard)...
[2026-07-14 13:00:31] [INFO] ⏰ Đợi Giá H1: còn 0.99h (14/07 14:00:05 VN)
[2026-07-14 13:15:02] [INFO] ▶ Kích hoạt: Giá H1 + Macro
[2026-07-14 13:15:17] [INFO] ✅ Giá H1 + Macro hoàn thành (attempt 1)
[2026-07-14 13:15:17] [Sync] Bắt đầu đẩy dữ liệu lên Github (Kích hoạt bởi: Giá H1 + Macro)...
[2026-07-14 13:15:21] [Sync] ✅ Đồng bộ Github thành công (Giá H1 + Macro)!
[2026-07-14 13:15:21] [INFO] ▶ Kích hoạt: Vĩ Mô (Macro)
[2026-07-14 13:15:24] [INFO] ✅ Vĩ Mô (Macro) hoàn thành (attempt 1)
[2026-07-14 13:15:24] [Sync] Bắt đầu đẩy dữ liệu lên Github (Kích hoạt bởi: Vĩ Mô (Macro))...
[2026-07-14 13:15:29] [Sync] ✅ Đồng bộ Github thành công (Vĩ Mô (Macro))!
[2026-07-14 13:15:29] [INFO] Đang quét tín hiệu Telegram Alarm (SMC)...
[2026-07-14 13:15:30] [INFO] Đang chạy cập nhật Hồ sơ mã (run_pro_plus) và tạo Dashboard (gen_dashboard)...
[2026-07-14 13:15:37] [INFO] ⏰ Đợi Giá H1: còn 0.99h (14/07 14:15:02 VN)
[2026-07-14 14:00:05] [INFO] ▶ Kích hoạt: Giá H1 + Macro
[2026-07-14 14:00:13] [INFO] ✅ Giá H1 + Macro hoàn thành (attempt 1)
[2026-07-14 14:00:13] [Sync] Bắt đầu đẩy dữ liệu lên Github (Kích hoạt bởi: Giá H1 + Macro)...
[2026-07-14 14:00:17] [Sync] ✅ Đồng bộ Github thành công (Giá H1 + Macro)!
[2026-07-14 14:00:17] [INFO] ▶ Kích hoạt: Vĩ Mô (Macro)
[2026-07-14 14:00:20] [INFO] ✅ Vĩ Mô (Macro) hoàn thành (attempt 1)
[2026-07-14 14:00:20] [Sync] Bắt đầu đẩy dữ liệu lên Github (Kích hoạt bởi: Vĩ Mô (Macro))...
[2026-07-14 14:00:23] [Sync] ✅ Đồng bộ Github thành công (Vĩ Mô (Macro))!
[2026-07-14 14:00:23] [INFO] Đang quét tín hiệu Telegram Alarm (SMC)...
[2026-07-14 14:00:25] [INFO] Đang chạy cập nhật Hồ sơ mã (run_pro_plus) và tạo Dashboard (gen_dashboard)...
[2026-07-14 14:00:33] [INFO] ⏰ Đợi Giá H1: còn 0.99h (14/07 15:00:05 VN)
[2026-07-14 14:15:02] [INFO] ▶ Kích hoạt: Giá H1 + Macro
[2026-07-14 14:15:10] [INFO] ✅ Giá H1 + Macro hoàn thành (attempt 1)
[2026-07-14 14:15:10] [Sync] Bắt đầu đẩy dữ liệu lên Github (Kích hoạt bởi: Giá H1 + Macro)...
[2026-07-14 14:15:14] [Sync] ✅ Đồng bộ Github thành công (Giá H1 + Macro)!
[2026-07-14 14:15:14] [INFO] ▶ Kích hoạt: Vĩ Mô (Macro)
[2026-07-14 14:15:17] [INFO] ✅ Vĩ Mô (Macro) hoàn thành (attempt 1)
[2026-07-14 14:15:17] [Sync] Bắt đầu đẩy dữ liệu lên Github (Kích hoạt bởi: Vĩ Mô (Macro))...
[2026-07-14 14:15:20] [Sync] ✅ Đồng bộ Github thành công (Vĩ Mô (Macro))!
[2026-07-14 14:15:20] [INFO] Đang quét tín hiệu Telegram Alarm (SMC)...
[2026-07-14 14:15:21] [INFO] Đang chạy cập nhật Hồ sơ mã (run_pro_plus) và tạo Dashboard (gen_dashboard)...
[2026-07-14 14:15:28] [INFO] ⏰ Đợi Giá H1: còn 0.99h (14/07 15:15:02 VN)
[2026-07-14 15:08:46] [INFO] ▶ Kích hoạt: Giá H1 + Macro
[2026-07-14 15:09:10] [INFO] ✅ Giá H1 + Macro hoàn thành (attempt 1)
[2026-07-14 15:09:10] [Sync] Bắt đầu đẩy dữ liệu lên Github (Kích hoạt bởi: Giá H1 + Macro)...
[2026-07-14 15:09:14] [Sync] ✅ Đồng bộ Github thành công (Giá H1 + Macro)!
[2026-07-14 15:09:14] [INFO] ▶ Kích hoạt: Vĩ Mô (Macro)
[2026-07-14 15:09:17] [INFO] ✅ Vĩ Mô (Macro) hoàn thành (attempt 1)
[2026-07-14 15:09:17] [Sync] Bắt đầu đẩy dữ liệu lên Github (Kích hoạt bởi: Vĩ Mô (Macro))...
[2026-07-14 15:09:21] [Sync] ✅ Đồng bộ Github thành công (Vĩ Mô (Macro))!
[2026-07-14 15:09:21] [INFO] Đang quét tín hiệu Telegram Alarm (SMC)...
[2026-07-14 15:09:22] [INFO] Đang chạy cập nhật Hồ sơ mã (run_pro_plus) và tạo Dashboard (gen_dashboard)...
[2026-07-14 15:09:30] [INFO] ⏰ Đợi Giá H1: còn 0.84h (14/07 16:00:05 VN)
[2026-07-14 15:23:43] [INFO] ▶ Kích hoạt: Giá H1 + Macro
[2026-07-14 15:23:52] [INFO] ✅ Giá H1 + Macro hoàn thành (attempt 1)
[2026-07-14 15:23:52] [Sync] Bắt đầu đẩy dữ liệu lên Github (Kích hoạt bởi: Giá H1 + Macro)...
[2026-07-14 15:23:56] [Sync] ✅ Đồng bộ Github thành công (Giá H1 + Macro)!
[2026-07-14 15:23:56] [INFO] ▶ Kích hoạt: Vĩ Mô (Macro)
[2026-07-14 15:24:00] [INFO] ✅ Vĩ Mô (Macro) hoàn thành (attempt 1)
[2026-07-14 15:24:00] [Sync] Bắt đầu đẩy dữ liệu lên Github (Kích hoạt bởi: Vĩ Mô (Macro))...
[2026-07-14 15:24:04] [Sync] ✅ Đồng bộ Github thành công (Vĩ Mô (Macro))!
[2026-07-14 15:24:04] [INFO] Đang quét tín hiệu Telegram Alarm (SMC)...
[2026-07-14 15:24:05] [INFO] Đang chạy cập nhật Hồ sơ mã (run_pro_plus) và tạo Dashboard (gen_dashboard)...
[2026-07-14 15:24:13] [INFO] ⏰ Đợi Giá H1: còn 0.85h (14/07 16:15:02 VN)
[2026-07-14 17:04:52] [WARN] ⚠ Thread job_prices đã chết! Đang khởi động lại...
[2026-07-14 17:05:52] [WARN] ⚠ Thread job_prices đã chết! Đang khởi động lại...
[2026-07-14 17:06:52] [WARN] ⚠ Thread job_prices đã chết! Đang khởi động lại...
[2026-07-14 17:07:52] [WARN] ⚠ Thread job_prices đã chết! Đang khởi động lại...
[2026-07-14 17:08:52] [WARN] ⚠ Thread job_prices đã chết! Đang khởi động lại...
[2026-07-14 17:09:52] [WARN] ⚠ Thread job_prices đã chết! Đang khởi động lại...
[2026-07-14 17:10:52] [WARN] ⚠ Thread job_prices đã chết! Đang khởi động lại...
[2026-07-14 17:11:52] [WARN] ⚠ Thread job_prices đã chết! Đang khởi động lại...
[2026-07-14 18:06:35] [WARN] ⚠ Thread job_prices đã chết! Đang khởi động lại...
[2026-07-14 18:07:35] [WARN] ⚠ Thread job_prices đã chết! Đang khởi động lại...
[2026-07-14 18:08:35] [WARN] ⚠ Thread job_prices đã chết! Đang khởi động lại...
[2026-07-14 18:09:35] [WARN] ⚠ Thread job_prices đã chết! Đang khởi động lại...
[2026-07-14 18:10:35] [WARN] ⚠ Thread job_prices đã chết! Đang khởi động lại...
[2026-07-14 18:11:35] [WARN] ⚠ Thread job_prices đã chết! Đang khởi động lại...
[2026-07-14 18:12:35] [WARN] ⚠ Thread job_prices đã chết! Đang khởi động lại...
[2026-07-14 18:12:52] [INFO] ▶ Kích hoạt: Giá H1 + Macro
[2026-07-14 18:12:59] [INFO] ✅ Giá H1 + Macro hoàn thành (attempt 1)
[2026-07-14 18:12:59] [Sync] Bắt đầu đẩy dữ liệu lên Github (Kích hoạt bởi: Giá H1 + Macro)...
[2026-07-14 18:13:04] [Sync] ✅ Đồng bộ Github thành công (Giá H1 + Macro)!
[2026-07-14 18:13:04] [INFO] ▶ Kích hoạt: Vĩ Mô (Macro)
[2026-07-14 18:13:07] [INFO] ✅ Vĩ Mô (Macro) hoàn thành (attempt 1)
[2026-07-14 18:13:07] [Sync] Bắt đầu đẩy dữ liệu lên Github (Kích hoạt bởi: Vĩ Mô (Macro))...
[2026-07-14 18:13:10] [Sync] ✅ Đồng bộ Github thành công (Vĩ Mô (Macro))!
[2026-07-14 18:13:10] [INFO] Đang quét tín hiệu Telegram Alarm (SMC)...
[2026-07-14 18:13:11] [INFO] Đang chạy cập nhật Hồ sơ mã (run_pro_plus) và tạo Dashboard (gen_dashboard)...
[2026-07-14 18:13:17] [INFO] ⏰ Đợi Giá H1: còn 0.03h (14/07 18:15:02 VN)
[2026-07-14 18:13:35] [WARN] ⚠ Thread job_prices đã chết! Đang khởi động lại...
[2026-07-14 18:14:35] [WARN] ⚠ Thread job_prices đã chết! Đang khởi động lại...
[2026-07-14 18:15:02] [INFO] ▶ Kích hoạt: Giá H1 + Macro
[2026-07-14 18:15:20] [INFO] ✅ Giá H1 + Macro hoàn thành (attempt 1)
[2026-07-14 18:15:20] [Sync] Bắt đầu đẩy dữ liệu lên Github (Kích hoạt bởi: Giá H1 + Macro)...
[2026-07-14 18:15:24] [Sync] ✅ Đồng bộ Github thành công (Giá H1 + Macro)!
[2026-07-14 18:15:24] [INFO] ▶ Kích hoạt: Vĩ Mô (Macro)
[2026-07-14 18:15:27] [INFO] ✅ Vĩ Mô (Macro) hoàn thành (attempt 1)
[2026-07-14 18:15:27] [Sync] Bắt đầu đẩy dữ liệu lên Github (Kích hoạt bởi: Vĩ Mô (Macro))...
[2026-07-14 18:15:30] [Sync] ✅ Đồng bộ Github thành công (Vĩ Mô (Macro))!
[2026-07-14 18:15:30] [INFO] Đang quét tín hiệu Telegram Alarm (SMC)...
[2026-07-14 18:15:31] [INFO] Đang chạy cập nhật Hồ sơ mã (run_pro_plus) và tạo Dashboard (gen_dashboard)...
[2026-07-14 18:15:35] [WARN] ⚠ Thread job_prices đã chết! Đang khởi động lại...
[2026-07-14 18:15:37] [INFO] ⏰ Đợi Giá H1: còn 0.99h (14/07 19:15:02 VN)
[2026-07-14 18:16:35] [WARN] ⚠ Thread job_prices đã chết! Đang khởi động lại...
[2026-07-14 18:17:35] [WARN] ⚠ Thread job_prices đã chết! Đang khởi động lại...
[2026-07-14 18:18:35] [WARN] ⚠ Thread job_prices đã chết! Đang khởi động lại...
[2026-07-14 18:19:35] [WARN] ⚠ Thread job_prices đã chết! Đang khởi động lại...
[2026-07-14 18:20:35] [WARN] ⚠ Thread job_prices đã chết! Đang khởi động lại...
[2026-07-14 18:21:35] [WARN] ⚠ Thread job_prices đã chết! Đang khởi động lại...
[2026-07-14 18:22:35] [WARN] ⚠ Thread job_prices đã chết! Đang khởi động lại...
[2026-07-14 18:23:35] [WARN] ⚠ Thread job_prices đã chết! Đang khởi động lại...
[2026-07-14 18:24:35] [WARN] ⚠ Thread job_prices đã chết! Đang khởi động lại...
[2026-07-14 18:25:35] [WARN] ⚠ Thread job_prices đã chết! Đang khởi động lại...
[2026-07-14 18:26:35] [WARN] ⚠ Thread job_prices đã chết! Đang khởi động lại...
[2026-07-14 18:27:35] [WARN] ⚠ Thread job_prices đã chết! Đang khởi động lại...
[2026-07-14 18:28:35] [WARN] ⚠ Thread job_prices đã chết! Đang khởi động lại...
[2026-07-14 18:29:35] [WARN] ⚠ Thread job_prices đã chết! Đang khởi động lại...
[2026-07-14 18:30:35] [WARN] ⚠ Thread job_prices đã chết! Đang khởi động lại...
[2026-07-14 18:31:35] [WARN] ⚠ Thread job_prices đã chết! Đang khởi động lại...
[2026-07-14 18:32:35] [WARN] ⚠ Thread job_prices đã chết! Đang khởi động lại...
[2026-07-14 18:33:35] [WARN] ⚠ Thread job_prices đã chết! Đang khởi động lại...
[2026-07-14 18:34:35] [WARN] ⚠ Thread job_prices đã chết! Đang khởi động lại...
[2026-07-14 18:35:35] [WARN] ⚠ Thread job_prices đã chết! Đang khởi động lại...
[2026-07-14 18:36:35] [WARN] ⚠ Thread job_prices đã chết! Đang khởi động lại...
[2026-07-14 18:37:35] [WARN] ⚠ Thread job_prices đã chết! Đang khởi động lại...
[2026-07-14 18:38:35] [WARN] ⚠ Thread job_prices đã chết! Đang khởi động lại...
[2026-07-14 18:39:35] [WARN] ⚠ Thread job_prices đã chết! Đang khởi động lại...
[2026-07-14 18:40:35] [WARN] ⚠ Thread job_prices đã chết! Đang khởi động lại...
[2026-07-14 18:41:35] [WARN] ⚠ Thread job_prices đã chết! Đang khởi động lại...
[2026-07-14 18:42:35] [WARN] ⚠ Thread job_prices đã chết! Đang khởi động lại...
[2026-07-14 18:43:35] [WARN] ⚠ Thread job_prices đã chết! Đang khởi động lại...
[2026-07-14 18:44:35] [WARN] ⚠ Thread job_prices đã chết! Đang khởi động lại...
[2026-07-14 18:45:35] [WARN] ⚠ Thread job_prices đã chết! Đang khởi động lại...
[2026-07-14 18:46:35] [WARN] ⚠ Thread job_prices đã chết! Đang khởi động lại...
[2026-07-14 18:47:35] [WARN] ⚠ Thread job_prices đã chết! Đang khởi động lại...
[2026-07-14 18:48:35] [WARN] ⚠ Thread job_prices đã chết! Đang khởi động lại...
[2026-07-14 18:49:35] [WARN] ⚠ Thread job_prices đã chết! Đang khởi động lại...
[2026-07-14 18:50:35] [WARN] ⚠ Thread job_prices đã chết! Đang khởi động lại...
[2026-07-14 18:51:35] [WARN] ⚠ Thread job_prices đã chết! Đang khởi động lại...
[2026-07-14 18:52:35] [WARN] ⚠ Thread job_prices đã chết! Đang khởi động lại...
[2026-07-14 18:53:35] [WARN] ⚠ Thread job_prices đã chết! Đang khởi động lại...
[2026-07-14 18:54:35] [WARN] ⚠ Thread job_prices đã chết! Đang khởi động lại...
[2026-07-14 18:55:35] [WARN] ⚠ Thread job_prices đã chết! Đang khởi động lại...
[2026-07-14 18:56:35] [WARN] ⚠ Thread job_prices đã chết! Đang khởi động lại...
[2026-07-14 18:57:35] [WARN] ⚠ Thread job_prices đã chết! Đang khởi động lại...
[2026-07-14 18:58:35] [WARN] ⚠ Thread job_prices đã chết! Đang khởi động lại...
[2026-07-14 18:59:35] [WARN] ⚠ Thread job_prices đã chết! Đang khởi động lại...
[2026-07-14 19:00:35] [WARN] ⚠ Thread job_prices đã chết! Đang khởi động lại...
[2026-07-14 19:01:35] [WARN] ⚠ Thread job_prices đã chết! Đang khởi động lại...
[2026-07-14 19:02:35] [WARN] ⚠ Thread job_prices đã chết! Đang khởi động lại...
[2026-07-14 19:03:35] [WARN] ⚠ Thread job_prices đã chết! Đang khởi động lại...
[2026-07-14 19:04:35] [WARN] ⚠ Thread job_prices đã chết! Đang khởi động lại...
[2026-07-14 19:05:35] [WARN] ⚠ Thread job_prices đã chết! Đang khởi động lại...
[2026-07-14 19:06:35] [WARN] ⚠ Thread job_prices đã chết! Đang khởi động lại...
[2026-07-14 19:07:35] [WARN] ⚠ Thread job_prices đã chết! Đang khởi động lại...
[2026-07-14 19:08:35] [WARN] ⚠ Thread job_prices đã chết! Đang khởi động lại...
[2026-07-14 19:09:35] [WARN] ⚠ Thread job_prices đã chết! Đang khởi động lại...
[2026-07-14 19:10:35] [WARN] ⚠ Thread job_prices đã chết! Đang khởi động lại...
[2026-07-14 19:11:35] [WARN] ⚠ Thread job_prices đã chết! Đang khởi động lại...
[2026-07-14 19:12:35] [WARN] ⚠ Thread job_prices đã chết! Đang khởi động lại...
[2026-07-14 19:13:35] [WARN] ⚠ Thread job_prices đã chết! Đang khởi động lại...
[2026-07-14 19:14:35] [WARN] ⚠ Thread job_prices đã chết! Đang khởi động lại...
[2026-07-14 19:15:02] [INFO] ▶ Kích hoạt: Giá H1 + Macro
[2026-07-14 19:15:16] [INFO] ✅ Giá H1 + Macro hoàn thành (attempt 1)
[2026-07-14 19:15:16] [Sync] Bắt đầu đẩy dữ liệu lên Github (Kích hoạt bởi: Giá H1 + Macro)...
[2026-07-14 19:15:21] [Sync] ✅ Đồng bộ Github thành công (Giá H1 + Macro)!
[2026-07-14 19:15:21] [INFO] ▶ Kích hoạt: Vĩ Mô (Macro)
[2026-07-14 19:15:24] [INFO] ✅ Vĩ Mô (Macro) hoàn thành (attempt 1)
[2026-07-14 19:15:24] [Sync] Bắt đầu đẩy dữ liệu lên Github (Kích hoạt bởi: Vĩ Mô (Macro))...
[2026-07-14 19:15:28] [Sync] ✅ Đồng bộ Github thành công (Vĩ Mô (Macro))!
[2026-07-14 19:15:28] [INFO] Đang quét tín hiệu Telegram Alarm (SMC)...
[2026-07-14 19:15:29] [INFO] Đang chạy cập nhật Hồ sơ mã (run_pro_plus) và tạo Dashboard (gen_dashboard)...
[2026-07-14 19:15:35] [WARN] ⚠ Thread job_prices đã chết! Đang khởi động lại...
[2026-07-14 19:15:36] [INFO] ⏰ Đợi Giá H1: còn 0.99h (14/07 20:15:02 VN)
[2026-07-14 19:16:35] [WARN] ⚠ Thread job_prices đã chết! Đang khởi động lại...
[2026-07-14 19:17:35] [WARN] ⚠ Thread job_prices đã chết! Đang khởi động lại...
[2026-07-14 19:18:35] [WARN] ⚠ Thread job_prices đã chết! Đang khởi động lại...
[2026-07-14 19:19:35] [WARN] ⚠ Thread job_prices đã chết! Đang khởi động lại...
[2026-07-14 19:20:35] [WARN] ⚠ Thread job_prices đã chết! Đang khởi động lại...
[2026-07-14 19:21:35] [WARN] ⚠ Thread job_prices đã chết! Đang khởi động lại...
[2026-07-14 19:22:35] [WARN] ⚠ Thread job_prices đã chết! Đang khởi động lại...
[2026-07-14 19:23:35] [WARN] ⚠ Thread job_prices đã chết! Đang khởi động lại...
[2026-07-14 20:27:23] [INFO] ▶ Kích hoạt: Giá H1 + Macro
[2026-07-14 20:27:34] [INFO] ✅ Giá H1 + Macro hoàn thành (attempt 1)
[2026-07-14 20:27:34] [Sync] Bắt đầu đẩy dữ liệu lên Github (Kích hoạt bởi: Giá H1 + Macro)...
[2026-07-14 20:27:39] [Sync] ✅ Đồng bộ Github thành công (Giá H1 + Macro)!
[2026-07-14 20:27:39] [INFO] ▶ Kích hoạt: Vĩ Mô (Macro)
[2026-07-14 20:27:42] [INFO] ✅ Vĩ Mô (Macro) hoàn thành (attempt 1)
[2026-07-14 20:27:42] [Sync] Bắt đầu đẩy dữ liệu lên Github (Kích hoạt bởi: Vĩ Mô (Macro))...
[2026-07-14 20:27:45] [Sync] ✅ Đồng bộ Github thành công (Vĩ Mô (Macro))!
[2026-07-14 20:27:45] [INFO] Đang quét tín hiệu Telegram Alarm (SMC)...
[2026-07-14 20:27:46] [INFO] Đang chạy cập nhật Hồ sơ mã (run_pro_plus) và tạo Dashboard (gen_dashboard)...
[2026-07-14 20:27:53] [INFO] ⏰ Đợi Giá H1: còn 0.79h (14/07 21:15:02 VN)
[2026-07-14 21:15:02] [INFO] ▶ Kích hoạt: Giá H1 + Macro
[2026-07-14 21:15:20] [INFO] ✅ Giá H1 + Macro hoàn thành (attempt 1)
[2026-07-14 21:15:20] [Sync] Bắt đầu đẩy dữ liệu lên Github (Kích hoạt bởi: Giá H1 + Macro)...
[2026-07-14 21:15:24] [Sync] ✅ Đồng bộ Github thành công (Giá H1 + Macro)!
[2026-07-14 21:15:24] [INFO] ▶ Kích hoạt: Vĩ Mô (Macro)
[2026-07-14 21:15:27] [INFO] ✅ Vĩ Mô (Macro) hoàn thành (attempt 1)
[2026-07-14 21:15:27] [Sync] Bắt đầu đẩy dữ liệu lên Github (Kích hoạt bởi: Vĩ Mô (Macro))...
[2026-07-14 21:15:31] [Sync] ✅ Đồng bộ Github thành công (Vĩ Mô (Macro))!
[2026-07-14 21:15:31] [INFO] Đang quét tín hiệu Telegram Alarm (SMC)...
[2026-07-14 21:15:32] [INFO] Đang chạy cập nhật Hồ sơ mã (run_pro_plus) và tạo Dashboard (gen_dashboard)...
[2026-07-14 21:15:39] [INFO] ⏰ Đợi Giá H1: còn 0.99h (14/07 22:15:02 VN)
[2026-07-14 22:15:02] [INFO] ▶ Kích hoạt: Giá H1 + Macro
[2026-07-14 22:15:09] [INFO] ✅ Giá H1 + Macro hoàn thành (attempt 1)
[2026-07-14 22:15:09] [Sync] Bắt đầu đẩy dữ liệu lên Github (Kích hoạt bởi: Giá H1 + Macro)...
[2026-07-14 22:15:13] [Sync] ✅ Đồng bộ Github thành công (Giá H1 + Macro)!
[2026-07-14 22:15:13] [INFO] ▶ Kích hoạt: Vĩ Mô (Macro)
[2026-07-14 22:15:16] [INFO] ✅ Vĩ Mô (Macro) hoàn thành (attempt 1)
[2026-07-14 22:15:16] [Sync] Bắt đầu đẩy dữ liệu lên Github (Kích hoạt bởi: Vĩ Mô (Macro))...
[2026-07-14 22:15:19] [Sync] ✅ Đồng bộ Github thành công (Vĩ Mô (Macro))!
[2026-07-14 22:15:19] [INFO] Đang quét tín hiệu Telegram Alarm (SMC)...
[2026-07-14 22:15:20] [INFO] Đang chạy cập nhật Hồ sơ mã (run_pro_plus) và tạo Dashboard (gen_dashboard)...
[2026-07-14 22:15:27] [INFO] ⏰ Đợi Giá H1: còn 0.99h (14/07 23:15:02 VN)
[2026-07-15 07:11:07] [INFO] ▶ Kích hoạt: AI Điểm Tin
huyên Sâu
[2026-07-15 07:11:32] [INFO] ✅ AI Phân Tích Chuyên Sâu hoàn thành (attempt 1)
[2026-07-15 07:11:32] [Sync] Bắt đầu đẩy dữ liệu lên Github (Kích hoạt bởi: AI Phân Tích Chuyên Sâu)...
[2026-07-15 07:11:38] [Sync] ✅ Đồng bộ Github thành công (AI Phân Tích Chuyên Sâu)!
[2026-07-15 07:11:38] [INFO] ⏰ Đợi AI Phân Tích: còn 12.81h (15/07 20:00:02 VN)
[2026-07-15 07:11:51] [INFO] ✅ AI Điểm Tin hoàn thành (attempt 1)
[2026-07-15 07:11:51] [Sync] Bắt đầu đẩy dữ liệu lên Github (Kích hoạt bởi: AI Điểm Tin)...
[2026-07-15 07:11:55] [Sync] ✅ Đồng bộ Github thành công (AI Điểm Tin)!
[2026-07-15 07:11:55] [INFO] ⏰ Đợi AI News: còn 12.80h (15/07 20:00:02 VN)
[2026-07-15 08:23:36] [INFO] ▶ Kích hoạt: Giá H1 + Macro
[2026-07-15 08:24:11] [INFO] ✅ Giá H1 + Macro hoàn thành (attempt 1)
[2026-07-15 08:24:11] [Sync] Bắt đầu đẩy dữ liệu lên Github (Kích hoạt bởi: Giá H1 + Macro)...
[2026-07-15 08:24:17] [Sync] ✅ Đồng bộ Github thành công (Giá H1 + Macro)!
[2026-07-15 08:24:17] [INFO] ▶ Kích hoạt: Vĩ Mô (Macro)
[2026-07-15 08:24:21] [INFO] ✅ Vĩ Mô (Macro) hoàn thành (attempt 1)
[2026-07-15 08:24:21] [Sync] Bắt đầu đẩy dữ liệu lên Github (Kích hoạt bởi: Vĩ Mô (Macro))...
[2026-07-15 08:24:25] [Sync] ✅ Đồng bộ Github thành công (Vĩ Mô (Macro))!
[2026-07-15 08:24:25] [INFO] Đang quét tín hiệu Telegram Alarm (SMC)...
[2026-07-15 08:24:27] [INFO] Đang chạy cập nhật Hồ sơ mã (run_pro_plus) và tạo Dashboard (gen_dashboard)...
[2026-07-15 08:24:36] [INFO] ⏰ Đợi Giá H1: còn 0.84h (15/07 09:15:02 VN)
[2026-07-15 09:03:36] [INFO] ============================================================
[2026-07-15 09:03:36] [INFO]   CBOT PRECISION SCHEDULER V2 — KHỞI ĐỘNG
[2026-07-15 09:03:36] [INFO] ============================================================
[2026-07-15 09:03:36] [INFO] Lịch trình đang chạy:
[2026-07-15 09:03:36] [INFO]   [Giá H1 + Macro]    : Phút :15 mỗi giờ giao dịch
[2026-07-15 09:03:36] [INFO]   [COT CFTC]          : Thứ Bảy 07:15 VN
[2026-07-15 09:03:36] [INFO]   [USDA Crop Progress]: Thứ Hai 22:00 VN
[2026-07-15 09:03:36] [INFO]   [Export Sales]      : Thứ Năm 21:32 VN
[2026-07-15 09:03:36] [INFO]   [WASDE Monthly]     : Ngày 10 hàng tháng, 23:00 VN
[2026-07-15 09:03:36] [INFO]   [Thời Tiết Ngắn]    : 06:00 hàng ngày
[2026-07-15 09:03:36] [INFO]   [ENSO Long-Term]    : Thứ Hai 06:30 VN
[2026-07-15 09:03:36] [INFO]   [USDA Acreage]      : 05:30 hàng ngày
[2026-07-15 09:03:36] [INFO]   [AI Điểm Tin]       : 06:00 và 20:00 hàng ngày
[2026-07-15 09:03:36] [INFO]   [AI Tin Biển Đen]   : Thứ Tư & Chủ Nhật 07:00 VN
[2026-07-15 09:03:36] [INFO]   [Số Liệu Mùa Vụ Nga]: 07:30 hàng ngày
[2026-07-15 09:03:36] [INFO]   [🧠 AI Phân Tích]   : 06:30 và 20:00 hàng ngày (T2-T6)
[2026-07-15 09:03:36] [INFO] ------------------------------------------------------------
[2026-07-15 09:03:36] [INFO]   ✅ Thread khởi động: job_prices
15:05 VN)
[2026-07-15 09:03:36] [INFO]   ✅ Thread khởi động: job_cot
7 07:15:02 VN)
[2026-07-15 09:03:36] [INFO]   ✅ Thread khởi động: job_crop_progress
:00:02 VN)
[2026-07-15 09:03:36] [INFO] ⏰ Đợi Export Sales: còn 36.47h (16/07 21:32:02 VN)
[2026-07-15 09:03:36] [INFO]   ✅ Thread khởi động: job_wasde
10/08 23:00:02 VN)
[2026-07-15 09:03:36] [INFO]   ✅ Thread khởi động: job_weather_short
00:02 VN)
[2026-07-15 09:03:36] [INFO]   ✅ Thread khởi động: job_weather_long
06:30:02 VN)
[2026-07-15 09:03:36] [INFO]   ✅ Thread khởi động: job_acreage
6/07 05:30:02 VN)
[2026-07-15 09:03:36] [INFO]   ✅ Thread khởi động: job_ai_news
00:02 VN)
[2026-07-15 09:03:36] [INFO]   ✅ Thread khởi động: job_blacksea_news
:00:02 VN)
[2026-07-15 09:03:36] [INFO]   ✅ Thread khởi động: job_ai_analysis
20:00:02 VN)
[2026-07-15 09:03:36] [INFO] ============================================================
[2026-07-15 09:03:36] [INFO] Scheduler đang chạy ngầm. Nhấn Ctrl+C để dừng.
[2026-07-15 09:08:52] [INFO] ============================================================
[2026-07-15 09:08:52] [INFO]   CBOT PRECISION SCHEDULER V2 — KHỞI ĐỘNG
[2026-07-15 09:08:52] [INFO] ============================================================
[2026-07-15 09:08:52] [INFO] Lịch trình đang chạy:
[2026-07-15 09:08:52] [INFO]   [Giá H1 + Macro]    : Phút :15 mỗi giờ giao dịch
[2026-07-15 09:08:52] [INFO]   [COT CFTC]          : Thứ Bảy 07:15 VN
[2026-07-15 09:08:52] [INFO]   [USDA Crop Progress]: Thứ Hai 22:00 VN
[2026-07-15 09:08:52] [INFO]   [Export Sales]      : Thứ Năm 21:32 VN
[2026-07-15 09:08:52] [INFO]   [WASDE Monthly]     : Ngày 10 hàng tháng, 23:00 VN
[2026-07-15 09:08:52] [INFO]   [Thời Tiết Ngắn]    : 06:00 hàng ngày
[2026-07-15 09:08:52] [INFO]   [ENSO Long-Term]    : Thứ Hai 06:30 VN
[2026-07-15 09:08:52] [INFO]   [USDA Acreage]      : 05:30 hàng ngày
[2026-07-15 09:08:52] [INFO]   [AI Điểm Tin]       : 06:00 và 20:00 hàng ngày
[2026-07-15 09:08:52] [INFO]   [AI Tin Biển Đen]   : Thứ Tư & Chủ Nhật 07:00 VN
[2026-07-15 09:08:52] [INFO]   [Số Liệu Mùa Vụ Nga]: 07:30 hàng ngày
[2026-07-15 09:08:52] [INFO]   [🧠 AI Phân Tích]   : 06:30 và 20:00 hàng ngày (T2-T6)
[2026-07-15 09:08:52] [INFO] ------------------------------------------------------------
[2026-07-15 09:08:52] [INFO] ⏰ Đợi Giá H1: còn 0.85h (15/07 10:00:05 VN)
[2026-07-15 09:08:52] [INFO]   ✅ Thread khởi động: job_prices
[2026-07-15 09:08:52] [INFO]   ✅ Thread khởi động: job_cot
7 07:15:02 VN)
[2026-07-15 09:08:52] [INFO] ⏰ Đợi Crop Progress: còn 132.85h (20/07 22:00:02 VN)
[2026-07-15 09:08:52] [INFO]   ✅ Thread khởi động: job_crop_progress
[2026-07-15 09:08:52] [INFO] ⏰ Đợi Export Sales: còn 36.39h (16/07 21:32:02 VN)
[2026-07-15 09:08:52] [INFO]   ✅ Thread khởi động: job_export_sales
[2026-07-15 09:08:52] [INFO] ⏰ Đợi WASDE Monthly: còn 637.85h (10/08 23:00:02 VN)
[2026-07-15 09:08:52] [INFO]   ✅ Thread khởi động: job_wasde
[2026-07-15 09:08:52] [INFO] ⏰ Đợi Weather Short: còn 20.85h (16/07 06:00:02 VN)
[2026-07-15 09:08:52] [INFO]   ✅ Thread khởi động: job_weather_short
[2026-07-15 09:08:52] [INFO] ⏰ Đợi ENSO Long-Term: còn 117.35h (20/07 06:30:02 VN)
[2026-07-15 09:08:52] [INFO]   ✅ Thread khởi động: job_weather_long
[2026-07-15 09:08:52] [INFO]   ✅ Thread khởi động: job_acreage
6/07 05:30:02 VN)
[2026-07-15 09:08:52] [INFO] ⏰ Đợi AI News: còn 10.85h (15/07 20:00:02 VN)
[2026-07-15 09:08:52] [INFO]   ✅ Thread khởi động: job_ai_news
[2026-07-15 09:08:52] [INFO] ⏰ Đợi Black Sea News: còn 93.85h (19/07 07:00:02 VN)
[2026-07-15 09:08:52] [INFO]   ✅ Thread khởi động: job_blacksea_news
[2026-07-15 09:08:52] [INFO] ⏰ Đợi AI Phân Tích: còn 10.85h (15/07 20:00:02 VN)
[2026-07-15 09:08:52] [INFO]   ✅ Thread khởi động: job_ai_analysis
[2026-07-15 09:08:52] [INFO] ============================================================
[2026-07-15 09:08:52] [INFO] Scheduler đang chạy ngầm. Nhấn Ctrl+C để dừng.
[2026-07-15 16:52:44] [INFO] ============================================================
[2026-07-15 16:52:44] [INFO]   CBOT PRECISION SCHEDULER V2 — KHỞI ĐỘNG
[2026-07-15 16:52:44] [INFO] ============================================================
[2026-07-15 16:52:44] [INFO] Lịch trình đang chạy:
[2026-07-15 16:52:44] [INFO]   [Giá H1 + Macro]    : Phút :15 mỗi giờ giao dịch
[2026-07-15 16:52:44] [INFO]   [COT CFTC]          : Thứ Bảy 07:15 VN
[2026-07-15 16:52:44] [INFO]   [USDA Crop Progress]: Thứ Hai 22:00 VN
[2026-07-15 16:52:44] [INFO]   [Export Sales]      : Thứ Năm 21:32 VN
[2026-07-15 16:52:44] [INFO]   [WASDE Monthly]     : Ngày 10 hàng tháng, 23:00 VN
[2026-07-15 16:52:44] [INFO]   [Thời Tiết Ngắn]    : 06:00 hàng ngày
[2026-07-15 16:52:44] [INFO]   [ENSO Long-Term]    : Thứ Hai 06:30 VN
[2026-07-15 16:52:44] [INFO]   [USDA Acreage]      : 05:30 hàng ngày
[2026-07-15 16:52:44] [INFO]   [AI Điểm Tin]       : 06:00 và 20:00 hàng ngày
[2026-07-15 16:52:44] [INFO]   [AI Tin Biển Đen]   : Thứ Tư & Chủ Nhật 07:00 VN
[2026-07-15 16:52:44] [INFO]   [Số Liệu Mùa Vụ Nga]: 07:30 hàng ngày
[2026-07-15 16:52:44] [INFO]   [🧠 AI Phân Tích]   : 06:30 và 20:00 hàng ngày (T2-T6)
[2026-07-15 16:52:44] [INFO] ------------------------------------------------------------
[2026-07-15 16:52:44] [INFO] ⏰ Đợi Giá H1: còn 0.12h (15/07 17:00:05 VN)
[2026-07-15 16:52:44] [INFO]   ✅ Thread khởi động: job_prices
[2026-07-15 16:52:44] [INFO] ⏰ Đợi COT CFTC: còn 62.37h (18/07 07:15:02 VN)
[2026-07-15 16:52:44] [INFO]   ✅ Thread khởi động: job_cot
[2026-07-15 16:52:44] [INFO] ⏰ Đợi Crop Progress: còn 125.12h (20/07 22:00:02 VN)
[2026-07-15 16:52:44] [INFO]   ✅ Thread khởi động: job_crop_progress
[2026-07-15 16:52:44] [INFO] ⏰ Đợi Export Sales: còn 28.65h (16/07 21:32:02 VN)
[2026-07-15 16:52:44] [INFO]   ✅ Thread khởi động: job_export_sales
[2026-07-15 16:52:44] [INFO] ⏰ Đợi WASDE Monthly: còn 630.12h (10/08 23:00:02 VN)
[2026-07-15 16:52:44] [INFO]   ✅ Thread khởi động: job_wasde
[2026-07-15 16:52:44] [INFO] ⏰ Đợi Weather Short: còn 13.12h (16/07 06:00:02 VN)
[2026-07-15 16:52:44] [INFO]   ✅ Thread khởi động: job_weather_short
[2026-07-15 16:52:44] [INFO] ⏰ Đợi ENSO Long-Term: còn 109.62h (20/07 06:30:02 VN)
[2026-07-15 16:52:44] [INFO]   ✅ Thread khởi động: job_weather_long
[2026-07-15 16:52:44] [INFO] ⏰ Đợi Acreage Reports: còn 12.62h (16/07 05:30:02 VN)
[2026-07-15 16:52:44] [INFO]   ✅ Thread khởi động: job_acreage
[2026-07-15 16:52:44] [INFO] ⏰ Đợi AI News: còn 3.12h (15/07 20:00:02 VN)
[2026-07-15 16:52:44] [INFO]   ✅ Thread khởi động: job_ai_news
[2026-07-15 16:52:44] [INFO]   ✅ Thread khởi động: job_blacksea_news
:00:02 VN)
[2026-07-15 16:52:44] [INFO] ⏰ Đợi AI Phân Tích: còn 3.12h (15/07 20:00:02 VN)
[2026-07-15 16:52:44] [INFO]   ✅ Thread khởi động: job_ai_analysis
[2026-07-15 16:52:44] [INFO] ============================================================
[2026-07-15 16:52:44] [INFO] Scheduler đang chạy ngầm. Nhấn Ctrl+C để dừng.
[2026-07-15 17:00:05] [INFO] ▶ Kích hoạt: Giá H1 + Macro
[2026-07-15 17:00:31] [INFO] ✅ Giá H1 + Macro hoàn thành (attempt 1)
[2026-07-15 17:00:31] [Sync] Bắt đầu đẩy dữ liệu lên Github (Kích hoạt bởi: Giá H1 + Macro)...
[2026-07-15 17:00:35] [Sync] ✅ Đồng bộ Github thành công (Giá H1 + Macro)!
[2026-07-15 17:00:35] [INFO] ▶ Kích hoạt: Giá H4
[2026-07-15 17:00:46] [INFO] ✅ Giá H4 hoàn thành (attempt 1)
[2026-07-15 17:00:46] [Sync] Bắt đầu đẩy dữ liệu lên Github (Kích hoạt bởi: Giá H4)...
[2026-07-15 17:00:50] [Sync] ✅ Đồng bộ Github thành công (Giá H4)!
[2026-07-15 17:00:50] [INFO] ▶ Kích hoạt: Vĩ Mô (Macro)
[2026-07-15 17:00:53] [INFO] ✅ Vĩ Mô (Macro) hoàn thành (attempt 1)
[2026-07-15 17:00:53] [Sync] Bắt đầu đẩy dữ liệu lên Github (Kích hoạt bởi: Vĩ Mô (Macro))...
[2026-07-15 17:00:57] [Sync] ✅ Đồng bộ Github thành công (Vĩ Mô (Macro))!
[2026-07-15 17:00:57] [INFO] Đang quét tín hiệu Telegram Alarm (SMC)...
[2026-07-15 17:00:58] [INFO] Đang chạy cập nhật Hồ sơ mã (run_pro_plus) và tạo Dashboard (gen_dashboard)...
[2026-07-15 17:01:04] [Sync] Bắt đầu đẩy dữ liệu lên Github (Kích hoạt bởi: Cập nhật Phân tích & Giao diện)...
[2026-07-15 17:01:08] [Sync] ✅ Đồng bộ Github thành công (Cập nhật Phân tích & Giao diện)!
[2026-07-15 17:01:08] [INFO] ⏰ Đợi Giá H1: còn 0.98h (15/07 18:00:05 VN)
[2026-07-15 18:00:05] [INFO] ▶ Kích hoạt: Giá H1 + Macro
[2026-07-15 18:00:28] [INFO] ✅ Giá H1 + Macro hoàn thành (attempt 1)
[2026-07-15 18:00:28] [Sync] Bắt đầu đẩy dữ liệu lên Github (Kích hoạt bởi: Giá H1 + Macro)...
[2026-07-15 18:00:32] [Sync] ✅ Đồng bộ Github thành công (Giá H1 + Macro)!
[2026-07-15 18:00:32] [INFO] ▶ Kích hoạt: Giá H4
[2026-07-15 18:00:38] [INFO] ✅ Giá H4 hoàn thành (attempt 1)
[2026-07-15 18:00:38] [Sync] Bắt đầu đẩy dữ liệu lên Github (Kích hoạt bởi: Giá H4)...
[2026-07-15 18:00:41] [Sync] ✅ Đồng bộ Github thành công (Giá H4)!
[2026-07-15 18:00:41] [INFO] ▶ Kích hoạt: Vĩ Mô (Macro)
[2026-07-15 18:00:44] [INFO] ✅ Vĩ Mô (Macro) hoàn thành (attempt 1)
[2026-07-15 18:00:44] [Sync] Bắt đầu đẩy dữ liệu lên Github (Kích hoạt bởi: Vĩ Mô (Macro))...
[2026-07-15 18:00:47] [Sync] ✅ Đồng bộ Github thành công (Vĩ Mô (Macro))!
[2026-07-15 18:00:47] [INFO] Đang quét tín hiệu Telegram Alarm (SMC)...
[2026-07-15 18:00:48] [INFO] Đang chạy cập nhật Hồ sơ mã (run_pro_plus) và tạo Dashboard (gen_dashboard)...
[2026-07-15 18:00:56] [Sync] Bắt đầu đẩy dữ liệu lên Github (Kích hoạt bởi: Cập nhật Phân tích & Giao diện)...
[2026-07-15 18:01:00] [Sync] ✅ Đồng bộ Github thành công (Cập nhật Phân tích & Giao diện)!
[2026-07-15 18:01:00] [INFO] ⏰ Đợi Giá H1: còn 0.98h (15/07 19:00:05 VN)
[2026-07-15 19:00:05] [INFO] ▶ Kích hoạt: Giá H1 + Macro
[2026-07-15 19:00:17] [INFO] ✅ Giá H1 + Macro hoàn thành (attempt 1)
[2026-07-15 19:00:17] [Sync] Bắt đầu đẩy dữ liệu lên Github (Kích hoạt bởi: Giá H1 + Macro)...
[2026-07-15 19:00:21] [Sync] ✅ Đồng bộ Github thành công (Giá H1 + Macro)!
[2026-07-15 19:00:21] [INFO] ▶ Kích hoạt: Giá H4
[2026-07-15 19:00:29] [INFO] ✅ Giá H4 hoàn thành (attempt 1)
[2026-07-15 19:00:29] [Sync] Bắt đầu đẩy dữ liệu lên Github (Kích hoạt bởi: Giá H4)...
[2026-07-15 19:00:32] [Sync] ✅ Đồng bộ Github thành công (Giá H4)!
[2026-07-15 19:00:32] [INFO] ▶ Kích hoạt: Vĩ Mô (Macro)
[2026-07-15 19:00:35] [INFO] ✅ Vĩ Mô (Macro) hoàn thành (attempt 1)
[2026-07-15 19:00:35] [Sync] Bắt đầu đẩy dữ liệu lên Github (Kích hoạt bởi: Vĩ Mô (Macro))...
[2026-07-15 19:00:38] [Sync] ✅ Đồng bộ Github thành công (Vĩ Mô (Macro))!
[2026-07-15 19:00:38] [INFO] Đang quét tín hiệu Telegram Alarm (SMC)...
[2026-07-15 19:00:40] [INFO] Đang chạy cập nhật Hồ sơ mã (run_pro_plus) và tạo Dashboard (gen_dashboard)...
[2026-07-15 19:00:47] [Sync] Bắt đầu đẩy dữ liệu lên Github (Kích hoạt bởi: Cập nhật Phân tích & Giao diện)...
[2026-07-15 19:00:52] [Sync] ✅ Đồng bộ Github thành công (Cập nhật Phân tích & Giao diện)!
[2026-07-15 19:00:52] [INFO] ⏰ Đợi Giá H1: còn 0.99h (15/07 20:00:05 VN)
[2026-07-15 20:00:02] [INFO] ▶ Kích hoạt: AI Điểm Tin
huyên Sâu
[2026-07-15 20:00:05] [INFO] ▶ Kích hoạt: Giá H1 + Macro
[2026-07-15 20:00:07] [INFO] ✅ AI Phân Tích Chuyên Sâu hoàn thành (attempt 1)
[2026-07-15 20:00:07] [Sync] Bắt đầu đẩy dữ liệu lên Github (Kích hoạt bởi: AI Phân Tích Chuyên Sâu)...
[2026-07-15 20:00:09] [INFO] ✅ AI Điểm Tin hoàn thành (attempt 1)
[2026-07-15 20:00:09] [Sync] Bắt đầu đẩy dữ liệu lên Github (Kích hoạt bởi: AI Điểm Tin)...
[2026-07-15 20:00:11] [Sync] ✅ Đồng bộ Github thành công (AI Phân Tích Chuyên Sâu)!
[2026-07-15 20:00:11] [INFO] ⏰ Đợi AI Phân Tích: còn 10.50h (16/07 06:30:02 VN)
[2026-07-15 20:00:12] [Sync] ✅ Đồng bộ Github thành công (AI Điểm Tin)!
[2026-07-15 20:00:12] [INFO] ⏰ Đợi AI News: còn 10.00h (16/07 06:00:02 VN)
[2026-07-15 20:00:14] [INFO] ✅ Giá H1 + Macro hoàn thành (attempt 1)
[2026-07-15 20:00:14] [Sync] Bắt đầu đẩy dữ liệu lên Github (Kích hoạt bởi: Giá H1 + Macro)...
[2026-07-15 20:00:17] [Sync] ✅ Đồng bộ Github thành công (Giá H1 + Macro)!
[2026-07-15 20:00:17] [INFO] ▶ Kích hoạt: Giá H4
[2026-07-15 20:00:23] [INFO] ✅ Giá H4 hoàn thành (attempt 1)
[2026-07-15 20:00:23] [Sync] Bắt đầu đẩy dữ liệu lên Github (Kích hoạt bởi: Giá H4)...
[2026-07-15 20:00:26] [Sync] ✅ Đồng bộ Github thành công (Giá H4)!
[2026-07-15 20:00:26] [INFO] ▶ Kích hoạt: Vĩ Mô (Macro)
[2026-07-15 20:00:29] [INFO] ✅ Vĩ Mô (Macro) hoàn thành (attempt 1)
[2026-07-15 20:00:29] [Sync] Bắt đầu đẩy dữ liệu lên Github (Kích hoạt bởi: Vĩ Mô (Macro))...
[2026-07-15 20:00:32] [Sync] ✅ Đồng bộ Github thành công (Vĩ Mô (Macro))!
[2026-07-15 20:00:32] [INFO] Đang quét tín hiệu Telegram Alarm (SMC)...
[2026-07-15 20:00:33] [INFO] Đang chạy cập nhật Hồ sơ mã (run_pro_plus) và tạo Dashboard (gen_dashboard)...
[2026-07-15 20:00:40] [Sync] Bắt đầu đẩy dữ liệu lên Github (Kích hoạt bởi: Cập nhật Phân tích & Giao diện)...
[2026-07-15 20:00:43] [Sync] ✅ Đồng bộ Github thành công (Cập nhật Phân tích & Giao diện)!
[2026-07-15 20:00:43] [INFO] ⏰ Đợi Giá H1: còn 0.99h (15/07 21:00:05 VN)
[2026-07-15 21:00:05] [INFO] ▶ Kích hoạt: Giá H1 + Macro
[2026-07-15 21:00:26] [INFO] ✅ Giá H1 + Macro hoàn thành (attempt 1)
[2026-07-15 21:00:26] [Sync] Bắt đầu đẩy dữ liệu lên Github (Kích hoạt bởi: Giá H1 + Macro)...
[2026-07-15 21:00:31] [Sync] ✅ Đồng bộ Github thành công (Giá H1 + Macro)!
[2026-07-15 21:00:31] [INFO] ▶ Kích hoạt: Giá H4
[2026-07-15 21:00:44] [INFO] ✅ Giá H4 hoàn thành (attempt 1)
[2026-07-15 21:00:44] [Sync] Bắt đầu đẩy dữ liệu lên Github (Kích hoạt bởi: Giá H4)...
[2026-07-15 21:00:48] [Sync] ✅ Đồng bộ Github thành công (Giá H4)!
[2026-07-15 21:00:48] [INFO] ▶ Kích hoạt: Vĩ Mô (Macro)
[2026-07-15 21:00:51] [INFO] ✅ Vĩ Mô (Macro) hoàn thành (attempt 1)
[2026-07-15 21:00:51] [Sync] Bắt đầu đẩy dữ liệu lên Github (Kích hoạt bởi: Vĩ Mô (Macro))...
[2026-07-15 21:00:56] [Sync] ✅ Đồng bộ Github thành công (Vĩ Mô (Macro))!
[2026-07-15 21:00:56] [INFO] Đang quét tín hiệu Telegram Alarm (SMC)...
[2026-07-15 21:00:57] [INFO] Đang chạy cập nhật Hồ sơ mã (run_pro_plus) và tạo Dashboard (gen_dashboard)...
[2026-07-15 21:01:04] [Sync] Bắt đầu đẩy dữ liệu lên Github (Kích hoạt bởi: Cập nhật Phân tích & Giao diện)...
[2026-07-15 21:01:09] [Sync] ✅ Đồng bộ Github thành công (Cập nhật Phân tích & Giao diện)!
[2026-07-15 21:01:09] [INFO] ⏰ Đợi Giá H1: còn 0.98h (15/07 22:00:05 VN)
[2026-07-15 22:00:05] [INFO] ▶ Kích hoạt: Giá H1 + Macro
[2026-07-15 22:00:29] [INFO] ✅ Giá H1 + Macro hoàn thành (attempt 1)
[2026-07-15 22:00:29] [Sync] Bắt đầu đẩy dữ liệu lên Github (Kích hoạt bởi: Giá H1 + Macro)...
[2026-07-15 22:00:34] [Sync] ✅ Đồng bộ Github thành công (Giá H1 + Macro)!
[2026-07-15 22:00:34] [INFO] ▶ Kích hoạt: Giá H4
[2026-07-15 22:00:41] [INFO] ✅ Giá H4 hoàn thành (attempt 1)
[2026-07-15 22:00:41] [Sync] Bắt đầu đẩy dữ liệu lên Github (Kích hoạt bởi: Giá H4)...
[2026-07-15 22:00:46] [Sync] ✅ Đồng bộ Github thành công (Giá H4)!
[2026-07-15 22:00:46] [INFO] ▶ Kích hoạt: Vĩ Mô (Macro)
[2026-07-15 22:00:49] [INFO] ✅ Vĩ Mô (Macro) hoàn thành (attempt 1)
[2026-07-15 22:00:49] [Sync] Bắt đầu đẩy dữ liệu lên Github (Kích hoạt bởi: Vĩ Mô (Macro))...
[2026-07-15 22:00:53] [Sync] ✅ Đồng bộ Github thành công (Vĩ Mô (Macro))!
[2026-07-15 22:00:53] [INFO] Đang quét tín hiệu Telegram Alarm (SMC)...
[2026-07-15 22:00:55] [INFO] Đang chạy cập nhật Hồ sơ mã (run_pro_plus) và tạo Dashboard (gen_dashboard)...
[2026-07-15 22:01:03] [Sync] Bắt đầu đẩy dữ liệu lên Github (Kích hoạt bởi: Cập nhật Phân tích & Giao diện)...
[2026-07-15 22:01:06] [Sync] ✅ Đồng bộ Github thành công (Cập nhật Phân tích & Giao diện)!
[2026-07-15 22:01:06] [INFO] ⏰ Đợi Giá H1: còn 0.98h (15/07 23:00:05 VN)
[2026-07-16 00:00:18] [INFO] ▶ Kích hoạt: Giá H1 + Macro
[2026-07-16 00:00:25] [INFO] ✅ Giá H1 + Macro hoàn thành (attempt 1)
[2026-07-16 00:00:25] [Sync] Bắt đầu đẩy dữ liệu lên Github (Kích hoạt bởi: Giá H1 + Macro)...
[2026-07-16 00:00:29] [Sync] ✅ Đồng bộ Github thành công (Giá H1 + Macro)!
[2026-07-16 00:00:29] [INFO] ▶ Kích hoạt: Giá H4
[2026-07-16 00:00:36] [INFO] ✅ Giá H4 hoàn thành (attempt 1)
[2026-07-16 00:00:36] [Sync] Bắt đầu đẩy dữ liệu lên Github (Kích hoạt bởi: Giá H4)...
[2026-07-16 00:00:39] [Sync] ✅ Đồng bộ Github thành công (Giá H4)!
[2026-07-16 00:00:39] [INFO] ▶ Kích hoạt: Vĩ Mô (Macro)
[2026-07-16 00:00:42] [INFO] ✅ Vĩ Mô (Macro) hoàn thành (attempt 1)
[2026-07-16 00:00:42] [Sync] Bắt đầu đẩy dữ liệu lên Github (Kích hoạt bởi: Vĩ Mô (Macro))...
[2026-07-16 00:00:46] [Sync] ✅ Đồng bộ Github thành công (Vĩ Mô (Macro))!
[2026-07-16 00:00:46] [INFO] Đang quét tín hiệu Telegram Alarm (SMC)...
[2026-07-16 00:00:47] [INFO] Đang chạy cập nhật Hồ sơ mã (run_pro_plus) và tạo Dashboard (gen_dashboard)...
[2026-07-16 00:00:55] [Sync] Bắt đầu đẩy dữ liệu lên Github (Kích hoạt bởi: Cập nhật Phân tích & Giao diện)...
[2026-07-16 00:00:58] [Sync] ✅ Đồng bộ Github thành công (Cập nhật Phân tích & Giao diện)!
[2026-07-16 00:00:58] [INFO] ⏰ Đợi Giá H1: còn 0.99h (16/07 01:00:05 VN)
[2026-07-16 07:11:54] [INFO] ============================================================
[2026-07-16 07:11:54] [INFO]   CBOT PRECISION SCHEDULER V2 — KHỞI ĐỘNG
[2026-07-16 07:11:54] [INFO] ============================================================
[2026-07-16 07:11:54] [INFO] Lịch trình đang chạy:
[2026-07-16 07:11:54] [INFO]   [Giá H1 + Macro]    : Phút :15 mỗi giờ giao dịch
[2026-07-16 07:11:54] [INFO]   [COT CFTC]          : Thứ Bảy 07:15 VN
[2026-07-16 07:11:54] [INFO]   [USDA Crop Progress]: Thứ Hai 22:00 VN
[2026-07-16 07:11:54] [INFO]   [Export Sales]      : Thứ Năm 21:32 VN
[2026-07-16 07:11:54] [INFO]   [WASDE Monthly]     : Ngày 10 hàng tháng, 23:00 VN
[2026-07-16 07:11:54] [INFO]   [Thời Tiết Ngắn]    : 06:00 hàng ngày
[2026-07-16 07:11:54] [INFO]   [ENSO Long-Term]    : Thứ Hai 06:30 VN
[2026-07-16 07:11:54] [INFO]   [USDA Acreage]      : 05:30 hàng ngày
[2026-07-16 07:11:54] [INFO]   [AI Điểm Tin]       : 06:00 và 20:00 hàng ngày
[2026-07-16 07:11:54] [INFO]   [AI Tin Biển Đen]   : Thứ Tư & Chủ Nhật 07:00 VN
[2026-07-16 07:11:54] [INFO]   [Số Liệu Mùa Vụ Nga]: 07:30 hàng ngày
[2026-07-16 07:11:54] [INFO]   [🧠 AI Phân Tích]   : 06:30 và 20:00 hàng ngày (T2-T6)
[2026-07-16 07:11:54] [INFO] ------------------------------------------------------------
[2026-07-16 07:11:54] [INFO]   ✅ Thread khởi động: job_prices
00:05 VN)
[2026-07-16 07:11:54] [INFO]   ✅ Thread khởi động: job_cot
7 07:15:02 VN)
[2026-07-16 07:11:54] [INFO] ⏰ Đợi Crop Progress: còn 110.80h (20/07 22:00:02 VN)
[2026-07-16 07:11:54] [INFO]   ✅ Thread khởi động: job_export_sales
32:02 VN)
[2026-07-16 07:11:54] [INFO]   ✅ Thread khởi động: job_wasde
10/08 23:00:02 VN)
[2026-07-16 07:11:54] [INFO]   ✅ Thread khởi động: job_weather_short
00:02 VN)
[2026-07-16 07:11:54] [INFO]   ✅ Thread khởi động: job_weather_long
6:30:02 VN)
[2026-07-16 07:11:54] [INFO]   ✅ Thread khởi động: job_acreage
7/07 05:30:02 VN)
[2026-07-16 07:11:54] [INFO]   ✅ Thread khởi động: job_ai_news
00:02 VN)
[2026-07-16 07:11:54] [INFO] ⏰ Đợi Black Sea News: còn 71.80h (19/07 07:00:02 VN)
[2026-07-16 07:11:54] [INFO]   ✅ Thread khởi động: job_ai_analysis
20:00:02 VN)
[2026-07-16 07:11:54] [INFO] ============================================================
[2026-07-16 07:11:54] [INFO] Scheduler đang chạy ngầm. Nhấn Ctrl+C để dừng.
[2026-07-16 08:00:05] [INFO] ▶ Kích hoạt: Giá H1 + Macro
[2026-07-16 08:00:30] [INFO] ✅ Giá H1 + Macro hoàn thành (attempt 1)
[2026-07-16 08:00:30] [Sync] Bắt đầu đẩy dữ liệu lên Github (Kích hoạt bởi: Giá H1 + Macro)...
[2026-07-16 08:00:35] [Sync] ✅ Đồng bộ Github thành công (Giá H1 + Macro)!
[2026-07-16 08:00:35] [INFO] ▶ Kích hoạt: Giá H4
[2026-07-16 08:00:41] [INFO] ✅ Giá H4 hoàn thành (attempt 1)
[2026-07-16 08:00:41] [Sync] Bắt đầu đẩy dữ liệu lên Github (Kích hoạt bởi: Giá H4)...
[2026-07-16 08:00:44] [Sync] ✅ Đồng bộ Github thành công (Giá H4)!
[2026-07-16 08:00:44] [INFO] ▶ Kích hoạt: Vĩ Mô (Macro)
[2026-07-16 08:00:48] [INFO] ✅ Vĩ Mô (Macro) hoàn thành (attempt 1)
[2026-07-16 08:00:48] [Sync] Bắt đầu đẩy dữ liệu lên Github (Kích hoạt bởi: Vĩ Mô (Macro))...
[2026-07-16 08:00:51] [Sync] ✅ Đồng bộ Github thành công (Vĩ Mô (Macro))!
[2026-07-16 08:00:51] [INFO] Đang quét tín hiệu Telegram Alarm (SMC)...
[2026-07-16 08:00:52] [INFO] Đang chạy cập nhật Hồ sơ mã (run_pro_plus) và tạo Dashboard (gen_dashboard)...
[2026-07-16 08:01:00] [Sync] Bắt đầu đẩy dữ liệu lên Github (Kích hoạt bởi: Cập nhật Phân tích & Giao diện)...
[2026-07-16 08:01:04] [Sync] ✅ Đồng bộ Github thành công (Cập nhật Phân tích & Giao diện)!
[2026-07-16 08:01:04] [INFO] ⏰ Đợi Giá H1: còn 0.98h (16/07 09:00:05 VN)
[2026-07-16 09:00:05] [INFO] ▶ Kích hoạt: Giá H1 + Macro
[2026-07-16 09:00:13] [INFO] ✅ Giá H1 + Macro hoàn thành (attempt 1)
[2026-07-16 09:00:13] [Sync] Bắt đầu đẩy dữ liệu lên Github (Kích hoạt bởi: Giá H1 + Macro)...
[2026-07-16 09:00:17] [Sync] ✅ Đồng bộ Github thành công (Giá H1 + Macro)!
[2026-07-16 09:00:17] [INFO] ▶ Kích hoạt: Giá H4
[2026-07-16 09:00:25] [INFO] ✅ Giá H4 hoàn thành (attempt 1)
[2026-07-16 09:00:25] [Sync] Bắt đầu đẩy dữ liệu lên Github (Kích hoạt bởi: Giá H4)...
[2026-07-16 09:00:29] [Sync] ✅ Đồng bộ Github thành công (Giá H4)!
[2026-07-16 09:00:29] [INFO] ▶ Kích hoạt: Vĩ Mô (Macro)
[2026-07-16 09:00:32] [INFO] ✅ Vĩ Mô (Macro) hoàn thành (attempt 1)
[2026-07-16 09:00:32] [Sync] Bắt đầu đẩy dữ liệu lên Github (Kích hoạt bởi: Vĩ Mô (Macro))...
[2026-07-16 09:00:37] [Sync] ✅ Đồng bộ Github thành công (Vĩ Mô (Macro))!
[2026-07-16 09:00:37] [INFO] Đang quét tín hiệu Telegram Alarm (SMC)...
[2026-07-16 09:00:38] [INFO] Đang chạy cập nhật Hồ sơ mã (run_pro_plus) và tạo Dashboard (gen_dashboard)...
[2026-07-16 09:00:45] [Sync] Bắt đầu đẩy dữ liệu lên Github (Kích hoạt bởi: Cập nhật Phân tích & Giao diện)...
[2026-07-16 09:00:49] [Sync] ✅ Đồng bộ Github thành công (Cập nhật Phân tích & Giao diện)!
[2026-07-16 09:00:49] [INFO] ⏰ Đợi Giá H1: còn 0.99h (16/07 10:00:05 VN)
[2026-07-16 10:00:05] [INFO] ▶ Kích hoạt: Giá H1 + Macro
[2026-07-16 10:00:18] [INFO] ✅ Giá H1 + Macro hoàn thành (attempt 1)
[2026-07-16 10:00:18] [Sync] Bắt đầu đẩy dữ liệu lên Github (Kích hoạt bởi: Giá H1 + Macro)...
[2026-07-16 10:00:22] [Sync] ✅ Đồng bộ Github thành công (Giá H1 + Macro)!
[2026-07-16 10:00:22] [INFO] ▶ Kích hoạt: Giá H4
[2026-07-16 10:00:29] [INFO] ✅ Giá H4 hoàn thành (attempt 1)
[2026-07-16 10:00:29] [Sync] Bắt đầu đẩy dữ liệu lên Github (Kích hoạt bởi: Giá H4)...
[2026-07-16 10:00:33] [Sync] ✅ Đồng bộ Github thành công (Giá H4)!
[2026-07-16 10:00:33] [INFO] ▶ Kích hoạt: Vĩ Mô (Macro)
[2026-07-16 10:00:37] [INFO] ✅ Vĩ Mô (Macro) hoàn thành (attempt 1)
[2026-07-16 10:00:37] [Sync] Bắt đầu đẩy dữ liệu lên Github (Kích hoạt bởi: Vĩ Mô (Macro))...
[2026-07-16 10:00:42] [Sync] ✅ Đồng bộ Github thành công (Vĩ Mô (Macro))!
[2026-07-16 10:00:42] [INFO] Đang quét tín hiệu Telegram Alarm (SMC)...
[2026-07-16 10:00:44] [INFO] Đang chạy cập nhật Hồ sơ mã (run_pro_plus) và tạo Dashboard (gen_dashboard)...
[2026-07-16 10:00:51] [Sync] Bắt đầu đẩy dữ liệu lên Github (Kích hoạt bởi: Cập nhật Phân tích & Giao diện)...
[2026-07-16 10:00:56] [Sync] ✅ Đồng bộ Github thành công (Cập nhật Phân tích & Giao diện)!
[2026-07-16 10:00:56] [INFO] ⏰ Đợi Giá H1: còn 0.99h (16/07 11:00:05 VN)
[2026-07-16 11:00:05] [INFO] ▶ Kích hoạt: Giá H1 + Macro
[2026-07-16 11:00:31] [INFO] ✅ Giá H1 + Macro hoàn thành (attempt 1)
[2026-07-16 11:00:31] [Sync] Bắt đầu đẩy dữ liệu lên Github (Kích hoạt bởi: Giá H1 + Macro)...
[2026-07-16 11:00:36] [Sync] ✅ Đồng bộ Github thành công (Giá H1 + Macro)!
[2026-07-16 11:00:36] [INFO] ▶ Kích hoạt: Giá H4
[2026-07-16 11:00:43] [INFO] ✅ Giá H4 hoàn thành (attempt 1)
[2026-07-16 11:00:43] [Sync] Bắt đầu đẩy dữ liệu lên Github (Kích hoạt bởi: Giá H4)...
[2026-07-16 11:00:47] [Sync] ✅ Đồng bộ Github thành công (Giá H4)!
[2026-07-16 11:00:47] [INFO] ▶ Kích hoạt: Vĩ Mô (Macro)
[2026-07-16 11:00:51] [INFO] ✅ Vĩ Mô (Macro) hoàn thành (attempt 1)
[2026-07-16 11:00:51] [Sync] Bắt đầu đẩy dữ liệu lên Github (Kích hoạt bởi: Vĩ Mô (Macro))...
[2026-07-16 11:00:55] [Sync] ✅ Đồng bộ Github thành công (Vĩ Mô (Macro))!
[2026-07-16 11:00:55] [INFO] Đang quét tín hiệu Telegram Alarm (SMC)...
[2026-07-16 11:00:56] [INFO] Đang chạy cập nhật Hồ sơ mã (run_pro_plus) và tạo Dashboard (gen_dashboard)...
[2026-07-16 11:01:04] [Sync] Bắt đầu đẩy dữ liệu lên Github (Kích hoạt bởi: Cập nhật Phân tích & Giao diện)...
[2026-07-16 11:01:08] [Sync] ✅ Đồng bộ Github thành công (Cập nhật Phân tích & Giao diện)!
[2026-07-16 11:01:08] [INFO] ⏰ Đợi Giá H1: còn 0.98h (16/07 12:00:05 VN)
[2026-07-16 12:00:05] [INFO] ▶ Kích hoạt: Giá H1 + Macro
[2026-07-16 12:00:23] [INFO] ✅ Giá H1 + Macro hoàn thành (attempt 1)
[2026-07-16 12:00:23] [Sync] Bắt đầu đẩy dữ liệu lên Github (Kích hoạt bởi: Giá H1 + Macro)...
[2026-07-16 12:00:27] [Sync] ✅ Đồng bộ Github thành công (Giá H1 + Macro)!
[2026-07-16 12:00:27] [INFO] ▶ Kích hoạt: Giá H4
[2026-07-16 12:00:34] [INFO] ✅ Giá H4 hoàn thành (attempt 1)
[2026-07-16 12:00:34] [Sync] Bắt đầu đẩy dữ liệu lên Github (Kích hoạt bởi: Giá H4)...
[2026-07-16 12:00:39] [Sync] ✅ Đồng bộ Github thành công (Giá H4)!
[2026-07-16 12:00:39] [INFO] ▶ Kích hoạt: Vĩ Mô (Macro)
[2026-07-16 12:00:42] [INFO] ✅ Vĩ Mô (Macro) hoàn thành (attempt 1)
[2026-07-16 12:00:42] [Sync] Bắt đầu đẩy dữ liệu lên Github (Kích hoạt bởi: Vĩ Mô (Macro))...
[2026-07-16 12:00:45] [Sync] ✅ Đồng bộ Github thành công (Vĩ Mô (Macro))!
[2026-07-16 12:00:45] [INFO] Đang quét tín hiệu Telegram Alarm (SMC)...
[2026-07-16 12:00:46] [INFO] Đang chạy cập nhật Hồ sơ mã (run_pro_plus) và tạo Dashboard (gen_dashboard)...
[2026-07-16 12:00:53] [Sync] Bắt đầu đẩy dữ liệu lên Github (Kích hoạt bởi: Cập nhật Phân tích & Giao diện)...
[2026-07-16 12:00:56] [Sync] ✅ Đồng bộ Github thành công (Cập nhật Phân tích & Giao diện)!
[2026-07-16 12:00:56] [INFO] ⏰ Đợi Giá H1: còn 0.99h (16/07 13:00:05 VN)
[2026-07-16 13:00:05] [INFO] ▶ Kích hoạt: Giá H1 + Macro
[2026-07-16 13:00:16] [INFO] ✅ Giá H1 + Macro hoàn thành (attempt 1)
[2026-07-16 13:00:16] [Sync] Bắt đầu đẩy dữ liệu lên Github (Kích hoạt bởi: Giá H1 + Macro)...
[2026-07-16 13:00:20] [Sync] ✅ Đồng bộ Github thành công (Giá H1 + Macro)!
[2026-07-16 13:00:20] [INFO] ▶ Kích hoạt: Giá H4
[2026-07-16 13:00:26] [INFO] ✅ Giá H4 hoàn thành (attempt 1)
[2026-07-16 13:00:26] [Sync] Bắt đầu đẩy dữ liệu lên Github (Kích hoạt bởi: Giá H4)...
[2026-07-16 13:00:30] [Sync] ✅ Đồng bộ Github thành công (Giá H4)!
[2026-07-16 13:00:30] [INFO] ▶ Kích hoạt: Vĩ Mô (Macro)
[2026-07-16 13:00:35] [INFO] ✅ Vĩ Mô (Macro) hoàn thành (attempt 1)
[2026-07-16 13:00:35] [Sync] Bắt đầu đẩy dữ liệu lên Github (Kích hoạt bởi: Vĩ Mô (Macro))...
[2026-07-16 13:00:38] [Sync] ✅ Đồng bộ Github thành công (Vĩ Mô (Macro))!
[2026-07-16 13:00:38] [INFO] Đang quét tín hiệu Telegram Alarm (SMC)...
[2026-07-16 13:00:40] [INFO] Đang chạy cập nhật Hồ sơ mã (run_pro_plus) và tạo Dashboard (gen_dashboard)...
[2026-07-16 13:00:46] [Sync] Bắt đầu đẩy dữ liệu lên Github (Kích hoạt bởi: Cập nhật Phân tích & Giao diện)...
[2026-07-16 13:00:50] [Sync] ✅ Đồng bộ Github thành công (Cập nhật Phân tích & Giao diện)!
[2026-07-16 13:00:50] [INFO] ⏰ Đợi Giá H1: còn 0.99h (16/07 14:00:05 VN)
[2026-07-16 14:00:05] [INFO] ▶ Kích hoạt: Giá H1 + Macro
[2026-07-16 14:00:19] [INFO] ✅ Giá H1 + Macro hoàn thành (attempt 1)
[2026-07-16 14:00:19] [Sync] Bắt đầu đẩy dữ liệu lên Github (Kích hoạt bởi: Giá H1 + Macro)...
[2026-07-16 14:00:24] [Sync] ✅ Đồng bộ Github thành công (Giá H1 + Macro)!
[2026-07-16 14:00:24] [INFO] ▶ Kích hoạt: Giá H4
[2026-07-16 14:00:33] [INFO] ✅ Giá H4 hoàn thành (attempt 1)
[2026-07-16 14:00:33] [Sync] Bắt đầu đẩy dữ liệu lên Github (Kích hoạt bởi: Giá H4)...
[2026-07-16 14:00:36] [Sync] ✅ Đồng bộ Github thành công (Giá H4)!
[2026-07-16 14:00:36] [INFO] ▶ Kích hoạt: Vĩ Mô (Macro)
[2026-07-16 14:00:39] [INFO] ✅ Vĩ Mô (Macro) hoàn thành (attempt 1)
[2026-07-16 14:00:39] [Sync] Bắt đầu đẩy dữ liệu lên Github (Kích hoạt bởi: Vĩ Mô (Macro))...
[2026-07-16 14:00:42] [Sync] ✅ Đồng bộ Github thành công (Vĩ Mô (Macro))!
[2026-07-16 14:00:42] [INFO] Đang quét tín hiệu Telegram Alarm (SMC)...
[2026-07-16 14:00:44] [INFO] Đang chạy cập nhật Hồ sơ mã (run_pro_plus) và tạo Dashboard (gen_dashboard)...
[2026-07-16 14:00:50] [Sync] Bắt đầu đẩy dữ liệu lên Github (Kích hoạt bởi: Cập nhật Phân tích & Giao diện)...
[2026-07-16 14:00:55] [Sync] ✅ Đồng bộ Github thành công (Cập nhật Phân tích & Giao diện)!
[2026-07-16 14:00:55] [INFO] ⏰ Đợi Giá H1: còn 0.99h (16/07 15:00:05 VN)
[2026-07-16 16:34:57] [INFO] ▶ Kích hoạt: Giá H1 + Macro
[2026-07-16 16:35:15] [INFO] ✅ Giá H1 + Macro hoàn thành (attempt 1)
[2026-07-16 16:35:15] [Sync] Bắt đầu đẩy dữ liệu lên Github (Kích hoạt bởi: Giá H1 + Macro)...
[2026-07-16 16:35:18] [Sync] ✅ Đồng bộ Github thành công (Giá H1 + Macro)!
[2026-07-16 16:35:18] [INFO] ▶ Kích hoạt: Giá H4
[2026-07-16 16:35:40] [INFO] ✅ Giá H4 hoàn thành (attempt 1)
[2026-07-16 16:35:41] [Sync] Bắt đầu đẩy dữ liệu lên Github (Kích hoạt bởi: Giá H4)...
[2026-07-16 16:35:45] [Sync] ✅ Đồng bộ Github thành công (Giá H4)!
[2026-07-16 16:35:45] [INFO] ▶ Kích hoạt: Vĩ Mô (Macro)
[2026-07-16 16:35:48] [INFO] ✅ Vĩ Mô (Macro) hoàn thành (attempt 1)
[2026-07-16 16:35:48] [Sync] Bắt đầu đẩy dữ liệu lên Github (Kích hoạt bởi: Vĩ Mô (Macro))...
[2026-07-16 16:35:53] [Sync] ✅ Đồng bộ Github thành công (Vĩ Mô (Macro))!
[2026-07-16 16:35:53] [INFO] Đang quét tín hiệu Telegram Alarm (SMC)...
[2026-07-16 16:35:58] [INFO] Đang chạy cập nhật Hồ sơ mã (run_pro_plus) và tạo Dashboard (gen_dashboard)...
[2026-07-16 16:36:04] [Sync] Bắt đầu đẩy dữ liệu lên Github (Kích hoạt bởi: Cập nhật Phân tích & Giao diện)...
[2026-07-16 16:36:08] [Sync] ✅ Đồng bộ Github thành công (Cập nhật Phân tích & Giao diện)!
[2026-07-16 16:36:08] [INFO] ⏰ Đợi Giá H1: còn 0.40h (16/07 17:00:05 VN)
[2026-07-16 17:00:05] [INFO] ▶ Kích hoạt: Giá H1 + Macro
[2026-07-16 17:00:23] [INFO] ✅ Giá H1 + Macro hoàn thành (attempt 1)
[2026-07-16 17:00:23] [Sync] Bắt đầu đẩy dữ liệu lên Github (Kích hoạt bởi: Giá H1 + Macro)...
[2026-07-16 17:00:27] [Sync] ✅ Đồng bộ Github thành công (Giá H1 + Macro)!
[2026-07-16 17:00:27] [INFO] ▶ Kích hoạt: Giá H4
[2026-07-16 17:00:34] [INFO] ✅ Giá H4 hoàn thành (attempt 1)
[2026-07-16 17:00:34] [Sync] Bắt đầu đẩy dữ liệu lên Github (Kích hoạt bởi: Giá H4)...
[2026-07-16 17:00:38] [Sync] ✅ Đồng bộ Github thành công (Giá H4)!
[2026-07-16 17:00:38] [INFO] ▶ Kích hoạt: Vĩ Mô (Macro)
[2026-07-16 17:00:42] [INFO] ✅ Vĩ Mô (Macro) hoàn thành (attempt 1)
[2026-07-16 17:00:42] [Sync] Bắt đầu đẩy dữ liệu lên Github (Kích hoạt bởi: Vĩ Mô (Macro))...
[2026-07-16 17:00:45] [Sync] ✅ Đồng bộ Github thành công (Vĩ Mô (Macro))!
[2026-07-16 17:00:46] [INFO] Đang quét tín hiệu Telegram Alarm (SMC)...
[2026-07-16 17:00:47] [INFO] Đang chạy cập nhật Hồ sơ mã (run_pro_plus) và tạo Dashboard (gen_dashboard)...
[2026-07-16 17:00:54] [Sync] Bắt đầu đẩy dữ liệu lên Github (Kích hoạt bởi: Cập nhật Phân tích & Giao diện)...
[2026-07-16 17:00:58] [Sync] ✅ Đồng bộ Github thành công (Cập nhật Phân tích & Giao diện)!
[2026-07-16 17:00:58] [INFO] ⏰ Đợi Giá H1: còn 0.99h (16/07 18:00:05 VN)
[2026-07-16 18:00:05] [INFO] ▶ Kích hoạt: Giá H1 + Macro
[2026-07-16 18:00:13] [INFO] ✅ Giá H1 + Macro hoàn thành (attempt 1)
[2026-07-16 18:00:13] [Sync] Bắt đầu đẩy dữ liệu lên Github (Kích hoạt bởi: Giá H1 + Macro)...
[2026-07-16 18:00:17] [Sync] ✅ Đồng bộ Github thành công (Giá H1 + Macro)!
[2026-07-16 18:00:17] [INFO] ▶ Kích hoạt: Giá H4
[2026-07-16 18:00:29] [INFO] ✅ Giá H4 hoàn thành (attempt 1)
[2026-07-16 18:00:29] [Sync] Bắt đầu đẩy dữ liệu lên Github (Kích hoạt bởi: Giá H4)...
[2026-07-16 18:00:33] [Sync] ✅ Đồng bộ Github thành công (Giá H4)!
[2026-07-16 18:00:33] [INFO] ▶ Kích hoạt: Vĩ Mô (Macro)
[2026-07-16 18:00:36] [INFO] ✅ Vĩ Mô (Macro) hoàn thành (attempt 1)
[2026-07-16 18:00:36] [Sync] Bắt đầu đẩy dữ liệu lên Github (Kích hoạt bởi: Vĩ Mô (Macro))...
[2026-07-16 18:00:39] [Sync] ✅ Đồng bộ Github thành công (Vĩ Mô (Macro))!
[2026-07-16 18:00:39] [INFO] Đang quét tín hiệu Telegram Alarm (SMC)...
[2026-07-16 18:00:41] [INFO] Đang chạy cập nhật Hồ sơ mã (run_pro_plus) và tạo Dashboard (gen_dashboard)...
[2026-07-16 18:00:49] [Sync] Bắt đầu đẩy dữ liệu lên Github (Kích hoạt bởi: Cập nhật Phân tích & Giao diện)...
[2026-07-16 18:00:53] [Sync] ✅ Đồng bộ Github thành công (Cập nhật Phân tích & Giao diện)!
[2026-07-16 18:00:53] [INFO] ⏰ Đợi Giá H1: còn 0.99h (16/07 19:00:05 VN)
[2026-07-16 19:46:03] [INFO] ▶ Kích hoạt: Giá H1 + Macro
[2026-07-16 19:46:20] [INFO] ✅ Giá H1 + Macro hoàn thành (attempt 1)
[2026-07-16 19:46:20] [Sync] Bắt đầu đẩy dữ liệu lên Github (Kích hoạt bởi: Giá H1 + Macro)...
[2026-07-16 19:46:24] [Sync] ✅ Đồng bộ Github thành công (Giá H1 + Macro)!
[2026-07-16 19:46:24] [INFO] ▶ Kích hoạt: Giá H4
[2026-07-16 19:46:28] [INFO] ✅ Giá H4 hoàn thành (attempt 1)
[2026-07-16 19:46:28] [Sync] Bắt đầu đẩy dữ liệu lên Github (Kích hoạt bởi: Giá H4)...
[2026-07-16 19:46:32] [Sync] ✅ Đồng bộ Github thành công (Giá H4)!
[2026-07-16 19:46:32] [INFO] ▶ Kích hoạt: Vĩ Mô (Macro)
[2026-07-16 19:46:34] [INFO] ✅ Vĩ Mô (Macro) hoàn thành (attempt 1)
[2026-07-16 19:46:34] [Sync] Bắt đầu đẩy dữ liệu lên Github (Kích hoạt bởi: Vĩ Mô (Macro))...
[2026-07-16 19:46:39] [Sync] ✅ Đồng bộ Github thành công (Vĩ Mô (Macro))!
[2026-07-16 19:46:39] [INFO] Đang quét tín hiệu Telegram Alarm (SMC)...
[2026-07-16 19:46:44] [INFO] Đang chạy cập nhật Hồ sơ mã (run_pro_plus) và tạo Dashboard (gen_dashboard)...
[2026-07-16 19:46:51] [Sync] Bắt đầu đẩy dữ liệu lên Github (Kích hoạt bởi: Cập nhật Phân tích & Giao diện)...
[2026-07-16 19:46:55] [Sync] ✅ Đồng bộ Github thành công (Cập nhật Phân tích & Giao diện)!
[2026-07-16 19:46:55] [INFO] ⏰ Đợi Giá H1: còn 0.22h (16/07 20:00:05 VN)
[2026-07-16 20:00:05] [INFO] ▶ Kích hoạt: Giá H1 + Macro
[2026-07-16 20:00:17] [INFO] ✅ Giá H1 + Macro hoàn thành (attempt 1)
[2026-07-16 20:00:17] [Sync] Bắt đầu đẩy dữ liệu lên Github (Kích hoạt bởi: Giá H1 + Macro)...
[2026-07-16 20:00:20] [Sync] ✅ Đồng bộ Github thành công (Giá H1 + Macro)!
[2026-07-16 20:00:20] [INFO] ▶ Kích hoạt: Giá H4
[2026-07-16 20:00:26] [INFO] ✅ Giá H4 hoàn thành (attempt 1)
[2026-07-16 20:00:26] [Sync] Bắt đầu đẩy dữ liệu lên Github (Kích hoạt bởi: Giá H4)...
[2026-07-16 20:00:29] [Sync] ✅ Đồng bộ Github thành công (Giá H4)!
[2026-07-16 20:00:29] [INFO] ▶ Kích hoạt: Vĩ Mô (Macro)
[2026-07-16 20:00:32] [INFO] ✅ Vĩ Mô (Macro) hoàn thành (attempt 1)
[2026-07-16 20:00:32] [Sync] Bắt đầu đẩy dữ liệu lên Github (Kích hoạt bởi: Vĩ Mô (Macro))...
[2026-07-16 20:00:35] [Sync] ✅ Đồng bộ Github thành công (Vĩ Mô (Macro))!
[2026-07-16 20:00:35] [INFO] Đang quét tín hiệu Telegram Alarm (SMC)...
[2026-07-16 20:00:37] [INFO] Đang chạy cập nhật Hồ sơ mã (run_pro_plus) và tạo Dashboard (gen_dashboard)...
[2026-07-16 20:00:44] [Sync] Bắt đầu đẩy dữ liệu lên Github (Kích hoạt bởi: Cập nhật Phân tích & Giao diện)...
[2026-07-16 20:00:47] [Sync] ✅ Đồng bộ Github thành công (Cập nhật Phân tích & Giao diện)!
[2026-07-16 20:00:47] [INFO] ⏰ Đợi Giá H1: còn 0.99h (16/07 21:00:05 VN)
[2026-07-16 21:00:05] [INFO] ▶ Kích hoạt: Giá H1 + Macro
[2026-07-16 21:00:35] [INFO] ✅ Giá H1 + Macro hoàn thành (attempt 1)
[2026-07-16 21:00:35] [Sync] Bắt đầu đẩy dữ liệu lên Github (Kích hoạt bởi: Giá H1 + Macro)...
[2026-07-16 21:00:39] [Sync] ✅ Đồng bộ Github thành công (Giá H1 + Macro)!
[2026-07-16 21:00:39] [INFO] ▶ Kích hoạt: Giá H4
[2026-07-16 21:00:47] [INFO] ✅ Giá H4 hoàn thành (attempt 1)
[2026-07-16 21:00:47] [Sync] Bắt đầu đẩy dữ liệu lên Github (Kích hoạt bởi: Giá H4)...
[2026-07-16 21:00:51] [Sync] ✅ Đồng bộ Github thành công (Giá H4)!
[2026-07-16 21:00:51] [INFO] ▶ Kích hoạt: Vĩ Mô (Macro)
[2026-07-16 21:00:54] [INFO] ✅ Vĩ Mô (Macro) hoàn thành (attempt 1)
[2026-07-16 21:00:54] [Sync] Bắt đầu đẩy dữ liệu lên Github (Kích hoạt bởi: Vĩ Mô (Macro))...
[2026-07-16 21:00:57] [Sync] ✅ Đồng bộ Github thành công (Vĩ Mô (Macro))!
[2026-07-16 21:00:57] [INFO] Đang quét tín hiệu Telegram Alarm (SMC)...
[2026-07-16 21:01:02] [INFO] Đang chạy cập nhật Hồ sơ mã (run_pro_plus) và tạo Dashboard (gen_dashboard)...
[2026-07-16 21:01:10] [Sync] Bắt đầu đẩy dữ liệu lên Github (Kích hoạt bởi: Cập nhật Phân tích & Giao diện)...
[2026-07-16 21:01:13] [Sync] ✅ Đồng bộ Github thành công (Cập nhật Phân tích & Giao diện)!
[2026-07-16 21:01:13] [INFO] ⏰ Đợi Giá H1: còn 0.98h (16/07 22:00:05 VN)
[2026-07-16 22:12:19] [INFO] ▶ Kích hoạt: Giá H1 + Macro
[2026-07-16 22:12:35] [INFO] ✅ Giá H1 + Macro hoàn thành (attempt 1)
[2026-07-16 22:12:35] [Sync] Bắt đầu đẩy dữ liệu lên Github (Kích hoạt bởi: Giá H1 + Macro)...
[2026-07-16 22:12:38] [Sync] ✅ Đồng bộ Github thành công (Giá H1 + Macro)!
[2026-07-16 22:12:38] [INFO] ▶ Kích hoạt: Giá H4
[2026-07-16 22:12:46] [INFO] ✅ Giá H4 hoàn thành (attempt 1)
[2026-07-16 22:12:46] [Sync] Bắt đầu đẩy dữ liệu lên Github (Kích hoạt bởi: Giá H4)...
[2026-07-16 22:12:51] [Sync] ✅ Đồng bộ Github thành công (Giá H4)!
[2026-07-16 22:12:51] [INFO] ▶ Kích hoạt: Vĩ Mô (Macro)
[2026-07-16 22:12:54] [INFO] ✅ Vĩ Mô (Macro) hoàn thành (attempt 1)
[2026-07-16 22:12:54] [Sync] Bắt đầu đẩy dữ liệu lên Github (Kích hoạt bởi: Vĩ Mô (Macro))...
[2026-07-16 22:12:57] [Sync] ✅ Đồng bộ Github thành công (Vĩ Mô (Macro))!
[2026-07-16 22:12:57] [INFO] Đang quét tín hiệu Telegram Alarm (SMC)...
[2026-07-16 22:13:03] [INFO] Đang chạy cập nhật Hồ sơ mã (run_pro_plus) và tạo Dashboard (gen_dashboard)...
[2026-07-16 22:13:11] [Sync] Bắt đầu đẩy dữ liệu lên Github (Kích hoạt bởi: Cập nhật Phân tích & Giao diện)...
[2026-07-16 22:13:15] [Sync] ✅ Đồng bộ Github thành công (Cập nhật Phân tích & Giao diện)!
[2026-07-16 22:13:15] [INFO] ⏰ Đợi Giá H1: còn 0.78h (16/07 23:00:05 VN)
[2026-07-16 22:33:07] [INFO] ▶ Kích hoạt: AI Phân Tích Chuyên Sâu
[2026-07-16 22:33:28] [INFO] ✅ AI Phân Tích Chuyên Sâu hoàn thành (attempt 1)
[2026-07-16 22:33:28] [Sync] Bắt đầu đẩy dữ liệu lên Github (Kích hoạt bởi: AI Phân Tích Chuyên Sâu)...
[2026-07-16 22:33:32] [Sync] ✅ Đồng bộ Github thành công (AI Phân Tích Chuyên Sâu)!
[2026-07-16 22:33:32] [INFO] ⏰ Đợi AI Phân Tích: còn 7.94h (17/07 06:30:02 VN)
[2026-07-16 22:33:38] [INFO] ✅ AI Điểm Tin hoàn thành (attempt 1)
[2026-07-16 22:33:38] [Sync] Bắt đầu đẩy dữ liệu lên Github (Kích hoạt bởi: AI Điểm Tin)...
[2026-07-16 22:33:42] [Sync] ✅ Đồng bộ Github thành công (AI Điểm Tin)!
[2026-07-16 22:33:42] [INFO] ⏰ Đợi AI News: còn 7.44h (17/07 06:00:02 VN)
[2026-07-16 23:00:05] [INFO] ▶ Kích hoạt: Giá H1 + Macro
[2026-07-16 23:00:16] [INFO] ✅ Giá H1 + Macro hoàn thành (attempt 1)
[2026-07-16 23:00:16] [Sync] Bắt đầu đẩy dữ liệu lên Github (Kích hoạt bởi: Giá H1 + Macro)...
[2026-07-16 23:00:20] [Sync] ✅ Đồng bộ Github thành công (Giá H1 + Macro)!
[2026-07-16 23:00:20] [INFO] ▶ Kích hoạt: Giá H4
[2026-07-16 23:00:25] [INFO] ✅ Giá H4 hoàn thành (attempt 1)
[2026-07-16 23:00:25] [Sync] Bắt đầu đẩy dữ liệu lên Github (Kích hoạt bởi: Giá H4)...
[2026-07-16 23:00:29] [Sync] ✅ Đồng bộ Github thành công (Giá H4)!
[2026-07-16 23:00:29] [INFO] ▶ Kích hoạt: Vĩ Mô (Macro)
[2026-07-16 23:00:31] [INFO] ✅ Vĩ Mô (Macro) hoàn thành (attempt 1)
[2026-07-16 23:00:31] [Sync] Bắt đầu đẩy dữ liệu lên Github (Kích hoạt bởi: Vĩ Mô (Macro))...
[2026-07-16 23:00:35] [Sync] ✅ Đồng bộ Github thành công (Vĩ Mô (Macro))!
[2026-07-16 23:00:35] [INFO] Đang quét tín hiệu Telegram Alarm (SMC)...
[2026-07-16 23:00:37] [INFO] Đang chạy cập nhật Hồ sơ mã (run_pro_plus) và tạo Dashboard (gen_dashboard)...
[2026-07-16 23:00:43] [Sync] Bắt đầu đẩy dữ liệu lên Github (Kích hoạt bởi: Cập nhật Phân tích & Giao diện)...
[2026-07-16 23:00:47] [Sync] ✅ Đồng bộ Github thành công (Cập nhật Phân tích & Giao diện)!
[2026-07-16 23:00:47] [INFO] ⏰ Đợi Giá H1: còn 0.99h (17/07 00:00:05 VN)
[2026-07-17 05:45:34] [INFO] ============================================================
[2026-07-17 05:45:34] [INFO]   CBOT PRECISION SCHEDULER V2 — KHỞI ĐỘNG
[2026-07-17 05:45:34] [INFO] ============================================================
[2026-07-17 05:45:34] [INFO] Lịch trình đang chạy:
[2026-07-17 05:45:34] [INFO]   [Giá H1 + Macro]    : Phút :15 mỗi giờ giao dịch
[2026-07-17 05:45:34] [INFO]   [COT CFTC]          : Thứ Bảy 07:15 VN
[2026-07-17 05:45:34] [INFO]   [USDA Crop Progress]: Thứ Hai 22:00 VN
[2026-07-17 05:45:34] [INFO]   [Export Sales]      : Thứ Năm 21:32 VN
[2026-07-17 05:45:34] [INFO]   [WASDE Monthly]     : Ngày 10 hàng tháng, 23:00 VN
[2026-07-17 05:45:34] [INFO]   [Thời Tiết Ngắn]    : 06:00 hàng ngày
[2026-07-17 05:45:34] [INFO]   [ENSO Long-Term]    : Thứ Hai 06:30 VN
[2026-07-17 05:45:34] [INFO]   [USDA Acreage]      : 05:30 hàng ngày
[2026-07-17 05:45:34] [INFO]   [AI Điểm Tin]       : 06:00 và 20:00 hàng ngày
[2026-07-17 05:45:34] [INFO]   [AI Tin Biển Đen]   : Thứ Tư & Chủ Nhật 07:00 VN
[2026-07-17 05:45:34] [INFO]   [Số Liệu Mùa Vụ Nga]: 07:30 hàng ngày
[2026-07-17 05:45:34] [INFO]   [🧠 AI Phân Tích]   : 06:30 và 20:00 hàng ngày (T2-T6)
[2026-07-17 05:45:34] [INFO] ------------------------------------------------------------
[2026-07-17 05:45:34] [INFO] ⏰ Đợi Giá H1: còn 0.24h (17/07 06:00:05 VN)
[2026-07-17 05:45:34] [INFO]   ✅ Thread khởi động: job_prices
[2026-07-17 05:45:34] [INFO] ⏰ Đợi COT CFTC: còn 25.49h (18/07 07:15:02 VN)
[2026-07-17 05:45:34] [INFO]   ✅ Thread khởi động: job_cot
[2026-07-17 05:45:34] [INFO]   ✅ Thread khởi động: job_crop_progress
00:02 VN)
[2026-07-17 05:45:34] [INFO] ⏰ Đợi Export Sales: còn 159.77h (23/07 21:32:02 VN)
[2026-07-17 05:45:34] [INFO]   ✅ Thread khởi động: job_export_sales
[2026-07-17 05:45:34] [INFO] ⏰ Đợi WASDE Monthly: còn 593.24h (10/08 23:00:02 VN)
[2026-07-17 05:45:34] [INFO]   ✅ Thread khởi động: job_wasde
[2026-07-17 05:45:34] [INFO] ⏰ Đợi Weather Short: còn 0.24h (17/07 06:00:02 VN)
[2026-07-17 05:45:34] [INFO]   ✅ Thread khởi động: job_weather_short
[2026-07-17 05:45:34] [INFO] ⏰ Đợi ENSO Long-Term: còn 72.74h (20/07 06:30:02 VN)
[2026-07-17 05:45:34] [INFO]   ✅ Thread khởi động: job_weather_long
[2026-07-17 05:45:34] [INFO] ⏰ Đợi Acreage Reports: còn 23.74h (18/07 05:30:02 VN)
[2026-07-17 05:45:34] [INFO]   ✅ Thread khởi động: job_acreage
[2026-07-17 05:45:34] [INFO] ⏰ Đợi AI News: còn 0.24h (17/07 06:00:02 VN)
[2026-07-17 05:45:34] [INFO]   ✅ Thread khởi động: job_ai_news
[2026-07-17 05:45:34] [INFO] ⏰ Đợi Black Sea News: còn 49.24h (19/07 07:00:02 VN)
[2026-07-17 05:45:34] [INFO]   ✅ Thread khởi động: job_blacksea_news
[2026-07-17 05:45:34] [INFO] ⏰ Đợi AI Phân Tích: còn 0.74h (17/07 06:30:02 VN)
[2026-07-17 05:45:34] [INFO]   ✅ Thread khởi động: job_ai_analysis
[2026-07-17 05:45:34] [INFO] ============================================================
[2026-07-17 05:45:34] [INFO] Scheduler đang chạy ngầm. Nhấn Ctrl+C để dừng.
[2026-07-17 06:00:02] [INFO] ▶ Kích hoạt: Thời Tiết Ngắn Hạn
[2026-07-17 06:00:05] [INFO] ▶ Kích hoạt: Giá H1 + Macro
[2026-07-17 06:00:29] [INFO] ✅ Giá H1 + Macro hoàn thành (attempt 1)
[2026-07-17 06:00:30] [Sync] Bắt đầu đẩy dữ liệu lên Github (Kích hoạt bởi: Giá H1 + Macro)...
[2026-07-17 06:00:33] [INFO] ✅ Thời Tiết Ngắn Hạn hoàn thành (attempt 1)
[2026-07-17 06:00:33] [Sync] Bắt đầu đẩy dữ liệu lên Github (Kích hoạt bởi: Thời Tiết Ngắn Hạn)...
[2026-07-17 06:00:35] [INFO] ✅ AI Điểm Tin hoàn thành (attempt 1)
[2026-07-17 06:00:35] [Sync] Bắt đầu đẩy dữ liệu lên Github (Kích hoạt bởi: AI Điểm Tin)...
[2026-07-17 06:00:36] [Sync] ✅ Đồng bộ Github thành công (Giá H1 + Macro)!
[2026-07-17 06:00:36] [INFO] ▶ Kích hoạt: Giá H4
[2026-07-17 06:00:37] [Sync] ⚠️ Lỗi Github Push: b7736379da94d2 but expected 7a347d9e74cfc980199cb73cbb59dd1cf5c12d71)
error: failed to push some refs to 'https://github.com/Thang-Cbot/dashboard.git'
[2026-07-17 06:00:37] [INFO] ⏰ Đợi Weather Short: còn 23.99h (18/07 06:00:02 VN)
[2026-07-17 06:00:38] [Sync] ✅ Đồng bộ Github thành công (AI Điểm Tin)!
[2026-07-17 06:00:39] [INFO] ⏰ Đợi AI News: còn 13.99h (17/07 20:00:02 VN)
[2026-07-17 06:00:43] [INFO] ✅ Giá H4 hoàn thành (attempt 1)
[2026-07-17 06:00:43] [Sync] Bắt đầu đẩy dữ liệu lên Github (Kích hoạt bởi: Giá H4)...
[2026-07-17 06:00:46] [Sync] ✅ Đồng bộ Github thành công (Giá H4)!
[2026-07-17 06:00:46] [INFO] ▶ Kích hoạt: Vĩ Mô (Macro)
[2026-07-17 06:00:50] [INFO] ✅ Vĩ Mô (Macro) hoàn thành (attempt 1)
[2026-07-17 06:00:50] [Sync] Bắt đầu đẩy dữ liệu lên Github (Kích hoạt bởi: Vĩ Mô (Macro))...
[2026-07-17 06:00:53] [Sync] ✅ Đồng bộ Github thành công (Vĩ Mô (Macro))!
[2026-07-17 06:00:53] [INFO] Đang quét tín hiệu Telegram Alarm (SMC)...
[2026-07-17 06:00:58] [INFO] Đang chạy cập nhật Hồ sơ mã (run_pro_plus) và tạo Dashboard (gen_dashboard)...
[2026-07-17 06:01:05] [Sync] Bắt đầu đẩy dữ liệu lên Github (Kích hoạt bởi: Cập nhật Phân tích & Giao diện)...
[2026-07-17 06:01:09] [Sync] ✅ Đồng bộ Github thành công (Cập nhật Phân tích & Giao diện)!
[2026-07-17 06:01:09] [INFO] ⏰ Đợi Giá H1: còn 0.98h (17/07 07:00:05 VN)
[2026-07-17 06:30:02] [INFO] ▶ Kích hoạt: AI Phân Tích Chuyên Sâu
[2026-07-17 06:30:25] [INFO] ✅ AI Phân Tích Chuyên Sâu hoàn thành (attempt 1)
[2026-07-17 06:30:25] [Sync] Bắt đầu đẩy dữ liệu lên Github (Kích hoạt bởi: AI Phân Tích Chuyên Sâu)...
[2026-07-17 06:30:28] [Sync] ✅ Đồng bộ Github thành công (AI Phân Tích Chuyên Sâu)!
[2026-07-17 06:30:28] [INFO] ⏰ Đợi AI Phân Tích: còn 13.49h (17/07 20:00:02 VN)
[2026-07-17 07:00:05] [INFO] ▶ Kích hoạt: Giá H1 + Macro
[2026-07-17 07:00:18] [INFO] ✅ Giá H1 + Macro hoàn thành (attempt 1)
[2026-07-17 07:00:18] [Sync] Bắt đầu đẩy dữ liệu lên Github (Kích hoạt bởi: Giá H1 + Macro)...
[2026-07-17 07:00:21] [Sync] ✅ Đồng bộ Github thành công (Giá H1 + Macro)!
[2026-07-17 07:00:21] [INFO] ▶ Kích hoạt: Giá H4
[2026-07-17 07:00:25] [INFO] ✅ Giá H4 hoàn thành (attempt 1)
[2026-07-17 07:00:25] [Sync] Bắt đầu đẩy dữ liệu lên Github (Kích hoạt bởi: Giá H4)...
[2026-07-17 07:00:30] [Sync] ✅ Đồng bộ Github thành công (Giá H4)!
[2026-07-17 07:00:30] [INFO] ▶ Kích hoạt: Vĩ Mô (Macro)
[2026-07-17 07:00:32] [INFO] ✅ Vĩ Mô (Macro) hoàn thành (attempt 1)
[2026-07-17 07:00:32] [Sync] Bắt đầu đẩy dữ liệu lên Github (Kích hoạt bởi: Vĩ Mô (Macro))...
[2026-07-17 07:00:36] [Sync] ✅ Đồng bộ Github thành công (Vĩ Mô (Macro))!
[2026-07-17 07:00:36] [INFO] Đang quét tín hiệu Telegram Alarm (SMC)...
[2026-07-17 07:00:37] [INFO] Đang chạy cập nhật Hồ sơ mã (run_pro_plus) và tạo Dashboard (gen_dashboard)...
[2026-07-17 07:00:44] [Sync] Bắt đầu đẩy dữ liệu lên Github (Kích hoạt bởi: Cập nhật Phân tích & Giao diện)...
[2026-07-17 07:00:47] [Sync] ✅ Đồng bộ Github thành công (Cập nhật Phân tích & Giao diện)!
[2026-07-17 07:00:47] [INFO] ⏰ Đợi Giá H1: còn 0.99h (17/07 08:00:05 VN)
[2026-07-17 08:00:05] [INFO] ▶ Kích hoạt: Giá H1 + Macro
[2026-07-17 08:00:16] [INFO] ✅ Giá H1 + Macro hoàn thành (attempt 1)
[2026-07-17 08:00:16] [Sync] Bắt đầu đẩy dữ liệu lên Github (Kích hoạt bởi: Giá H1 + Macro)...
[2026-07-17 08:00:20] [Sync] ✅ Đồng bộ Github thành công (Giá H1 + Macro)!
[2026-07-17 08:00:20] [INFO] ▶ Kích hoạt: Giá H4
[2026-07-17 08:00:24] [INFO] ✅ Giá H4 hoàn thành (attempt 1)
[2026-07-17 08:00:24] [Sync] Bắt đầu đẩy dữ liệu lên Github (Kích hoạt bởi: Giá H4)...
[2026-07-17 08:00:28] [Sync] ✅ Đồng bộ Github thành công (Giá H4)!
[2026-07-17 08:00:28] [INFO] ▶ Kích hoạt: Vĩ Mô (Macro)
[2026-07-17 08:00:31] [INFO] ✅ Vĩ Mô (Macro) hoàn thành (attempt 1)
[2026-07-17 08:00:31] [Sync] Bắt đầu đẩy dữ liệu lên Github (Kích hoạt bởi: Vĩ Mô (Macro))...
[2026-07-17 08:00:34] [Sync] ✅ Đồng bộ Github thành công (Vĩ Mô (Macro))!
[2026-07-17 08:00:34] [INFO] Đang quét tín hiệu Telegram Alarm (SMC)...
[2026-07-17 08:00:36] [INFO] Đang chạy cập nhật Hồ sơ mã (run_pro_plus) và tạo Dashboard (gen_dashboard)...
[2026-07-17 08:00:44] [Sync] Bắt đầu đẩy dữ liệu lên Github (Kích hoạt bởi: Cập nhật Phân tích & Giao diện)...
[2026-07-17 08:00:47] [Sync] ✅ Đồng bộ Github thành công (Cập nhật Phân tích & Giao diện)!
[2026-07-17 08:00:47] [INFO] ⏰ Đợi Giá H1: còn 0.99h (17/07 09:00:05 VN)
[2026-07-17 09:00:05] [INFO] ▶ Kích hoạt: Giá H1 + Macro
[2026-07-17 09:00:34] [INFO] ✅ Giá H1 + Macro hoàn thành (attempt 1)
[2026-07-17 09:00:34] [Sync] Bắt đầu đẩy dữ liệu lên Github (Kích hoạt bởi: Giá H1 + Macro)...
[2026-07-17 09:00:38] [Sync] ✅ Đồng bộ Github thành công (Giá H1 + Macro)!
[2026-07-17 09:00:38] [INFO] ▶ Kích hoạt: Giá H4
[2026-07-17 09:00:43] [INFO] ✅ Giá H4 hoàn thành (attempt 1)
[2026-07-17 09:00:43] [Sync] Bắt đầu đẩy dữ liệu lên Github (Kích hoạt bởi: Giá H4)...
[2026-07-17 09:00:47] [Sync] ✅ Đồng bộ Github thành công (Giá H4)!
[2026-07-17 09:00:47] [INFO] ▶ Kích hoạt: Vĩ Mô (Macro)
[2026-07-17 09:00:50] [INFO] ✅ Vĩ Mô (Macro) hoàn thành (attempt 1)
[2026-07-17 09:00:50] [Sync] Bắt đầu đẩy dữ liệu lên Github (Kích hoạt bởi: Vĩ Mô (Macro))...
[2026-07-17 09:00:53] [Sync] ✅ Đồng bộ Github thành công (Vĩ Mô (Macro))!
[2026-07-17 09:00:53] [INFO] Đang quét tín hiệu Telegram Alarm (SMC)...
[2026-07-17 09:00:57] [INFO] Đang chạy cập nhật Hồ sơ mã (run_pro_plus) và tạo Dashboard (gen_dashboard)...
[2026-07-17 09:01:05] [Sync] Bắt đầu đẩy dữ liệu lên Github (Kích hoạt bởi: Cập nhật Phân tích & Giao diện)...
[2026-07-17 09:01:09] [Sync] ✅ Đồng bộ Github thành công (Cập nhật Phân tích & Giao diện)!
[2026-07-17 09:01:09] [INFO] ⏰ Đợi Giá H1: còn 0.98h (17/07 10:00:05 VN)
[2026-07-17 10:00:05] [INFO] ▶ Kích hoạt: Giá H1 + Macro
[2026-07-17 10:00:16] [INFO] ✅ Giá H1 + Macro hoàn thành (attempt 1)
[2026-07-17 10:00:16] [Sync] Bắt đầu đẩy dữ liệu lên Github (Kích hoạt bởi: Giá H1 + Macro)...
[2026-07-17 10:00:19] [Sync] ✅ Đồng bộ Github thành công (Giá H1 + Macro)!
[2026-07-17 10:00:19] [INFO] ▶ Kích hoạt: Giá H4
[2026-07-17 10:00:25] [INFO] ✅ Giá H4 hoàn thành (attempt 1)
[2026-07-17 10:00:25] [Sync] Bắt đầu đẩy dữ liệu lên Github (Kích hoạt bởi: Giá H4)...
[2026-07-17 10:00:28] [Sync] ✅ Đồng bộ Github thành công (Giá H4)!
[2026-07-17 10:00:28] [INFO] ▶ Kích hoạt: Vĩ Mô (Macro)
[2026-07-17 10:00:31] [INFO] ✅ Vĩ Mô (Macro) hoàn thành (attempt 1)
[2026-07-17 10:00:31] [Sync] Bắt đầu đẩy dữ liệu lên Github (Kích hoạt bởi: Vĩ Mô (Macro))...
[2026-07-17 10:00:34] [Sync] ✅ Đồng bộ Github thành công (Vĩ Mô (Macro))!
[2026-07-17 10:00:34] [INFO] Đang quét tín hiệu Telegram Alarm (SMC)...
[2026-07-17 10:00:36] [INFO] Đang chạy cập nhật Hồ sơ mã (run_pro_plus) và tạo Dashboard (gen_dashboard)...
[2026-07-17 10:00:42] [Sync] Bắt đầu đẩy dữ liệu lên Github (Kích hoạt bởi: Cập nhật Phân tích & Giao diện)...
[2026-07-17 10:00:47] [Sync] ✅ Đồng bộ Github thành công (Cập nhật Phân tích & Giao diện)!
[2026-07-17 10:00:47] [INFO] ⏰ Đợi Giá H1: còn 0.99h (17/07 11:00:05 VN)
[2026-07-17 11:00:05] [INFO] ▶ Kích hoạt: Giá H1 + Macro
[2026-07-17 11:00:41] [INFO] ✅ Giá H1 + Macro hoàn thành (attempt 1)
[2026-07-17 11:00:41] [Sync] Bắt đầu đẩy dữ liệu lên Github (Kích hoạt bởi: Giá H1 + Macro)...
[2026-07-17 11:00:46] [Sync] ✅ Đồng bộ Github thành công (Giá H1 + Macro)!
[2026-07-17 11:00:46] [INFO] ▶ Kích hoạt: Giá H4
[2026-07-17 11:00:54] [INFO] ✅ Giá H4 hoàn thành (attempt 1)
[2026-07-17 11:00:54] [Sync] Bắt đầu đẩy dữ liệu lên Github (Kích hoạt bởi: Giá H4)...
[2026-07-17 11:00:57] [Sync] ✅ Đồng bộ Github thành công (Giá H4)!
[2026-07-17 11:00:57] [INFO] ▶ Kích hoạt: Vĩ Mô (Macro)
[2026-07-17 11:01:00] [INFO] ✅ Vĩ Mô (Macro) hoàn thành (attempt 1)
[2026-07-17 11:01:00] [Sync] Bắt đầu đẩy dữ liệu lên Github (Kích hoạt bởi: Vĩ Mô (Macro))...
[2026-07-17 11:01:04] [Sync] ✅ Đồng bộ Github thành công (Vĩ Mô (Macro))!
[2026-07-17 11:01:04] [INFO] Đang quét tín hiệu Telegram Alarm (SMC)...
[2026-07-17 11:01:07] [INFO] Đang chạy cập nhật Hồ sơ mã (run_pro_plus) và tạo Dashboard (gen_dashboard)...
[2026-07-17 11:01:13] [Sync] Bắt đầu đẩy dữ liệu lên Github (Kích hoạt bởi: Cập nhật Phân tích & Giao diện)...
[2026-07-17 11:01:17] [Sync] ✅ Đồng bộ Github thành công (Cập nhật Phân tích & Giao diện)!
[2026-07-17 11:01:17] [INFO] ⏰ Đợi Giá H1: còn 0.98h (17/07 12:00:05 VN)
[2026-07-17 12:00:05] [INFO] ▶ Kích hoạt: Giá H1 + Macro
[2026-07-17 12:00:16] [INFO] ✅ Giá H1 + Macro hoàn thành (attempt 1)
[2026-07-17 12:00:16] [Sync] Bắt đầu đẩy dữ liệu lên Github (Kích hoạt bởi: Giá H1 + Macro)...
[2026-07-17 12:00:19] [Sync] ✅ Đồng bộ Github thành công (Giá H1 + Macro)!
[2026-07-17 12:00:19] [INFO] ▶ Kích hoạt: Giá H4
[2026-07-17 12:00:34] [INFO] ✅ Giá H4 hoàn thành (attempt 1)
[2026-07-17 12:00:34] [Sync] Bắt đầu đẩy dữ liệu lên Github (Kích hoạt bởi: Giá H4)...
[2026-07-17 12:00:37] [Sync] ✅ Đồng bộ Github thành công (Giá H4)!
[2026-07-17 12:00:37] [INFO] ▶ Kích hoạt: Vĩ Mô (Macro)
[2026-07-17 12:00:40] [INFO] ✅ Vĩ Mô (Macro) hoàn thành (attempt 1)
[2026-07-17 12:00:40] [Sync] Bắt đầu đẩy dữ liệu lên Github (Kích hoạt bởi: Vĩ Mô (Macro))...
[2026-07-17 12:00:43] [Sync] ✅ Đồng bộ Github thành công (Vĩ Mô (Macro))!
[2026-07-17 12:00:43] [INFO] Đang quét tín hiệu Telegram Alarm (SMC)...
[2026-07-17 12:00:44] [INFO] Đang chạy cập nhật Hồ sơ mã (run_pro_plus) và tạo Dashboard (gen_dashboard)...
[2026-07-17 12:00:50] [Sync] Bắt đầu đẩy dữ liệu lên Github (Kích hoạt bởi: Cập nhật Phân tích & Giao diện)...
[2026-07-17 12:00:55] [Sync] ✅ Đồng bộ Github thành công (Cập nhật Phân tích & Giao diện)!
[2026-07-17 12:00:55] [INFO] ⏰ Đợi Giá H1: còn 0.99h (17/07 13:00:05 VN)
[2026-07-17 13:00:05] [INFO] ▶ Kích hoạt: Giá H1 + Macro
[2026-07-17 13:00:17] [INFO] ✅ Giá H1 + Macro hoàn thành (attempt 1)
[2026-07-17 13:00:17] [Sync] Bắt đầu đẩy dữ liệu lên Github (Kích hoạt bởi: Giá H1 + Macro)...
[2026-07-17 13:00:21] [Sync] ✅ Đồng bộ Github thành công (Giá H1 + Macro)!
[2026-07-17 13:00:21] [INFO] ▶ Kích hoạt: Giá H4
[2026-07-17 13:00:28] [INFO] ✅ Giá H4 hoàn thành (attempt 1)
[2026-07-17 13:00:28] [Sync] Bắt đầu đẩy dữ liệu lên Github (Kích hoạt bởi: Giá H4)...
[2026-07-17 13:00:31] [Sync] ✅ Đồng bộ Github thành công (Giá H4)!
[2026-07-17 13:00:31] [INFO] ▶ Kích hoạt: Vĩ Mô (Macro)
[2026-07-17 13:00:34] [INFO] ✅ Vĩ Mô (Macro) hoàn thành (attempt 1)
[2026-07-17 13:00:34] [Sync] Bắt đầu đẩy dữ liệu lên Github (Kích hoạt bởi: Vĩ Mô (Macro))...
[2026-07-17 13:00:38] [Sync] ✅ Đồng bộ Github thành công (Vĩ Mô (Macro))!
[2026-07-17 13:00:38] [INFO] Đang quét tín hiệu Telegram Alarm (SMC)...
[2026-07-17 13:00:43] [INFO] Đang chạy cập nhật Hồ sơ mã (run_pro_plus) và tạo Dashboard (gen_dashboard)...
[2026-07-17 13:00:50] [Sync] Bắt đầu đẩy dữ liệu lên Github (Kích hoạt bởi: Cập nhật Phân tích & Giao diện)...
[2026-07-17 13:00:53] [Sync] ✅ Đồng bộ Github thành công (Cập nhật Phân tích & Giao diện)!
[2026-07-17 13:00:54] [INFO] ⏰ Đợi Giá H1: còn 0.99h (17/07 14:00:05 VN)
[2026-07-17 14:00:05] [INFO] ▶ Kích hoạt: Giá H1 + Macro
[2026-07-17 14:00:18] [INFO] ✅ Giá H1 + Macro hoàn thành (attempt 1)
[2026-07-17 14:00:18] [Sync] Bắt đầu đẩy dữ liệu lên Github (Kích hoạt bởi: Giá H1 + Macro)...
[2026-07-17 14:00:22] [Sync] ✅ Đồng bộ Github thành công (Giá H1 + Macro)!
[2026-07-17 14:00:22] [INFO] ▶ Kích hoạt: Giá H4
[2026-07-17 14:00:31] [INFO] ✅ Giá H4 hoàn thành (attempt 1)
[2026-07-17 14:00:31] [Sync] Bắt đầu đẩy dữ liệu lên Github (Kích hoạt bởi: Giá H4)...
[2026-07-17 14:00:35] [Sync] ✅ Đồng bộ Github thành công (Giá H4)!
[2026-07-17 14:00:35] [INFO] ▶ Kích hoạt: Vĩ Mô (Macro)
[2026-07-17 14:00:39] [INFO] ✅ Vĩ Mô (Macro) hoàn thành (attempt 1)
[2026-07-17 14:00:39] [Sync] Bắt đầu đẩy dữ liệu lên Github (Kích hoạt bởi: Vĩ Mô (Macro))...
[2026-07-17 14:00:42] [Sync] ✅ Đồng bộ Github thành công (Vĩ Mô (Macro))!
[2026-07-17 14:00:42] [INFO] Đang quét tín hiệu Telegram Alarm (SMC)...
[2026-07-17 14:00:44] [INFO] Đang chạy cập nhật Hồ sơ mã (run_pro_plus) và tạo Dashboard (gen_dashboard)...
[2026-07-17 14:00:50] [Sync] Bắt đầu đẩy dữ liệu lên Github (Kích hoạt bởi: Cập nhật Phân tích & Giao diện)...
[2026-07-17 14:00:55] [Sync] ✅ Đồng bộ Github thành công (Cập nhật Phân tích & Giao diện)!
[2026-07-17 14:00:55] [INFO] ⏰ Đợi Giá H1: còn 0.99h (17/07 15:00:05 VN)
[2026-07-17 15:54:29] [INFO] ▶ Kích hoạt: Giá H1 + Macro
[2026-07-17 15:54:46] [INFO] ✅ Giá H1 + Macro hoàn thành (attempt 1)
[2026-07-17 15:54:46] [Sync] Bắt đầu đẩy dữ liệu lên Github (Kích hoạt bởi: Giá H1 + Macro)...
[2026-07-17 15:54:49] [Sync] ✅ Đồng bộ Github thành công (Giá H1 + Macro)!
[2026-07-17 15:54:49] [INFO] ▶ Kích hoạt: Giá H4
[2026-07-17 15:54:53] [INFO] ✅ Giá H4 hoàn thành (attempt 1)
[2026-07-17 15:54:53] [Sync] Bắt đầu đẩy dữ liệu lên Github (Kích hoạt bởi: Giá H4)...
[2026-07-17 15:54:57] [Sync] ✅ Đồng bộ Github thành công (Giá H4)!
[2026-07-17 15:54:57] [INFO] ▶ Kích hoạt: Vĩ Mô (Macro)
[2026-07-17 15:55:00] [INFO] ✅ Vĩ Mô (Macro) hoàn thành (attempt 1)
[2026-07-17 15:55:00] [Sync] Bắt đầu đẩy dữ liệu lên Github (Kích hoạt bởi: Vĩ Mô (Macro))...
[2026-07-17 15:55:04] [Sync] ✅ Đồng bộ Github thành công (Vĩ Mô (Macro))!
[2026-07-17 15:55:04] [INFO] Đang quét tín hiệu Telegram Alarm (SMC)...
[2026-07-17 15:55:06] [INFO] Đang chạy cập nhật Hồ sơ mã (run_pro_plus) và tạo Dashboard (gen_dashboard)...
[2026-07-17 15:55:14] [Sync] Bắt đầu đẩy dữ liệu lên Github (Kích hoạt bởi: Cập nhật Phân tích & Giao diện)...
[2026-07-17 15:55:17] [Sync] ✅ Đồng bộ Github thành công (Cập nhật Phân tích & Giao diện)!
[2026-07-17 15:55:18] [INFO] ⏰ Đợi Giá H1: còn 0.08h (17/07 16:00:05 VN)
[2026-07-17 16:00:05] [INFO] ▶ Kích hoạt: Giá H1 + Macro
[2026-07-17 16:00:25] [INFO] ✅ Giá H1 + Macro hoàn thành (attempt 1)
[2026-07-17 16:00:25] [Sync] Bắt đầu đẩy dữ liệu lên Github (Kích hoạt bởi: Giá H1 + Macro)...
[2026-07-17 16:00:29] [Sync] ✅ Đồng bộ Github thành công (Giá H1 + Macro)!
[2026-07-17 16:00:29] [INFO] ▶ Kích hoạt: Giá H4
[2026-07-17 16:00:43] [INFO] ✅ Giá H4 hoàn thành (attempt 1)
[2026-07-17 16:00:43] [Sync] Bắt đầu đẩy dữ liệu lên Github (Kích hoạt bởi: Giá H4)...
[2026-07-17 16:00:47] [Sync] ✅ Đồng bộ Github thành công (Giá H4)!
[2026-07-17 16:00:47] [INFO] ▶ Kích hoạt: Vĩ Mô (Macro)
[2026-07-17 16:00:50] [INFO] ✅ Vĩ Mô (Macro) hoàn thành (attempt 1)
[2026-07-17 16:00:50] [Sync] Bắt đầu đẩy dữ liệu lên Github (Kích hoạt bởi: Vĩ Mô (Macro))...
[2026-07-17 16:00:53] [Sync] ✅ Đồng bộ Github thành công (Vĩ Mô (Macro))!
[2026-07-17 16:00:53] [INFO] Đang quét tín hiệu Telegram Alarm (SMC)...
[2026-07-17 16:00:54] [INFO] Đang chạy cập nhật Hồ sơ mã (run_pro_plus) và tạo Dashboard (gen_dashboard)...
[2026-07-17 16:01:01] [Sync] Bắt đầu đẩy dữ liệu lên Github (Kích hoạt bởi: Cập nhật Phân tích & Giao diện)...
[2026-07-17 16:01:05] [Sync] ✅ Đồng bộ Github thành công (Cập nhật Phân tích & Giao diện)!
[2026-07-17 16:01:05] [INFO] ⏰ Đợi Giá H1: còn 0.98h (17/07 17:00:05 VN)
[2026-07-17 19:51:51] [INFO] ▶ Kích hoạt: Giá H1 + Macro
[2026-07-17 19:52:05] [INFO] ✅ Giá H1 + Macro hoàn thành (attempt 1)
[2026-07-17 19:52:05] [Sync] Bắt đầu đẩy dữ liệu lên Github (Kích hoạt bởi: Giá H1 + Macro)...
[2026-07-17 19:52:08] [Sync] ✅ Đồng bộ Github thành công (Giá H1 + Macro)!
[2026-07-17 19:52:08] [INFO] ▶ Kích hoạt: Giá H4
[2026-07-17 19:52:15] [INFO] ✅ Giá H4 hoàn thành (attempt 1)
[2026-07-17 19:52:15] [Sync] Bắt đầu đẩy dữ liệu lên Github (Kích hoạt bởi: Giá H4)...
[2026-07-17 19:52:18] [Sync] ✅ Đồng bộ Github thành công (Giá H4)!
[2026-07-17 19:52:18] [INFO] ▶ Kích hoạt: Vĩ Mô (Macro)
[2026-07-17 19:52:21] [INFO] ✅ Vĩ Mô (Macro) hoàn thành (attempt 1)
[2026-07-17 19:52:21] [Sync] Bắt đầu đẩy dữ liệu lên Github (Kích hoạt bởi: Vĩ Mô (Macro))...
[2026-07-17 19:52:25] [Sync] ✅ Đồng bộ Github thành công (Vĩ Mô (Macro))!
[2026-07-17 19:52:25] [INFO] Đang quét tín hiệu Telegram Alarm (SMC)...
[2026-07-17 19:52:30] [INFO] Đang chạy cập nhật Hồ sơ mã (run_pro_plus) và tạo Dashboard (gen_dashboard)...
[2026-07-17 19:52:36] [Sync] Bắt đầu đẩy dữ liệu lên Github (Kích hoạt bởi: Cập nhật Phân tích & Giao diện)...
[2026-07-17 19:52:41] [Sync] ✅ Đồng bộ Github thành công (Cập nhật Phân tích & Giao diện)!
[2026-07-17 19:52:41] [INFO] ⏰ Đợi Giá H1: còn 0.12h (17/07 20:00:05 VN)
[2026-07-17 20:00:05] [INFO] ▶ Kích hoạt: Giá H1 + Macro
[2026-07-17 20:00:14] [INFO] ✅ Giá H1 + Macro hoàn thành (attempt 1)
[2026-07-17 20:00:14] [Sync] Bắt đầu đẩy dữ liệu lên Github (Kích hoạt bởi: Giá H1 + Macro)...
[2026-07-17 20:00:18] [Sync] ✅ Đồng bộ Github thành công (Giá H1 + Macro)!
[2026-07-17 20:00:18] [INFO] ▶ Kích hoạt: Giá H4
[2026-07-17 20:00:22] [INFO] ✅ Giá H4 hoàn thành (attempt 1)
[2026-07-17 20:00:22] [Sync] Bắt đầu đẩy dữ liệu lên Github (Kích hoạt bởi: Giá H4)...
[2026-07-17 20:00:26] [Sync] ✅ Đồng bộ Github thành công (Giá H4)!
[2026-07-17 20:00:26] [INFO] ▶ Kích hoạt: Vĩ Mô (Macro)
[2026-07-17 20:00:29] [INFO] ✅ Vĩ Mô (Macro) hoàn thành (attempt 1)
[2026-07-17 20:00:29] [Sync] Bắt đầu đẩy dữ liệu lên Github (Kích hoạt bởi: Vĩ Mô (Macro))...
[2026-07-17 20:00:33] [Sync] ✅ Đồng bộ Github thành công (Vĩ Mô (Macro))!
[2026-07-17 20:00:33] [INFO] Đang quét tín hiệu Telegram Alarm (SMC)...
[2026-07-17 20:00:37] [INFO] Đang chạy cập nhật Hồ sơ mã (run_pro_plus) và tạo Dashboard (gen_dashboard)...
[2026-07-17 20:00:44] [Sync] Bắt đầu đẩy dữ liệu lên Github (Kích hoạt bởi: Cập nhật Phân tích & Giao diện)...
[2026-07-17 20:00:49] [Sync] ✅ Đồng bộ Github thành công (Cập nhật Phân tích & Giao diện)!
[2026-07-17 20:00:49] [INFO] ⏰ Đợi Giá H1: còn 0.99h (17/07 21:00:05 VN)
[2026-07-17 21:00:05] [INFO] ▶ Kích hoạt: Giá H1 + Macro
[2026-07-17 21:00:32] [INFO] ✅ Giá H1 + Macro hoàn thành (attempt 1)
[2026-07-17 21:00:32] [Sync] Bắt đầu đẩy dữ liệu lên Github (Kích hoạt bởi: Giá H1 + Macro)...
[2026-07-17 21:00:37] [Sync] ✅ Đồng bộ Github thành công (Giá H1 + Macro)!
[2026-07-17 21:00:37] [INFO] ▶ Kích hoạt: Giá H4
[2026-07-17 21:00:45] [INFO] ✅ Giá H4 hoàn thành (attempt 1)
[2026-07-17 21:00:45] [Sync] Bắt đầu đẩy dữ liệu lên Github (Kích hoạt bởi: Giá H4)...
[2026-07-17 21:00:48] [Sync] ✅ Đồng bộ Github thành công (Giá H4)!
[2026-07-17 21:00:48] [INFO] ▶ Kích hoạt: Vĩ Mô (Macro)
[2026-07-17 21:00:52] [INFO] ✅ Vĩ Mô (Macro) hoàn thành (attempt 1)
[2026-07-17 21:00:52] [Sync] Bắt đầu đẩy dữ liệu lên Github (Kích hoạt bởi: Vĩ Mô (Macro))...
[2026-07-17 21:00:55] [Sync] ✅ Đồng bộ Github thành công (Vĩ Mô (Macro))!
[2026-07-17 21:00:55] [INFO] Đang quét tín hiệu Telegram Alarm (SMC)...
[2026-07-17 21:00:57] [INFO] Đang chạy cập nhật Hồ sơ mã (run_pro_plus) và tạo Dashboard (gen_dashboard)...
[2026-07-17 21:01:03] [Sync] Bắt đầu đẩy dữ liệu lên Github (Kích hoạt bởi: Cập nhật Phân tích & Giao diện)...
[2026-07-17 21:01:08] [Sync] ✅ Đồng bộ Github thành công (Cập nhật Phân tích & Giao diện)!
[2026-07-17 21:01:08] [INFO] ⏰ Đợi Giá H1: còn 0.98h (17/07 22:00:05 VN)
[2026-07-17 22:00:05] [INFO] ▶ Kích hoạt: Giá H1 + Macro
[2026-07-17 22:00:25] [INFO] ✅ Giá H1 + Macro hoàn thành (attempt 1)
[2026-07-17 22:00:25] [Sync] Bắt đầu đẩy dữ liệu lên Github (Kích hoạt bởi: Giá H1 + Macro)...
[2026-07-17 22:00:29] [Sync] ✅ Đồng bộ Github thành công (Giá H1 + Macro)!
[2026-07-17 22:00:29] [INFO] ▶ Kích hoạt: Giá H4
[2026-07-17 22:00:33] [INFO] ✅ Giá H4 hoàn thành (attempt 1)
[2026-07-17 22:00:33] [Sync] Bắt đầu đẩy dữ liệu lên Github (Kích hoạt bởi: Giá H4)...
[2026-07-17 22:00:38] [Sync] ✅ Đồng bộ Github thành công (Giá H4)!
[2026-07-17 22:00:38] [INFO] ▶ Kích hoạt: Vĩ Mô (Macro)
[2026-07-17 22:00:41] [INFO] ✅ Vĩ Mô (Macro) hoàn thành (attempt 1)
[2026-07-17 22:00:41] [Sync] Bắt đầu đẩy dữ liệu lên Github (Kích hoạt bởi: Vĩ Mô (Macro))...
[2026-07-17 22:00:44] [Sync] ✅ Đồng bộ Github thành công (Vĩ Mô (Macro))!
[2026-07-17 22:00:44] [INFO] Đang quét tín hiệu Telegram Alarm (SMC)...
[2026-07-17 22:00:47] [INFO] Đang chạy cập nhật Hồ sơ mã (run_pro_plus) và tạo Dashboard (gen_dashboard)...
[2026-07-17 22:00:55] [Sync] Bắt đầu đẩy dữ liệu lên Github (Kích hoạt bởi: Cập nhật Phân tích & Giao diện)...
[2026-07-17 22:01:00] [Sync] ✅ Đồng bộ Github thành công (Cập nhật Phân tích & Giao diện)!
[2026-07-17 22:01:00] [INFO] ⏰ Đợi Giá H1: còn 0.98h (17/07 23:00:05 VN)
[2026-07-17 23:00:05] [INFO] ▶ Kích hoạt: Giá H1 + Macro
[2026-07-17 23:00:14] [INFO] ✅ Giá H1 + Macro hoàn thành (attempt 1)
[2026-07-17 23:00:15] [Sync] Bắt đầu đẩy dữ liệu lên Github (Kích hoạt bởi: Giá H1 + Macro)...
[2026-07-17 23:00:18] [Sync] ✅ Đồng bộ Github thành công (Giá H1 + Macro)!
[2026-07-17 23:00:18] [INFO] ▶ Kích hoạt: Giá H4
[2026-07-17 23:00:26] [INFO] ✅ Giá H4 hoàn thành (attempt 1)
[2026-07-17 23:00:26] [Sync] Bắt đầu đẩy dữ liệu lên Github (Kích hoạt bởi: Giá H4)...
[2026-07-17 23:00:29] [Sync] ✅ Đồng bộ Github thành công (Giá H4)!
[2026-07-17 23:00:29] [INFO] ▶ Kích hoạt: Vĩ Mô (Macro)
[2026-07-17 23:00:32] [INFO] ✅ Vĩ Mô (Macro) hoàn thành (attempt 1)
[2026-07-17 23:00:32] [Sync] Bắt đầu đẩy dữ liệu lên Github (Kích hoạt bởi: Vĩ Mô (Macro))...
[2026-07-17 23:00:36] [Sync] ✅ Đồng bộ Github thành công (Vĩ Mô (Macro))!
[2026-07-17 23:00:36] [INFO] Đang quét tín hiệu Telegram Alarm (SMC)...
[2026-07-17 23:00:37] [INFO] Đang chạy cập nhật Hồ sơ mã (run_pro_plus) và tạo Dashboard (gen_dashboard)...
[2026-07-17 23:00:44] [Sync] Bắt đầu đẩy dữ liệu lên Github (Kích hoạt bởi: Cập nhật Phân tích & Giao diện)...
[2026-07-17 23:00:48] [Sync] ✅ Đồng bộ Github thành công (Cập nhật Phân tích & Giao diện)!
[2026-07-17 23:00:48] [INFO] ⏰ Đợi Giá H1: còn 0.99h (18/07 00:00:05 VN)
[2026-07-18 07:08:12] [AI Phân Tích] Bỏ qua AI Phân Tích (cuối tuần — CBOT không giao dịch)
[2026-07-18 07:08:12] [INFO] ⏰ Đợi AI Phân Tích: còn 12.86h (18/07 20:00:02 VN)
[2026-07-18 07:09:17] [INFO] ✅ AI Điểm Tin hoàn thành (attempt 1)
[2026-07-18 07:09:17] [Sync] Bắt đầu đẩy dữ liệu lên Github (Kích hoạt bởi: AI Điểm Tin)...
[2026-07-18 07:09:21] [Sync] ✅ Đồng bộ Github thành công (AI Điểm Tin)!
[2026-07-18 07:09:21] [INFO] ⏰ Đợi AI News: còn 12.84h (18/07 20:00:02 VN)
[2026-07-18 07:22:04] [INFO] ▶ Kích hoạt: Giá H1 + Macro
[2026-07-18 07:22:13] [INFO] ✅ Giá H1 + Macro hoàn thành (attempt 1)
[2026-07-18 07:22:13] [Sync] Bắt đầu đẩy dữ liệu lên Github (Kích hoạt bởi: Giá H1 + Macro)...
[2026-07-18 07:22:18] [Sync] ✅ Đồng bộ Github thành công (Giá H1 + Macro)!
[2026-07-18 07:22:18] [INFO] ▶ Kích hoạt: Giá H4
[2026-07-18 07:22:24] [INFO] ✅ Giá H4 hoàn thành (attempt 1)
[2026-07-18 07:22:24] [Sync] Bắt đầu đẩy dữ liệu lên Github (Kích hoạt bởi: Giá H4)...
[2026-07-18 07:22:27] [Sync] ✅ Đồng bộ Github thành công (Giá H4)!
[2026-07-18 07:22:27] [INFO] ▶ Kích hoạt: Vĩ Mô (Macro)
[2026-07-18 07:22:30] [INFO] ✅ Vĩ Mô (Macro) hoàn thành (attempt 1)
[2026-07-18 07:22:30] [Sync] Bắt đầu đẩy dữ liệu lên Github (Kích hoạt bởi: Vĩ Mô (Macro))...
[2026-07-18 07:22:34] [Sync] ✅ Đồng bộ Github thành công (Vĩ Mô (Macro))!
[2026-07-18 07:22:34] [INFO] Đang quét tín hiệu Telegram Alarm (SMC)...
[2026-07-18 07:22:39] [INFO] Đang chạy cập nhật Hồ sơ mã (run_pro_plus) và tạo Dashboard (gen_dashboard)...
[2026-07-18 07:22:45] [Sync] Bắt đầu đẩy dữ liệu lên Github (Kích hoạt bởi: Cập nhật Phân tích & Giao diện)...
[2026-07-18 07:22:49] [Sync] ✅ Đồng bộ Github thành công (Cập nhật Phân tích & Giao diện)!
[2026-07-18 07:22:49] [INFO] ⏰ Đợi Giá H1: còn 0.62h (18/07 08:00:05 VN)
[2026-07-18 08:00:05] [INFO] ▶ Kích hoạt: Giá H1 + Macro
[2026-07-18 08:00:16] [INFO] ✅ Giá H1 + Macro hoàn thành (attempt 1)
[2026-07-18 08:00:16] [Sync] Bắt đầu đẩy dữ liệu lên Github (Kích hoạt bởi: Giá H1 + Macro)...
[2026-07-18 08:00:19] [Sync] ✅ Đồng bộ Github thành công (Giá H1 + Macro)!
[2026-07-18 08:00:19] [INFO] ▶ Kích hoạt: Giá H4
[2026-07-18 08:00:26] [INFO] ✅ Giá H4 hoàn thành (attempt 1)
[2026-07-18 08:00:26] [Sync] Bắt đầu đẩy dữ liệu lên Github (Kích hoạt bởi: Giá H4)...
[2026-07-18 08:00:29] [Sync] ✅ Đồng bộ Github thành công (Giá H4)!
[2026-07-18 08:00:29] [INFO] ▶ Kích hoạt: Vĩ Mô (Macro)
[2026-07-18 08:00:32] [INFO] ✅ Vĩ Mô (Macro) hoàn thành (attempt 1)
[2026-07-18 08:00:32] [Sync] Bắt đầu đẩy dữ liệu lên Github (Kích hoạt bởi: Vĩ Mô (Macro))...
[2026-07-18 08:00:35] [Sync] ✅ Đồng bộ Github thành công (Vĩ Mô (Macro))!
[2026-07-18 08:00:35] [INFO] Đang quét tín hiệu Telegram Alarm (SMC)...
[2026-07-18 08:00:36] [INFO] Đang chạy cập nhật Hồ sơ mã (run_pro_plus) và tạo Dashboard (gen_dashboard)...
[2026-07-18 08:00:44] [Sync] Bắt đầu đẩy dữ liệu lên Github (Kích hoạt bởi: Cập nhật Phân tích & Giao diện)...
[2026-07-18 08:00:48] [Sync] ✅ Đồng bộ Github thành công (Cập nhật Phân tích & Giao diện)!
[2026-07-18 08:00:48] [INFO] ⏰ Đợi Giá H1: còn 0.99h (18/07 09:00:05 VN)
[2026-07-18 11:00:42] [INFO] ▶ Kích hoạt: Giá H1 + Macro
[2026-07-18 11:01:02] [INFO] ✅ Giá H1 + Macro hoàn thành (attempt 1)
[2026-07-18 11:01:02] [Sync] Bắt đầu đẩy dữ liệu lên Github (Kích hoạt bởi: Giá H1 + Macro)...
[2026-07-18 11:01:07] [Sync] ✅ Đồng bộ Github thành công (Giá H1 + Macro)!
[2026-07-18 11:01:07] [INFO] ▶ Kích hoạt: Giá H4
[2026-07-18 11:01:12] [INFO] ✅ Giá H4 hoàn thành (attempt 1)
[2026-07-18 11:01:12] [Sync] Bắt đầu đẩy dữ liệu lên Github (Kích hoạt bởi: Giá H4)...
[2026-07-18 11:01:15] [Sync] ✅ Đồng bộ Github thành công (Giá H4)!
[2026-07-18 11:01:15] [INFO] ▶ Kích hoạt: Vĩ Mô (Macro)
[2026-07-18 11:01:18] [INFO] ✅ Vĩ Mô (Macro) hoàn thành (attempt 1)
[2026-07-18 11:01:18] [Sync] Bắt đầu đẩy dữ liệu lên Github (Kích hoạt bởi: Vĩ Mô (Macro))...
[2026-07-18 11:01:21] [Sync] ✅ Đồng bộ Github thành công (Vĩ Mô (Macro))!
[2026-07-18 11:01:21] [INFO] Đang quét tín hiệu Telegram Alarm (SMC)...
[2026-07-18 11:01:24] [INFO] Đang chạy cập nhật Hồ sơ mã (run_pro_plus) và tạo Dashboard (gen_dashboard)...
[2026-07-18 11:01:31] [Sync] Bắt đầu đẩy dữ liệu lên Github (Kích hoạt bởi: Cập nhật Phân tích & Giao diện)...
[2026-07-18 11:01:36] [Sync] ✅ Đồng bộ Github thành công (Cập nhật Phân tích & Giao diện)!
[2026-07-18 11:01:36] [INFO] ⏰ Đợi Giá H1: còn 0.97h (18/07 12:00:05 VN)
[2026-07-18 12:57:22] [INFO] ▶ Kích hoạt: Giá H1 + Macro
[2026-07-18 12:57:43] [INFO] ✅ Giá H1 + Macro hoàn thành (attempt 1)
[2026-07-18 12:57:43] [Sync] Bắt đầu đẩy dữ liệu lên Github (Kích hoạt bởi: Giá H1 + Macro)...
[2026-07-18 12:57:48] [Sync] ✅ Đồng bộ Github thành công (Giá H1 + Macro)!
[2026-07-18 12:57:48] [INFO] ▶ Kích hoạt: Giá H4
[2026-07-18 12:57:59] [INFO] ✅ Giá H4 hoàn thành (attempt 1)
[2026-07-18 12:57:59] [Sync] Bắt đầu đẩy dữ liệu lên Github (Kích hoạt bởi: Giá H4)...
[2026-07-18 12:58:03] [Sync] ✅ Đồng bộ Github thành công (Giá H4)!
[2026-07-18 12:58:03] [INFO] ▶ Kích hoạt: Vĩ Mô (Macro)
[2026-07-18 12:58:05] [INFO] ✅ Vĩ Mô (Macro) hoàn thành (attempt 1)
[2026-07-18 12:58:05] [Sync] Bắt đầu đẩy dữ liệu lên Github (Kích hoạt bởi: Vĩ Mô (Macro))...
[2026-07-18 12:58:09] [Sync] ✅ Đồng bộ Github thành công (Vĩ Mô (Macro))!
[2026-07-18 12:58:09] [INFO] Đang quét tín hiệu Telegram Alarm (SMC)...
[2026-07-18 12:58:12] [INFO] Đang chạy cập nhật Hồ sơ mã (run_pro_plus) và tạo Dashboard (gen_dashboard)...
[2026-07-18 12:58:19] [Sync] Bắt đầu đẩy dữ liệu lên Github (Kích hoạt bởi: Cập nhật Phân tích & Giao diện)...
[2026-07-18 12:58:23] [Sync] ✅ Đồng bộ Github thành công (Cập nhật Phân tích & Giao diện)!
[2026-07-18 12:58:23] [INFO] ⏰ Đợi Giá H1: còn 0.03h (18/07 13:00:05 VN)
[2026-07-18 13:00:05] [INFO] ▶ Kích hoạt: Giá H1 + Macro
[2026-07-18 13:00:18] [INFO] ✅ Giá H1 + Macro hoàn thành (attempt 1)
[2026-07-18 13:00:18] [Sync] Bắt đầu đẩy dữ liệu lên Github (Kích hoạt bởi: Giá H1 + Macro)...
[2026-07-18 13:00:21] [Sync] ✅ Đồng bộ Github thành công (Giá H1 + Macro)!
[2026-07-18 13:00:21] [INFO] ▶ Kích hoạt: Giá H4
[2026-07-18 13:00:28] [INFO] ✅ Giá H4 hoàn thành (attempt 1)
[2026-07-18 13:00:28] [Sync] Bắt đầu đẩy dữ liệu lên Github (Kích hoạt bởi: Giá H4)...
[2026-07-18 13:00:31] [Sync] ✅ Đồng bộ Github thành công (Giá H4)!
[2026-07-18 13:00:31] [INFO] ▶ Kích hoạt: Vĩ Mô (Macro)
[2026-07-18 13:00:33] [INFO] ✅ Vĩ Mô (Macro) hoàn thành (attempt 1)
[2026-07-18 13:00:33] [Sync] Bắt đầu đẩy dữ liệu lên Github (Kích hoạt bởi: Vĩ Mô (Macro))...
[2026-07-18 13:00:36] [Sync] ✅ Đồng bộ Github thành công (Vĩ Mô (Macro))!
[2026-07-18 13:00:36] [INFO] Đang quét tín hiệu Telegram Alarm (SMC)...
[2026-07-18 13:00:38] [INFO] Đang chạy cập nhật Hồ sơ mã (run_pro_plus) và tạo Dashboard (gen_dashboard)...
[2026-07-18 13:00:45] [Sync] Bắt đầu đẩy dữ liệu lên Github (Kích hoạt bởi: Cập nhật Phân tích & Giao diện)...
[2026-07-18 13:00:49] [Sync] ✅ Đồng bộ Github thành công (Cập nhật Phân tích & Giao diện)!
[2026-07-18 13:00:49] [INFO] ⏰ Đợi Giá H1: còn 0.99h (18/07 14:00:05 VN)
[2026-07-18 16:57:19] [INFO] ▶ Kích hoạt: Giá H1 + Macro
[2026-07-18 16:57:30] [INFO] ✅ Giá H1 + Macro hoàn thành (attempt 1)
[2026-07-18 16:57:30] [Sync] Bắt đầu đẩy dữ liệu lên Github (Kích hoạt bởi: Giá H1 + Macro)...
[2026-07-18 16:57:35] [Sync] ✅ Đồng bộ Github thành công (Giá H1 + Macro)!
[2026-07-18 16:57:35] [INFO] ▶ Kích hoạt: Giá H4
[2026-07-18 16:57:40] [INFO] ✅ Giá H4 hoàn thành (attempt 1)
[2026-07-18 16:57:40] [Sync] Bắt đầu đẩy dữ liệu lên Github (Kích hoạt bởi: Giá H4)...
[2026-07-18 16:57:44] [Sync] ✅ Đồng bộ Github thành công (Giá H4)!
[2026-07-18 16:57:44] [INFO] ▶ Kích hoạt: Vĩ Mô (Macro)
[2026-07-18 16:57:49] [INFO] ✅ Vĩ Mô (Macro) hoàn thành (attempt 1)
[2026-07-18 16:57:49] [Sync] Bắt đầu đẩy dữ liệu lên Github (Kích hoạt bởi: Vĩ Mô (Macro))...
[2026-07-18 16:57:52] [Sync] ✅ Đồng bộ Github thành công (Vĩ Mô (Macro))!
[2026-07-18 16:57:52] [INFO] Đang quét tín hiệu Telegram Alarm (SMC)...
[2026-07-18 16:57:54] [INFO] Đang chạy cập nhật Hồ sơ mã (run_pro_plus) và tạo Dashboard (gen_dashboard)...
[2026-07-18 16:58:01] [Sync] Bắt đầu đẩy dữ liệu lên Github (Kích hoạt bởi: Cập nhật Phân tích & Giao diện)...
[2026-07-18 16:58:06] [Sync] ✅ Đồng bộ Github thành công (Cập nhật Phân tích & Giao diện)!
[2026-07-18 16:58:06] [INFO] ⏰ Đợi Giá H1: còn 0.03h (18/07 17:00:05 VN)
[2026-07-18 17:00:05] [INFO] ▶ Kích hoạt: Giá H1 + Macro
[2026-07-18 17:00:15] [INFO] ✅ Giá H1 + Macro hoàn thành (attempt 1)
[2026-07-18 17:00:15] [Sync] Bắt đầu đẩy dữ liệu lên Github (Kích hoạt bởi: Giá H1 + Macro)...
[2026-07-18 17:00:20] [Sync] ✅ Đồng bộ Github thành công (Giá H1 + Macro)!
[2026-07-18 17:00:20] [INFO] ▶ Kích hoạt: Giá H4
[2026-07-18 17:00:26] [INFO] ✅ Giá H4 hoàn thành (attempt 1)
[2026-07-18 17:00:26] [Sync] Bắt đầu đẩy dữ liệu lên Github (Kích hoạt bởi: Giá H4)...
[2026-07-18 17:00:30] [Sync] ✅ Đồng bộ Github thành công (Giá H4)!
[2026-07-18 17:00:30] [INFO] ▶ Kích hoạt: Vĩ Mô (Macro)
[2026-07-18 17:00:33] [INFO] ✅ Vĩ Mô (Macro) hoàn thành (attempt 1)
[2026-07-18 17:00:33] [Sync] Bắt đầu đẩy dữ liệu lên Github (Kích hoạt bởi: Vĩ Mô (Macro))...
[2026-07-18 17:00:37] [Sync] ✅ Đồng bộ Github thành công (Vĩ Mô (Macro))!
[2026-07-18 17:00:37] [INFO] Đang quét tín hiệu Telegram Alarm (SMC)...
[2026-07-18 17:00:39] [INFO] Đang chạy cập nhật Hồ sơ mã (run_pro_plus) và tạo Dashboard (gen_dashboard)...
[2026-07-18 17:00:46] [Sync] Bắt đầu đẩy dữ liệu lên Github (Kích hoạt bởi: Cập nhật Phân tích & Giao diện)...
[2026-07-18 17:00:51] [Sync] ✅ Đồng bộ Github thành công (Cập nhật Phân tích & Giao diện)!
[2026-07-18 17:00:51] [INFO] ⏰ Đợi Giá H1: còn 0.99h (18/07 18:00:05 VN)
[2026-07-18 18:18:45] [INFO] ▶ Kích hoạt: Giá H1 + Macro
[2026-07-18 18:19:04] [INFO] ✅ Giá H1 + Macro hoàn thành (attempt 1)
[2026-07-18 18:19:04] [Sync] Bắt đầu đẩy dữ liệu lên Github (Kích hoạt bởi: Giá H1 + Macro)...
[2026-07-18 18:19:07] [Sync] ✅ Đồng bộ Github thành công (Giá H1 + Macro)!
[2026-07-18 18:19:07] [INFO] ▶ Kích hoạt: Giá H4
[2026-07-18 18:19:13] [INFO] ✅ Giá H4 hoàn thành (attempt 1)
[2026-07-18 18:19:13] [Sync] Bắt đầu đẩy dữ liệu lên Github (Kích hoạt bởi: Giá H4)...
[2026-07-18 18:19:16] [Sync] ✅ Đồng bộ Github thành công (Giá H4)!
[2026-07-18 18:19:16] [INFO] ▶ Kích hoạt: Vĩ Mô (Macro)
[2026-07-18 18:19:18] [INFO] ✅ Vĩ Mô (Macro) hoàn thành (attempt 1)
[2026-07-18 18:19:19] [Sync] Bắt đầu đẩy dữ liệu lên Github (Kích hoạt bởi: Vĩ Mô (Macro))...
[2026-07-18 18:19:21] [Sync] ✅ Đồng bộ Github thành công (Vĩ Mô (Macro))!
[2026-07-18 18:19:21] [INFO] Đang quét tín hiệu Telegram Alarm (SMC)...
[2026-07-18 18:19:23] [INFO] Đang chạy cập nhật Hồ sơ mã (run_pro_plus) và tạo Dashboard (gen_dashboard)...
[2026-07-18 18:19:28] [Sync] Bắt đầu đẩy dữ liệu lên Github (Kích hoạt bởi: Cập nhật Phân tích & Giao diện)...
[2026-07-18 18:19:32] [Sync] ✅ Đồng bộ Github thành công (Cập nhật Phân tích & Giao diện)!
[2026-07-18 18:19:32] [INFO] ⏰ Đợi Giá H1: còn 0.68h (18/07 19:00:05 VN)
[2026-07-18 19:00:05] [INFO] ▶ Kích hoạt: Giá H1 + Macro
[2026-07-18 19:00:16] [INFO] ✅ Giá H1 + Macro hoàn thành (attempt 1)
[2026-07-18 19:00:16] [Sync] Bắt đầu đẩy dữ liệu lên Github (Kích hoạt bởi: Giá H1 + Macro)...
[2026-07-18 19:00:20] [Sync] ✅ Đồng bộ Github thành công (Giá H1 + Macro)!
[2026-07-18 19:00:20] [INFO] ▶ Kích hoạt: Giá H4
[2026-07-18 19:00:25] [INFO] ✅ Giá H4 hoàn thành (attempt 1)
[2026-07-18 19:00:25] [Sync] Bắt đầu đẩy dữ liệu lên Github (Kích hoạt bởi: Giá H4)...
[2026-07-18 19:00:29] [Sync] ✅ Đồng bộ Github thành công (Giá H4)!
[2026-07-18 19:00:29] [INFO] ▶ Kích hoạt: Vĩ Mô (Macro)
[2026-07-18 19:00:31] [INFO] ✅ Vĩ Mô (Macro) hoàn thành (attempt 1)
[2026-07-18 19:00:31] [Sync] Bắt đầu đẩy dữ liệu lên Github (Kích hoạt bởi: Vĩ Mô (Macro))...
[2026-07-18 19:00:34] [Sync] ✅ Đồng bộ Github thành công (Vĩ Mô (Macro))!
[2026-07-18 19:00:34] [INFO] Đang quét tín hiệu Telegram Alarm (SMC)...
[2026-07-18 19:00:36] [INFO] Đang chạy cập nhật Hồ sơ mã (run_pro_plus) và tạo Dashboard (gen_dashboard)...
[2026-07-18 19:00:41] [Sync] Bắt đầu đẩy dữ liệu lên Github (Kích hoạt bởi: Cập nhật Phân tích & Giao diện)...
[2026-07-18 19:00:46] [Sync] ✅ Đồng bộ Github thành công (Cập nhật Phân tích & Giao diện)!
[2026-07-18 19:00:46] [INFO] ⏰ Đợi Giá H1: còn 0.99h (18/07 20:00:05 VN)
[2026-07-18 20:00:05] [INFO] ▶ Kích hoạt: Giá H1 + Macro
[2026-07-18 20:00:23] [INFO] ✅ Giá H1 + Macro hoàn thành (attempt 1)
[2026-07-18 20:00:23] [Sync] Bắt đầu đẩy dữ liệu lên Github (Kích hoạt bởi: Giá H1 + Macro)...
[2026-07-18 20:00:26] [Sync] ✅ Đồng bộ Github thành công (Giá H1 + Macro)!
[2026-07-18 20:00:26] [INFO] ▶ Kích hoạt: Giá H4
[2026-07-18 20:00:31] [INFO] ✅ Giá H4 hoàn thành (attempt 1)
[2026-07-18 20:00:31] [Sync] Bắt đầu đẩy dữ liệu lên Github (Kích hoạt bởi: Giá H4)...
[2026-07-18 20:00:36] [Sync] ✅ Đồng bộ Github thành công (Giá H4)!
[2026-07-18 20:00:36] [INFO] ▶ Kích hoạt: Vĩ Mô (Macro)
[2026-07-18 20:00:38] [INFO] ✅ Vĩ Mô (Macro) hoàn thành (attempt 1)
[2026-07-18 20:00:38] [Sync] Bắt đầu đẩy dữ liệu lên Github (Kích hoạt bởi: Vĩ Mô (Macro))...
[2026-07-18 20:00:41] [Sync] ✅ Đồng bộ Github thành công (Vĩ Mô (Macro))!
[2026-07-18 20:00:41] [INFO] Đang quét tín hiệu Telegram Alarm (SMC)...
[2026-07-18 20:00:43] [INFO] Đang chạy cập nhật Hồ sơ mã (run_pro_plus) và tạo Dashboard (gen_dashboard)...
[2026-07-18 20:00:48] [Sync] Bắt đầu đẩy dữ liệu lên Github (Kích hoạt bởi: Cập nhật Phân tích & Giao diện)...
[2026-07-18 20:00:53] [Sync] ✅ Đồng bộ Github thành công (Cập nhật Phân tích & Giao diện)!
[2026-07-18 20:00:53] [INFO] ⏰ Đợi Giá H1: còn 0.99h (18/07 21:00:05 VN)
[2026-07-18 21:00:05] [INFO] ▶ Kích hoạt: Giá H1 + Macro
[2026-07-18 21:00:20] [INFO] ✅ Giá H1 + Macro hoàn thành (attempt 1)
[2026-07-18 21:00:20] [Sync] Bắt đầu đẩy dữ liệu lên Github (Kích hoạt bởi: Giá H1 + Macro)...
[2026-07-18 21:00:24] [Sync] ✅ Đồng bộ Github thành công (Giá H1 + Macro)!
[2026-07-18 21:00:24] [INFO] ▶ Kích hoạt: Giá H4
[2026-07-18 21:00:32] [INFO] ✅ Giá H4 hoàn thành (attempt 1)
[2026-07-18 21:00:32] [Sync] Bắt đầu đẩy dữ liệu lên Github (Kích hoạt bởi: Giá H4)...
[2026-07-18 21:00:35] [Sync] ✅ Đồng bộ Github thành công (Giá H4)!
[2026-07-18 21:00:35] [INFO] ▶ Kích hoạt: Vĩ Mô (Macro)
[2026-07-18 21:00:39] [INFO] ✅ Vĩ Mô (Macro) hoàn thành (attempt 1)
[2026-07-18 21:00:39] [Sync] Bắt đầu đẩy dữ liệu lên Github (Kích hoạt bởi: Vĩ Mô (Macro))...
[2026-07-18 21:00:43] [Sync] ✅ Đồng bộ Github thành công (Vĩ Mô (Macro))!
[2026-07-18 21:00:43] [INFO] Đang quét tín hiệu Telegram Alarm (SMC)...
[2026-07-18 21:00:44] [INFO] Đang chạy cập nhật Hồ sơ mã (run_pro_plus) và tạo Dashboard (gen_dashboard)...
[2026-07-18 21:00:50] [Sync] Bắt đầu đẩy dữ liệu lên Github (Kích hoạt bởi: Cập nhật Phân tích & Giao diện)...
[2026-07-18 21:00:53] [Sync] ✅ Đồng bộ Github thành công (Cập nhật Phân tích & Giao diện)!
[2026-07-18 21:00:53] [INFO] ⏰ Đợi Giá H1: còn 0.99h (18/07 22:00:05 VN)
[2026-07-19 06:30:31] [INFO] ▶ Kích hoạt: Giá H1 + Macro
[2026-07-19 06:30:41] [INFO] ✅ Giá H1 + Macro hoàn thành (attempt 1)
[2026-07-19 06:30:41] [Sync] Bắt đầu đẩy dữ liệu lên Github (Kích hoạt bởi: Giá H1 + Macro)...
[2026-07-19 06:30:45] [Sync] ✅ Đồng bộ Github thành công (Giá H1 + Macro)!
[2026-07-19 06:30:45] [INFO] ▶ Kích hoạt: Giá H4
[2026-07-19 06:30:53] [INFO] ✅ Giá H4 hoàn thành (attempt 1)
[2026-07-19 06:30:53] [Sync] Bắt đầu đẩy dữ liệu lên Github (Kích hoạt bởi: Giá H4)...
[2026-07-19 06:30:57] [Sync] ✅ Đồng bộ Github thành công (Giá H4)!
[2026-07-19 06:30:57] [INFO] ▶ Kích hoạt: Vĩ Mô (Macro)
[2026-07-19 06:31:00] [INFO] ✅ Vĩ Mô (Macro) hoàn thành (attempt 1)
[2026-07-19 06:31:00] [Sync] Bắt đầu đẩy dữ liệu lên Github (Kích hoạt bởi: Vĩ Mô (Macro))...
[2026-07-19 06:31:03] [Sync] ✅ Đồng bộ Github thành công (Vĩ Mô (Macro))!
[2026-07-19 06:31:03] [INFO] Đang quét tín hiệu Telegram Alarm (SMC)...
[2026-07-19 06:31:05] [INFO] Đang chạy cập nhật Hồ sơ mã (run_pro_plus) và tạo Dashboard (gen_dashboard)...
[2026-07-19 06:31:12] [Sync] Bắt đầu đẩy dữ liệu lên Github (Kích hoạt bởi: Cập nhật Phân tích & Giao diện)...
[2026-07-19 06:31:15] [Sync] ✅ Đồng bộ Github thành công (Cập nhật Phân tích & Giao diện)!
[2026-07-19 06:31:15] [INFO] ⏰ Đợi Giá H1: còn 0.48h (19/07 07:00:05 VN)
[2026-07-19 07:00:05] [INFO] ▶ Kích hoạt: Giá H1 + Macro
[2026-07-19 07:00:29] [INFO] ✅ Giá H1 + Macro hoàn thành (attempt 1)
[2026-07-19 07:00:30] [Sync] Bắt đầu đẩy dữ liệu lên Github (Kích hoạt bởi: Giá H1 + Macro)...
[2026-07-19 07:00:34] [Sync] ✅ Đồng bộ Github thành công (Giá H1 + Macro)!
[2026-07-19 07:00:34] [INFO] ▶ Kích hoạt: Giá H4
[2026-07-19 07:00:41] [INFO] ✅ Giá H4 hoàn thành (attempt 1)
[2026-07-19 07:00:41] [Sync] Bắt đầu đẩy dữ liệu lên Github (Kích hoạt bởi: Giá H4)...
[2026-07-19 07:00:44] [Sync] ✅ Đồng bộ Github thành công (Giá H4)!
[2026-07-19 07:00:44] [INFO] ▶ Kích hoạt: Vĩ Mô (Macro)
[2026-07-19 07:00:47] [INFO] ✅ Vĩ Mô (Macro) hoàn thành (attempt 1)
[2026-07-19 07:00:47] [Sync] Bắt đầu đẩy dữ liệu lên Github (Kích hoạt bởi: Vĩ Mô (Macro))...
[2026-07-19 07:00:50] [Sync] ✅ Đồng bộ Github thành công (Vĩ Mô (Macro))!
[2026-07-19 07:00:50] [INFO] Đang quét tín hiệu Telegram Alarm (SMC)...
[2026-07-19 07:00:54] [INFO] Đang chạy cập nhật Hồ sơ mã (run_pro_plus) và tạo Dashboard (gen_dashboard)...
[2026-07-19 07:01:02] [Sync] Bắt đầu đẩy dữ liệu lên Github (Kích hoạt bởi: Cập nhật Phân tích & Giao diện)...
[2026-07-19 07:01:06] [Sync] ✅ Đồng bộ Github thành công (Cập nhật Phân tích & Giao diện)!
[2026-07-19 07:01:06] [INFO] ⏰ Đợi Giá H1: còn 0.98h (19/07 08:00:05 VN)
[2026-07-19 07:57:23] [INFO] ▶ Kích hoạt: USDA Acreage
[2026-07-19 07:57:30] [INFO] ✅ USDA Acreage hoàn thành (attempt 1)
[2026-07-19 07:57:30] [Sync] Bắt đầu đẩy dữ liệu lên Github (Kích hoạt bởi: USDA Acreage)...
[2026-07-19 07:57:34] [Sync] ✅ Đồng bộ Github thành công (USDA Acreage)!
[2026-07-19 07:57:34] [INFO] ⏰ Đợi Acreage Reports: còn 21.54h (20/07 05:30:02 VN)
[2026-07-19 08:27:23] [INFO] ▶ Kích hoạt: Thời Tiết Ngắn Hạn
[2026-07-19 08:27:55] [INFO] ✅ Thời Tiết Ngắn Hạn hoàn thành (attempt 1)
[2026-07-19 08:27:55] [Sync] Bắt đầu đẩy dữ liệu lên Github (Kích hoạt bởi: Thời Tiết Ngắn Hạn)...
[2026-07-19 08:27:59] [Sync] ✅ Đồng bộ Github thành công (Thời Tiết Ngắn Hạn)!
[2026-07-19 08:27:59] [INFO] ⏰ Đợi Weather Short: còn 21.53h (20/07 06:00:02 VN)
[2026-07-19 08:34:59] [INFO] ▶ Kích hoạt: Giá H1 + Macro
[2026-07-19 08:35:11] [INFO] ✅ Giá H1 + Macro hoàn thành (attempt 1)
[2026-07-19 08:35:11] [Sync] Bắt đầu đẩy dữ liệu lên Github (Kích hoạt bởi: Giá H1 + Macro)...
[2026-07-19 08:35:16] [Sync] ✅ Đồng bộ Github thành công (Giá H1 + Macro)!
[2026-07-19 08:35:16] [INFO] ▶ Kích hoạt: Giá H4
[2026-07-19 08:35:22] [INFO] ✅ Giá H4 hoàn thành (attempt 1)
[2026-07-19 08:35:22] [Sync] Bắt đầu đẩy dữ liệu lên Github (Kích hoạt bởi: Giá H4)...
[2026-07-19 08:35:27] [Sync] ✅ Đồng bộ Github thành công (Giá H4)!
[2026-07-19 08:35:27] [INFO] ▶ Kích hoạt: Vĩ Mô (Macro)
[2026-07-19 08:35:30] [INFO] ✅ Vĩ Mô (Macro) hoàn thành (attempt 1)
[2026-07-19 08:35:30] [Sync] Bắt đầu đẩy dữ liệu lên Github (Kích hoạt bởi: Vĩ Mô (Macro))...
[2026-07-19 08:35:34] [Sync] ✅ Đồng bộ Github thành công (Vĩ Mô (Macro))!
[2026-07-19 08:35:34] [INFO] Đang quét tín hiệu Telegram Alarm (SMC)...
[2026-07-19 08:35:36] [INFO] Đang chạy cập nhật Hồ sơ mã (run_pro_plus) và tạo Dashboard (gen_dashboard)...
[2026-07-19 08:35:42] [Sync] Bắt đầu đẩy dữ liệu lên Github (Kích hoạt bởi: Cập nhật Phân tích & Giao diện)...
[2026-07-19 08:35:46] [Sync] ✅ Đồng bộ Github thành công (Cập nhật Phân tích & Giao diện)!
[2026-07-19 08:35:46] [INFO] ⏰ Đợi Giá H1: còn 0.41h (19/07 09:00:05 VN)
[2026-07-19 09:00:05] [INFO] ▶ Kích hoạt: Giá H1 + Macro
[2026-07-19 09:00:16] [INFO] ✅ Giá H1 + Macro hoàn thành (attempt 1)
[2026-07-19 09:00:16] [Sync] Bắt đầu đẩy dữ liệu lên Github (Kích hoạt bởi: Giá H1 + Macro)...
[2026-07-19 09:00:21] [Sync] ✅ Đồng bộ Github thành công (Giá H1 + Macro)!
[2026-07-19 09:00:21] [INFO] ▶ Kích hoạt: Giá H4
[2026-07-19 09:00:26] [INFO] ✅ Giá H4 hoàn thành (attempt 1)
[2026-07-19 09:00:26] [Sync] Bắt đầu đẩy dữ liệu lên Github (Kích hoạt bởi: Giá H4)...
[2026-07-19 09:00:29] [Sync] ✅ Đồng bộ Github thành công (Giá H4)!
[2026-07-19 09:00:29] [INFO] ▶ Kích hoạt: Vĩ Mô (Macro)
[2026-07-19 09:00:32] [INFO] ✅ Vĩ Mô (Macro) hoàn thành (attempt 1)
[2026-07-19 09:00:32] [Sync] Bắt đầu đẩy dữ liệu lên Github (Kích hoạt bởi: Vĩ Mô (Macro))...
[2026-07-19 09:00:36] [Sync] ✅ Đồng bộ Github thành công (Vĩ Mô (Macro))!
[2026-07-19 09:00:36] [INFO] Đang quét tín hiệu Telegram Alarm (SMC)...
[2026-07-19 09:00:37] [INFO] Đang chạy cập nhật Hồ sơ mã (run_pro_plus) và tạo Dashboard (gen_dashboard)...
[2026-07-19 09:00:43] [Sync] Bắt đầu đẩy dữ liệu lên Github (Kích hoạt bởi: Cập nhật Phân tích & Giao diện)...
[2026-07-19 09:00:47] [Sync] ✅ Đồng bộ Github thành công (Cập nhật Phân tích & Giao diện)!
[2026-07-19 09:00:47] [INFO] ⏰ Đợi Giá H1: còn 0.99h (19/07 10:00:05 VN)
[2026-07-20 07:15:01] [INFO] ============================================================
[2026-07-20 07:15:01] [INFO]   CBOT PRECISION SCHEDULER V2 — KHỞI ĐỘNG
[2026-07-20 07:15:01] [INFO] ============================================================
[2026-07-20 07:15:01] [INFO] Lịch trình đang chạy:
[2026-07-20 07:15:01] [INFO]   [Giá H1 + Macro]    : Phút :15 mỗi giờ giao dịch
[2026-07-20 07:15:01] [INFO]   [COT CFTC]          : Thứ Bảy 07:15 VN
[2026-07-20 07:15:01] [INFO]   [USDA Crop Progress]: Thứ Hai 22:00 VN
[2026-07-20 07:15:01] [INFO]   [Export Sales]      : Thứ Năm 21:32 VN
[2026-07-20 07:15:01] [INFO]   [WASDE Monthly]     : Ngày 10 hàng tháng, 23:00 VN
[2026-07-20 07:15:01] [INFO]   [Thời Tiết Ngắn]    : 06:00 hàng ngày
[2026-07-20 07:15:01] [INFO]   [ENSO Long-Term]    : Thứ Hai 06:30 VN
[2026-07-20 07:15:01] [INFO]   [USDA Acreage]      : 05:30 hàng ngày
[2026-07-20 07:15:01] [INFO]   [AI Điểm Tin]       : 06:00 và 20:00 hàng ngày
[2026-07-20 07:15:01] [INFO]   [AI Tin Biển Đen]   : Thứ Tư & Chủ Nhật 07:00 VN
[2026-07-20 07:15:01] [INFO]   [Số Liệu Mùa Vụ Nga]: 07:30 hàng ngày
[2026-07-20 07:15:01] [INFO]   [🧠 AI Phân Tích]   : 06:30 và 20:00 hàng ngày (T2-T6)
[2026-07-20 07:15:01] [INFO] ------------------------------------------------------------
[2026-07-20 07:15:01] [INFO]   ✅ Thread khởi động: job_prices
00:05 VN)
[2026-07-20 07:15:01] [INFO] ⏰ Đợi COT CFTC: còn 120.00h (25/07 07:15:02 VN)
[2026-07-20 07:15:01] [INFO]   ✅ Thread khởi động: job_cot
[2026-07-20 07:15:01] [INFO] ⏰ Đợi Crop Progress: còn 14.75h (20/07 22:00:02 VN)
[2026-07-20 07:15:01] [INFO]   ✅ Thread khởi động: job_crop_progress
[2026-07-20 07:15:01] [INFO]   ✅ Thread khởi động: job_export_sales
[2026-07-20 07:15:01] [INFO] ⏰ Đợi Export Sales: còn 86.28h (23/07 21:32:02 VN)
[2026-07-20 07:15:01] [INFO] ⏰ Đợi WASDE Monthly: còn 519.75h (10/08 23:00:02 VN)
[2026-07-20 07:15:01] [INFO]   ✅ Thread khởi động: job_weather_short
00:02 VN)
[2026-07-20 07:15:01] [INFO] ⏰ Đợi ENSO Long-Term: còn 167.25h (27/07 06:30:02 VN)
[2026-07-20 07:15:01] [INFO]   ✅ Thread khởi động: job_acreage
[2026-07-20 07:15:01] [INFO] ⏰ Đợi Acreage Reports: còn 22.25h (21/07 05:30:02 VN)
[2026-07-20 07:15:01] [INFO] ⏰ Đợi AI News: còn 12.75h (20/07 20:00:02 VN)
[2026-07-20 07:15:01] [INFO]   ✅ Thread khởi động: job_ai_news
[2026-07-20 07:15:01] [INFO] ⏰ Đợi Black Sea News: còn 47.75h (22/07 07:00:02 VN)
[2026-07-20 07:15:01] [INFO]   ✅ Thread khởi động: job_blacksea_news
[2026-07-20 07:15:01] [INFO] ⏰ Đợi AI Phân Tích: còn 12.75h (20/07 20:00:02 VN)
[2026-07-20 07:15:01] [INFO]   ✅ Thread khởi động: job_ai_analysis
[2026-07-20 07:15:01] [INFO] ============================================================
[2026-07-20 07:15:01] [INFO] Scheduler đang chạy ngầm. Nhấn Ctrl+C để dừng.
[2026-07-20 08:00:05] [INFO] ▶ Kích hoạt: Giá H1 + Macro
[2026-07-20 08:00:23] [INFO] ✅ Giá H1 + Macro hoàn thành (attempt 1)
[2026-07-20 08:00:23] [Sync] Bắt đầu đẩy dữ liệu lên Github (Kích hoạt bởi: Giá H1 + Macro)...
[2026-07-20 08:00:27] [Sync] ✅ Đồng bộ Github thành công (Giá H1 + Macro)!
[2026-07-20 08:00:27] [INFO] ▶ Kích hoạt: Giá H4
[2026-07-20 08:00:37] [INFO] ✅ Giá H4 hoàn thành (attempt 1)
[2026-07-20 08:00:38] [Sync] Bắt đầu đẩy dữ liệu lên Github (Kích hoạt bởi: Giá H4)...
[2026-07-20 08:00:42] [Sync] ✅ Đồng bộ Github thành công (Giá H4)!
[2026-07-20 08:00:42] [INFO] ▶ Kích hoạt: Vĩ Mô (Macro)
[2026-07-20 08:00:46] [INFO] ✅ Vĩ Mô (Macro) hoàn thành (attempt 1)
[2026-07-20 08:00:46] [Sync] Bắt đầu đẩy dữ liệu lên Github (Kích hoạt bởi: Vĩ Mô (Macro))...
[2026-07-20 08:00:49] [Sync] ✅ Đồng bộ Github thành công (Vĩ Mô (Macro))!
[2026-07-20 08:00:49] [INFO] Đang quét tín hiệu Telegram Alarm (SMC)...
[2026-07-20 08:00:52] [INFO] Đang chạy cập nhật Hồ sơ mã (run_pro_plus) và tạo Dashboard (gen_dashboard)...
[2026-07-20 08:00:59] [Sync] Bắt đầu đẩy dữ liệu lên Github (Kích hoạt bởi: Cập nhật Phân tích & Giao diện)...
[2026-07-20 08:01:02] [Sync] ✅ Đồng bộ Github thành công (Cập nhật Phân tích & Giao diện)!
[2026-07-20 08:01:02] [INFO] ⏰ Đợi Giá H1: còn 0.98h (20/07 09:00:05 VN)
[2026-07-20 09:00:24] [INFO] ▶ Kích hoạt: Giá H1 + Macro
[2026-07-20 09:00:37] [INFO] ✅ Giá H1 + Macro hoàn thành (attempt 1)
[2026-07-20 09:00:37] [Sync] Bắt đầu đẩy dữ liệu lên Github (Kích hoạt bởi: Giá H1 + Macro)...
[2026-07-20 09:00:40] [Sync] ✅ Đồng bộ Github thành công (Giá H1 + Macro)!
[2026-07-20 09:00:40] [INFO] ▶ Kích hoạt: Giá H4
[2026-07-20 09:00:48] [INFO] ✅ Giá H4 hoàn thành (attempt 1)
[2026-07-20 09:00:48] [Sync] Bắt đầu đẩy dữ liệu lên Github (Kích hoạt bởi: Giá H4)...
[2026-07-20 09:00:51] [Sync] ✅ Đồng bộ Github thành công (Giá H4)!
[2026-07-20 09:00:51] [INFO] ▶ Kích hoạt: Vĩ Mô (Macro)
[2026-07-20 09:00:54] [INFO] ✅ Vĩ Mô (Macro) hoàn thành (attempt 1)
[2026-07-20 09:00:54] [Sync] Bắt đầu đẩy dữ liệu lên Github (Kích hoạt bởi: Vĩ Mô (Macro))...
[2026-07-20 09:00:57] [Sync] ✅ Đồng bộ Github thành công (Vĩ Mô (Macro))!
[2026-07-20 09:00:57] [INFO] Đang quét tín hiệu Telegram Alarm (SMC)...
[2026-07-20 09:00:59] [INFO] Đang chạy cập nhật Hồ sơ mã (run_pro_plus) và tạo Dashboard (gen_dashboard)...
[2026-07-20 09:01:05] [Sync] Bắt đầu đẩy dữ liệu lên Github (Kích hoạt bởi: Cập nhật Phân tích & Giao diện)...
[2026-07-20 09:01:09] [Sync] ✅ Đồng bộ Github thành công (Cập nhật Phân tích & Giao diện)!
[2026-07-20 09:01:09] [INFO] ⏰ Đợi Giá H1: còn 0.98h (20/07 10:00:05 VN)
[2026-07-20 11:07:52] [INFO] ▶ Kích hoạt: Giá H1 + Macro
[2026-07-20 11:08:03] [INFO] ✅ Giá H1 + Macro hoàn thành (attempt 1)
[2026-07-20 11:08:03] [Sync] Bắt đầu đẩy dữ liệu lên Github (Kích hoạt bởi: Giá H1 + Macro)...
[2026-07-20 11:08:07] [Sync] ✅ Đồng bộ Github thành công (Giá H1 + Macro)!
[2026-07-20 11:08:07] [INFO] ▶ Kích hoạt: Giá H4
[2026-07-20 11:08:13] [INFO] ✅ Giá H4 hoàn thành (attempt 1)
[2026-07-20 11:08:13] [Sync] Bắt đầu đẩy dữ liệu lên Github (Kích hoạt bởi: Giá H4)...
[2026-07-20 11:08:16] [Sync] ✅ Đồng bộ Github thành công (Giá H4)!
[2026-07-20 11:08:16] [INFO] ▶ Kích hoạt: Vĩ Mô (Macro)
[2026-07-20 11:08:19] [INFO] ✅ Vĩ Mô (Macro) hoàn thành (attempt 1)
[2026-07-20 11:08:19] [Sync] Bắt đầu đẩy dữ liệu lên Github (Kích hoạt bởi: Vĩ Mô (Macro))...
[2026-07-20 11:08:22] [Sync] ✅ Đồng bộ Github thành công (Vĩ Mô (Macro))!
[2026-07-20 11:08:22] [INFO] Đang quét tín hiệu Telegram Alarm (SMC)...
[2026-07-20 11:08:31] [INFO] Đang chạy cập nhật Hồ sơ mã (run_pro_plus) và tạo Dashboard (gen_dashboard)...
[2026-07-20 11:08:38] [Sync] Bắt đầu đẩy dữ liệu lên Github (Kích hoạt bởi: Cập nhật Phân tích & Giao diện)...
[2026-07-20 11:08:41] [Sync] ✅ Đồng bộ Github thành công (Cập nhật Phân tích & Giao diện)!
[2026-07-20 11:08:41] [INFO] ⏰ Đợi Giá H1: còn 0.86h (20/07 12:00:05 VN)
[2026-07-20 12:00:05] [INFO] ▶ Kích hoạt: Giá H1 + Macro
[2026-07-20 12:00:18] [INFO] ✅ Giá H1 + Macro hoàn thành (attempt 1)
[2026-07-20 12:00:18] [Sync] Bắt đầu đẩy dữ liệu lên Github (Kích hoạt bởi: Giá H1 + Macro)...
[2026-07-20 12:00:23] [Sync] ✅ Đồng bộ Github thành công (Giá H1 + Macro)!
[2026-07-20 12:00:23] [INFO] ▶ Kích hoạt: Giá H4
[2026-07-20 12:00:40] [INFO] ✅ Giá H4 hoàn thành (attempt 1)
[2026-07-20 12:00:40] [Sync] Bắt đầu đẩy dữ liệu lên Github (Kích hoạt bởi: Giá H4)...
[2026-07-20 12:00:43] [Sync] ✅ Đồng bộ Github thành công (Giá H4)!
[2026-07-20 12:00:43] [INFO] ▶ Kích hoạt: Vĩ Mô (Macro)
[2026-07-20 12:00:45] [INFO] ✅ Vĩ Mô (Macro) hoàn thành (attempt 1)
[2026-07-20 12:00:45] [Sync] Bắt đầu đẩy dữ liệu lên Github (Kích hoạt bởi: Vĩ Mô (Macro))...
[2026-07-20 12:00:48] [Sync] ✅ Đồng bộ Github thành công (Vĩ Mô (Macro))!
[2026-07-20 12:00:48] [INFO] Đang quét tín hiệu Telegram Alarm (SMC)...
[2026-07-20 12:00:50] [INFO] Đang chạy cập nhật Hồ sơ mã (run_pro_plus) và tạo Dashboard (gen_dashboard)...
[2026-07-20 12:00:57] [Sync] Bắt đầu đẩy dữ liệu lên Github (Kích hoạt bởi: Cập nhật Phân tích & Giao diện)...
[2026-07-20 12:01:01] [Sync] ✅ Đồng bộ Github thành công (Cập nhật Phân tích & Giao diện)!
[2026-07-20 12:01:01] [INFO] ⏰ Đợi Giá H1: còn 0.98h (20/07 13:00:05 VN)
[2026-07-20 13:00:05] [INFO] ▶ Kích hoạt: Giá H1 + Macro
[2026-07-20 13:00:26] [INFO] ✅ Giá H1 + Macro hoàn thành (attempt 1)
[2026-07-20 13:00:26] [Sync] Bắt đầu đẩy dữ liệu lên Github (Kích hoạt bởi: Giá H1 + Macro)...
[2026-07-20 13:00:31] [Sync] ✅ Đồng bộ Github thành công (Giá H1 + Macro)!
[2026-07-20 13:00:31] [INFO] ▶ Kích hoạt: Giá H4
[2026-07-20 13:00:37] [INFO] ✅ Giá H4 hoàn thành (attempt 1)
[2026-07-20 13:00:37] [Sync] Bắt đầu đẩy dữ liệu lên Github (Kích hoạt bởi: Giá H4)...
[2026-07-20 13:00:41] [Sync] ✅ Đồng bộ Github thành công (Giá H4)!
[2026-07-20 13:00:41] [INFO] ▶ Kích hoạt: Vĩ Mô (Macro)
[2026-07-20 13:00:44] [INFO] ✅ Vĩ Mô (Macro) hoàn thành (attempt 1)
[2026-07-20 13:00:44] [Sync] Bắt đầu đẩy dữ liệu lên Github (Kích hoạt bởi: Vĩ Mô (Macro))...
[2026-07-20 13:00:48] [Sync] ✅ Đồng bộ Github thành công (Vĩ Mô (Macro))!
[2026-07-20 13:00:48] [INFO] Đang quét tín hiệu Telegram Alarm (SMC)...
[2026-07-20 13:00:51] [INFO] Đang chạy cập nhật Hồ sơ mã (run_pro_plus) và tạo Dashboard (gen_dashboard)...
[2026-07-20 13:00:59] [Sync] Bắt đầu đẩy dữ liệu lên Github (Kích hoạt bởi: Cập nhật Phân tích & Giao diện)...
[2026-07-20 13:01:03] [Sync] ✅ Đồng bộ Github thành công (Cập nhật Phân tích & Giao diện)!
[2026-07-20 13:01:03] [INFO] ⏰ Đợi Giá H1: còn 0.98h (20/07 14:00:05 VN)
[2026-07-20 14:35:43] [INFO] ▶ Kích hoạt: Giá H1 + Macro
[2026-07-20 14:35:59] [WARN] ⚠ Giá H1 + Macro lỗi attempt 1: nSoftwareFoundation.Python.3.13_qbz5n2kfra8p0\LocalCache\local-packages\Python313\site-packages\pandas\core\indexes\base.py", line 3648, in get_loc
    raise KeyError(key) from err
KeyError: 'EMA_21'

[2026-07-20 14:35:59] [INFO] ▶ Kích hoạt: Giá H4
[2026-07-20 14:36:05] [INFO] ✅ Giá H4 hoàn thành (attempt 1)
[2026-07-20 14:36:05] [Sync] Bắt đầu đẩy dữ liệu lên Github (Kích hoạt bởi: Giá H4)...
[2026-07-20 14:36:09] [Sync] ✅ Đồng bộ Github thành công (Giá H4)!
[2026-07-20 14:36:09] [INFO] ▶ Kích hoạt: Vĩ Mô (Macro)
[2026-07-20 14:36:12] [INFO] ✅ Vĩ Mô (Macro) hoàn thành (attempt 1)
[2026-07-20 14:36:12] [Sync] Bắt đầu đẩy dữ liệu lên Github (Kích hoạt bởi: Vĩ Mô (Macro))...
[2026-07-20 14:36:16] [Sync] ✅ Đồng bộ Github thành công (Vĩ Mô (Macro))!
[2026-07-20 14:36:16] [INFO] ⏰ Đợi Giá H1: còn 0.40h (20/07 15:00:05 VN)
[2026-07-20 15:00:05] [INFO] ▶ Kích hoạt: Giá H1 + Macro
[2026-07-20 15:00:30] [INFO] ✅ Giá H1 + Macro hoàn thành (attempt 1)
[2026-07-20 15:00:30] [Sync] Bắt đầu đẩy dữ liệu lên Github (Kích hoạt bởi: Giá H1 + Macro)...
[2026-07-20 15:00:34] [Sync] ✅ Đồng bộ Github thành công (Giá H1 + Macro)!
[2026-07-20 15:00:34] [INFO] ▶ Kích hoạt: Giá H4
[2026-07-20 15:01:04] [INFO] ✅ Giá H4 hoàn thành (attempt 1)
[2026-07-20 15:01:04] [Sync] Bắt đầu đẩy dữ liệu lên Github (Kích hoạt bởi: Giá H4)...
[2026-07-20 15:01:07] [Sync] ✅ Đồng bộ Github thành công (Giá H4)!
[2026-07-20 15:01:07] [INFO] ▶ Kích hoạt: Vĩ Mô (Macro)
[2026-07-20 15:01:11] [INFO] ✅ Vĩ Mô (Macro) hoàn thành (attempt 1)
[2026-07-20 15:01:11] [Sync] Bắt đầu đẩy dữ liệu lên Github (Kích hoạt bởi: Vĩ Mô (Macro))...
[2026-07-20 15:01:14] [Sync] ✅ Đồng bộ Github thành công (Vĩ Mô (Macro))!
[2026-07-20 15:01:14] [INFO] Đang quét tín hiệu Telegram Alarm (SMC)...
[2026-07-20 15:01:15] [INFO] Đang chạy cập nhật Hồ sơ mã (run_pro_plus) và tạo Dashboard (gen_dashboard)...
[2026-07-20 15:01:22] [Sync] Bắt đầu đẩy dữ liệu lên Github (Kích hoạt bởi: Cập nhật Phân tích & Giao diện)...
[2026-07-20 15:01:26] [Sync] ✅ Đồng bộ Github thành công (Cập nhật Phân tích & Giao diện)!
[2026-07-20 15:01:26] [INFO] ⏰ Đợi Giá H1: còn 0.98h (20/07 16:00:05 VN)
[2026-07-20 16:00:03] [INFO] ▶ Kích hoạt: Giá H1 + Macro
[2026-07-20 16:00:14] [INFO] ✅ Giá H1 + Macro hoàn thành (attempt 1)
[2026-07-20 16:00:14] [Sync] Bắt đầu đẩy dữ liệu lên Github (Kích hoạt bởi: Giá H1 + Macro)...
[2026-07-20 16:00:18] [Sync] ✅ Đồng bộ Github thành công (Giá H1 + Macro)!
[2026-07-20 16:00:18] [INFO] ▶ Kích hoạt: Giá H4
[2026-07-20 16:00:32] [INFO] ✅ Giá H4 hoàn thành (attempt 1)
[2026-07-20 16:00:32] [Sync] Bắt đầu đẩy dữ liệu lên Github (Kích hoạt bởi: Giá H4)...
[2026-07-20 16:00:35] [Sync] ✅ Đồng bộ Github thành công (Giá H4)!
[2026-07-20 16:00:35] [INFO] ▶ Kích hoạt: Vĩ Mô (Macro)
[2026-07-20 16:00:38] [INFO] ✅ Vĩ Mô (Macro) hoàn thành (attempt 1)
[2026-07-20 16:00:38] [Sync] Bắt đầu đẩy dữ liệu lên Github (Kích hoạt bởi: Vĩ Mô (Macro))...
[2026-07-20 16:00:42] [Sync] ✅ Đồng bộ Github thành công (Vĩ Mô (Macro))!
[2026-07-20 16:00:42] [INFO] Đang quét tín hiệu Telegram Alarm (SMC)...
[2026-07-20 16:00:43] [INFO] Đang chạy cập nhật Hồ sơ mã (run_pro_plus) và tạo Dashboard (gen_dashboard)...
[2026-07-20 16:00:50] [Sync] Bắt đầu đẩy dữ liệu lên Github (Kích hoạt bởi: Cập nhật Phân tích & Giao diện)...
[2026-07-20 16:00:55] [Sync] ✅ Đồng bộ Github thành công (Cập nhật Phân tích & Giao diện)!
[2026-07-20 16:00:55] [INFO] ⏰ Đợi Giá H1: còn 0.99h (20/07 17:00:05 VN)
[2026-07-20 17:00:05] [INFO] ▶ Kích hoạt: Giá H1 + Macro
[2026-07-20 17:00:14] [INFO] ✅ Giá H1 + Macro hoàn thành (attempt 1)
[2026-07-20 17:00:14] [Sync] Bắt đầu đẩy dữ liệu lên Github (Kích hoạt bởi: Giá H1 + Macro)...
[2026-07-20 17:00:17] [Sync] ✅ Đồng bộ Github thành công (Giá H1 + Macro)!
[2026-07-20 17:00:17] [INFO] ▶ Kích hoạt: Giá H4
[2026-07-20 17:00:23] [INFO] ✅ Giá H4 hoàn thành (attempt 1)
[2026-07-20 17:00:23] [Sync] Bắt đầu đẩy dữ liệu lên Github (Kích hoạt bởi: Giá H4)...
[2026-07-20 17:00:27] [Sync] ✅ Đồng bộ Github thành công (Giá H4)!
[2026-07-20 17:00:27] [INFO] ▶ Kích hoạt: Vĩ Mô (Macro)
[2026-07-20 17:00:29] [INFO] ✅ Vĩ Mô (Macro) hoàn thành (attempt 1)
[2026-07-20 17:00:29] [Sync] Bắt đầu đẩy dữ liệu lên Github (Kích hoạt bởi: Vĩ Mô (Macro))...
[2026-07-20 17:00:32] [Sync] ✅ Đồng bộ Github thành công (Vĩ Mô (Macro))!
[2026-07-20 17:00:32] [INFO] Đang quét tín hiệu Telegram Alarm (SMC)...
[2026-07-20 17:00:34] [INFO] Đang chạy cập nhật Hồ sơ mã (run_pro_plus) và tạo Dashboard (gen_dashboard)...
[2026-07-20 17:00:42] [Sync] Bắt đầu đẩy dữ liệu lên Github (Kích hoạt bởi: Cập nhật Phân tích & Giao diện)...
[2026-07-20 17:00:46] [Sync] ✅ Đồng bộ Github thành công (Cập nhật Phân tích & Giao diện)!
[2026-07-20 17:00:46] [INFO] ⏰ Đợi Giá H1: còn 0.99h (20/07 18:00:05 VN)
[2026-07-20 18:00:05] [INFO] ▶ Kích hoạt: Giá H1 + Macro
[2026-07-20 18:00:35] [INFO] ✅ Giá H1 + Macro hoàn thành (attempt 1)
[2026-07-20 18:00:35] [Sync] Bắt đầu đẩy dữ liệu lên Github (Kích hoạt bởi: Giá H1 + Macro)...
[2026-07-20 18:00:40] [Sync] ✅ Đồng bộ Github thành công (Giá H1 + Macro)!
[2026-07-20 18:00:40] [INFO] ▶ Kích hoạt: Giá H4
[2026-07-20 18:00:45] [INFO] ✅ Giá H4 hoàn thành (attempt 1)
[2026-07-20 18:00:45] [Sync] Bắt đầu đẩy dữ liệu lên Github (Kích hoạt bởi: Giá H4)...
[2026-07-20 18:00:49] [Sync] ✅ Đồng bộ Github thành công (Giá H4)!
[2026-07-20 18:00:49] [INFO] ▶ Kích hoạt: Vĩ Mô (Macro)
[2026-07-20 18:00:53] [INFO] ✅ Vĩ Mô (Macro) hoàn thành (attempt 1)
[2026-07-20 18:00:53] [Sync] Bắt đầu đẩy dữ liệu lên Github (Kích hoạt bởi: Vĩ Mô (Macro))...
[2026-07-20 18:00:56] [Sync] ✅ Đồng bộ Github thành công (Vĩ Mô (Macro))!
[2026-07-20 18:00:56] [INFO] Đang quét tín hiệu Telegram Alarm (SMC)...
[2026-07-20 18:01:03] [INFO] Đang chạy cập nhật Hồ sơ mã (run_pro_plus) và tạo Dashboard (gen_dashboard)...
[2026-07-20 18:01:12] [Sync] Bắt đầu đẩy dữ liệu lên Github (Kích hoạt bởi: Cập nhật Phân tích & Giao diện)...
[2026-07-20 18:01:16] [Sync] ✅ Đồng bộ Github thành công (Cập nhật Phân tích & Giao diện)!
[2026-07-20 18:01:16] [INFO] ⏰ Đợi Giá H1: còn 0.98h (20/07 19:00:05 VN)
[2026-07-20 19:00:05] [INFO] ▶ Kích hoạt: Giá H1 + Macro
[2026-07-20 19:00:22] [INFO] ✅ Giá H1 + Macro hoàn thành (attempt 1)
[2026-07-20 19:00:22] [Sync] Bắt đầu đẩy dữ liệu lên Github (Kích hoạt bởi: Giá H1 + Macro)...
[2026-07-20 19:00:27] [Sync] ✅ Đồng bộ Github thành công (Giá H1 + Macro)!
[2026-07-20 19:00:27] [INFO] ▶ Kích hoạt: Giá H4
[2026-07-20 19:00:47] [INFO] ✅ Giá H4 hoàn thành (attempt 1)
[2026-07-20 19:00:47] [Sync] Bắt đầu đẩy dữ liệu lên Github (Kích hoạt bởi: Giá H4)...
[2026-07-20 19:00:51] [Sync] ✅ Đồng bộ Github thành công (Giá H4)!
[2026-07-20 19:00:51] [INFO] ▶ Kích hoạt: Vĩ Mô (Macro)
[2026-07-20 19:00:54] [INFO] ✅ Vĩ Mô (Macro) hoàn thành (attempt 1)
[2026-07-20 19:00:54] [Sync] Bắt đầu đẩy dữ liệu lên Github (Kích hoạt bởi: Vĩ Mô (Macro))...
[2026-07-20 19:00:57] [Sync] ✅ Đồng bộ Github thành công (Vĩ Mô (Macro))!
[2026-07-20 19:00:57] [INFO] Đang quét tín hiệu Telegram Alarm (SMC)...
[2026-07-20 19:00:59] [INFO] Đang chạy cập nhật Hồ sơ mã (run_pro_plus) và tạo Dashboard (gen_dashboard)...
[2026-07-20 19:01:06] [Sync] Bắt đầu đẩy dữ liệu lên Github (Kích hoạt bởi: Cập nhật Phân tích & Giao diện)...
[2026-07-20 19:01:10] [Sync] ✅ Đồng bộ Github thành công (Cập nhật Phân tích & Giao diện)!
[2026-07-20 19:01:10] [INFO] ⏰ Đợi Giá H1: còn 0.98h (20/07 20:00:05 VN)
[2026-07-20 20:00:05] [INFO] ▶ Kích hoạt: Giá H1 + Macro
[2026-07-20 20:00:26] [INFO] ✅ Giá H1 + Macro hoàn thành (attempt 1)
[2026-07-20 20:00:26] [Sync] Bắt đầu đẩy dữ liệu lên Github (Kích hoạt bởi: Giá H1 + Macro)...
[2026-07-20 20:00:29] [Sync] ✅ Đồng bộ Github thành công (Giá H1 + Macro)!
[2026-07-20 20:00:29] [INFO] ▶ Kích hoạt: Giá H4
[2026-07-20 20:00:43] [INFO] ✅ Giá H4 hoàn thành (attempt 1)
[2026-07-20 20:00:43] [Sync] Bắt đầu đẩy dữ liệu lên Github (Kích hoạt bởi: Giá H4)...
[2026-07-20 20:00:47] [Sync] ✅ Đồng bộ Github thành công (Giá H4)!
[2026-07-20 20:00:47] [INFO] ▶ Kích hoạt: Vĩ Mô (Macro)
[2026-07-20 20:00:50] [INFO] ✅ Vĩ Mô (Macro) hoàn thành (attempt 1)
[2026-07-20 20:00:50] [Sync] Bắt đầu đẩy dữ liệu lên Github (Kích hoạt bởi: Vĩ Mô (Macro))...
[2026-07-20 20:00:53] [Sync] ✅ Đồng bộ Github thành công (Vĩ Mô (Macro))!
[2026-07-20 20:00:53] [INFO] Đang quét tín hiệu Telegram Alarm (SMC)...
[2026-07-20 20:00:55] [INFO] Đang chạy cập nhật Hồ sơ mã (run_pro_plus) và tạo Dashboard (gen_dashboard)...
[2026-07-20 20:01:03] [Sync] Bắt đầu đẩy dữ liệu lên Github (Kích hoạt bởi: Cập nhật Phân tích & Giao diện)...
[2026-07-20 20:01:06] [Sync] ✅ Đồng bộ Github thành công (Cập nhật Phân tích & Giao diện)!
[2026-07-20 20:01:06] [INFO] ⏰ Đợi Giá H1: còn 0.98h (20/07 21:00:05 VN)
[2026-07-20 21:00:05] [INFO] ▶ Kích hoạt: Giá H1 + Macro
[2026-07-20 21:00:37] [INFO] ✅ Giá H1 + Macro hoàn thành (attempt 1)
[2026-07-20 21:00:37] [Sync] Bắt đầu đẩy dữ liệu lên Github (Kích hoạt bởi: Giá H1 + Macro)...
[2026-07-20 21:00:42] [Sync] ✅ Đồng bộ Github thành công (Giá H1 + Macro)!
[2026-07-20 21:00:42] [INFO] ▶ Kích hoạt: Giá H4
[2026-07-20 21:00:57] [INFO] ✅ Giá H4 hoàn thành (attempt 1)
[2026-07-20 21:00:57] [Sync] Bắt đầu đẩy dữ liệu lên Github (Kích hoạt bởi: Giá H4)...
[2026-07-20 21:01:01] [Sync] ✅ Đồng bộ Github thành công (Giá H4)!
[2026-07-20 21:01:01] [INFO] ▶ Kích hoạt: Vĩ Mô (Macro)
[2026-07-20 21:01:04] [INFO] ✅ Vĩ Mô (Macro) hoàn thành (attempt 1)
[2026-07-20 21:01:04] [Sync] Bắt đầu đẩy dữ liệu lên Github (Kích hoạt bởi: Vĩ Mô (Macro))...
[2026-07-20 21:01:07] [Sync] ✅ Đồng bộ Github thành công (Vĩ Mô (Macro))!
[2026-07-20 21:01:07] [INFO] Đang quét tín hiệu Telegram Alarm (SMC)...
[2026-07-20 21:01:14] [INFO] Đang chạy cập nhật Hồ sơ mã (run_pro_plus) và tạo Dashboard (gen_dashboard)...
[2026-07-20 21:01:23] [Sync] Bắt đầu đẩy dữ liệu lên Github (Kích hoạt bởi: Cập nhật Phân tích & Giao diện)...
[2026-07-20 21:01:27] [Sync] ✅ Đồng bộ Github thành công (Cập nhật Phân tích & Giao diện)!
[2026-07-20 21:01:27] [INFO] ⏰ Đợi Giá H1: còn 0.98h (20/07 22:00:05 VN)
[2026-07-20 21:43:46] [INFO] ▶ Kích hoạt: AI Phân Tích Chuyên Sâu
[2026-07-20 21:44:07] [INFO] ✅ AI Phân Tích Chuyên Sâu hoàn thành (attempt 1)
[2026-07-20 21:44:07] [Sync] Bắt đầu đẩy dữ liệu lên Github (Kích hoạt bởi: AI Phân Tích Chuyên Sâu)...
[2026-07-20 21:44:12] [Sync] ✅ Đồng bộ Github thành công (AI Phân Tích Chuyên Sâu)!
[2026-07-20 21:44:12] [INFO] ⏰ Đợi AI Phân Tích: còn 8.76h (21/07 06:30:02 VN)
[2026-07-20 21:44:18] [INFO] ✅ AI Điểm Tin hoàn thành (attempt 1)
[2026-07-20 21:44:18] [Sync] Bắt đầu đẩy dữ liệu lên Github (Kích hoạt bởi: AI Điểm Tin)...
[2026-07-20 21:44:22] [Sync] ✅ Đồng bộ Github thành công (AI Điểm Tin)!
[2026-07-20 21:44:22] [INFO] ⏰ Đợi AI News: còn 8.26h (21/07 06:00:02 VN)
[2026-07-20 22:00:05] [INFO] ▶ Kích hoạt: Giá H1 + Macro
[2026-07-20 22:00:44] [INFO] ✅ Giá H1 + Macro hoàn thành (attempt 1)
[2026-07-20 22:00:45] [Sync] Bắt đầu đẩy dữ liệu lên Github (Kích hoạt bởi: Giá H1 + Macro)...
[2026-07-20 22:00:54] [Sync] ✅ Đồng bộ Github thành công (Giá H1 + Macro)!
[2026-07-20 22:00:54] [INFO] ▶ Kích hoạt: Giá H4
[2026-07-20 22:01:08] [INFO] ✅ Giá H4 hoàn thành (attempt 1)
[2026-07-20 22:01:08] [Sync] Bắt đầu đẩy dữ liệu lên Github (Kích hoạt bởi: Giá H4)...
[2026-07-20 22:01:12] [Sync] ✅ Đồng bộ Github thành công (Giá H4)!
[2026-07-20 22:01:12] [INFO] ▶ Kích hoạt: Vĩ Mô (Macro)
[2026-07-20 22:01:15] [INFO] ✅ Vĩ Mô (Macro) hoàn thành (attempt 1)
[2026-07-20 22:01:15] [Sync] Bắt đầu đẩy dữ liệu lên Github (Kích hoạt bởi: Vĩ Mô (Macro))...
[2026-07-20 22:01:20] [Sync] ✅ Đồng bộ Github thành công (Vĩ Mô (Macro))!
[2026-07-20 22:01:20] [INFO] Đang quét tín hiệu Telegram Alarm (SMC)...
[2026-07-20 22:01:21] [INFO] Đang chạy cập nhật Hồ sơ mã (run_pro_plus) và tạo Dashboard (gen_dashboard)...
[2026-07-20 22:01:28] [Sync] Bắt đầu đẩy dữ liệu lên Github (Kích hoạt bởi: Cập nhật Phân tích & Giao diện)...
[2026-07-20 22:01:33] [Sync] ✅ Đồng bộ Github thành công (Cập nhật Phân tích & Giao diện)!
[2026-07-20 22:01:33] [INFO] ⏰ Đợi Giá H1: còn 0.98h (20/07 23:00:05 VN)
[2026-07-20 23:00:05] [INFO] ▶ Kích hoạt: Giá H1 + Macro
[2026-07-20 23:00:22] [INFO] ✅ Giá H1 + Macro hoàn thành (attempt 1)
[2026-07-20 23:00:22] [Sync] Bắt đầu đẩy dữ liệu lên Github (Kích hoạt bởi: Giá H1 + Macro)...
[2026-07-20 23:00:26] [Sync] ✅ Đồng bộ Github thành công (Giá H1 + Macro)!
[2026-07-20 23:00:26] [INFO] ▶ Kích hoạt: Giá H4
[2026-07-20 23:00:31] [INFO] ✅ Giá H4 hoàn thành (attempt 1)
[2026-07-20 23:00:31] [Sync] Bắt đầu đẩy dữ liệu lên Github (Kích hoạt bởi: Giá H4)...
[2026-07-20 23:00:36] [Sync] ✅ Đồng bộ Github thành công (Giá H4)!
[2026-07-20 23:00:36] [INFO] ▶ Kích hoạt: Vĩ Mô (Macro)
[2026-07-20 23:00:39] [INFO] ✅ Vĩ Mô (Macro) hoàn thành (attempt 1)
[2026-07-20 23:00:39] [Sync] Bắt đầu đẩy dữ liệu lên Github (Kích hoạt bởi: Vĩ Mô (Macro))...
[2026-07-20 23:00:43] [Sync] ✅ Đồng bộ Github thành công (Vĩ Mô (Macro))!
[2026-07-20 23:00:43] [INFO] Đang quét tín hiệu Telegram Alarm (SMC)...
[2026-07-20 23:00:45] [INFO] Đang chạy cập nhật Hồ sơ mã (run_pro_plus) và tạo Dashboard (gen_dashboard)...
[2026-07-20 23:00:52] [Sync] Bắt đầu đẩy dữ liệu lên Github (Kích hoạt bởi: Cập nhật Phân tích & Giao diện)...
[2026-07-20 23:00:56] [Sync] ✅ Đồng bộ Github thành công (Cập nhật Phân tích & Giao diện)!
[2026-07-20 23:00:56] [INFO] ⏰ Đợi Giá H1: còn 0.99h (21/07 00:00:05 VN)
[2026-07-21 06:02:41] [INFO] ============================================================
[2026-07-21 06:02:41] [INFO]   CBOT PRECISION SCHEDULER V2 — KHỞI ĐỘNG
[2026-07-21 06:02:41] [INFO] ============================================================
[2026-07-21 06:02:41] [INFO] Lịch trình đang chạy:
[2026-07-21 06:02:41] [INFO]   [Giá H1 + Macro]    : Phút :15 mỗi giờ giao dịch
[2026-07-21 06:02:41] [INFO]   [COT CFTC]          : Thứ Bảy 07:15 VN
[2026-07-21 06:02:41] [INFO]   [USDA Crop Progress]: Thứ Hai 22:00 VN
[2026-07-21 06:02:41] [INFO]   [Export Sales]      : Thứ Năm 21:32 VN
[2026-07-21 06:02:41] [INFO]   [WASDE Monthly]     : Ngày 10 hàng tháng, 23:00 VN
[2026-07-21 06:02:41] [INFO]   [Thời Tiết Ngắn]    : 06:00 hàng ngày
[2026-07-21 06:02:41] [INFO]   [ENSO Long-Term]    : Thứ Hai 06:30 VN
[2026-07-21 06:02:41] [INFO]   [USDA Acreage]      : 05:30 hàng ngày
[2026-07-21 06:02:41] [INFO]   [AI Điểm Tin]       : 06:00 và 20:00 hàng ngày
[2026-07-21 06:02:41] [INFO]   [AI Tin Biển Đen]   : Thứ Tư & Chủ Nhật 07:00 VN
[2026-07-21 06:02:41] [INFO]   [Số Liệu Mùa Vụ Nga]: 07:30 hàng ngày
[2026-07-21 06:02:41] [INFO]   [🧠 AI Phân Tích]   : 06:30 và 20:00 hàng ngày (T2-T6)
[2026-07-21 06:02:41] [INFO] ------------------------------------------------------------
[2026-07-21 06:02:41] [INFO] ⏰ Đợi Giá H1: còn 0.96h (21/07 07:00:05 VN)
[2026-07-21 06:02:41] [INFO]   ✅ Thread khởi động: job_cot
7 07:15:02 VN)
[2026-07-21 06:02:41] [INFO]   ✅ Thread khởi động: job_crop_progress
:00:02 VN)
[2026-07-21 06:02:41] [INFO]   ✅ Thread khởi động: job_export_sales
32:02 VN)
[2026-07-21 06:02:41] [INFO]   ✅ Thread khởi động: job_wasde
10/08 23:00:02 VN)
[2026-07-21 06:02:41] [INFO]   ✅ Thread khởi động: job_weather_short
00:02 VN)
[2026-07-21 06:02:41] [INFO]   ✅ Thread khởi động: job_weather_long
06:30:02 VN)
[2026-07-21 06:02:41] [INFO]   ✅ Thread khởi động: job_acreage
2/07 05:30:02 VN)
[2026-07-21 06:02:41] [INFO]   ✅ Thread khởi động: job_ai_news
00:02 VN)
[2026-07-21 06:02:41] [INFO]   ✅ Thread khởi động: job_blacksea_news
:00:02 VN)
[2026-07-21 06:02:41] [INFO]   ✅ Thread khởi động: job_ai_analysis
6:30:02 VN)
[2026-07-21 06:02:41] [INFO] ============================================================
[2026-07-21 06:02:41] [INFO] Scheduler đang chạy ngầm. Nhấn Ctrl+C để dừng.
[2026-07-21 06:30:02] [INFO] ▶ Kích hoạt: AI Phân Tích Chuyên Sâu
[2026-07-21 06:30:16] [INFO] ✅ AI Phân Tích Chuyên Sâu hoàn thành (attempt 1)
[2026-07-21 06:30:16] [Sync] Bắt đầu đẩy dữ liệu lên Github (Kích hoạt bởi: AI Phân Tích Chuyên Sâu)...
[2026-07-21 06:30:20] [Sync] ✅ Đồng bộ Github thành công (AI Phân Tích Chuyên Sâu)!
[2026-07-21 06:30:20] [INFO] ⏰ Đợi AI Phân Tích: còn 13.49h (21/07 20:00:02 VN)
[2026-07-21 07:00:05] [INFO] ▶ Kích hoạt: Giá H1 + Macro
[2026-07-21 07:00:14] [INFO] ✅ Giá H1 + Macro hoàn thành (attempt 1)
[2026-07-21 07:00:14] [Sync] Bắt đầu đẩy dữ liệu lên Github (Kích hoạt bởi: Giá H1 + Macro)...
[2026-07-21 07:00:19] [Sync] ✅ Đồng bộ Github thành công (Giá H1 + Macro)!
[2026-07-21 07:00:19] [INFO] ▶ Kích hoạt: Giá H4
[2026-07-21 07:00:37] [INFO] ✅ Giá H4 hoàn thành (attempt 1)
[2026-07-21 07:00:37] [Sync] Bắt đầu đẩy dữ liệu lên Github (Kích hoạt bởi: Giá H4)...
[2026-07-21 07:00:40] [Sync] ✅ Đồng bộ Github thành công (Giá H4)!
[2026-07-21 07:00:40] [INFO] ▶ Kích hoạt: Vĩ Mô (Macro)
[2026-07-21 07:00:43] [INFO] ✅ Vĩ Mô (Macro) hoàn thành (attempt 1)
[2026-07-21 07:00:43] [Sync] Bắt đầu đẩy dữ liệu lên Github (Kích hoạt bởi: Vĩ Mô (Macro))...
[2026-07-21 07:00:46] [Sync] ✅ Đồng bộ Github thành công (Vĩ Mô (Macro))!
[2026-07-21 07:00:46] [INFO] Đang quét tín hiệu Telegram Alarm (SMC)...
[2026-07-21 07:00:51] [INFO] Đang chạy cập nhật Hồ sơ mã (run_pro_plus) và tạo Dashboard (gen_dashboard)...
[2026-07-21 07:01:00] [Sync] Bắt đầu đẩy dữ liệu lên Github (Kích hoạt bởi: Cập nhật Phân tích & Giao diện)...
[2026-07-21 07:01:04] [Sync] ✅ Đồng bộ Github thành công (Cập nhật Phân tích & Giao diện)!
[2026-07-21 07:01:04] [INFO] ⏰ Đợi Giá H1: còn 0.98h (21/07 08:00:05 VN)
[2026-07-21 08:00:05] [INFO] ▶ Kích hoạt: Giá H1 + Macro
[2026-07-21 08:00:19] [INFO] ✅ Giá H1 + Macro hoàn thành (attempt 1)
[2026-07-21 08:00:19] [Sync] Bắt đầu đẩy dữ liệu lên Github (Kích hoạt bởi: Giá H1 + Macro)...
[2026-07-21 08:00:22] [Sync] ✅ Đồng bộ Github thành công (Giá H1 + Macro)!
[2026-07-21 08:00:22] [INFO] ▶ Kích hoạt: Giá H4
[2026-07-21 08:00:28] [INFO] ✅ Giá H4 hoàn thành (attempt 1)
[2026-07-21 08:00:29] [Sync] Bắt đầu đẩy dữ liệu lên Github (Kích hoạt bởi: Giá H4)...
[2026-07-21 08:00:32] [Sync] ✅ Đồng bộ Github thành công (Giá H4)!
[2026-07-21 08:00:32] [INFO] ▶ Kích hoạt: Vĩ Mô (Macro)
[2026-07-21 08:00:34] [INFO] ✅ Vĩ Mô (Macro) hoàn thành (attempt 1)
[2026-07-21 08:00:34] [Sync] Bắt đầu đẩy dữ liệu lên Github (Kích hoạt bởi: Vĩ Mô (Macro))...
[2026-07-21 08:00:38] [Sync] ✅ Đồng bộ Github thành công (Vĩ Mô (Macro))!
[2026-07-21 08:00:38] [INFO] Đang quét tín hiệu Telegram Alarm (SMC)...
[2026-07-21 08:00:42] [INFO] Đang chạy cập nhật Hồ sơ mã (run_pro_plus) và tạo Dashboard (gen_dashboard)...
[2026-07-21 08:00:50] [Sync] Bắt đầu đẩy dữ liệu lên Github (Kích hoạt bởi: Cập nhật Phân tích & Giao diện)...
[2026-07-21 08:00:54] [Sync] ✅ Đồng bộ Github thành công (Cập nhật Phân tích & Giao diện)!
[2026-07-21 08:00:54] [INFO] ⏰ Đợi Giá H1: còn 0.99h (21/07 09:00:05 VN)
[2026-07-21 09:00:05] [INFO] ▶ Kích hoạt: Giá H1 + Macro
[2026-07-21 09:00:26] [INFO] ✅ Giá H1 + Macro hoàn thành (attempt 1)
[2026-07-21 09:00:26] [Sync] Bắt đầu đẩy dữ liệu lên Github (Kích hoạt bởi: Giá H1 + Macro)...
[2026-07-21 09:00:31] [Sync] ✅ Đồng bộ Github thành công (Giá H1 + Macro)!
[2026-07-21 09:00:31] [INFO] ▶ Kích hoạt: Giá H4
[2026-07-21 09:00:40] [INFO] ✅ Giá H4 hoàn thành (attempt 1)
[2026-07-21 09:00:40] [Sync] Bắt đầu đẩy dữ liệu lên Github (Kích hoạt bởi: Giá H4)...
[2026-07-21 09:00:44] [Sync] ✅ Đồng bộ Github thành công (Giá H4)!
[2026-07-21 09:00:44] [INFO] ▶ Kích hoạt: Vĩ Mô (Macro)
[2026-07-21 09:00:47] [INFO] ✅ Vĩ Mô (Macro) hoàn thành (attempt 1)
[2026-07-21 09:00:47] [Sync] Bắt đầu đẩy dữ liệu lên Github (Kích hoạt bởi: Vĩ Mô (Macro))...
[2026-07-21 09:00:50] [Sync] ✅ Đồng bộ Github thành công (Vĩ Mô (Macro))!
[2026-07-21 09:00:50] [INFO] Đang quét tín hiệu Telegram Alarm (SMC)...
[2026-07-21 09:00:54] [INFO] Đang chạy cập nhật Hồ sơ mã (run_pro_plus) và tạo Dashboard (gen_dashboard)...
[2026-07-21 09:01:02] [Sync] Bắt đầu đẩy dữ liệu lên Github (Kích hoạt bởi: Cập nhật Phân tích & Giao diện)...
[2026-07-21 09:01:07] [Sync] ✅ Đồng bộ Github thành công (Cập nhật Phân tích & Giao diện)!
[2026-07-21 09:01:07] [INFO] ⏰ Đợi Giá H1: còn 0.98h (21/07 10:00:05 VN)
[2026-07-21 10:00:05] [INFO] ▶ Kích hoạt: Giá H1 + Macro
[2026-07-21 10:00:26] [INFO] ✅ Giá H1 + Macro hoàn thành (attempt 1)
[2026-07-21 10:00:26] [Sync] Bắt đầu đẩy dữ liệu lên Github (Kích hoạt bởi: Giá H1 + Macro)...
[2026-07-21 10:00:30] [Sync] ✅ Đồng bộ Github thành công (Giá H1 + Macro)!
[2026-07-21 10:00:30] [INFO] ▶ Kích hoạt: Giá H4
[2026-07-21 10:00:35] [INFO] ✅ Giá H4 hoàn thành (attempt 1)
[2026-07-21 10:00:35] [Sync] Bắt đầu đẩy dữ liệu lên Github (Kích hoạt bởi: Giá H4)...
[2026-07-21 10:00:38] [Sync] ✅ Đồng bộ Github thành công (Giá H4)!
[2026-07-21 10:00:38] [INFO] ▶ Kích hoạt: Vĩ Mô (Macro)
[2026-07-21 10:00:42] [INFO] ✅ Vĩ Mô (Macro) hoàn thành (attempt 1)
[2026-07-21 10:00:42] [Sync] Bắt đầu đẩy dữ liệu lên Github (Kích hoạt bởi: Vĩ Mô (Macro))...
[2026-07-21 10:00:45] [Sync] ✅ Đồng bộ Github thành công (Vĩ Mô (Macro))!
[2026-07-21 10:00:45] [INFO] Đang quét tín hiệu Telegram Alarm (SMC)...
[2026-07-21 10:00:53] [INFO] Đang chạy cập nhật Hồ sơ mã (run_pro_plus) và tạo Dashboard (gen_dashboard)...
[2026-07-21 10:01:00] [Sync] Bắt đầu đẩy dữ liệu lên Github (Kích hoạt bởi: Cập nhật Phân tích & Giao diện)...
[2026-07-21 10:01:04] [Sync] ✅ Đồng bộ Github thành công (Cập nhật Phân tích & Giao diện)!
[2026-07-21 10:01:04] [INFO] ⏰ Đợi Giá H1: còn 0.98h (21/07 11:00:05 VN)
[2026-07-21 11:00:05] [INFO] ▶ Kích hoạt: Giá H1 + Macro
[2026-07-21 11:00:15] [INFO] ✅ Giá H1 + Macro hoàn thành (attempt 1)
[2026-07-21 11:00:15] [Sync] Bắt đầu đẩy dữ liệu lên Github (Kích hoạt bởi: Giá H1 + Macro)...
[2026-07-21 11:00:19] [Sync] ✅ Đồng bộ Github thành công (Giá H1 + Macro)!
[2026-07-21 11:00:19] [INFO] ▶ Kích hoạt: Giá H4
[2026-07-21 11:00:37] [INFO] ✅ Giá H4 hoàn thành (attempt 1)
[2026-07-21 11:00:37] [Sync] Bắt đầu đẩy dữ liệu lên Github (Kích hoạt bởi: Giá H4)...
[2026-07-21 11:00:41] [Sync] ✅ Đồng bộ Github thành công (Giá H4)!
[2026-07-21 11:00:41] [INFO] ▶ Kích hoạt: Vĩ Mô (Macro)
[2026-07-21 11:00:44] [INFO] ✅ Vĩ Mô (Macro) hoàn thành (attempt 1)
[2026-07-21 11:00:44] [Sync] Bắt đầu đẩy dữ liệu lên Github (Kích hoạt bởi: Vĩ Mô (Macro))...
[2026-07-21 11:00:47] [Sync] ✅ Đồng bộ Github thành công (Vĩ Mô (Macro))!
[2026-07-21 11:00:47] [INFO] Đang quét tín hiệu Telegram Alarm (SMC)...
[2026-07-21 11:00:49] [INFO] Đang chạy cập nhật Hồ sơ mã (run_pro_plus) và tạo Dashboard (gen_dashboard)...
[2026-07-21 11:00:56] [Sync] Bắt đầu đẩy dữ liệu lên Github (Kích hoạt bởi: Cập nhật Phân tích & Giao diện)...
[2026-07-21 11:01:00] [Sync] ✅ Đồng bộ Github thành công (Cập nhật Phân tích & Giao diện)!
[2026-07-21 11:01:00] [INFO] ⏰ Đợi Giá H1: còn 0.98h (21/07 12:00:05 VN)
[2026-07-21 12:00:05] [INFO] ▶ Kích hoạt: Giá H1 + Macro
[2026-07-21 12:00:25] [INFO] ✅ Giá H1 + Macro hoàn thành (attempt 1)
[2026-07-21 12:00:25] [Sync] Bắt đầu đẩy dữ liệu lên Github (Kích hoạt bởi: Giá H1 + Macro)...
[2026-07-21 12:00:29] [Sync] ✅ Đồng bộ Github thành công (Giá H1 + Macro)!
[2026-07-21 12:00:29] [INFO] ▶ Kích hoạt: Giá H4
[2026-07-21 12:00:35] [INFO] ✅ Giá H4 hoàn thành (attempt 1)
[2026-07-21 12:00:35] [Sync] Bắt đầu đẩy dữ liệu lên Github (Kích hoạt bởi: Giá H4)...
[2026-07-21 12:00:38] [Sync] ✅ Đồng bộ Github thành công (Giá H4)!
[2026-07-21 12:00:38] [INFO] ▶ Kích hoạt: Vĩ Mô (Macro)
[2026-07-21 12:00:41] [INFO] ✅ Vĩ Mô (Macro) hoàn thành (attempt 1)
[2026-07-21 12:00:41] [Sync] Bắt đầu đẩy dữ liệu lên Github (Kích hoạt bởi: Vĩ Mô (Macro))...
[2026-07-21 12:00:45] [Sync] ✅ Đồng bộ Github thành công (Vĩ Mô (Macro))!
[2026-07-21 12:00:45] [INFO] Đang quét tín hiệu Telegram Alarm (SMC)...
[2026-07-21 12:00:47] [INFO] Đang chạy cập nhật Hồ sơ mã (run_pro_plus) và tạo Dashboard (gen_dashboard)...
[2026-07-21 12:00:54] [Sync] Bắt đầu đẩy dữ liệu lên Github (Kích hoạt bởi: Cập nhật Phân tích & Giao diện)...
[2026-07-21 12:00:58] [Sync] ✅ Đồng bộ Github thành công (Cập nhật Phân tích & Giao diện)!
[2026-07-21 12:00:58] [INFO] ⏰ Đợi Giá H1: còn 0.99h (21/07 13:00:05 VN)
[2026-07-21 13:00:05] [INFO] ▶ Kích hoạt: Giá H1 + Macro
[2026-07-21 13:00:20] [INFO] ✅ Giá H1 + Macro hoàn thành (attempt 1)
[2026-07-21 13:00:20] [Sync] Bắt đầu đẩy dữ liệu lên Github (Kích hoạt bởi: Giá H1 + Macro)...
[2026-07-21 13:00:24] [Sync] ✅ Đồng bộ Github thành công (Giá H1 + Macro)!
[2026-07-21 13:00:24] [INFO] ▶ Kích hoạt: Giá H4
[2026-07-21 13:00:32] [INFO] ✅ Giá H4 hoàn thành (attempt 1)
[2026-07-21 13:00:32] [Sync] Bắt đầu đẩy dữ liệu lên Github (Kích hoạt bởi: Giá H4)...
[2026-07-21 13:00:35] [Sync] ✅ Đồng bộ Github thành công (Giá H4)!
[2026-07-21 13:00:35] [INFO] ▶ Kích hoạt: Vĩ Mô (Macro)
[2026-07-21 13:00:39] [INFO] ✅ Vĩ Mô (Macro) hoàn thành (attempt 1)
[2026-07-21 13:00:39] [Sync] Bắt đầu đẩy dữ liệu lên Github (Kích hoạt bởi: Vĩ Mô (Macro))...
[2026-07-21 13:00:42] [Sync] ✅ Đồng bộ Github thành công (Vĩ Mô (Macro))!
[2026-07-21 13:00:42] [INFO] Đang quét tín hiệu Telegram Alarm (SMC)...
[2026-07-21 13:00:44] [INFO] Đang chạy cập nhật Hồ sơ mã (run_pro_plus) và tạo Dashboard (gen_dashboard)...
[2026-07-21 13:00:51] [Sync] Bắt đầu đẩy dữ liệu lên Github (Kích hoạt bởi: Cập nhật Phân tích & Giao diện)...
[2026-07-21 13:00:55] [Sync] ✅ Đồng bộ Github thành công (Cập nhật Phân tích & Giao diện)!
[2026-07-21 13:00:55] [INFO] ⏰ Đợi Giá H1: còn 0.99h (21/07 14:00:05 VN)
[2026-07-21 14:00:05] [INFO] ▶ Kích hoạt: Giá H1 + Macro
[2026-07-21 14:00:43] [INFO] ✅ Giá H1 + Macro hoàn thành (attempt 1)
[2026-07-21 14:00:43] [Sync] Bắt đầu đẩy dữ liệu lên Github (Kích hoạt bởi: Giá H1 + Macro)...
[2026-07-21 14:00:47] [Sync] ✅ Đồng bộ Github thành công (Giá H1 + Macro)!
[2026-07-21 14:00:47] [INFO] ▶ Kích hoạt: Giá H4
[2026-07-21 14:01:11] [INFO] ✅ Giá H4 hoàn thành (attempt 1)
[2026-07-21 14:01:11] [Sync] Bắt đầu đẩy dữ liệu lên Github (Kích hoạt bởi: Giá H4)...
[2026-07-21 14:01:14] [Sync] ✅ Đồng bộ Github thành công (Giá H4)!
[2026-07-21 14:01:14] [INFO] ▶ Kích hoạt: Vĩ Mô (Macro)
[2026-07-21 14:01:18] [INFO] ✅ Vĩ Mô (Macro) hoàn thành (attempt 1)
[2026-07-21 14:01:18] [Sync] Bắt đầu đẩy dữ liệu lên Github (Kích hoạt bởi: Vĩ Mô (Macro))...
[2026-07-21 14:01:21] [Sync] ✅ Đồng bộ Github thành công (Vĩ Mô (Macro))!
[2026-07-21 14:01:21] [INFO] Đang quét tín hiệu Telegram Alarm (SMC)...
[2026-07-21 14:01:23] [INFO] Đang chạy cập nhật Hồ sơ mã (run_pro_plus) và tạo Dashboard (gen_dashboard)...
[2026-07-21 14:01:29] [Sync] Bắt đầu đẩy dữ liệu lên Github (Kích hoạt bởi: Cập nhật Phân tích & Giao diện)...
[2026-07-21 14:01:33] [Sync] ✅ Đồng bộ Github thành công (Cập nhật Phân tích & Giao diện)!
[2026-07-21 14:01:33] [INFO] ⏰ Đợi Giá H1: còn 0.98h (21/07 15:00:05 VN)
[2026-07-21 15:00:05] [INFO] ▶ Kích hoạt: Giá H1 + Macro
[2026-07-21 15:00:19] [INFO] ✅ Giá H1 + Macro hoàn thành (attempt 1)
[2026-07-21 15:00:19] [Sync] Bắt đầu đẩy dữ liệu lên Github (Kích hoạt bởi: Giá H1 + Macro)...
[2026-07-21 15:00:23] [Sync] ✅ Đồng bộ Github thành công (Giá H1 + Macro)!
[2026-07-21 15:00:23] [INFO] ▶ Kích hoạt: Giá H4
[2026-07-21 15:00:30] [INFO] ✅ Giá H4 hoàn thành (attempt 1)
[2026-07-21 15:00:30] [Sync] Bắt đầu đẩy dữ liệu lên Github (Kích hoạt bởi: Giá H4)...
[2026-07-21 15:00:34] [Sync] ✅ Đồng bộ Github thành công (Giá H4)!
[2026-07-21 15:00:34] [INFO] ▶ Kích hoạt: Vĩ Mô (Macro)
[2026-07-21 15:00:37] [INFO] ✅ Vĩ Mô (Macro) hoàn thành (attempt 1)
[2026-07-21 15:00:37] [Sync] Bắt đầu đẩy dữ liệu lên Github (Kích hoạt bởi: Vĩ Mô (Macro))...
[2026-07-21 15:00:40] [Sync] ✅ Đồng bộ Github thành công (Vĩ Mô (Macro))!
[2026-07-21 15:00:40] [INFO] Đang quét tín hiệu Telegram Alarm (SMC)...
[2026-07-21 15:00:42] [INFO] Đang chạy cập nhật Hồ sơ mã (run_pro_plus) và tạo Dashboard (gen_dashboard)...
[2026-07-21 15:00:50] [Sync] Bắt đầu đẩy dữ liệu lên Github (Kích hoạt bởi: Cập nhật Phân tích & Giao diện)...
[2026-07-21 15:00:54] [Sync] ✅ Đồng bộ Github thành công (Cập nhật Phân tích & Giao diện)!
[2026-07-21 15:00:54] [INFO] ⏰ Đợi Giá H1: còn 0.99h (21/07 16:00:05 VN)
[2026-07-21 17:46:32] [INFO] ▶ Kích hoạt: Giá H1 + Macro
[2026-07-21 17:46:49] [INFO] ✅ Giá H1 + Macro hoàn thành (attempt 1)
[2026-07-21 17:46:49] [Sync] Bắt đầu đẩy dữ liệu lên Github (Kích hoạt bởi: Giá H1 + Macro)...
[2026-07-21 17:46:53] [Sync] ✅ Đồng bộ Github thành công (Giá H1 + Macro)!
[2026-07-21 17:46:53] [INFO] ▶ Kích hoạt: Giá H4
[2026-07-21 17:46:59] [INFO] ✅ Giá H4 hoàn thành (attempt 1)
[2026-07-21 17:46:59] [Sync] Bắt đầu đẩy dữ liệu lên Github (Kích hoạt bởi: Giá H4)...
[2026-07-21 17:47:03] [Sync] ✅ Đồng bộ Github thành công (Giá H4)!
[2026-07-21 17:47:03] [INFO] ▶ Kích hoạt: Vĩ Mô (Macro)
[2026-07-21 17:47:07] [INFO] ✅ Vĩ Mô (Macro) hoàn thành (attempt 1)
[2026-07-21 17:47:07] [Sync] Bắt đầu đẩy dữ liệu lên Github (Kích hoạt bởi: Vĩ Mô (Macro))...
[2026-07-21 17:47:11] [Sync] ✅ Đồng bộ Github thành công (Vĩ Mô (Macro))!
[2026-07-21 17:47:11] [INFO] Đang quét tín hiệu Telegram Alarm (SMC)...
[2026-07-21 17:47:13] [INFO] Đang chạy cập nhật Hồ sơ mã (run_pro_plus) và tạo Dashboard (gen_dashboard)...
[2026-07-21 17:47:20] [Sync] Bắt đầu đẩy dữ liệu lên Github (Kích hoạt bởi: Cập nhật Phân tích & Giao diện)...
[2026-07-21 17:47:24] [Sync] ✅ Đồng bộ Github thành công (Cập nhật Phân tích & Giao diện)!
[2026-07-21 17:47:24] [INFO] ⏰ Đợi Giá H1: còn 0.21h (21/07 18:00:05 VN)
[2026-07-21 18:00:05] [INFO] ▶ Kích hoạt: Giá H1 + Macro
[2026-07-21 18:00:30] [INFO] ✅ Giá H1 + Macro hoàn thành (attempt 1)
[2026-07-21 18:00:30] [Sync] Bắt đầu đẩy dữ liệu lên Github (Kích hoạt bởi: Giá H1 + Macro)...
[2026-07-21 18:00:33] [Sync] ✅ Đồng bộ Github thành công (Giá H1 + Macro)!
[2026-07-21 18:00:33] [INFO] ▶ Kích hoạt: Giá H4
[2026-07-21 18:00:41] [INFO] ✅ Giá H4 hoàn thành (attempt 1)
[2026-07-21 18:00:41] [Sync] Bắt đầu đẩy dữ liệu lên Github (Kích hoạt bởi: Giá H4)...
[2026-07-21 18:00:44] [Sync] ✅ Đồng bộ Github thành công (Giá H4)!
[2026-07-21 18:00:44] [INFO] ▶ Kích hoạt: Vĩ Mô (Macro)
[2026-07-21 18:00:47] [INFO] ✅ Vĩ Mô (Macro) hoàn thành (attempt 1)
[2026-07-21 18:00:47] [Sync] Bắt đầu đẩy dữ liệu lên Github (Kích hoạt bởi: Vĩ Mô (Macro))...
[2026-07-21 18:00:50] [Sync] ✅ Đồng bộ Github thành công (Vĩ Mô (Macro))!
[2026-07-21 18:00:50] [INFO] Đang quét tín hiệu Telegram Alarm (SMC)...
[2026-07-21 18:00:51] [INFO] Đang chạy cập nhật Hồ sơ mã (run_pro_plus) và tạo Dashboard (gen_dashboard)...
[2026-07-21 18:00:59] [Sync] Bắt đầu đẩy dữ liệu lên Github (Kích hoạt bởi: Cập nhật Phân tích & Giao diện)...
[2026-07-21 18:01:03] [Sync] ✅ Đồng bộ Github thành công (Cập nhật Phân tích & Giao diện)!
[2026-07-21 18:01:03] [INFO] ⏰ Đợi Giá H1: còn 0.98h (21/07 19:00:05 VN)
[2026-07-21 19:39:30] [INFO] ▶ Kích hoạt: Giá H1 + Macro
[2026-07-21 19:39:51] [INFO] ✅ Giá H1 + Macro hoàn thành (attempt 1)
[2026-07-21 19:39:51] [Sync] Bắt đầu đẩy dữ liệu lên Github (Kích hoạt bởi: Giá H1 + Macro)...
[2026-07-21 19:39:55] [Sync] ✅ Đồng bộ Github thành công (Giá H1 + Macro)!
[2026-07-21 19:39:55] [INFO] ▶ Kích hoạt: Giá H4
[2026-07-21 19:40:02] [INFO] ✅ Giá H4 hoàn thành (attempt 1)
[2026-07-21 19:40:02] [Sync] Bắt đầu đẩy dữ liệu lên Github (Kích hoạt bởi: Giá H4)...
[2026-07-21 19:40:06] [Sync] ✅ Đồng bộ Github thành công (Giá H4)!
[2026-07-21 19:40:06] [INFO] ▶ Kích hoạt: Vĩ Mô (Macro)
[2026-07-21 19:40:10] [INFO] ✅ Vĩ Mô (Macro) hoàn thành (attempt 1)
[2026-07-21 19:40:10] [Sync] Bắt đầu đẩy dữ liệu lên Github (Kích hoạt bởi: Vĩ Mô (Macro))...
[2026-07-21 19:40:14] [Sync] ✅ Đồng bộ Github thành công (Vĩ Mô (Macro))!
[2026-07-21 19:40:14] [INFO] Đang quét tín hiệu Telegram Alarm (SMC)...
[2026-07-21 19:40:19] [INFO] Đang chạy cập nhật Hồ sơ mã (run_pro_plus) và tạo Dashboard (gen_dashboard)...
[2026-07-21 19:40:26] [Sync] Bắt đầu đẩy dữ liệu lên Github (Kích hoạt bởi: Cập nhật Phân tích & Giao diện)...
[2026-07-21 19:40:30] [Sync] ✅ Đồng bộ Github thành công (Cập nhật Phân tích & Giao diện)!
[2026-07-21 19:40:30] [INFO] ⏰ Đợi Giá H1: còn 0.33h (21/07 20:00:05 VN)
[2026-07-21 20:00:05] [INFO] ▶ Kích hoạt: Giá H1 + Macro
[2026-07-21 20:00:16] [INFO] ✅ Giá H1 + Macro hoàn thành (attempt 1)
[2026-07-21 20:00:16] [Sync] Bắt đầu đẩy dữ liệu lên Github (Kích hoạt bởi: Giá H1 + Macro)...
[2026-07-21 20:00:20] [Sync] ✅ Đồng bộ Github thành công (Giá H1 + Macro)!
[2026-07-21 20:00:20] [INFO] ▶ Kích hoạt: Giá H4
[2026-07-21 20:00:26] [INFO] ✅ Giá H4 hoàn thành (attempt 1)
[2026-07-21 20:00:26] [Sync] Bắt đầu đẩy dữ liệu lên Github (Kích hoạt bởi: Giá H4)...
[2026-07-21 20:00:30] [Sync] ✅ Đồng bộ Github thành công (Giá H4)!
[2026-07-21 20:00:30] [INFO] ▶ Kích hoạt: Vĩ Mô (Macro)
[2026-07-21 20:00:35] [INFO] ✅ Vĩ Mô (Macro) hoàn thành (attempt 1)
[2026-07-21 20:00:35] [Sync] Bắt đầu đẩy dữ liệu lên Github (Kích hoạt bởi: Vĩ Mô (Macro))...
[2026-07-21 20:00:38] [Sync] ✅ Đồng bộ Github thành công (Vĩ Mô (Macro))!
[2026-07-21 20:00:38] [INFO] Đang quét tín hiệu Telegram Alarm (SMC)...
[2026-07-21 20:00:43] [INFO] Đang chạy cập nhật Hồ sơ mã (run_pro_plus) và tạo Dashboard (gen_dashboard)...
[2026-07-21 20:00:51] [Sync] Bắt đầu đẩy dữ liệu lên Github (Kích hoạt bởi: Cập nhật Phân tích & Giao diện)...
[2026-07-21 20:00:55] [Sync] ✅ Đồng bộ Github thành công (Cập nhật Phân tích & Giao diện)!
[2026-07-21 20:00:55] [INFO] ⏰ Đợi Giá H1: còn 0.99h (21/07 21:00:05 VN)
[2026-07-21 21:00:05] [INFO] ▶ Kích hoạt: Giá H1 + Macro
[2026-07-21 21:00:35] [INFO] ✅ Giá H1 + Macro hoàn thành (attempt 1)
[2026-07-21 21:00:35] [Sync] Bắt đầu đẩy dữ liệu lên Github (Kích hoạt bởi: Giá H1 + Macro)...
[2026-07-21 21:00:40] [Sync] ✅ Đồng bộ Github thành công (Giá H1 + Macro)!
[2026-07-21 21:00:40] [INFO] ▶ Kích hoạt: Giá H4
[2026-07-21 21:00:48] [INFO] ✅ Giá H4 hoàn thành (attempt 1)
[2026-07-21 21:00:48] [Sync] Bắt đầu đẩy dữ liệu lên Github (Kích hoạt bởi: Giá H4)...
[2026-07-21 21:00:51] [Sync] ✅ Đồng bộ Github thành công (Giá H4)!
[2026-07-21 21:00:51] [INFO] ▶ Kích hoạt: Vĩ Mô (Macro)
[2026-07-21 21:00:54] [INFO] ✅ Vĩ Mô (Macro) hoàn thành (attempt 1)
[2026-07-21 21:00:54] [Sync] Bắt đầu đẩy dữ liệu lên Github (Kích hoạt bởi: Vĩ Mô (Macro))...
[2026-07-21 21:00:59] [Sync] ✅ Đồng bộ Github thành công (Vĩ Mô (Macro))!
[2026-07-21 21:00:59] [INFO] Đang quét tín hiệu Telegram Alarm (SMC)...
[2026-07-21 21:01:06] [INFO] Đang chạy cập nhật Hồ sơ mã (run_pro_plus) và tạo Dashboard (gen_dashboard)...
[2026-07-21 21:01:14] [Sync] Bắt đầu đẩy dữ liệu lên Github (Kích hoạt bởi: Cập nhật Phân tích & Giao diện)...
[2026-07-21 21:01:18] [Sync] ✅ Đồng bộ Github thành công (Cập nhật Phân tích & Giao diện)!
[2026-07-21 21:01:18] [INFO] ⏰ Đợi Giá H1: còn 0.98h (21/07 22:00:05 VN)
[2026-07-21 22:50:13] [INFO] ▶ Kích hoạt: Giá H1 + Macro
[2026-07-21 22:50:23] [INFO] ✅ Giá H1 + Macro hoàn thành (attempt 1)
[2026-07-21 22:50:24] [Sync] Bắt đầu đẩy dữ liệu lên Github (Kích hoạt bởi: Giá H1 + Macro)...
[2026-07-21 22:50:29] [Sync] ✅ Đồng bộ Github thành công (Giá H1 + Macro)!
[2026-07-21 22:50:29] [INFO] ▶ Kích hoạt: Giá H4
[2026-07-21 22:50:36] [INFO] ✅ Giá H4 hoàn thành (attempt 1)
[2026-07-21 22:50:36] [Sync] Bắt đầu đẩy dữ liệu lên Github (Kích hoạt bởi: Giá H4)...
[2026-07-21 22:50:40] [Sync] ✅ Đồng bộ Github thành công (Giá H4)!
[2026-07-21 22:50:40] [INFO] ▶ Kích hoạt: Vĩ Mô (Macro)
[2026-07-21 22:50:43] [INFO] ✅ Vĩ Mô (Macro) hoàn thành (attempt 1)
[2026-07-21 22:50:43] [Sync] Bắt đầu đẩy dữ liệu lên Github (Kích hoạt bởi: Vĩ Mô (Macro))...
[2026-07-21 22:50:46] [Sync] ✅ Đồng bộ Github thành công (Vĩ Mô (Macro))!
[2026-07-21 22:50:46] [INFO] Đang quét tín hiệu Telegram Alarm (SMC)...
[2026-07-21 22:50:48] [INFO] Đang chạy cập nhật Hồ sơ mã (run_pro_plus) và tạo Dashboard (gen_dashboard)...
[2026-07-21 22:50:56] [Sync] Bắt đầu đẩy dữ liệu lên Github (Kích hoạt bởi: Cập nhật Phân tích & Giao diện)...
[2026-07-21 22:51:00] [Sync] ✅ Đồng bộ Github thành công (Cập nhật Phân tích & Giao diện)!
[2026-07-21 22:51:00] [INFO] ⏰ Đợi Giá H1: còn 0.15h (21/07 23:00:05 VN)
[2026-07-21 23:00:05] [INFO] ▶ Kích hoạt: Giá H1 + Macro
[2026-07-21 23:00:17] [INFO] ✅ Giá H1 + Macro hoàn thành (attempt 1)
[2026-07-21 23:00:17] [Sync] Bắt đầu đẩy dữ liệu lên Github (Kích hoạt bởi: Giá H1 + Macro)...
[2026-07-21 23:00:20] [Sync] ✅ Đồng bộ Github thành công (Giá H1 + Macro)!
[2026-07-21 23:00:20] [INFO] ▶ Kích hoạt: Giá H4
[2026-07-21 23:00:28] [INFO] ✅ Giá H4 hoàn thành (attempt 1)
[2026-07-21 23:00:28] [Sync] Bắt đầu đẩy dữ liệu lên Github (Kích hoạt bởi: Giá H4)...
[2026-07-21 23:00:33] [Sync] ✅ Đồng bộ Github thành công (Giá H4)!
[2026-07-21 23:00:33] [INFO] ▶ Kích hoạt: Vĩ Mô (Macro)
[2026-07-21 23:00:36] [INFO] ✅ Vĩ Mô (Macro) hoàn thành (attempt 1)
[2026-07-21 23:00:36] [Sync] Bắt đầu đẩy dữ liệu lên Github (Kích hoạt bởi: Vĩ Mô (Macro))...
[2026-07-21 23:00:40] [Sync] ✅ Đồng bộ Github thành công (Vĩ Mô (Macro))!
[2026-07-21 23:00:40] [INFO] Đang quét tín hiệu Telegram Alarm (SMC)...
[2026-07-21 23:00:41] [INFO] Đang chạy cập nhật Hồ sơ mã (run_pro_plus) và tạo Dashboard (gen_dashboard)...
[2026-07-21 23:00:48] [Sync] Bắt đầu đẩy dữ liệu lên Github (Kích hoạt bởi: Cập nhật Phân tích & Giao diện)...
[2026-07-21 23:00:51] [Sync] ✅ Đồng bộ Github thành công (Cập nhật Phân tích & Giao diện)!
[2026-07-21 23:00:51] [INFO] ⏰ Đợi Giá H1: còn 0.99h (22/07 00:00:05 VN)
[2026-07-21 23:16:04] [INFO] ▶ Kích hoạt: AI Điểm Tin
huyên Sâu
[2026-07-21 23:16:20] [INFO] ✅ AI Phân Tích Chuyên Sâu hoàn thành (attempt 1)
[2026-07-21 23:16:20] [Sync] Bắt đầu đẩy dữ liệu lên Github (Kích hoạt bởi: AI Phân Tích Chuyên Sâu)...
[2026-07-21 23:16:25] [Sync] ✅ Đồng bộ Github thành công (AI Phân Tích Chuyên Sâu)!
[2026-07-21 23:16:25] [INFO] ⏰ Đợi AI Phân Tích: còn 7.23h (22/07 06:30:02 VN)
[2026-07-21 23:16:45] [INFO] ✅ AI Điểm Tin hoàn thành (attempt 1)
[2026-07-21 23:16:45] [Sync] Bắt đầu đẩy dữ liệu lên Github (Kích hoạt bởi: AI Điểm Tin)...
[2026-07-21 23:16:49] [Sync] ✅ Đồng bộ Github thành công (AI Điểm Tin)!
[2026-07-21 23:16:49] [INFO] ⏰ Đợi AI News: còn 6.72h (22/07 06:00:02 VN)
[2026-07-22 06:37:16] [INFO] ▶ Kích hoạt: Giá H1 + Macro
[2026-07-22 06:37:26] [INFO] ✅ Giá H1 + Macro hoàn thành (attempt 1)
[2026-07-22 06:37:26] [Sync] Bắt đầu đẩy dữ liệu lên Github (Kích hoạt bởi: Giá H1 + Macro)...
[2026-07-22 06:37:32] [Sync] ✅ Đồng bộ Github thành công (Giá H1 + Macro)!
[2026-07-22 06:37:32] [INFO] ▶ Kích hoạt: Giá H4
[2026-07-22 06:37:38] [INFO] ✅ Giá H4 hoàn thành (attempt 1)
[2026-07-22 06:37:38] [Sync] Bắt đầu đẩy dữ liệu lên Github (Kích hoạt bởi: Giá H4)...
[2026-07-22 06:37:42] [Sync] ✅ Đồng bộ Github thành công (Giá H4)!
[2026-07-22 06:37:42] [INFO] ▶ Kích hoạt: Vĩ Mô (Macro)
[2026-07-22 06:37:45] [INFO] ✅ Vĩ Mô (Macro) hoàn thành (attempt 1)
[2026-07-22 06:37:45] [Sync] Bắt đầu đẩy dữ liệu lên Github (Kích hoạt bởi: Vĩ Mô (Macro))...
[2026-07-22 06:37:48] [Sync] ✅ Đồng bộ Github thành công (Vĩ Mô (Macro))!
[2026-07-22 06:37:48] [INFO] Đang quét tín hiệu Telegram Alarm (SMC)...
[2026-07-22 06:37:50] [INFO] Đang chạy cập nhật Hồ sơ mã (run_pro_plus) và tạo Dashboard (gen_dashboard)...
[2026-07-22 06:37:58] [Sync] Bắt đầu đẩy dữ liệu lên Github (Kích hoạt bởi: Cập nhật Phân tích & Giao diện)...
[2026-07-22 06:38:02] [Sync] ✅ Đồng bộ Github thành công (Cập nhật Phân tích & Giao diện)!
[2026-07-22 06:38:02] [INFO] ⏰ Đợi Giá H1: còn 0.37h (22/07 07:00:05 VN)
[2026-07-22 07:00:05] [INFO] ▶ Kích hoạt: Giá H1 + Macro
[2026-07-22 07:00:17] [INFO] ✅ Giá H1 + Macro hoàn thành (attempt 1)
[2026-07-22 07:00:17] [Sync] Bắt đầu đẩy dữ liệu lên Github (Kích hoạt bởi: Giá H1 + Macro)...
[2026-07-22 07:00:21] [Sync] ✅ Đồng bộ Github thành công (Giá H1 + Macro)!
[2026-07-22 07:00:21] [INFO] ▶ Kích hoạt: Giá H4
[2026-07-22 07:00:28] [INFO] ✅ Giá H4 hoàn thành (attempt 1)
[2026-07-22 07:00:28] [Sync] Bắt đầu đẩy dữ liệu lên Github (Kích hoạt bởi: Giá H4)...
[2026-07-22 07:00:33] [Sync] ✅ Đồng bộ Github thành công (Giá H4)!
[2026-07-22 07:00:33] [INFO] ▶ Kích hoạt: Vĩ Mô (Macro)
[2026-07-22 07:00:36] [INFO] ✅ Vĩ Mô (Macro) hoàn thành (attempt 1)
[2026-07-22 07:00:36] [Sync] Bắt đầu đẩy dữ liệu lên Github (Kích hoạt bởi: Vĩ Mô (Macro))...
[2026-07-22 07:00:39] [Sync] ✅ Đồng bộ Github thành công (Vĩ Mô (Macro))!
[2026-07-22 07:00:39] [INFO] Đang quét tín hiệu Telegram Alarm (SMC)...
[2026-07-22 07:00:41] [INFO] Đang chạy cập nhật Hồ sơ mã (run_pro_plus) và tạo Dashboard (gen_dashboard)...
[2026-07-22 07:00:49] [Sync] Bắt đầu đẩy dữ liệu lên Github (Kích hoạt bởi: Cập nhật Phân tích & Giao diện)...
[2026-07-22 07:00:55] [Sync] ✅ Đồng bộ Github thành công (Cập nhật Phân tích & Giao diện)!
[2026-07-22 07:00:55] [INFO] ⏰ Đợi Giá H1: còn 0.99h (22/07 08:00:05 VN)
[2026-07-22 08:00:05] [INFO] ▶ Kích hoạt: Giá H1 + Macro
[2026-07-22 08:00:21] [INFO] ✅ Giá H1 + Macro hoàn thành (attempt 1)
[2026-07-22 08:00:21] [Sync] Bắt đầu đẩy dữ liệu lên Github (Kích hoạt bởi: Giá H1 + Macro)...
[2026-07-22 08:00:25] [Sync] ✅ Đồng bộ Github thành công (Giá H1 + Macro)!
[2026-07-22 08:00:25] [INFO] ▶ Kích hoạt: Giá H4
[2026-07-22 08:00:30] [INFO] ✅ Giá H4 hoàn thành (attempt 1)
[2026-07-22 08:00:30] [Sync] Bắt đầu đẩy dữ liệu lên Github (Kích hoạt bởi: Giá H4)...
[2026-07-22 08:00:33] [Sync] ✅ Đồng bộ Github thành công (Giá H4)!
[2026-07-22 08:00:33] [INFO] ▶ Kích hoạt: Vĩ Mô (Macro)
[2026-07-22 08:00:37] [INFO] ✅ Vĩ Mô (Macro) hoàn thành (attempt 1)
[2026-07-22 08:00:37] [Sync] Bắt đầu đẩy dữ liệu lên Github (Kích hoạt bởi: Vĩ Mô (Macro))...
[2026-07-22 08:00:40] [Sync] ✅ Đồng bộ Github thành công (Vĩ Mô (Macro))!
[2026-07-22 08:00:40] [INFO] Đang quét tín hiệu Telegram Alarm (SMC)...
[2026-07-22 08:00:46] [INFO] Đang chạy cập nhật Hồ sơ mã (run_pro_plus) và tạo Dashboard (gen_dashboard)...
[2026-07-22 08:00:55] [Sync] Bắt đầu đẩy dữ liệu lên Github (Kích hoạt bởi: Cập nhật Phân tích & Giao diện)...
[2026-07-22 08:00:59] [Sync] ✅ Đồng bộ Github thành công (Cập nhật Phân tích & Giao diện)!
[2026-07-22 08:00:59] [INFO] ⏰ Đợi Giá H1: còn 0.98h (22/07 09:00:05 VN)
[2026-07-22 09:00:05] [INFO] ▶ Kích hoạt: Giá H1 + Macro
[2026-07-22 09:00:30] [INFO] ✅ Giá H1 + Macro hoàn thành (attempt 1)
[2026-07-22 09:00:30] [Sync] Bắt đầu đẩy dữ liệu lên Github (Kích hoạt bởi: Giá H1 + Macro)...
[2026-07-22 09:00:34] [Sync] ✅ Đồng bộ Github thành công (Giá H1 + Macro)!
[2026-07-22 09:00:34] [INFO] ▶ Kích hoạt: Giá H4
[2026-07-22 09:00:51] [INFO] ✅ Giá H4 hoàn thành (attempt 1)
[2026-07-22 09:00:51] [Sync] Bắt đầu đẩy dữ liệu lên Github (Kích hoạt bởi: Giá H4)...
[2026-07-22 09:00:56] [Sync] ✅ Đồng bộ Github thành công (Giá H4)!
[2026-07-22 09:00:56] [INFO] ▶ Kích hoạt: Vĩ Mô (Macro)
[2026-07-22 09:00:59] [INFO] ✅ Vĩ Mô (Macro) hoàn thành (attempt 1)
[2026-07-22 09:00:59] [Sync] Bắt đầu đẩy dữ liệu lên Github (Kích hoạt bởi: Vĩ Mô (Macro))...
[2026-07-22 09:01:02] [Sync] ✅ Đồng bộ Github thành công (Vĩ Mô (Macro))!
[2026-07-22 09:01:02] [INFO] Đang quét tín hiệu Telegram Alarm (SMC)...
[2026-07-22 09:01:04] [INFO] Đang chạy cập nhật Hồ sơ mã (run_pro_plus) và tạo Dashboard (gen_dashboard)...
[2026-07-22 09:01:13] [Sync] Bắt đầu đẩy dữ liệu lên Github (Kích hoạt bởi: Cập nhật Phân tích & Giao diện)...
[2026-07-22 09:01:16] [Sync] ✅ Đồng bộ Github thành công (Cập nhật Phân tích & Giao diện)!
[2026-07-22 09:01:16] [INFO] ⏰ Đợi Giá H1: còn 0.98h (22/07 10:00:05 VN)
[2026-07-22 10:00:05] [INFO] ▶ Kích hoạt: Giá H1 + Macro
[2026-07-22 10:00:36] [INFO] ✅ Giá H1 + Macro hoàn thành (attempt 1)
[2026-07-22 10:00:36] [Sync] Bắt đầu đẩy dữ liệu lên Github (Kích hoạt bởi: Giá H1 + Macro)...
[2026-07-22 10:00:40] [Sync] ✅ Đồng bộ Github thành công (Giá H1 + Macro)!
[2026-07-22 10:00:40] [INFO] ▶ Kích hoạt: Giá H4
[2026-07-22 10:00:46] [INFO] ✅ Giá H4 hoàn thành (attempt 1)
[2026-07-22 10:00:46] [Sync] Bắt đầu đẩy dữ liệu lên Github (Kích hoạt bởi: Giá H4)...
[2026-07-22 10:00:49] [Sync] ✅ Đồng bộ Github thành công (Giá H4)!
[2026-07-22 10:00:49] [INFO] ▶ Kích hoạt: Vĩ Mô (Macro)
[2026-07-22 10:00:53] [INFO] ✅ Vĩ Mô (Macro) hoàn thành (attempt 1)
[2026-07-22 10:00:53] [Sync] Bắt đầu đẩy dữ liệu lên Github (Kích hoạt bởi: Vĩ Mô (Macro))...
[2026-07-22 10:00:56] [Sync] ✅ Đồng bộ Github thành công (Vĩ Mô (Macro))!
[2026-07-22 10:00:56] [INFO] Đang quét tín hiệu Telegram Alarm (SMC)...
[2026-07-22 10:00:59] [INFO] Đang chạy cập nhật Hồ sơ mã (run_pro_plus) và tạo Dashboard (gen_dashboard)...
[2026-07-22 10:01:07] [Sync] Bắt đầu đẩy dữ liệu lên Github (Kích hoạt bởi: Cập nhật Phân tích & Giao diện)...
[2026-07-22 10:01:10] [Sync] ✅ Đồng bộ Github thành công (Cập nhật Phân tích & Giao diện)!
[2026-07-22 10:01:10] [INFO] ⏰ Đợi Giá H1: còn 0.98h (22/07 11:00:05 VN)
[2026-07-22 11:00:05] [INFO] ▶ Kích hoạt: Giá H1 + Macro
[2026-07-22 11:00:25] [INFO] ✅ Giá H1 + Macro hoàn thành (attempt 1)
[2026-07-22 11:00:25] [Sync] Bắt đầu đẩy dữ liệu lên Github (Kích hoạt bởi: Giá H1 + Macro)...
[2026-07-22 11:00:29] [Sync] ✅ Đồng bộ Github thành công (Giá H1 + Macro)!
[2026-07-22 11:00:29] [INFO] ▶ Kích hoạt: Giá H4
[2026-07-22 11:00:37] [INFO] ✅ Giá H4 hoàn thành (attempt 1)
[2026-07-22 11:00:37] [Sync] Bắt đầu đẩy dữ liệu lên Github (Kích hoạt bởi: Giá H4)...
[2026-07-22 11:00:41] [Sync] ✅ Đồng bộ Github thành công (Giá H4)!
[2026-07-22 11:00:41] [INFO] ▶ Kích hoạt: Vĩ Mô (Macro)
[2026-07-22 11:00:45] [INFO] ✅ Vĩ Mô (Macro) hoàn thành (attempt 1)
[2026-07-22 11:00:45] [Sync] Bắt đầu đẩy dữ liệu lên Github (Kích hoạt bởi: Vĩ Mô (Macro))...
[2026-07-22 11:00:49] [Sync] ✅ Đồng bộ Github thành công (Vĩ Mô (Macro))!
[2026-07-22 11:00:49] [INFO] Đang quét tín hiệu Telegram Alarm (SMC)...
[2026-07-22 11:00:54] [INFO] Đang chạy cập nhật Hồ sơ mã (run_pro_plus) và tạo Dashboard (gen_dashboard)...
[2026-07-22 11:01:02] [Sync] Bắt đầu đẩy dữ liệu lên Github (Kích hoạt bởi: Cập nhật Phân tích & Giao diện)...
[2026-07-22 11:01:07] [Sync] ✅ Đồng bộ Github thành công (Cập nhật Phân tích & Giao diện)!
[2026-07-22 11:01:07] [INFO] ⏰ Đợi Giá H1: còn 0.98h (22/07 12:00:05 VN)
[2026-07-22 12:44:47] [INFO] ▶ Kích hoạt: Giá H1 + Macro
[2026-07-22 12:45:01] [INFO] ✅ Giá H1 + Macro hoàn thành (attempt 1)
[2026-07-22 12:45:01] [Sync] Bắt đầu đẩy dữ liệu lên Github (Kích hoạt bởi: Giá H1 + Macro)...
[2026-07-22 12:45:04] [Sync] ✅ Đồng bộ Github thành công (Giá H1 + Macro)!
[2026-07-22 12:45:05] [INFO] ▶ Kích hoạt: Giá H4
[2026-07-22 12:45:10] [INFO] ✅ Giá H4 hoàn thành (attempt 1)
[2026-07-22 12:45:10] [Sync] Bắt đầu đẩy dữ liệu lên Github (Kích hoạt bởi: Giá H4)...
[2026-07-22 12:45:15] [Sync] ✅ Đồng bộ Github thành công (Giá H4)!
[2026-07-22 12:45:15] [INFO] ▶ Kích hoạt: Vĩ Mô (Macro)
[2026-07-22 12:45:18] [INFO] ✅ Vĩ Mô (Macro) hoàn thành (attempt 1)
[2026-07-22 12:45:18] [Sync] Bắt đầu đẩy dữ liệu lên Github (Kích hoạt bởi: Vĩ Mô (Macro))...
[2026-07-22 12:45:23] [Sync] ✅ Đồng bộ Github thành công (Vĩ Mô (Macro))!
[2026-07-22 12:45:23] [INFO] Đang quét tín hiệu Telegram Alarm (SMC)...
[2026-07-22 12:45:29] [INFO] Đang chạy cập nhật Hồ sơ mã (run_pro_plus) và tạo Dashboard (gen_dashboard)...
[2026-07-22 12:45:37] [Sync] Bắt đầu đẩy dữ liệu lên Github (Kích hoạt bởi: Cập nhật Phân tích & Giao diện)...
[2026-07-22 12:45:41] [Sync] ✅ Đồng bộ Github thành công (Cập nhật Phân tích & Giao diện)!
[2026-07-22 12:45:41] [INFO] ⏰ Đợi Giá H1: còn 0.24h (22/07 13:00:05 VN)
[2026-07-22 13:00:05] [INFO] ▶ Kích hoạt: Giá H1 + Macro
[2026-07-22 13:00:16] [INFO] ✅ Giá H1 + Macro hoàn thành (attempt 1)
[2026-07-22 13:00:16] [Sync] Bắt đầu đẩy dữ liệu lên Github (Kích hoạt bởi: Giá H1 + Macro)...
[2026-07-22 13:00:19] [Sync] ✅ Đồng bộ Github thành công (Giá H1 + Macro)!
[2026-07-22 13:00:19] [INFO] ▶ Kích hoạt: Giá H4
[2026-07-22 13:00:27] [INFO] ✅ Giá H4 hoàn thành (attempt 1)
[2026-07-22 13:00:27] [Sync] Bắt đầu đẩy dữ liệu lên Github (Kích hoạt bởi: Giá H4)...
[2026-07-22 13:00:31] [Sync] ✅ Đồng bộ Github thành công (Giá H4)!
[2026-07-22 13:00:31] [INFO] ▶ Kích hoạt: Vĩ Mô (Macro)
[2026-07-22 13:00:33] [INFO] ✅ Vĩ Mô (Macro) hoàn thành (attempt 1)
[2026-07-22 13:00:33] [Sync] Bắt đầu đẩy dữ liệu lên Github (Kích hoạt bởi: Vĩ Mô (Macro))...
[2026-07-22 13:00:36] [Sync] ✅ Đồng bộ Github thành công (Vĩ Mô (Macro))!
[2026-07-22 13:00:36] [INFO] Đang quét tín hiệu Telegram Alarm (SMC)...
[2026-07-22 13:00:38] [INFO] Đang chạy cập nhật Hồ sơ mã (run_pro_plus) và tạo Dashboard (gen_dashboard)...
[2026-07-22 13:00:45] [Sync] Bắt đầu đẩy dữ liệu lên Github (Kích hoạt bởi: Cập nhật Phân tích & Giao diện)...
[2026-07-22 13:00:48] [Sync] ✅ Đồng bộ Github thành công (Cập nhật Phân tích & Giao diện)!
[2026-07-22 13:00:48] [INFO] ⏰ Đợi Giá H1: còn 0.99h (22/07 14:00:05 VN)
[2026-07-22 13:21:55] [INFO] ▶ Kích hoạt: AI Điểm Tin
[2026-07-22 13:22:27] [INFO] ✅ AI Điểm Tin hoàn thành (attempt 1)
[2026-07-22 13:22:27] [Sync] Bắt đầu đẩy dữ liệu lên Github (Kích hoạt bởi: AI Điểm Tin)...
[2026-07-22 13:22:32] [Sync] ✅ Đồng bộ Github thành công (AI Điểm Tin)!
[2026-07-22 13:22:32] [INFO] ⏰ Đợi AI News: còn 6.62h (22/07 20:00:02 VN)
[2026-07-22 13:51:55] [INFO] ▶ Kích hoạt: AI Phân Tích Chuyên Sâu
[2026-07-22 13:52:16] [INFO] ✅ AI Phân Tích Chuyên Sâu hoàn thành (attempt 1)
[2026-07-22 13:52:16] [Sync] Bắt đầu đẩy dữ liệu lên Github (Kích hoạt bởi: AI Phân Tích Chuyên Sâu)...
[2026-07-22 13:52:19] [Sync] ✅ Đồng bộ Github thành công (AI Phân Tích Chuyên Sâu)!
[2026-07-22 13:52:19] [INFO] ⏰ Đợi AI Phân Tích: còn 6.13h (22/07 20:00:02 VN)
[2026-07-22 14:00:05] [INFO] ▶ Kích hoạt: Giá H1 + Macro
[2026-07-22 14:00:18] [INFO] ✅ Giá H1 + Macro hoàn thành (attempt 1)
[2026-07-22 14:00:18] [Sync] Bắt đầu đẩy dữ liệu lên Github (Kích hoạt bởi: Giá H1 + Macro)...
[2026-07-22 14:00:22] [Sync] ✅ Đồng bộ Github thành công (Giá H1 + Macro)!
[2026-07-22 14:00:22] [INFO] ▶ Kích hoạt: Giá H4
[2026-07-22 14:00:28] [INFO] ✅ Giá H4 hoàn thành (attempt 1)
[2026-07-22 14:00:28] [Sync] Bắt đầu đẩy dữ liệu lên Github (Kích hoạt bởi: Giá H4)...
[2026-07-22 14:00:32] [Sync] ✅ Đồng bộ Github thành công (Giá H4)!
[2026-07-22 14:00:32] [INFO] ▶ Kích hoạt: Vĩ Mô (Macro)
[2026-07-22 14:00:35] [INFO] ✅ Vĩ Mô (Macro) hoàn thành (attempt 1)
[2026-07-22 14:00:35] [Sync] Bắt đầu đẩy dữ liệu lên Github (Kích hoạt bởi: Vĩ Mô (Macro))...
[2026-07-22 14:00:38] [Sync] ✅ Đồng bộ Github thành công (Vĩ Mô (Macro))!
[2026-07-22 14:00:38] [INFO] Đang quét tín hiệu Telegram Alarm (SMC)...
[2026-07-22 14:00:40] [INFO] Đang chạy cập nhật Hồ sơ mã (run_pro_plus) và tạo Dashboard (gen_dashboard)...
[2026-07-22 14:00:47] [Sync] Bắt đầu đẩy dữ liệu lên Github (Kích hoạt bởi: Cập nhật Phân tích & Giao diện)...
[2026-07-22 14:00:51] [Sync] ✅ Đồng bộ Github thành công (Cập nhật Phân tích & Giao diện)!
[2026-07-22 14:00:51] [INFO] ⏰ Đợi Giá H1: còn 0.99h (22/07 15:00:05 VN)
[2026-07-22 16:20:18] [INFO] ▶ Kích hoạt: Giá H1 + Macro
[2026-07-22 16:20:31] [INFO] ✅ Giá H1 + Macro hoàn thành (attempt 1)
[2026-07-22 16:20:31] [Sync] Bắt đầu đẩy dữ liệu lên Github (Kích hoạt bởi: Giá H1 + Macro)...
[2026-07-22 16:20:34] [Sync] ✅ Đồng bộ Github thành công (Giá H1 + Macro)!
[2026-07-22 16:20:34] [INFO] ▶ Kích hoạt: Giá H4
[2026-07-22 16:20:40] [INFO] ✅ Giá H4 hoàn thành (attempt 1)
[2026-07-22 16:20:40] [Sync] Bắt đầu đẩy dữ liệu lên Github (Kích hoạt bởi: Giá H4)...
[2026-07-22 16:20:44] [Sync] ✅ Đồng bộ Github thành công (Giá H4)!
[2026-07-22 16:20:44] [INFO] ▶ Kích hoạt: Vĩ Mô (Macro)
[2026-07-22 16:20:47] [INFO] ✅ Vĩ Mô (Macro) hoàn thành (attempt 1)
[2026-07-22 16:20:47] [Sync] Bắt đầu đẩy dữ liệu lên Github (Kích hoạt bởi: Vĩ Mô (Macro))...
[2026-07-22 16:20:51] [Sync] ✅ Đồng bộ Github thành công (Vĩ Mô (Macro))!
[2026-07-22 16:20:51] [INFO] Đang quét tín hiệu Telegram Alarm (SMC)...
[2026-07-22 16:20:53] [INFO] Đang chạy cập nhật Hồ sơ mã (run_pro_plus) và tạo Dashboard (gen_dashboard)...
[2026-07-22 16:21:00] [Sync] Bắt đầu đẩy dữ liệu lên Github (Kích hoạt bởi: Cập nhật Phân tích & Giao diện)...
[2026-07-22 16:21:03] [Sync] ✅ Đồng bộ Github thành công (Cập nhật Phân tích & Giao diện)!
[2026-07-22 16:21:03] [INFO] ⏰ Đợi Giá H1: còn 0.65h (22/07 17:00:05 VN)
[2026-07-22 17:00:05] [INFO] ▶ Kích hoạt: Giá H1 + Macro
[2026-07-22 17:02:05] [WARN] ⏳ Giá H1 + Macro timeout
[2026-07-22 17:02:05] [INFO] ▶ Kích hoạt: Giá H4
[2026-07-22 17:02:18] [INFO] ✅ Giá H4 hoàn thành (attempt 1)
[2026-07-22 17:02:18] [Sync] Bắt đầu đẩy dữ liệu lên Github (Kích hoạt bởi: Giá H4)...
[2026-07-22 17:02:22] [Sync] ✅ Đồng bộ Github thành công (Giá H4)!
[2026-07-22 17:02:22] [INFO] ▶ Kích hoạt: Vĩ Mô (Macro)
[2026-07-22 17:02:25] [INFO] ✅ Vĩ Mô (Macro) hoàn thành (attempt 1)
[2026-07-22 17:02:25] [Sync] Bắt đầu đẩy dữ liệu lên Github (Kích hoạt bởi: Vĩ Mô (Macro))...
[2026-07-22 17:02:29] [Sync] ✅ Đồng bộ Github thành công (Vĩ Mô (Macro))!
[2026-07-22 17:02:29] [INFO] ⏰ Đợi Giá H1: còn 0.96h (22/07 18:00:05 VN)
[2026-07-22 17:28:11] [INFO] ▶ Kích hoạt: USDA Acreage
[2026-07-22 17:28:19] [INFO] ✅ USDA Acreage hoàn thành (attempt 1)
[2026-07-22 17:28:19] [Sync] Bắt đầu đẩy dữ liệu lên Github (Kích hoạt bởi: USDA Acreage)...
[2026-07-22 17:28:22] [Sync] ✅ Đồng bộ Github thành công (USDA Acreage)!
[2026-07-22 17:28:22] [INFO] ⏰ Đợi Acreage Reports: còn 12.03h (23/07 05:30:02 VN)
[2026-07-22 17:58:11] [INFO] ▶ Kích hoạt: Thời Tiết Ngắn Hạn
[2026-07-22 17:58:41] [INFO] ✅ Thời Tiết Ngắn Hạn hoàn thành (attempt 1)
[2026-07-22 17:58:41] [Sync] Bắt đầu đẩy dữ liệu lên Github (Kích hoạt bởi: Thời Tiết Ngắn Hạn)...
[2026-07-22 17:58:45] [Sync] ✅ Đồng bộ Github thành công (Thời Tiết Ngắn Hạn)!
[2026-07-22 17:58:45] [INFO] ⏰ Đợi Weather Short: còn 12.02h (23/07 06:00:02 VN)
[2026-07-22 18:00:05] [INFO] ▶ Kích hoạt: Giá H1 + Macro
[2026-07-22 18:00:20] [INFO] ✅ Giá H1 + Macro hoàn thành (attempt 1)
[2026-07-22 18:00:20] [Sync] Bắt đầu đẩy dữ liệu lên Github (Kích hoạt bởi: Giá H1 + Macro)...
[2026-07-22 18:00:24] [Sync] ✅ Đồng bộ Github thành công (Giá H1 + Macro)!
[2026-07-22 18:00:24] [INFO] ▶ Kích hoạt: Giá H4
[2026-07-22 18:00:30] [INFO] ✅ Giá H4 hoàn thành (attempt 1)
[2026-07-22 18:00:30] [Sync] Bắt đầu đẩy dữ liệu lên Github (Kích hoạt bởi: Giá H4)...
[2026-07-22 18:00:34] [Sync] ✅ Đồng bộ Github thành công (Giá H4)!
[2026-07-22 18:00:34] [INFO] ▶ Kích hoạt: Vĩ Mô (Macro)
[2026-07-22 18:00:37] [INFO] ✅ Vĩ Mô (Macro) hoàn thành (attempt 1)
[2026-07-22 18:00:37] [Sync] Bắt đầu đẩy dữ liệu lên Github (Kích hoạt bởi: Vĩ Mô (Macro))...
[2026-07-22 18:00:40] [Sync] ✅ Đồng bộ Github thành công (Vĩ Mô (Macro))!
[2026-07-22 18:00:40] [INFO] Đang quét tín hiệu Telegram Alarm (SMC)...
[2026-07-22 18:00:42] [INFO] Đang chạy cập nhật Hồ sơ mã (run_pro_plus) và tạo Dashboard (gen_dashboard)...
[2026-07-22 18:00:50] [Sync] Bắt đầu đẩy dữ liệu lên Github (Kích hoạt bởi: Cập nhật Phân tích & Giao diện)...
[2026-07-22 18:00:54] [Sync] ✅ Đồng bộ Github thành công (Cập nhật Phân tích & Giao diện)!
[2026-07-22 18:00:54] [INFO] ⏰ Đợi Giá H1: còn 0.99h (22/07 19:00:05 VN)
[2026-07-22 20:01:19] [INFO] ▶ Kích hoạt: AI Điểm Tin Biển Đen
[2026-07-22 20:01:23] [INFO] ✅ AI Điểm Tin Biển Đen hoàn thành (attempt 1)
[2026-07-22 20:01:23] [Sync] Bắt đầu đẩy dữ liệu lên Github (Kích hoạt bởi: AI Điểm Tin Biển Đen)...
[2026-07-22 20:01:27] [Sync] ✅ Đồng bộ Github thành công (AI Điểm Tin Biển Đen)!
[2026-07-22 20:01:27] [INFO] ⏰ Đợi Black Sea News: còn 82.98h (26/07 07:00:02 VN)
[2026-07-22 20:03:12] [INFO] ▶ Kích hoạt: Giá H1 + Macro
[2026-07-22 20:03:27] [INFO] ✅ Giá H1 + Macro hoàn thành (attempt 1)
[2026-07-22 20:03:27] [Sync] Bắt đầu đẩy dữ liệu lên Github (Kích hoạt bởi: Giá H1 + Macro)...
[2026-07-22 20:03:30] [Sync] ✅ Đồng bộ Github thành công (Giá H1 + Macro)!
[2026-07-22 20:03:30] [INFO] ▶ Kích hoạt: Giá H4
[2026-07-22 20:03:37] [INFO] ✅ Giá H4 hoàn thành (attempt 1)
[2026-07-22 20:03:37] [Sync] Bắt đầu đẩy dữ liệu lên Github (Kích hoạt bởi: Giá H4)...
[2026-07-22 20:03:40] [Sync] ✅ Đồng bộ Github thành công (Giá H4)!
[2026-07-22 20:03:40] [INFO] ▶ Kích hoạt: Vĩ Mô (Macro)
[2026-07-22 20:03:43] [INFO] ✅ Vĩ Mô (Macro) hoàn thành (attempt 1)
[2026-07-22 20:03:43] [Sync] Bắt đầu đẩy dữ liệu lên Github (Kích hoạt bởi: Vĩ Mô (Macro))...
[2026-07-22 20:03:46] [Sync] ✅ Đồng bộ Github thành công (Vĩ Mô (Macro))!
[2026-07-22 20:03:46] [INFO] Đang quét tín hiệu Telegram Alarm (SMC)...
[2026-07-22 20:03:53] [INFO] Đang chạy cập nhật Hồ sơ mã (run_pro_plus) và tạo Dashboard (gen_dashboard)...
[2026-07-22 20:04:01] [Sync] Bắt đầu đẩy dữ liệu lên Github (Kích hoạt bởi: Cập nhật Phân tích & Giao diện)...
[2026-07-22 20:04:05] [Sync] ✅ Đồng bộ Github thành công (Cập nhật Phân tích & Giao diện)!
[2026-07-22 20:04:05] [INFO] ⏰ Đợi Giá H1: còn 0.93h (22/07 21:00:05 VN)
[2026-07-22 21:00:05] [INFO] ▶ Kích hoạt: Giá H1 + Macro
[2026-07-22 21:00:21] [INFO] ✅ Giá H1 + Macro hoàn thành (attempt 1)
[2026-07-22 21:00:21] [Sync] Bắt đầu đẩy dữ liệu lên Github (Kích hoạt bởi: Giá H1 + Macro)...
[2026-07-22 21:00:26] [Sync] ✅ Đồng bộ Github thành công (Giá H1 + Macro)!
[2026-07-22 21:00:26] [INFO] ▶ Kích hoạt: Giá H4
[2026-07-22 21:00:32] [INFO] ✅ Giá H4 hoàn thành (attempt 1)
[2026-07-22 21:00:32] [Sync] Bắt đầu đẩy dữ liệu lên Github (Kích hoạt bởi: Giá H4)...
[2026-07-22 21:00:35] [Sync] ✅ Đồng bộ Github thành công (Giá H4)!
[2026-07-22 21:00:35] [INFO] ▶ Kích hoạt: Vĩ Mô (Macro)
[2026-07-22 21:00:39] [INFO] ✅ Vĩ Mô (Macro) hoàn thành (attempt 1)
[2026-07-22 21:00:39] [Sync] Bắt đầu đẩy dữ liệu lên Github (Kích hoạt bởi: Vĩ Mô (Macro))...
[2026-07-22 21:00:44] [Sync] ✅ Đồng bộ Github thành công (Vĩ Mô (Macro))!
[2026-07-22 21:00:44] [INFO] Đang quét tín hiệu Telegram Alarm (SMC)...
[2026-07-22 21:00:45] [INFO] Đang chạy cập nhật Hồ sơ mã (run_pro_plus) và tạo Dashboard (gen_dashboard)...
[2026-07-22 21:00:52] [Sync] Bắt đầu đẩy dữ liệu lên Github (Kích hoạt bởi: Cập nhật Phân tích & Giao diện)...
[2026-07-22 21:00:57] [Sync] ✅ Đồng bộ Github thành công (Cập nhật Phân tích & Giao diện)!
[2026-07-22 21:00:57] [INFO] ⏰ Đợi Giá H1: còn 0.99h (22/07 22:00:05 VN)
[2026-07-22 22:00:05] [INFO] ▶ Kích hoạt: Giá H1 + Macro
[2026-07-22 22:00:20] [INFO] ✅ Giá H1 + Macro hoàn thành (attempt 1)
[2026-07-22 22:00:20] [Sync] Bắt đầu đẩy dữ liệu lên Github (Kích hoạt bởi: Giá H1 + Macro)...
[2026-07-22 22:00:25] [Sync] ✅ Đồng bộ Github thành công (Giá H1 + Macro)!
[2026-07-22 22:00:25] [INFO] ▶ Kích hoạt: Giá H4
[2026-07-22 22:00:32] [INFO] ✅ Giá H4 hoàn thành (attempt 1)
[2026-07-22 22:00:32] [Sync] Bắt đầu đẩy dữ liệu lên Github (Kích hoạt bởi: Giá H4)...
[2026-07-22 22:00:35] [Sync] ✅ Đồng bộ Github thành công (Giá H4)!
[2026-07-22 22:00:36] [INFO] ▶ Kích hoạt: Vĩ Mô (Macro)
[2026-07-22 22:00:38] [INFO] ✅ Vĩ Mô (Macro) hoàn thành (attempt 1)
[2026-07-22 22:00:39] [Sync] Bắt đầu đẩy dữ liệu lên Github (Kích hoạt bởi: Vĩ Mô (Macro))...
[2026-07-22 22:00:43] [Sync] ✅ Đồng bộ Github thành công (Vĩ Mô (Macro))!
[2026-07-22 22:00:43] [INFO] Đang quét tín hiệu Telegram Alarm (SMC)...
[2026-07-22 22:00:48] [INFO] Đang chạy cập nhật Hồ sơ mã (run_pro_plus) và tạo Dashboard (gen_dashboard)...
[2026-07-22 22:00:57] [Sync] Bắt đầu đẩy dữ liệu lên Github (Kích hoạt bởi: Cập nhật Phân tích & Giao diện)...
[2026-07-22 22:01:00] [Sync] ✅ Đồng bộ Github thành công (Cập nhật Phân tích & Giao diện)!
[2026-07-22 22:01:00] [INFO] ⏰ Đợi Giá H1: còn 0.98h (22/07 23:00:05 VN)
[2026-07-22 22:23:22] [INFO] ▶ Kích hoạt: AI Điểm Tin
huyên Sâu
[2026-07-22 22:23:39] [INFO] ✅ AI Phân Tích Chuyên Sâu hoàn thành (attempt 1)
[2026-07-22 22:23:39] [Sync] Bắt đầu đẩy dữ liệu lên Github (Kích hoạt bởi: AI Phân Tích Chuyên Sâu)...
[2026-07-22 22:23:42] [Sync] ✅ Đồng bộ Github thành công (AI Phân Tích Chuyên Sâu)!
[2026-07-22 22:23:42] [INFO] ⏰ Đợi AI Phân Tích: còn 8.11h (23/07 06:30:02 VN)
[2026-07-22 22:23:54] [INFO] ✅ AI Điểm Tin hoàn thành (attempt 1)
[2026-07-22 22:23:54] [Sync] Bắt đầu đẩy dữ liệu lên Github (Kích hoạt bởi: AI Điểm Tin)...
[2026-07-22 22:23:58] [Sync] ✅ Đồng bộ Github thành công (AI Điểm Tin)!
[2026-07-22 22:23:58] [INFO] ⏰ Đợi AI News: còn 7.60h (23/07 06:00:02 VN)
[2026-07-22 23:39:59] [INFO] ▶ Kích hoạt: Giá H1 + Macro
[2026-07-22 23:40:32] [INFO] ✅ Giá H1 + Macro hoàn thành (attempt 1)
[2026-07-22 23:40:32] [Sync] Bắt đầu đẩy dữ liệu lên Github (Kích hoạt bởi: Giá H1 + Macro)...
[2026-07-22 23:40:38] [Sync] ✅ Đồng bộ Github thành công (Giá H1 + Macro)!
[2026-07-22 23:40:38] [INFO] ▶ Kích hoạt: Giá H4
[2026-07-22 23:40:51] [INFO] ✅ Giá H4 hoàn thành (attempt 1)
[2026-07-22 23:40:51] [Sync] Bắt đầu đẩy dữ liệu lên Github (Kích hoạt bởi: Giá H4)...
[2026-07-22 23:40:55] [Sync] ✅ Đồng bộ Github thành công (Giá H4)!
[2026-07-22 23:40:55] [INFO] ▶ Kích hoạt: Vĩ Mô (Macro)
[2026-07-22 23:40:59] [INFO] ✅ Vĩ Mô (Macro) hoàn thành (attempt 1)
[2026-07-22 23:40:59] [Sync] Bắt đầu đẩy dữ liệu lên Github (Kích hoạt bởi: Vĩ Mô (Macro))...
[2026-07-22 23:41:02] [Sync] ✅ Đồng bộ Github thành công (Vĩ Mô (Macro))!
[2026-07-22 23:41:02] [INFO] Đang quét tín hiệu Telegram Alarm (SMC)...
[2026-07-22 23:41:11] [INFO] Đang chạy cập nhật Hồ sơ mã (run_pro_plus) và tạo Dashboard (gen_dashboard)...
[2026-07-22 23:41:21] [Sync] Bắt đầu đẩy dữ liệu lên Github (Kích hoạt bởi: Cập nhật Phân tích & Giao diện)...
[2026-07-22 23:41:24] [Sync] ✅ Đồng bộ Github thành công (Cập nhật Phân tích & Giao diện)!
[2026-07-22 23:41:24] [INFO] ⏰ Đợi Giá H1: còn 0.31h (23/07 00:00:05 VN)
[2026-07-23 06:57:18] [INFO] ▶ Kích hoạt: Giá H1 + Macro
[2026-07-23 06:58:08] [INFO] ✅ Giá H1 + Macro hoàn thành (attempt 1)
[2026-07-23 06:58:08] [Sync] Bắt đầu đẩy dữ liệu lên Github (Kích hoạt bởi: Giá H1 + Macro)...
[2026-07-23 06:58:11] [Sync] ✅ Đồng bộ Github thành công (Giá H1 + Macro)!
[2026-07-23 06:58:11] [INFO] ▶ Kích hoạt: Giá H4
[2026-07-23 06:58:18] [INFO] ✅ Giá H4 hoàn thành (attempt 1)
[2026-07-23 06:58:18] [Sync] Bắt đầu đẩy dữ liệu lên Github (Kích hoạt bởi: Giá H4)...
[2026-07-23 06:58:23] [Sync] ✅ Đồng bộ Github thành công (Giá H4)!
[2026-07-23 06:58:23] [INFO] ▶ Kích hoạt: Vĩ Mô (Macro)
[2026-07-23 06:58:26] [INFO] ✅ Vĩ Mô (Macro) hoàn thành (attempt 1)
[2026-07-23 06:58:26] [Sync] Bắt đầu đẩy dữ liệu lên Github (Kích hoạt bởi: Vĩ Mô (Macro))...
[2026-07-23 07:00:12] [Sync] ✅ Đồng bộ Github thành công (Vĩ Mô (Macro))!
[2026-07-23 07:00:12] [INFO] Đang quét tín hiệu Telegram Alarm (SMC)...
[2026-07-23 07:00:20] [INFO] Đang chạy cập nhật Hồ sơ mã (run_pro_plus) và tạo Dashboard (gen_dashboard)...
[2026-07-23 07:00:28] [Sync] Bắt đầu đẩy dữ liệu lên Github (Kích hoạt bởi: Cập nhật Phân tích & Giao diện)...
[2026-07-23 07:00:32] [Sync] ✅ Đồng bộ Github thành công (Cập nhật Phân tích & Giao diện)!
[2026-07-23 07:00:32] [INFO] ⏰ Đợi Giá H1: còn 0.99h (23/07 08:00:05 VN)
[2026-07-23 08:00:05] [INFO] ▶ Kích hoạt: Giá H1 + Macro
[2026-07-23 08:00:28] [INFO] ✅ Giá H1 + Macro hoàn thành (attempt 1)
[2026-07-23 08:00:28] [Sync] Bắt đầu đẩy dữ liệu lên Github (Kích hoạt bởi: Giá H1 + Macro)...
[2026-07-23 08:00:31] [Sync] ✅ Đồng bộ Github thành công (Giá H1 + Macro)!
[2026-07-23 08:00:31] [INFO] ▶ Kích hoạt: Giá H4
[2026-07-23 08:00:38] [INFO] ✅ Giá H4 hoàn thành (attempt 1)
[2026-07-23 08:00:38] [Sync] Bắt đầu đẩy dữ liệu lên Github (Kích hoạt bởi: Giá H4)...
[2026-07-23 08:00:41] [Sync] ✅ Đồng bộ Github thành công (Giá H4)!
[2026-07-23 08:00:41] [INFO] ▶ Kích hoạt: Vĩ Mô (Macro)
[2026-07-23 08:00:45] [INFO] ✅ Vĩ Mô (Macro) hoàn thành (attempt 1)
[2026-07-23 08:00:45] [Sync] Bắt đầu đẩy dữ liệu lên Github (Kích hoạt bởi: Vĩ Mô (Macro))...
[2026-07-23 08:00:48] [Sync] ✅ Đồng bộ Github thành công (Vĩ Mô (Macro))!
[2026-07-23 08:00:48] [INFO] Đang quét tín hiệu Telegram Alarm (SMC)...
[2026-07-23 08:00:49] [INFO] Đang chạy cập nhật Hồ sơ mã (run_pro_plus) và tạo Dashboard (gen_dashboard)...
[2026-07-23 08:00:56] [Sync] Bắt đầu đẩy dữ liệu lên Github (Kích hoạt bởi: Cập nhật Phân tích & Giao diện)...
[2026-07-23 08:01:01] [Sync] ✅ Đồng bộ Github thành công (Cập nhật Phân tích & Giao diện)!
[2026-07-23 08:01:01] [INFO] ⏰ Đợi Giá H1: còn 0.98h (23/07 09:00:05 VN)
[2026-07-23 09:00:05] [INFO] ▶ Kích hoạt: Giá H1 + Macro
[2026-07-23 09:00:14] [INFO] ✅ Giá H1 + Macro hoàn thành (attempt 1)
[2026-07-23 09:00:14] [Sync] Bắt đầu đẩy dữ liệu lên Github (Kích hoạt bởi: Giá H1 + Macro)...
[2026-07-23 09:00:18] [Sync] ✅ Đồng bộ Github thành công (Giá H1 + Macro)!
[2026-07-23 09:00:18] [INFO] ▶ Kích hoạt: Giá H4
[2026-07-23 09:00:26] [INFO] ✅ Giá H4 hoàn thành (attempt 1)
[2026-07-23 09:00:26] [Sync] Bắt đầu đẩy dữ liệu lên Github (Kích hoạt bởi: Giá H4)...
[2026-07-23 09:00:31] [Sync] ✅ Đồng bộ Github thành công (Giá H4)!
[2026-07-23 09:00:31] [INFO] ▶ Kích hoạt: Vĩ Mô (Macro)
[2026-07-23 09:00:35] [INFO] ✅ Vĩ Mô (Macro) hoàn thành (attempt 1)
[2026-07-23 09:00:35] [Sync] Bắt đầu đẩy dữ liệu lên Github (Kích hoạt bởi: Vĩ Mô (Macro))...
[2026-07-23 09:00:38] [Sync] ✅ Đồng bộ Github thành công (Vĩ Mô (Macro))!
[2026-07-23 09:00:38] [INFO] Đang quét tín hiệu Telegram Alarm (SMC)...
[2026-07-23 09:00:43] [INFO] Đang chạy cập nhật Hồ sơ mã (run_pro_plus) và tạo Dashboard (gen_dashboard)...
[2026-07-23 09:00:51] [Sync] Bắt đầu đẩy dữ liệu lên Github (Kích hoạt bởi: Cập nhật Phân tích & Giao diện)...
[2026-07-23 09:00:56] [Sync] ✅ Đồng bộ Github thành công (Cập nhật Phân tích & Giao diện)!
[2026-07-23 09:00:56] [INFO] ⏰ Đợi Giá H1: còn 0.99h (23/07 10:00:05 VN)
[2026-07-23 10:00:05] [INFO] ▶ Kích hoạt: Giá H1 + Macro
[2026-07-23 10:00:16] [INFO] ✅ Giá H1 + Macro hoàn thành (attempt 1)
[2026-07-23 10:00:16] [Sync] Bắt đầu đẩy dữ liệu lên Github (Kích hoạt bởi: Giá H1 + Macro)...
[2026-07-23 10:00:20] [Sync] ✅ Đồng bộ Github thành công (Giá H1 + Macro)!
[2026-07-23 10:00:20] [INFO] ▶ Kích hoạt: Giá H4
[2026-07-23 10:00:26] [INFO] ✅ Giá H4 hoàn thành (attempt 1)
[2026-07-23 10:00:26] [Sync] Bắt đầu đẩy dữ liệu lên Github (Kích hoạt bởi: Giá H4)...
[2026-07-23 10:00:30] [Sync] ✅ Đồng bộ Github thành công (Giá H4)!
[2026-07-23 10:00:30] [INFO] ▶ Kích hoạt: Vĩ Mô (Macro)
[2026-07-23 10:00:34] [INFO] ✅ Vĩ Mô (Macro) hoàn thành (attempt 1)
[2026-07-23 10:00:34] [Sync] Bắt đầu đẩy dữ liệu lên Github (Kích hoạt bởi: Vĩ Mô (Macro))...
[2026-07-23 10:00:37] [Sync] ✅ Đồng bộ Github thành công (Vĩ Mô (Macro))!
[2026-07-23 10:00:37] [INFO] Đang quét tín hiệu Telegram Alarm (SMC)...
[2026-07-23 10:00:39] [INFO] Đang chạy cập nhật Hồ sơ mã (run_pro_plus) và tạo Dashboard (gen_dashboard)...
[2026-07-23 10:00:46] [Sync] Bắt đầu đẩy dữ liệu lên Github (Kích hoạt bởi: Cập nhật Phân tích & Giao diện)...
[2026-07-23 10:00:50] [Sync] ✅ Đồng bộ Github thành công (Cập nhật Phân tích & Giao diện)!
[2026-07-23 10:00:50] [INFO] ⏰ Đợi Giá H1: còn 0.99h (23/07 11:00:05 VN)
[2026-07-23 11:00:05] [INFO] ▶ Kích hoạt: Giá H1 + Macro
[2026-07-23 11:00:26] [INFO] ✅ Giá H1 + Macro hoàn thành (attempt 1)
[2026-07-23 11:00:26] [Sync] Bắt đầu đẩy dữ liệu lên Github (Kích hoạt bởi: Giá H1 + Macro)...
[2026-07-23 11:00:30] [Sync] ✅ Đồng bộ Github thành công (Giá H1 + Macro)!
[2026-07-23 11:00:30] [INFO] ▶ Kích hoạt: Giá H4
[2026-07-23 11:00:35] [INFO] ✅ Giá H4 hoàn thành (attempt 1)
[2026-07-23 11:00:35] [Sync] Bắt đầu đẩy dữ liệu lên Github (Kích hoạt bởi: Giá H4)...
[2026-07-23 11:00:39] [Sync] ✅ Đồng bộ Github thành công (Giá H4)!
[2026-07-23 11:00:40] [INFO] ▶ Kích hoạt: Vĩ Mô (Macro)
[2026-07-23 11:00:43] [INFO] ✅ Vĩ Mô (Macro) hoàn thành (attempt 1)
[2026-07-23 11:00:43] [Sync] Bắt đầu đẩy dữ liệu lên Github (Kích hoạt bởi: Vĩ Mô (Macro))...
[2026-07-23 11:00:46] [Sync] ✅ Đồng bộ Github thành công (Vĩ Mô (Macro))!
[2026-07-23 11:00:46] [INFO] Đang quét tín hiệu Telegram Alarm (SMC)...
[2026-07-23 11:00:49] [INFO] Đang chạy cập nhật Hồ sơ mã (run_pro_plus) và tạo Dashboard (gen_dashboard)...
[2026-07-23 11:00:57] [Sync] Bắt đầu đẩy dữ liệu lên Github (Kích hoạt bởi: Cập nhật Phân tích & Giao diện)...
[2026-07-23 11:01:00] [Sync] ✅ Đồng bộ Github thành công (Cập nhật Phân tích & Giao diện)!
[2026-07-23 11:01:00] [INFO] ⏰ Đợi Giá H1: còn 0.98h (23/07 12:00:05 VN)
[2026-07-23 12:00:05] [INFO] ▶ Kích hoạt: Giá H1 + Macro
[2026-07-23 12:00:30] [INFO] ✅ Giá H1 + Macro hoàn thành (attempt 1)
[2026-07-23 12:00:30] [Sync] Bắt đầu đẩy dữ liệu lên Github (Kích hoạt bởi: Giá H1 + Macro)...
[2026-07-23 12:00:36] [Sync] ✅ Đồng bộ Github thành công (Giá H1 + Macro)!
[2026-07-23 12:00:36] [INFO] ▶ Kích hoạt: Giá H4
[2026-07-23 12:00:41] [INFO] ✅ Giá H4 hoàn thành (attempt 1)
[2026-07-23 12:00:41] [Sync] Bắt đầu đẩy dữ liệu lên Github (Kích hoạt bởi: Giá H4)...
[2026-07-23 12:00:44] [Sync] ✅ Đồng bộ Github thành công (Giá H4)!
[2026-07-23 12:00:44] [INFO] ▶ Kích hoạt: Vĩ Mô (Macro)
[2026-07-23 12:00:48] [INFO] ✅ Vĩ Mô (Macro) hoàn thành (attempt 1)
[2026-07-23 12:00:48] [Sync] Bắt đầu đẩy dữ liệu lên Github (Kích hoạt bởi: Vĩ Mô (Macro))...
[2026-07-23 12:00:51] [Sync] ✅ Đồng bộ Github thành công (Vĩ Mô (Macro))!
[2026-07-23 12:00:51] [INFO] Đang quét tín hiệu Telegram Alarm (SMC)...
[2026-07-23 12:00:54] [INFO] Đang chạy cập nhật Hồ sơ mã (run_pro_plus) và tạo Dashboard (gen_dashboard)...
[2026-07-23 12:01:02] [Sync] Bắt đầu đẩy dữ liệu lên Github (Kích hoạt bởi: Cập nhật Phân tích & Giao diện)...
[2026-07-23 12:01:06] [Sync] ✅ Đồng bộ Github thành công (Cập nhật Phân tích & Giao diện)!
[2026-07-23 12:01:06] [INFO] ⏰ Đợi Giá H1: còn 0.98h (23/07 13:00:05 VN)
[2026-07-23 14:19:13] [INFO] ▶ Kích hoạt: Giá H1 + Macro
[2026-07-23 14:19:23] [INFO] ✅ Giá H1 + Macro hoàn thành (attempt 1)
[2026-07-23 14:19:23] [Sync] Bắt đầu đẩy dữ liệu lên Github (Kích hoạt bởi: Giá H1 + Macro)...
[2026-07-23 14:19:28] [Sync] ✅ Đồng bộ Github thành công (Giá H1 + Macro)!
[2026-07-23 14:19:28] [INFO] ▶ Kích hoạt: Giá H4
[2026-07-23 14:19:33] [INFO] ✅ Giá H4 hoàn thành (attempt 1)
[2026-07-23 14:19:33] [Sync] Bắt đầu đẩy dữ liệu lên Github (Kích hoạt bởi: Giá H4)...
[2026-07-23 14:19:37] [Sync] ✅ Đồng bộ Github thành công (Giá H4)!
[2026-07-23 14:19:37] [INFO] ▶ Kích hoạt: Vĩ Mô (Macro)
[2026-07-23 14:19:41] [INFO] ✅ Vĩ Mô (Macro) hoàn thành (attempt 1)
[2026-07-23 14:19:41] [Sync] Bắt đầu đẩy dữ liệu lên Github (Kích hoạt bởi: Vĩ Mô (Macro))...
[2026-07-23 14:19:45] [Sync] ✅ Đồng bộ Github thành công (Vĩ Mô (Macro))!
[2026-07-23 14:19:45] [INFO] Đang quét tín hiệu Telegram Alarm (SMC)...
[2026-07-23 14:19:53] [INFO] Đang chạy cập nhật Hồ sơ mã (run_pro_plus) và tạo Dashboard (gen_dashboard)...
[2026-07-23 14:20:00] [Sync] Bắt đầu đẩy dữ liệu lên Github (Kích hoạt bởi: Cập nhật Phân tích & Giao diện)...
[2026-07-23 14:20:04] [Sync] ✅ Đồng bộ Github thành công (Cập nhật Phân tích & Giao diện)!
[2026-07-23 14:20:04] [INFO] ⏰ Đợi Giá H1: còn 0.67h (23/07 15:00:05 VN)
[2026-07-23 16:16:03] [INFO] ▶ Kích hoạt: AI Điểm Tin
[2026-07-23 16:16:35] [INFO] ✅ AI Điểm Tin hoàn thành (attempt 1)
[2026-07-23 16:16:35] [Sync] Bắt đầu đẩy dữ liệu lên Github (Kích hoạt bởi: AI Điểm Tin)...
[2026-07-23 16:16:39] [Sync] ✅ Đồng bộ Github thành công (AI Điểm Tin)!
[2026-07-23 16:16:39] [INFO] ⏰ Đợi AI News: còn 3.72h (23/07 20:00:02 VN)
[2026-07-23 16:19:50] [INFO] ▶ Kích hoạt: Giá H1 + Macro
[2026-07-23 16:20:02] [INFO] ✅ Giá H1 + Macro hoàn thành (attempt 1)
[2026-07-23 16:20:02] [Sync] Bắt đầu đẩy dữ liệu lên Github (Kích hoạt bởi: Giá H1 + Macro)...
[2026-07-23 16:20:06] [Sync] ✅ Đồng bộ Github thành công (Giá H1 + Macro)!
[2026-07-23 16:20:06] [INFO] ▶ Kích hoạt: Giá H4
[2026-07-23 16:20:13] [INFO] ✅ Giá H4 hoàn thành (attempt 1)
[2026-07-23 16:20:13] [Sync] Bắt đầu đẩy dữ liệu lên Github (Kích hoạt bởi: Giá H4)...
[2026-07-23 16:20:17] [Sync] ✅ Đồng bộ Github thành công (Giá H4)!
[2026-07-23 16:20:17] [INFO] ▶ Kích hoạt: Vĩ Mô (Macro)
[2026-07-23 16:20:19] [INFO] ✅ Vĩ Mô (Macro) hoàn thành (attempt 1)
[2026-07-23 16:20:19] [Sync] Bắt đầu đẩy dữ liệu lên Github (Kích hoạt bởi: Vĩ Mô (Macro))...
[2026-07-23 16:20:23] [Sync] ✅ Đồng bộ Github thành công (Vĩ Mô (Macro))!
[2026-07-23 16:20:23] [INFO] Đang quét tín hiệu Telegram Alarm (SMC)...
[2026-07-23 16:20:24] [INFO] Đang chạy cập nhật Hồ sơ mã (run_pro_plus) và tạo Dashboard (gen_dashboard)...
[2026-07-23 16:20:31] [Sync] Bắt đầu đẩy dữ liệu lên Github (Kích hoạt bởi: Cập nhật Phân tích & Giao diện)...
[2026-07-23 16:20:35] [Sync] ✅ Đồng bộ Github thành công (Cập nhật Phân tích & Giao diện)!
[2026-07-23 16:20:35] [INFO] ⏰ Đợi Giá H1: còn 0.66h (23/07 17:00:05 VN)
[2026-07-23 18:26:04] [INFO] ▶ Kích hoạt: AI Phân Tích Chuyên Sâu
[2026-07-23 18:26:26] [INFO] ✅ AI Phân Tích Chuyên Sâu hoàn thành (attempt 1)
[2026-07-23 18:26:26] [Sync] Bắt đầu đẩy dữ liệu lên Github (Kích hoạt bởi: AI Phân Tích Chuyên Sâu)...
[2026-07-23 18:26:30] [Sync] ✅ Đồng bộ Github thành công (AI Phân Tích Chuyên Sâu)!
[2026-07-23 18:26:30] [INFO] ⏰ Đợi AI Phân Tích: còn 1.56h (23/07 20:00:02 VN)
[2026-07-23 18:29:11] [INFO] ▶ Kích hoạt: USDA Acreage
[2026-07-23 18:29:16] [INFO] ✅ USDA Acreage hoàn thành (attempt 1)
[2026-07-23 18:29:16] [Sync] Bắt đầu đẩy dữ liệu lên Github (Kích hoạt bởi: USDA Acreage)...
[2026-07-23 18:29:21] [Sync] ✅ Đồng bộ Github thành công (USDA Acreage)!
[2026-07-23 18:29:21] [INFO] ⏰ Đợi Acreage Reports: còn 11.01h (24/07 05:30:02 VN)
[2026-07-23 18:40:05] [INFO] ▶ Kích hoạt: Giá H1 + Macro
[2026-07-23 18:40:22] [INFO] ✅ Giá H1 + Macro hoàn thành (attempt 1)
[2026-07-23 18:40:22] [Sync] Bắt đầu đẩy dữ liệu lên Github (Kích hoạt bởi: Giá H1 + Macro)...
[2026-07-23 18:40:26] [Sync] ✅ Đồng bộ Github thành công (Giá H1 + Macro)!
[2026-07-23 18:40:26] [INFO] ▶ Kích hoạt: Giá H4
[2026-07-23 18:40:34] [INFO] ✅ Giá H4 hoàn thành (attempt 1)
[2026-07-23 18:40:34] [Sync] Bắt đầu đẩy dữ liệu lên Github (Kích hoạt bởi: Giá H4)...
[2026-07-23 18:40:37] [Sync] ✅ Đồng bộ Github thành công (Giá H4)!
[2026-07-23 18:40:37] [INFO] ▶ Kích hoạt: Vĩ Mô (Macro)
[2026-07-23 18:40:42] [INFO] ✅ Vĩ Mô (Macro) hoàn thành (attempt 1)
[2026-07-23 18:40:42] [Sync] Bắt đầu đẩy dữ liệu lên Github (Kích hoạt bởi: Vĩ Mô (Macro))...
[2026-07-23 18:40:46] [Sync] ✅ Đồng bộ Github thành công (Vĩ Mô (Macro))!
[2026-07-23 18:40:46] [INFO] Đang quét tín hiệu Telegram Alarm (SMC)...
[2026-07-23 18:40:51] [INFO] Đang chạy cập nhật Hồ sơ mã (run_pro_plus) và tạo Dashboard (gen_dashboard)...
[2026-07-23 18:40:58] [Sync] Bắt đầu đẩy dữ liệu lên Github (Kích hoạt bởi: Cập nhật Phân tích & Giao diện)...
[2026-07-23 18:41:03] [Sync] ✅ Đồng bộ Github thành công (Cập nhật Phân tích & Giao diện)!
[2026-07-23 18:41:03] [INFO] ⏰ Đợi Giá H1: còn 0.32h (23/07 19:00:05 VN)
[2026-07-23 19:15:50] [INFO] ▶ Kích hoạt: Thời Tiết Ngắn Hạn
[2026-07-23 19:16:18] [INFO] ✅ Thời Tiết Ngắn Hạn hoàn thành (attempt 1)
[2026-07-23 19:16:18] [Sync] Bắt đầu đẩy dữ liệu lên Github (Kích hoạt bởi: Thời Tiết Ngắn Hạn)...
[2026-07-23 19:16:23] [Sync] ✅ Đồng bộ Github thành công (Thời Tiết Ngắn Hạn)!
[2026-07-23 19:16:23] [INFO] ⏰ Đợi Weather Short: còn 10.73h (24/07 06:00:02 VN)
[2026-07-23 19:16:43] [INFO] ▶ Kích hoạt: Giá H1 + Macro
[2026-07-23 19:17:08] [INFO] ✅ Giá H1 + Macro hoàn thành (attempt 1)
[2026-07-23 19:17:08] [Sync] Bắt đầu đẩy dữ liệu lên Github (Kích hoạt bởi: Giá H1 + Macro)...
[2026-07-23 19:17:11] [Sync] ✅ Đồng bộ Github thành công (Giá H1 + Macro)!
[2026-07-23 19:17:11] [INFO] ▶ Kích hoạt: Giá H4
[2026-07-23 19:17:18] [INFO] ✅ Giá H4 hoàn thành (attempt 1)
[2026-07-23 19:17:18] [Sync] Bắt đầu đẩy dữ liệu lên Github (Kích hoạt bởi: Giá H4)...
[2026-07-23 19:17:22] [Sync] ✅ Đồng bộ Github thành công (Giá H4)!
[2026-07-23 19:17:22] [INFO] ▶ Kích hoạt: Vĩ Mô (Macro)
[2026-07-23 19:17:25] [INFO] ✅ Vĩ Mô (Macro) hoàn thành (attempt 1)
[2026-07-23 19:17:25] [Sync] Bắt đầu đẩy dữ liệu lên Github (Kích hoạt bởi: Vĩ Mô (Macro))...
[2026-07-23 19:17:29] [Sync] ✅ Đồng bộ Github thành công (Vĩ Mô (Macro))!
[2026-07-23 19:17:29] [INFO] Đang quét tín hiệu Telegram Alarm (SMC)...
[2026-07-23 19:17:31] [INFO] Đang chạy cập nhật Hồ sơ mã (run_pro_plus) và tạo Dashboard (gen_dashboard)...
[2026-07-23 19:17:38] [Sync] Bắt đầu đẩy dữ liệu lên Github (Kích hoạt bởi: Cập nhật Phân tích & Giao diện)...
[2026-07-23 19:17:42] [Sync] ✅ Đồng bộ Github thành công (Cập nhật Phân tích & Giao diện)!
[2026-07-23 19:17:42] [INFO] ⏰ Đợi Giá H1: còn 0.71h (23/07 20:00:05 VN)
[2026-07-23 20:29:53] [INFO] ▶ Kích hoạt: Giá H1 + Macro
[2026-07-23 20:30:14] [INFO] ✅ Giá H1 + Macro hoàn thành (attempt 1)
[2026-07-23 20:30:14] [Sync] Bắt đầu đẩy dữ liệu lên Github (Kích hoạt bởi: Giá H1 + Macro)...
[2026-07-23 20:30:18] [Sync] ✅ Đồng bộ Github thành công (Giá H1 + Macro)!
[2026-07-23 20:30:18] [INFO] ▶ Kích hoạt: Giá H4
[2026-07-23 20:30:23] [INFO] ✅ Giá H4 hoàn thành (attempt 1)
[2026-07-23 20:30:23] [Sync] Bắt đầu đẩy dữ liệu lên Github (Kích hoạt bởi: Giá H4)...
[2026-07-23 20:30:27] [Sync] ✅ Đồng bộ Github thành công (Giá H4)!
[2026-07-23 20:30:27] [INFO] ▶ Kích hoạt: Vĩ Mô (Macro)
[2026-07-23 20:30:31] [INFO] ✅ Vĩ Mô (Macro) hoàn thành (attempt 1)
[2026-07-23 20:30:31] [Sync] Bắt đầu đẩy dữ liệu lên Github (Kích hoạt bởi: Vĩ Mô (Macro))...
[2026-07-23 20:30:34] [Sync] ✅ Đồng bộ Github thành công (Vĩ Mô (Macro))!
[2026-07-23 20:30:34] [INFO] Đang quét tín hiệu Telegram Alarm (SMC)...
[2026-07-23 20:30:36] [INFO] Đang chạy cập nhật Hồ sơ mã (run_pro_plus) và tạo Dashboard (gen_dashboard)...
[2026-07-23 20:30:43] [Sync] Bắt đầu đẩy dữ liệu lên Github (Kích hoạt bởi: Cập nhật Phân tích & Giao diện)...
[2026-07-23 20:30:47] [Sync] ✅ Đồng bộ Github thành công (Cập nhật Phân tích & Giao diện)!
[2026-07-23 20:30:47] [INFO] ⏰ Đợi Giá H1: còn 0.49h (23/07 21:00:05 VN)
[2026-07-23 20:46:28] [INFO] ▶ Kích hoạt: AI Phân Tích Chuyên Sâu
[2026-07-23 20:46:44] [INFO] ✅ AI Phân Tích Chuyên Sâu hoàn thành (attempt 1)
[2026-07-23 20:46:44] [Sync] Bắt đầu đẩy dữ liệu lên Github (Kích hoạt bởi: AI Phân Tích Chuyên Sâu)...
[2026-07-23 20:46:49] [Sync] ✅ Đồng bộ Github thành công (AI Phân Tích Chuyên Sâu)!
[2026-07-23 20:46:49] [INFO] ⏰ Đợi AI Phân Tích: còn 9.72h (24/07 06:30:02 VN)
[2026-07-23 21:00:05] [INFO] ▶ Kích hoạt: Giá H1 + Macro
[2026-07-23 21:00:35] [INFO] ✅ Giá H1 + Macro hoàn thành (attempt 1)
[2026-07-23 21:00:35] [Sync] Bắt đầu đẩy dữ liệu lên Github (Kích hoạt bởi: Giá H1 + Macro)...
[2026-07-23 21:00:39] [Sync] ✅ Đồng bộ Github thành công (Giá H1 + Macro)!
[2026-07-23 21:00:39] [INFO] ▶ Kích hoạt: Giá H4
[2026-07-23 21:00:48] [INFO] ✅ Giá H4 hoàn thành (attempt 1)
[2026-07-23 21:00:48] [Sync] Bắt đầu đẩy dữ liệu lên Github (Kích hoạt bởi: Giá H4)...
[2026-07-23 21:00:51] [Sync] ✅ Đồng bộ Github thành công (Giá H4)!
[2026-07-23 21:00:51] [INFO] ▶ Kích hoạt: Vĩ Mô (Macro)
[2026-07-23 21:00:54] [INFO] ✅ Vĩ Mô (Macro) hoàn thành (attempt 1)
[2026-07-23 21:00:54] [Sync] Bắt đầu đẩy dữ liệu lên Github (Kích hoạt bởi: Vĩ Mô (Macro))...
[2026-07-23 21:00:58] [Sync] ✅ Đồng bộ Github thành công (Vĩ Mô (Macro))!
[2026-07-23 21:00:58] [INFO] Đang quét tín hiệu Telegram Alarm (SMC)...
[2026-07-23 21:01:03] [INFO] Đang chạy cập nhật Hồ sơ mã (run_pro_plus) và tạo Dashboard (gen_dashboard)...
[2026-07-23 21:01:11] [Sync] Bắt đầu đẩy dữ liệu lên Github (Kích hoạt bởi: Cập nhật Phân tích & Giao diện)...
[2026-07-23 21:01:15] [Sync] ✅ Đồng bộ Github thành công (Cập nhật Phân tích & Giao diện)!
[2026-07-23 21:01:15] [INFO] ⏰ Đợi Giá H1: còn 0.98h (23/07 22:00:05 VN)
[2026-07-23 22:00:05] [INFO] ▶ Kích hoạt: Giá H1 + Macro
[2026-07-23 22:00:16] [INFO] ✅ Giá H1 + Macro hoàn thành (attempt 1)
[2026-07-23 22:00:16] [Sync] Bắt đầu đẩy dữ liệu lên Github (Kích hoạt bởi: Giá H1 + Macro)...
[2026-07-23 22:00:20] [Sync] ✅ Đồng bộ Github thành công (Giá H1 + Macro)!
[2026-07-23 22:00:20] [INFO] ▶ Kích hoạt: Giá H4
[2026-07-23 22:00:34] [INFO] ✅ Giá H4 hoàn thành (attempt 1)
[2026-07-23 22:00:34] [Sync] Bắt đầu đẩy dữ liệu lên Github (Kích hoạt bởi: Giá H4)...
[2026-07-23 22:00:38] [Sync] ✅ Đồng bộ Github thành công (Giá H4)!
[2026-07-23 22:00:38] [INFO] ▶ Kích hoạt: Vĩ Mô (Macro)
[2026-07-23 22:00:41] [INFO] ✅ Vĩ Mô (Macro) hoàn thành (attempt 1)
[2026-07-23 22:00:41] [Sync] Bắt đầu đẩy dữ liệu lên Github (Kích hoạt bởi: Vĩ Mô (Macro))...
[2026-07-23 22:00:45] [Sync] ✅ Đồng bộ Github thành công (Vĩ Mô (Macro))!
[2026-07-23 22:00:45] [INFO] Đang quét tín hiệu Telegram Alarm (SMC)...
[2026-07-23 22:00:46] [INFO] Đang chạy cập nhật Hồ sơ mã (run_pro_plus) và tạo Dashboard (gen_dashboard)...
[2026-07-23 22:00:54] [Sync] Bắt đầu đẩy dữ liệu lên Github (Kích hoạt bởi: Cập nhật Phân tích & Giao diện)...
[2026-07-23 22:00:59] [Sync] ✅ Đồng bộ Github thành công (Cập nhật Phân tích & Giao diện)!
[2026-07-23 22:00:59] [INFO] ⏰ Đợi Giá H1: còn 0.98h (23/07 23:00:05 VN)
[2026-07-23 23:16:46] [INFO] ▶ Kích hoạt: AI Điểm Tin
[2026-07-23 23:17:37] [INFO] ✅ AI Điểm Tin hoàn thành (attempt 1)
[2026-07-23 23:17:37] [Sync] Bắt đầu đẩy dữ liệu lên Github (Kích hoạt bởi: AI Điểm Tin)...
[2026-07-23 23:17:42] [Sync] ✅ Đồng bộ Github thành công (AI Điểm Tin)!
[2026-07-23 23:17:42] [INFO] ⏰ Đợi AI News: còn 6.71h (24/07 06:00:02 VN)
[2026-07-23 23:50:21] [INFO] ▶ Kích hoạt: Giá H1 + Macro
[2026-07-23 23:50:36] [INFO] ✅ Giá H1 + Macro hoàn thành (attempt 1)
[2026-07-23 23:50:36] [Sync] Bắt đầu đẩy dữ liệu lên Github (Kích hoạt bởi: Giá H1 + Macro)...
[2026-07-23 23:50:41] [Sync] ✅ Đồng bộ Github thành công (Giá H1 + Macro)!
[2026-07-23 23:50:41] [INFO] ▶ Kích hoạt: Giá H4
[2026-07-23 23:50:47] [INFO] ✅ Giá H4 hoàn thành (attempt 1)
[2026-07-23 23:50:47] [Sync] Bắt đầu đẩy dữ liệu lên Github (Kích hoạt bởi: Giá H4)...
[2026-07-23 23:50:51] [Sync] ✅ Đồng bộ Github thành công (Giá H4)!
[2026-07-23 23:50:51] [INFO] ▶ Kích hoạt: Vĩ Mô (Macro)
[2026-07-23 23:50:55] [INFO] ✅ Vĩ Mô (Macro) hoàn thành (attempt 1)
[2026-07-23 23:50:55] [Sync] Bắt đầu đẩy dữ liệu lên Github (Kích hoạt bởi: Vĩ Mô (Macro))...
[2026-07-23 23:50:59] [Sync] ✅ Đồng bộ Github thành công (Vĩ Mô (Macro))!
[2026-07-23 23:50:59] [INFO] Đang quét tín hiệu Telegram Alarm (SMC)...
[2026-07-23 23:51:01] [INFO] Đang chạy cập nhật Hồ sơ mã (run_pro_plus) và tạo Dashboard (gen_dashboard)...
[2026-07-23 23:51:09] [Sync] Bắt đầu đẩy dữ liệu lên Github (Kích hoạt bởi: Cập nhật Phân tích & Giao diện)...
[2026-07-23 23:51:13] [Sync] ✅ Đồng bộ Github thành công (Cập nhật Phân tích & Giao diện)!
[2026-07-23 23:51:13] [INFO] ⏰ Đợi Giá H1: còn 0.15h (24/07 00:00:05 VN)
[2026-07-24 00:00:05] [INFO] ▶ Kích hoạt: Giá H1 + Macro
[2026-07-24 00:00:44] [INFO] ✅ Giá H1 + Macro hoàn thành (attempt 1)
[2026-07-24 00:00:44] [Sync] Bắt đầu đẩy dữ liệu lên Github (Kích hoạt bởi: Giá H1 + Macro)...
[2026-07-24 00:00:48] [Sync] ✅ Đồng bộ Github thành công (Giá H1 + Macro)!
[2026-07-24 00:00:48] [INFO] ▶ Kích hoạt: Giá H4
[2026-07-24 00:00:55] [INFO] ✅ Giá H4 hoàn thành (attempt 1)
[2026-07-24 00:00:55] [Sync] Bắt đầu đẩy dữ liệu lên Github (Kích hoạt bởi: Giá H4)...
[2026-07-24 00:00:58] [Sync] ✅ Đồng bộ Github thành công (Giá H4)!
[2026-07-24 00:00:58] [INFO] ▶ Kích hoạt: Vĩ Mô (Macro)
[2026-07-24 00:01:02] [INFO] ✅ Vĩ Mô (Macro) hoàn thành (attempt 1)
[2026-07-24 00:01:02] [Sync] Bắt đầu đẩy dữ liệu lên Github (Kích hoạt bởi: Vĩ Mô (Macro))...
[2026-07-24 00:01:05] [Sync] ✅ Đồng bộ Github thành công (Vĩ Mô (Macro))!
[2026-07-24 00:01:05] [INFO] Đang quét tín hiệu Telegram Alarm (SMC)...
[2026-07-24 00:01:10] [INFO] Đang chạy cập nhật Hồ sơ mã (run_pro_plus) và tạo Dashboard (gen_dashboard)...
[2026-07-24 00:01:18] [Sync] Bắt đầu đẩy dữ liệu lên Github (Kích hoạt bởi: Cập nhật Phân tích & Giao diện)...
[2026-07-24 00:01:22] [Sync] ✅ Đồng bộ Github thành công (Cập nhật Phân tích & Giao diện)!
[2026-07-24 00:01:22] [INFO] ⏰ Đợi Giá H1: còn 0.98h (24/07 01:00:05 VN)
[2026-07-24 07:03:03] [INFO] ▶ Kích hoạt: Giá H1 + Macro
[2026-07-24 07:03:13] [INFO] ✅ Giá H1 + Macro hoàn thành (attempt 1)
[2026-07-24 07:03:13] [Sync] Bắt đầu đẩy dữ liệu lên Github (Kích hoạt bởi: Giá H1 + Macro)...
[2026-07-24 07:03:17] [Sync] ✅ Đồng bộ Github thành công (Giá H1 + Macro)!
[2026-07-24 07:03:17] [INFO] ▶ Kích hoạt: Giá H4
[2026-07-24 07:03:24] [INFO] ✅ Giá H4 hoàn thành (attempt 1)
[2026-07-24 07:03:24] [Sync] Bắt đầu đẩy dữ liệu lên Github (Kích hoạt bởi: Giá H4)...
[2026-07-24 07:03:27] [Sync] ✅ Đồng bộ Github thành công (Giá H4)!
[2026-07-24 07:03:27] [INFO] ▶ Kích hoạt: Vĩ Mô (Macro)
[2026-07-24 07:03:30] [INFO] ✅ Vĩ Mô (Macro) hoàn thành (attempt 1)
[2026-07-24 07:03:30] [Sync] Bắt đầu đẩy dữ liệu lên Github (Kích hoạt bởi: Vĩ Mô (Macro))...
[2026-07-24 07:03:34] [Sync] ✅ Đồng bộ Github thành công (Vĩ Mô (Macro))!
[2026-07-24 07:03:34] [INFO] Đang quét tín hiệu Telegram Alarm (SMC)...
[2026-07-24 07:03:35] [INFO] Đang chạy cập nhật Hồ sơ mã (run_pro_plus) và tạo Dashboard (gen_dashboard)...
[2026-07-24 07:03:44] [Sync] Bắt đầu đẩy dữ liệu lên Github (Kích hoạt bởi: Cập nhật Phân tích & Giao diện)...
[2026-07-24 07:03:48] [Sync] ✅ Đồng bộ Github thành công (Cập nhật Phân tích & Giao diện)!
[2026-07-24 07:03:48] [INFO] ⏰ Đợi Giá H1: còn 0.94h (24/07 08:00:05 VN)
[2026-07-25 19:39:49] [INFO] ============================================================
[2026-07-25 19:39:49] [INFO]   CBOT PRECISION SCHEDULER V2 — KHỞI ĐỘNG
[2026-07-25 19:39:49] [INFO] ============================================================
[2026-07-25 19:39:49] [INFO] Lịch trình đang chạy:
[2026-07-25 19:39:49] [INFO]   [Giá H1 + Macro]    : Phút :15 mỗi giờ giao dịch
[2026-07-25 19:39:49] [INFO]   [COT CFTC]          : Thứ Bảy 07:15 VN
[2026-07-25 19:39:49] [INFO]   [USDA Crop Progress]: Thứ Hai 22:00 VN
[2026-07-25 19:39:49] [INFO]   [Export Sales]      : Thứ Năm 21:32 VN
[2026-07-25 19:39:49] [INFO]   [WASDE Monthly]     : Ngày 10 hàng tháng, 23:00 VN
[2026-07-25 19:39:49] [INFO]   [Thời Tiết Ngắn]    : 06:00 hàng ngày
[2026-07-25 19:39:49] [INFO]   [ENSO Long-Term]    : Thứ Hai 06:30 VN
[2026-07-25 19:39:49] [INFO]   [USDA Acreage]      : 05:30 hàng ngày
[2026-07-25 19:39:49] [INFO]   [AI Điểm Tin]       : 06:00 và 20:00 hàng ngày
[2026-07-25 19:39:49] [INFO]   [AI Tin Biển Đen]   : Thứ Tư & Chủ Nhật 07:00 VN
[2026-07-25 19:39:49] [INFO]   [Số Liệu Mùa Vụ Nga]: 07:30 hàng ngày
[2026-07-25 19:39:49] [INFO]   [🧠 AI Phân Tích]   : 06:30 và 20:00 hàng ngày (T2-T6)
[2026-07-25 19:39:49] [INFO] ------------------------------------------------------------
[2026-07-25 19:39:49] [INFO]   ✅ Thread khởi động: job_prices
00:05 VN)
[2026-07-25 19:39:49] [INFO]   ✅ Thread khởi động: job_cot
08 07:15:02 VN)
[2026-07-25 19:39:49] [INFO]   ✅ Thread khởi động: job_crop_progress
00:02 VN)
[2026-07-25 19:39:49] [INFO]   ✅ Thread khởi động: job_export_sales
:32:02 VN)
[2026-07-25 19:39:49] [INFO]   ✅ Thread khởi động: job_wasde
10/08 23:00:02 VN)
[2026-07-25 19:39:49] [INFO]   ✅ Thread khởi động: job_weather_short
00:02 VN)
[2026-07-25 19:39:49] [INFO]   ✅ Thread khởi động: job_weather_long
6:30:02 VN)
[2026-07-25 19:39:49] [INFO]   ✅ Thread khởi động: job_acreage
/07 05:30:02 VN)
[2026-07-25 19:39:49] [INFO]   ✅ Thread khởi động: job_ai_news
0:02 VN)
[2026-07-25 19:39:49] [INFO]   ✅ Thread khởi động: job_blacksea_news
:00:02 VN)
[2026-07-25 19:39:49] [INFO]   ✅ Thread khởi động: job_ai_analysis
0:00:02 VN)
[2026-07-25 19:39:49] [INFO] ============================================================
[2026-07-25 19:39:49] [INFO] Scheduler đang chạy ngầm. Nhấn Ctrl+C để dừng.
[2026-07-25 20:00:02] [AI Phân Tích] Bỏ qua AI Phân Tích (cuối tuần — CBOT không giao dịch)
[2026-07-25 20:00:02] [INFO] ⏰ Đợi AI Phân Tích: còn 10.50h (26/07 06:30:02 VN)
[2026-07-25 20:00:05] [INFO] ▶ Kích hoạt: Giá H1 + Macro
[2026-07-25 20:00:20] [INFO] ✅ Giá H1 + Macro hoàn thành (attempt 1)
[2026-07-25 20:00:20] [Sync] Bắt đầu đẩy dữ liệu lên Github (Kích hoạt bởi: Giá H1 + Macro)...
[2026-07-25 20:00:25] [Sync] ✅ Đồng bộ Github thành công (Giá H1 + Macro)!
[2026-07-25 20:00:25] [INFO] ▶ Kích hoạt: Giá H4
[2026-07-25 20:00:33] [INFO] ✅ Giá H4 hoàn thành (attempt 1)
[2026-07-25 20:00:33] [Sync] Bắt đầu đẩy dữ liệu lên Github (Kích hoạt bởi: Giá H4)...
[2026-07-25 20:00:36] [Sync] ✅ Đồng bộ Github thành công (Giá H4)!
[2026-07-25 20:00:36] [INFO] ▶ Kích hoạt: Vĩ Mô (Macro)
[2026-07-25 20:00:37] [INFO] ✅ AI Điểm Tin hoàn thành (attempt 1)
[2026-07-25 20:00:37] [Sync] Bắt đầu đẩy dữ liệu lên Github (Kích hoạt bởi: AI Điểm Tin)...
[2026-07-25 20:00:39] [INFO] ✅ Vĩ Mô (Macro) hoàn thành (attempt 1)
[2026-07-25 20:00:39] [Sync] Bắt đầu đẩy dữ liệu lên Github (Kích hoạt bởi: Vĩ Mô (Macro))...
[2026-07-25 20:00:41] [Sync] ✅ Đồng bộ Github thành công (AI Điểm Tin)!
[2026-07-25 20:00:41] [INFO] ⏰ Đợi AI News: còn 9.99h (26/07 06:00:02 VN)
[2026-07-25 20:00:42] [Sync] ✅ Đồng bộ Github thành công (Vĩ Mô (Macro))!
[2026-07-25 20:00:42] [INFO] Đang quét tín hiệu Telegram Alarm (SMC)...
[2026-07-25 20:00:52] [INFO] Đang chạy cập nhật Hồ sơ mã (run_pro_plus) và tạo Dashboard (gen_dashboard)...
[2026-07-25 20:00:59] [Sync] Bắt đầu đẩy dữ liệu lên Github (Kích hoạt bởi: Cập nhật Phân tích & Giao diện)...
[2026-07-25 20:01:04] [Sync] ✅ Đồng bộ Github thành công (Cập nhật Phân tích & Giao diện)!
[2026-07-25 20:01:04] [INFO] ⏰ Đợi Giá H1: còn 0.98h (25/07 21:00:05 VN)
[2026-07-25 21:00:05] [INFO] ▶ Kích hoạt: Giá H1 + Macro
[2026-07-25 21:00:15] [INFO] ✅ Giá H1 + Macro hoàn thành (attempt 1)
[2026-07-25 21:00:15] [Sync] Bắt đầu đẩy dữ liệu lên Github (Kích hoạt bởi: Giá H1 + Macro)...
[2026-07-25 21:00:19] [Sync] ✅ Đồng bộ Github thành công (Giá H1 + Macro)!
[2026-07-25 21:00:19] [INFO] ▶ Kích hoạt: Giá H4
[2026-07-25 21:00:25] [INFO] ✅ Giá H4 hoàn thành (attempt 1)
[2026-07-25 21:00:25] [Sync] Bắt đầu đẩy dữ liệu lên Github (Kích hoạt bởi: Giá H4)...
[2026-07-25 21:00:28] [Sync] ✅ Đồng bộ Github thành công (Giá H4)!
[2026-07-25 21:00:28] [INFO] ▶ Kích hoạt: Vĩ Mô (Macro)
[2026-07-25 21:00:31] [INFO] ✅ Vĩ Mô (Macro) hoàn thành (attempt 1)
[2026-07-25 21:00:31] [Sync] Bắt đầu đẩy dữ liệu lên Github (Kích hoạt bởi: Vĩ Mô (Macro))...
[2026-07-25 21:00:36] [Sync] ✅ Đồng bộ Github thành công (Vĩ Mô (Macro))!
[2026-07-25 21:00:36] [INFO] Đang quét tín hiệu Telegram Alarm (SMC)...
[2026-07-25 21:00:37] [INFO] Đang chạy cập nhật Hồ sơ mã (run_pro_plus) và tạo Dashboard (gen_dashboard)...
[2026-07-25 21:00:44] [Sync] Bắt đầu đẩy dữ liệu lên Github (Kích hoạt bởi: Cập nhật Phân tích & Giao diện)...
[2026-07-25 21:00:47] [Sync] ✅ Đồng bộ Github thành công (Cập nhật Phân tích & Giao diện)!
[2026-07-25 21:00:47] [INFO] ⏰ Đợi Giá H1: còn 0.99h (25/07 22:00:05 VN)
[2026-07-25 22:00:05] [INFO] ▶ Kích hoạt: Giá H1 + Macro
[2026-07-25 22:00:14] [INFO] ✅ Giá H1 + Macro hoàn thành (attempt 1)
[2026-07-25 22:00:14] [Sync] Bắt đầu đẩy dữ liệu lên Github (Kích hoạt bởi: Giá H1 + Macro)...
[2026-07-25 22:00:19] [Sync] ✅ Đồng bộ Github thành công (Giá H1 + Macro)!
[2026-07-25 22:00:19] [INFO] ▶ Kích hoạt: Giá H4
[2026-07-25 22:00:25] [INFO] ✅ Giá H4 hoàn thành (attempt 1)
[2026-07-25 22:00:25] [Sync] Bắt đầu đẩy dữ liệu lên Github (Kích hoạt bởi: Giá H4)...
[2026-07-25 22:00:29] [Sync] ✅ Đồng bộ Github thành công (Giá H4)!
[2026-07-25 22:00:29] [INFO] ▶ Kích hoạt: Vĩ Mô (Macro)
[2026-07-25 22:00:32] [INFO] ✅ Vĩ Mô (Macro) hoàn thành (attempt 1)
[2026-07-25 22:00:32] [Sync] Bắt đầu đẩy dữ liệu lên Github (Kích hoạt bởi: Vĩ Mô (Macro))...
[2026-07-25 22:00:36] [Sync] ✅ Đồng bộ Github thành công (Vĩ Mô (Macro))!
[2026-07-25 22:00:36] [INFO] Đang quét tín hiệu Telegram Alarm (SMC)...
[2026-07-25 22:00:37] [INFO] Đang chạy cập nhật Hồ sơ mã (run_pro_plus) và tạo Dashboard (gen_dashboard)...
[2026-07-25 22:00:44] [Sync] Bắt đầu đẩy dữ liệu lên Github (Kích hoạt bởi: Cập nhật Phân tích & Giao diện)...
[2026-07-25 22:00:49] [Sync] ✅ Đồng bộ Github thành công (Cập nhật Phân tích & Giao diện)!
[2026-07-25 22:00:49] [INFO] ⏰ Đợi Giá H1: còn 0.99h (25/07 23:00:05 VN)
[2026-07-26 07:38:23] [INFO] ▶ Kích hoạt: Giá H1 + Macro
[2026-07-26 07:38:50] [INFO] ✅ Giá H1 + Macro hoàn thành (attempt 1)
[2026-07-26 07:38:50] [Sync] Bắt đầu đẩy dữ liệu lên Github (Kích hoạt bởi: Giá H1 + Macro)...
[2026-07-26 07:38:54] [Sync] ✅ Đồng bộ Github thành công (Giá H1 + Macro)!
[2026-07-26 07:38:54] [INFO] ▶ Kích hoạt: Giá H4
[2026-07-26 07:39:00] [INFO] ✅ Giá H4 hoàn thành (attempt 1)
[2026-07-26 07:39:00] [Sync] Bắt đầu đẩy dữ liệu lên Github (Kích hoạt bởi: Giá H4)...
[2026-07-26 07:39:03] [Sync] ✅ Đồng bộ Github thành công (Giá H4)!
[2026-07-26 07:39:03] [INFO] ▶ Kích hoạt: Vĩ Mô (Macro)
[2026-07-26 07:39:06] [INFO] ✅ Vĩ Mô (Macro) hoàn thành (attempt 1)
[2026-07-26 07:39:06] [Sync] Bắt đầu đẩy dữ liệu lên Github (Kích hoạt bởi: Vĩ Mô (Macro))...
[2026-07-26 07:39:09] [Sync] ✅ Đồng bộ Github thành công (Vĩ Mô (Macro))!
[2026-07-26 07:39:09] [INFO] Đang quét tín hiệu Telegram Alarm (SMC)...
[2026-07-26 07:39:12] [INFO] Đang chạy cập nhật Hồ sơ mã (run_pro_plus) và tạo Dashboard (gen_dashboard)...
[2026-07-26 07:39:19] [Sync] Bắt đầu đẩy dữ liệu lên Github (Kích hoạt bởi: Cập nhật Phân tích & Giao diện)...
[2026-07-26 07:39:23] [Sync] ✅ Đồng bộ Github thành công (Cập nhật Phân tích & Giao diện)!
[2026-07-26 07:39:23] [INFO] ⏰ Đợi Giá H1: còn 0.34h (26/07 08:00:05 VN)
[2026-07-26 08:00:05] [INFO] ▶ Kích hoạt: Giá H1 + Macro
[2026-07-26 08:00:14] [INFO] ✅ Giá H1 + Macro hoàn thành (attempt 1)
[2026-07-26 08:00:14] [Sync] Bắt đầu đẩy dữ liệu lên Github (Kích hoạt bởi: Giá H1 + Macro)...
[2026-07-26 08:00:18] [Sync] ✅ Đồng bộ Github thành công (Giá H1 + Macro)!
[2026-07-26 08:00:18] [INFO] ▶ Kích hoạt: Giá H4
[2026-07-26 08:00:23] [INFO] ✅ Giá H4 hoàn thành (attempt 1)
[2026-07-26 08:00:23] [Sync] Bắt đầu đẩy dữ liệu lên Github (Kích hoạt bởi: Giá H4)...
[2026-07-26 08:00:28] [Sync] ✅ Đồng bộ Github thành công (Giá H4)!
[2026-07-26 08:00:28] [INFO] ▶ Kích hoạt: Vĩ Mô (Macro)
[2026-07-26 08:00:31] [INFO] ✅ Vĩ Mô (Macro) hoàn thành (attempt 1)
[2026-07-26 08:00:31] [Sync] Bắt đầu đẩy dữ liệu lên Github (Kích hoạt bởi: Vĩ Mô (Macro))...
[2026-07-26 08:00:35] [Sync] ✅ Đồng bộ Github thành công (Vĩ Mô (Macro))!
[2026-07-26 08:00:35] [INFO] Đang quét tín hiệu Telegram Alarm (SMC)...
[2026-07-26 08:00:37] [INFO] Đang chạy cập nhật Hồ sơ mã (run_pro_plus) và tạo Dashboard (gen_dashboard)...
[2026-07-26 08:00:45] [Sync] Bắt đầu đẩy dữ liệu lên Github (Kích hoạt bởi: Cập nhật Phân tích & Giao diện)...
[2026-07-26 08:00:49] [Sync] ✅ Đồng bộ Github thành công (Cập nhật Phân tích & Giao diện)!
[2026-07-26 08:00:49] [INFO] ⏰ Đợi Giá H1: còn 0.99h (26/07 09:00:05 VN)
[2026-07-26 09:00:05] [INFO] ▶ Kích hoạt: Giá H1 + Macro
[2026-07-26 09:00:19] [INFO] ✅ Giá H1 + Macro hoàn thành (attempt 1)
[2026-07-26 09:00:19] [Sync] Bắt đầu đẩy dữ liệu lên Github (Kích hoạt bởi: Giá H1 + Macro)...
[2026-07-26 09:00:23] [Sync] ✅ Đồng bộ Github thành công (Giá H1 + Macro)!
[2026-07-26 09:00:23] [INFO] ▶ Kích hoạt: Giá H4
[2026-07-26 09:00:32] [INFO] ✅ Giá H4 hoàn thành (attempt 1)
[2026-07-26 09:00:32] [Sync] Bắt đầu đẩy dữ liệu lên Github (Kích hoạt bởi: Giá H4)...
[2026-07-26 09:00:35] [Sync] ✅ Đồng bộ Github thành công (Giá H4)!
[2026-07-26 09:00:35] [INFO] ▶ Kích hoạt: Vĩ Mô (Macro)
[2026-07-26 09:00:38] [INFO] ✅ Vĩ Mô (Macro) hoàn thành (attempt 1)
[2026-07-26 09:00:38] [Sync] Bắt đầu đẩy dữ liệu lên Github (Kích hoạt bởi: Vĩ Mô (Macro))...
[2026-07-26 09:00:42] [Sync] ✅ Đồng bộ Github thành công (Vĩ Mô (Macro))!
[2026-07-26 09:00:42] [INFO] Đang quét tín hiệu Telegram Alarm (SMC)...
[2026-07-26 09:00:44] [INFO] Đang chạy cập nhật Hồ sơ mã (run_pro_plus) và tạo Dashboard (gen_dashboard)...
[2026-07-26 09:00:52] [Sync] Bắt đầu đẩy dữ liệu lên Github (Kích hoạt bởi: Cập nhật Phân tích & Giao diện)...
[2026-07-26 09:00:56] [Sync] ✅ Đồng bộ Github thành công (Cập nhật Phân tích & Giao diện)!
[2026-07-26 09:00:56] [INFO] ⏰ Đợi Giá H1: còn 0.99h (26/07 10:00:05 VN)
[2026-07-26 12:40:30] [INFO] ▶ Kích hoạt: Giá H1 + Macro
[2026-07-26 12:40:49] [INFO] ✅ Giá H1 + Macro hoàn thành (attempt 1)
[2026-07-26 12:40:49] [Sync] Bắt đầu đẩy dữ liệu lên Github (Kích hoạt bởi: Giá H1 + Macro)...
[2026-07-26 12:40:54] [Sync] ✅ Đồng bộ Github thành công (Giá H1 + Macro)!
[2026-07-26 12:40:54] [INFO] ▶ Kích hoạt: Giá H4
[2026-07-26 12:41:01] [INFO] ✅ Giá H4 hoàn thành (attempt 1)
[2026-07-26 12:41:01] [Sync] Bắt đầu đẩy dữ liệu lên Github (Kích hoạt bởi: Giá H4)...
[2026-07-26 12:41:05] [Sync] ✅ Đồng bộ Github thành công (Giá H4)!
[2026-07-26 12:41:05] [INFO] ▶ Kích hoạt: Vĩ Mô (Macro)
[2026-07-26 12:41:08] [INFO] ✅ Vĩ Mô (Macro) hoàn thành (attempt 1)
[2026-07-26 12:41:08] [Sync] Bắt đầu đẩy dữ liệu lên Github (Kích hoạt bởi: Vĩ Mô (Macro))...
[2026-07-26 12:41:12] [Sync] ✅ Đồng bộ Github thành công (Vĩ Mô (Macro))!
[2026-07-26 12:41:12] [INFO] Đang quét tín hiệu Telegram Alarm (SMC)...
[2026-07-26 12:41:15] [INFO] Đang chạy cập nhật Hồ sơ mã (run_pro_plus) và tạo Dashboard (gen_dashboard)...
[2026-07-26 12:41:23] [Sync] Bắt đầu đẩy dữ liệu lên Github (Kích hoạt bởi: Cập nhật Phân tích & Giao diện)...
[2026-07-26 12:41:26] [Sync] ✅ Đồng bộ Github thành công (Cập nhật Phân tích & Giao diện)!
[2026-07-26 12:41:26] [INFO] ⏰ Đợi Giá H1: còn 0.31h (26/07 13:00:05 VN)
[2026-07-26 13:00:05] [INFO] ▶ Kích hoạt: Giá H1 + Macro
[2026-07-26 13:00:14] [INFO] ✅ Giá H1 + Macro hoàn thành (attempt 1)
[2026-07-26 13:00:14] [Sync] Bắt đầu đẩy dữ liệu lên Github (Kích hoạt bởi: Giá H1 + Macro)...
[2026-07-26 13:00:17] [Sync] ✅ Đồng bộ Github thành công (Giá H1 + Macro)!
[2026-07-26 13:00:17] [INFO] ▶ Kích hoạt: Giá H4
[2026-07-26 13:00:25] [INFO] ✅ Giá H4 hoàn thành (attempt 1)
[2026-07-26 13:00:25] [Sync] Bắt đầu đẩy dữ liệu lên Github (Kích hoạt bởi: Giá H4)...
[2026-07-26 13:00:28] [Sync] ✅ Đồng bộ Github thành công (Giá H4)!
[2026-07-26 13:00:28] [INFO] ▶ Kích hoạt: Vĩ Mô (Macro)
[2026-07-26 13:00:31] [INFO] ✅ Vĩ Mô (Macro) hoàn thành (attempt 1)
[2026-07-26 13:00:31] [Sync] Bắt đầu đẩy dữ liệu lên Github (Kích hoạt bởi: Vĩ Mô (Macro))...
[2026-07-26 13:00:35] [Sync] ✅ Đồng bộ Github thành công (Vĩ Mô (Macro))!
[2026-07-26 13:00:35] [INFO] Đang quét tín hiệu Telegram Alarm (SMC)...
[2026-07-26 13:00:36] [INFO] Đang chạy cập nhật Hồ sơ mã (run_pro_plus) và tạo Dashboard (gen_dashboard)...
[2026-07-26 13:00:43] [Sync] Bắt đầu đẩy dữ liệu lên Github (Kích hoạt bởi: Cập nhật Phân tích & Giao diện)...
[2026-07-26 13:00:47] [Sync] ✅ Đồng bộ Github thành công (Cập nhật Phân tích & Giao diện)!
[2026-07-26 13:00:47] [INFO] ⏰ Đợi Giá H1: còn 0.99h (26/07 14:00:05 VN)
[2026-07-26 14:50:05] [INFO] ▶ Kích hoạt: Giá H1 + Macro
[2026-07-26 14:50:30] [INFO] ✅ Giá H1 + Macro hoàn thành (attempt 1)
[2026-07-26 14:50:30] [Sync] Bắt đầu đẩy dữ liệu lên Github (Kích hoạt bởi: Giá H1 + Macro)...
[2026-07-26 14:50:35] [Sync] ✅ Đồng bộ Github thành công (Giá H1 + Macro)!
[2026-07-26 14:50:35] [INFO] ▶ Kích hoạt: Giá H4
[2026-07-26 14:50:47] [INFO] ✅ Giá H4 hoàn thành (attempt 1)
[2026-07-26 14:50:47] [Sync] Bắt đầu đẩy dữ liệu lên Github (Kích hoạt bởi: Giá H4)...
[2026-07-26 14:50:51] [Sync] ✅ Đồng bộ Github thành công (Giá H4)!
[2026-07-26 14:50:51] [INFO] ▶ Kích hoạt: Vĩ Mô (Macro)
[2026-07-26 14:50:54] [INFO] ✅ Vĩ Mô (Macro) hoàn thành (attempt 1)
[2026-07-26 14:50:54] [Sync] Bắt đầu đẩy dữ liệu lên Github (Kích hoạt bởi: Vĩ Mô (Macro))...
[2026-07-26 14:50:58] [Sync] ✅ Đồng bộ Github thành công (Vĩ Mô (Macro))!
[2026-07-26 14:50:58] [INFO] Đang quét tín hiệu Telegram Alarm (SMC)...
[2026-07-26 14:51:01] [INFO] Đang chạy cập nhật Hồ sơ mã (run_pro_plus) và tạo Dashboard (gen_dashboard)...
[2026-07-26 14:51:09] [Sync] Bắt đầu đẩy dữ liệu lên Github (Kích hoạt bởi: Cập nhật Phân tích & Giao diện)...
[2026-07-26 14:51:12] [Sync] ✅ Đồng bộ Github thành công (Cập nhật Phân tích & Giao diện)!
[2026-07-26 14:51:12] [INFO] ⏰ Đợi Giá H1: còn 0.15h (26/07 15:00:05 VN)
[2026-07-26 15:00:05] [INFO] ▶ Kích hoạt: Giá H1 + Macro
[2026-07-26 15:00:14] [INFO] ✅ Giá H1 + Macro hoàn thành (attempt 1)
[2026-07-26 15:00:14] [Sync] Bắt đầu đẩy dữ liệu lên Github (Kích hoạt bởi: Giá H1 + Macro)...
[2026-07-26 15:00:18] [Sync] ✅ Đồng bộ Github thành công (Giá H1 + Macro)!
[2026-07-26 15:00:18] [INFO] ▶ Kích hoạt: Giá H4
[2026-07-26 15:00:24] [INFO] ✅ Giá H4 hoàn thành (attempt 1)
[2026-07-26 15:00:24] [Sync] Bắt đầu đẩy dữ liệu lên Github (Kích hoạt bởi: Giá H4)...
[2026-07-26 15:00:27] [Sync] ✅ Đồng bộ Github thành công (Giá H4)!
[2026-07-26 15:00:27] [INFO] ▶ Kích hoạt: Vĩ Mô (Macro)
[2026-07-26 15:00:32] [INFO] ✅ Vĩ Mô (Macro) hoàn thành (attempt 1)
[2026-07-26 15:00:32] [Sync] Bắt đầu đẩy dữ liệu lên Github (Kích hoạt bởi: Vĩ Mô (Macro))...
[2026-07-26 15:00:35] [Sync] ✅ Đồng bộ Github thành công (Vĩ Mô (Macro))!
[2026-07-26 15:00:35] [INFO] Đang quét tín hiệu Telegram Alarm (SMC)...
[2026-07-26 15:00:36] [INFO] Đang chạy cập nhật Hồ sơ mã (run_pro_plus) và tạo Dashboard (gen_dashboard)...
[2026-07-26 15:00:44] [Sync] Bắt đầu đẩy dữ liệu lên Github (Kích hoạt bởi: Cập nhật Phân tích & Giao diện)...
[2026-07-26 15:00:48] [Sync] ✅ Đồng bộ Github thành công (Cập nhật Phân tích & Giao diện)!
[2026-07-26 15:00:48] [INFO] ⏰ Đợi Giá H1: còn 0.99h (26/07 16:00:05 VN)
[2026-07-26 17:00:28] [INFO] ▶ Kích hoạt: Giá H1 + Macro
[2026-07-26 17:00:47] [INFO] ✅ Giá H1 + Macro hoàn thành (attempt 1)
[2026-07-26 17:00:47] [Sync] Bắt đầu đẩy dữ liệu lên Github (Kích hoạt bởi: Giá H1 + Macro)...
[2026-07-26 17:00:51] [Sync] ✅ Đồng bộ Github thành công (Giá H1 + Macro)!
[2026-07-26 17:00:51] [INFO] ▶ Kích hoạt: Giá H4
[2026-07-26 17:01:08] [INFO] ✅ Giá H4 hoàn thành (attempt 1)
[2026-07-26 17:01:08] [Sync] Bắt đầu đẩy dữ liệu lên Github (Kích hoạt bởi: Giá H4)...
[2026-07-26 17:01:11] [Sync] ✅ Đồng bộ Github thành công (Giá H4)!
[2026-07-26 17:01:12] [INFO] ▶ Kích hoạt: Vĩ Mô (Macro)
[2026-07-26 17:01:14] [INFO] ✅ Vĩ Mô (Macro) hoàn thành (attempt 1)
[2026-07-26 17:01:14] [Sync] Bắt đầu đẩy dữ liệu lên Github (Kích hoạt bởi: Vĩ Mô (Macro))...
[2026-07-26 17:01:19] [Sync] ✅ Đồng bộ Github thành công (Vĩ Mô (Macro))!
[2026-07-26 17:01:19] [INFO] Đang quét tín hiệu Telegram Alarm (SMC)...
[2026-07-26 17:01:21] [INFO] Đang chạy cập nhật Hồ sơ mã (run_pro_plus) và tạo Dashboard (gen_dashboard)...
[2026-07-26 17:01:28] [Sync] Bắt đầu đẩy dữ liệu lên Github (Kích hoạt bởi: Cập nhật Phân tích & Giao diện)...
[2026-07-26 17:01:32] [Sync] ✅ Đồng bộ Github thành công (Cập nhật Phân tích & Giao diện)!
[2026-07-26 17:01:32] [INFO] ⏰ Đợi Giá H1: còn 0.98h (26/07 18:00:05 VN)
[2026-07-26 19:46:06] [INFO] ▶ Kích hoạt: Giá H1 + Macro
[2026-07-26 19:46:36] [INFO] ✅ Giá H1 + Macro hoàn thành (attempt 1)
[2026-07-26 19:46:36] [Sync] Bắt đầu đẩy dữ liệu lên Github (Kích hoạt bởi: Giá H1 + Macro)...
[2026-07-26 19:46:40] [Sync] ✅ Đồng bộ Github thành công (Giá H1 + Macro)!
[2026-07-26 19:46:40] [INFO] ▶ Kích hoạt: Giá H4
[2026-07-26 19:46:48] [INFO] ✅ Giá H4 hoàn thành (attempt 1)
[2026-07-26 19:46:48] [Sync] Bắt đầu đẩy dữ liệu lên Github (Kích hoạt bởi: Giá H4)...
[2026-07-26 19:46:52] [Sync] ✅ Đồng bộ Github thành công (Giá H4)!
[2026-07-26 19:46:52] [INFO] ▶ Kích hoạt: Vĩ Mô (Macro)
[2026-07-26 19:46:55] [INFO] ✅ Vĩ Mô (Macro) hoàn thành (attempt 1)
[2026-07-26 19:46:55] [Sync] Bắt đầu đẩy dữ liệu lên Github (Kích hoạt bởi: Vĩ Mô (Macro))...
[2026-07-26 19:46:58] [Sync] ✅ Đồng bộ Github thành công (Vĩ Mô (Macro))!
[2026-07-26 19:46:58] [INFO] Đang quét tín hiệu Telegram Alarm (SMC)...
[2026-07-26 19:47:02] [INFO] Đang chạy cập nhật Hồ sơ mã (run_pro_plus) và tạo Dashboard (gen_dashboard)...
[2026-07-26 19:47:11] [Sync] Bắt đầu đẩy dữ liệu lên Github (Kích hoạt bởi: Cập nhật Phân tích & Giao diện)...
[2026-07-26 19:47:14] [Sync] ✅ Đồng bộ Github thành công (Cập nhật Phân tích & Giao diện)!
[2026-07-26 19:47:14] [INFO] ⏰ Đợi Giá H1: còn 0.21h (26/07 20:00:05 VN)
[2026-07-26 20:31:34] [INFO] ▶ Kích hoạt: Giá H1 + Macro
[2026-07-26 20:31:47] [INFO] ✅ Giá H1 + Macro hoàn thành (attempt 1)
[2026-07-26 20:31:47] [Sync] Bắt đầu đẩy dữ liệu lên Github (Kích hoạt bởi: Giá H1 + Macro)...
[2026-07-26 20:31:50] [Sync] ✅ Đồng bộ Github thành công (Giá H1 + Macro)!
[2026-07-26 20:31:50] [INFO] ▶ Kích hoạt: Giá H4
[2026-07-26 20:32:01] [INFO] ✅ Giá H4 hoàn thành (attempt 1)
[2026-07-26 20:32:01] [Sync] Bắt đầu đẩy dữ liệu lên Github (Kích hoạt bởi: Giá H4)...
[2026-07-26 20:32:04] [Sync] ✅ Đồng bộ Github thành công (Giá H4)!
[2026-07-26 20:32:04] [INFO] ▶ Kích hoạt: Vĩ Mô (Macro)
[2026-07-26 20:32:07] [INFO] ✅ Vĩ Mô (Macro) hoàn thành (attempt 1)
[2026-07-26 20:32:07] [Sync] Bắt đầu đẩy dữ liệu lên Github (Kích hoạt bởi: Vĩ Mô (Macro))...
[2026-07-26 20:32:11] [Sync] ✅ Đồng bộ Github thành công (Vĩ Mô (Macro))!
[2026-07-26 20:32:11] [INFO] Đang quét tín hiệu Telegram Alarm (SMC)...
[2026-07-26 20:32:12] [INFO] Đang chạy cập nhật Hồ sơ mã (run_pro_plus) và tạo Dashboard (gen_dashboard)...
[2026-07-26 20:32:19] [Sync] Bắt đầu đẩy dữ liệu lên Github (Kích hoạt bởi: Cập nhật Phân tích & Giao diện)...
[2026-07-26 20:32:23] [Sync] ✅ Đồng bộ Github thành công (Cập nhật Phân tích & Giao diện)!
[2026-07-26 20:32:23] [INFO] ⏰ Đợi Giá H1: còn 0.46h (26/07 21:00:05 VN)
[2026-07-26 20:56:41] [INFO] ▶ Kích hoạt: USDA Acreage
[2026-07-26 20:56:50] [INFO] ✅ USDA Acreage hoàn thành (attempt 1)
[2026-07-26 20:56:50] [Sync] Bắt đầu đẩy dữ liệu lên Github (Kích hoạt bởi: USDA Acreage)...
[2026-07-26 20:56:54] [Sync] ✅ Đồng bộ Github thành công (USDA Acreage)!
[2026-07-26 20:56:54] [INFO] ⏰ Đợi Acreage Reports: còn 8.55h (27/07 05:30:02 VN)
[2026-07-26 21:28:26] [INFO] ▶ Kích hoạt: Giá H1 + Macro
[2026-07-26 21:28:55] [INFO] ✅ Giá H1 + Macro hoàn thành (attempt 1)
[2026-07-26 21:28:55] [Sync] Bắt đầu đẩy dữ liệu lên Github (Kích hoạt bởi: Giá H1 + Macro)...
[2026-07-26 21:28:59] [Sync] ✅ Đồng bộ Github thành công (Giá H1 + Macro)!
[2026-07-26 21:28:59] [INFO] ▶ Kích hoạt: Giá H4
[2026-07-26 21:29:04] [INFO] ✅ Giá H4 hoàn thành (attempt 1)
[2026-07-26 21:29:04] [Sync] Bắt đầu đẩy dữ liệu lên Github (Kích hoạt bởi: Giá H4)...
[2026-07-26 21:29:07] [Sync] ✅ Đồng bộ Github thành công (Giá H4)!
[2026-07-26 21:29:07] [INFO] ▶ Kích hoạt: Vĩ Mô (Macro)
[2026-07-26 21:29:09] [INFO] ✅ Vĩ Mô (Macro) hoàn thành (attempt 1)
[2026-07-26 21:29:09] [Sync] Bắt đầu đẩy dữ liệu lên Github (Kích hoạt bởi: Vĩ Mô (Macro))...
[2026-07-26 21:29:12] [Sync] ✅ Đồng bộ Github thành công (Vĩ Mô (Macro))!
[2026-07-26 21:29:12] [INFO] Đang quét tín hiệu Telegram Alarm (SMC)...
[2026-07-26 21:29:15] [INFO] Đang chạy cập nhật Hồ sơ mã (run_pro_plus) và tạo Dashboard (gen_dashboard)...
[2026-07-26 21:29:22] [Sync] Bắt đầu đẩy dữ liệu lên Github (Kích hoạt bởi: Cập nhật Phân tích & Giao diện)...
[2026-07-26 21:29:26] [Sync] ✅ Đồng bộ Github thành công (Cập nhật Phân tích & Giao diện)!
[2026-07-26 21:29:26] [INFO] ⏰ Đợi Giá H1: còn 0.51h (26/07 22:00:05 VN)
[2026-07-26 21:55:02] [INFO] ▶ Kích hoạt: Thời Tiết Ngắn Hạn
[2026-07-26 21:55:29] [INFO] ✅ Thời Tiết Ngắn Hạn hoàn thành (attempt 1)
[2026-07-26 21:55:29] [Sync] Bắt đầu đẩy dữ liệu lên Github (Kích hoạt bởi: Thời Tiết Ngắn Hạn)...
[2026-07-26 21:55:32] [Sync] ✅ Đồng bộ Github thành công (Thời Tiết Ngắn Hạn)!
[2026-07-26 21:55:32] [INFO] ⏰ Đợi Weather Short: còn 8.07h (27/07 06:00:02 VN)
[2026-07-26 21:55:32] [INFO] ✅ AI Điểm Tin hoàn thành (attempt 1)
[2026-07-26 21:55:32] [Sync] Bắt đầu đẩy dữ liệu lên Github (Kích hoạt bởi: AI Điểm Tin)...
[2026-07-26 21:55:35] [Sync] ✅ Đồng bộ Github thành công (AI Điểm Tin)!
[2026-07-26 21:55:35] [INFO] ⏰ Đợi AI News: còn 8.07h (27/07 06:00:02 VN)
[2026-07-27 06:26:32] [INFO] ▶ Kích hoạt: Giá H1 + Macro
[2026-07-27 06:26:41] [INFO] ✅ Giá H1 + Macro hoàn thành (attempt 1)
[2026-07-27 06:26:41] [Sync] Bắt đầu đẩy dữ liệu lên Github (Kích hoạt bởi: Giá H1 + Macro)...
[2026-07-27 06:26:45] [Sync] ✅ Đồng bộ Github thành công (Giá H1 + Macro)!
[2026-07-27 06:26:45] [INFO] ▶ Kích hoạt: Giá H4
[2026-07-27 06:26:52] [INFO] ✅ Giá H4 hoàn thành (attempt 1)
[2026-07-27 06:26:52] [Sync] Bắt đầu đẩy dữ liệu lên Github (Kích hoạt bởi: Giá H4)...
[2026-07-27 06:26:55] [Sync] ✅ Đồng bộ Github thành công (Giá H4)!
[2026-07-27 06:26:55] [INFO] ▶ Kích hoạt: Vĩ Mô (Macro)
[2026-07-27 06:26:58] [INFO] ✅ Vĩ Mô (Macro) hoàn thành (attempt 1)
[2026-07-27 06:26:58] [Sync] Bắt đầu đẩy dữ liệu lên Github (Kích hoạt bởi: Vĩ Mô (Macro))...
[2026-07-27 06:27:01] [Sync] ✅ Đồng bộ Github thành công (Vĩ Mô (Macro))!
[2026-07-27 06:27:02] [INFO] Đang quét tín hiệu Telegram Alarm (SMC)...
[2026-07-27 06:27:03] [INFO] Đang chạy cập nhật Hồ sơ mã (run_pro_plus) và tạo Dashboard (gen_dashboard)...
[2026-07-27 06:27:10] [Sync] Bắt đầu đẩy dữ liệu lên Github (Kích hoạt bởi: Cập nhật Phân tích & Giao diện)...
[2026-07-27 06:27:15] [Sync] ✅ Đồng bộ Github thành công (Cập nhật Phân tích & Giao diện)!
[2026-07-27 06:27:15] [INFO] ⏰ Đợi Giá H1: còn 0.55h (27/07 07:00:05 VN)
[2026-07-27 06:51:30] [INFO] ▶ Kích hoạt: AI Phân Tích Chuyên Sâu
[2026-07-27 06:51:46] [INFO] ✅ AI Phân Tích Chuyên Sâu hoàn thành (attempt 1)
[2026-07-27 06:51:46] [Sync] Bắt đầu đẩy dữ liệu lên Github (Kích hoạt bởi: AI Phân Tích Chuyên Sâu)...
[2026-07-27 06:51:51] [Sync] ✅ Đồng bộ Github thành công (AI Phân Tích Chuyên Sâu)!
[2026-07-27 06:51:51] [INFO] ⏰ Đợi AI Phân Tích: còn 13.14h (27/07 20:00:02 VN)
[2026-07-27 07:00:05] [INFO] ▶ Kích hoạt: Giá H1 + Macro
[2026-07-27 07:00:15] [INFO] ✅ Giá H1 + Macro hoàn thành (attempt 1)
[2026-07-27 07:00:15] [Sync] Bắt đầu đẩy dữ liệu lên Github (Kích hoạt bởi: Giá H1 + Macro)...
[2026-07-27 07:00:18] [Sync] ✅ Đồng bộ Github thành công (Giá H1 + Macro)!
[2026-07-27 07:00:18] [INFO] ▶ Kích hoạt: Giá H4
[2026-07-27 07:00:26] [INFO] ✅ Giá H4 hoàn thành (attempt 1)
[2026-07-27 07:00:26] [Sync] Bắt đầu đẩy dữ liệu lên Github (Kích hoạt bởi: Giá H4)...
[2026-07-27 07:00:30] [Sync] ✅ Đồng bộ Github thành công (Giá H4)!
[2026-07-27 07:00:30] [INFO] ▶ Kích hoạt: Vĩ Mô (Macro)
[2026-07-27 07:00:33] [INFO] ✅ Vĩ Mô (Macro) hoàn thành (attempt 1)
[2026-07-27 07:00:33] [Sync] Bắt đầu đẩy dữ liệu lên Github (Kích hoạt bởi: Vĩ Mô (Macro))...
[2026-07-27 07:00:37] [Sync] ✅ Đồng bộ Github thành công (Vĩ Mô (Macro))!
[2026-07-27 07:00:37] [INFO] Đang quét tín hiệu Telegram Alarm (SMC)...
[2026-07-27 07:00:38] [INFO] Đang chạy cập nhật Hồ sơ mã (run_pro_plus) và tạo Dashboard (gen_dashboard)...
[2026-07-27 07:00:45] [Sync] Bắt đầu đẩy dữ liệu lên Github (Kích hoạt bởi: Cập nhật Phân tích & Giao diện)...
[2026-07-27 07:00:49] [Sync] ✅ Đồng bộ Github thành công (Cập nhật Phân tích & Giao diện)!
[2026-07-27 07:00:49] [INFO] ⏰ Đợi Giá H1: còn 0.99h (27/07 08:00:05 VN)
[2026-07-27 07:21:30] [INFO] ▶ Kích hoạt: AI Điểm Tin Biển Đen
[2026-07-27 07:22:03] [INFO] ✅ AI Điểm Tin Biển Đen hoàn thành (attempt 1)
[2026-07-27 07:22:03] [Sync] Bắt đầu đẩy dữ liệu lên Github (Kích hoạt bởi: AI Điểm Tin Biển Đen)...
[2026-07-27 07:22:07] [Sync] ✅ Đồng bộ Github thành công (AI Điểm Tin Biển Đen)!
[2026-07-27 07:22:07] [INFO] ⏰ Đợi Black Sea News: còn 47.63h (29/07 07:00:02 VN)
[2026-07-27 08:00:05] [INFO] ▶ Kích hoạt: Giá H1 + Macro
[2026-07-27 08:00:28] [INFO] ✅ Giá H1 + Macro hoàn thành (attempt 1)
[2026-07-27 08:00:28] [Sync] Bắt đầu đẩy dữ liệu lên Github (Kích hoạt bởi: Giá H1 + Macro)...
[2026-07-27 08:00:32] [Sync] ✅ Đồng bộ Github thành công (Giá H1 + Macro)!
[2026-07-27 08:00:32] [INFO] ▶ Kích hoạt: Giá H4
[2026-07-27 08:00:40] [INFO] ✅ Giá H4 hoàn thành (attempt 1)
[2026-07-27 08:00:40] [Sync] Bắt đầu đẩy dữ liệu lên Github (Kích hoạt bởi: Giá H4)...
[2026-07-27 08:00:44] [Sync] ✅ Đồng bộ Github thành công (Giá H4)!
[2026-07-27 08:00:44] [INFO] ▶ Kích hoạt: Vĩ Mô (Macro)
[2026-07-27 08:00:48] [INFO] ✅ Vĩ Mô (Macro) hoàn thành (attempt 1)
[2026-07-27 08:00:48] [Sync] Bắt đầu đẩy dữ liệu lên Github (Kích hoạt bởi: Vĩ Mô (Macro))...
[2026-07-27 08:00:52] [Sync] ✅ Đồng bộ Github thành công (Vĩ Mô (Macro))!
[2026-07-27 08:00:52] [INFO] Đang quét tín hiệu Telegram Alarm (SMC)...
[2026-07-27 08:00:59] [INFO] Đang chạy cập nhật Hồ sơ mã (run_pro_plus) và tạo Dashboard (gen_dashboard)...
[2026-07-27 08:01:08] [Sync] Bắt đầu đẩy dữ liệu lên Github (Kích hoạt bởi: Cập nhật Phân tích & Giao diện)...
[2026-07-27 08:01:11] [Sync] ✅ Đồng bộ Github thành công (Cập nhật Phân tích & Giao diện)!
[2026-07-27 08:01:11] [INFO] ⏰ Đợi Giá H1: còn 0.98h (27/07 09:00:05 VN)
[2026-07-27 09:00:05] [INFO] ▶ Kích hoạt: Giá H1 + Macro
[2026-07-27 09:00:18] [INFO] ✅ Giá H1 + Macro hoàn thành (attempt 1)
[2026-07-27 09:00:18] [Sync] Bắt đầu đẩy dữ liệu lên Github (Kích hoạt bởi: Giá H1 + Macro)...
[2026-07-27 09:00:22] [Sync] ✅ Đồng bộ Github thành công (Giá H1 + Macro)!
[2026-07-27 09:00:22] [INFO] ▶ Kích hoạt: Giá H4
[2026-07-27 09:00:29] [INFO] ✅ Giá H4 hoàn thành (attempt 1)
[2026-07-27 09:00:29] [Sync] Bắt đầu đẩy dữ liệu lên Github (Kích hoạt bởi: Giá H4)...
[2026-07-27 09:00:33] [Sync] ✅ Đồng bộ Github thành công (Giá H4)!
[2026-07-27 09:00:33] [INFO] ▶ Kích hoạt: Vĩ Mô (Macro)
[2026-07-27 09:00:36] [INFO] ✅ Vĩ Mô (Macro) hoàn thành (attempt 1)
[2026-07-27 09:00:36] [Sync] Bắt đầu đẩy dữ liệu lên Github (Kích hoạt bởi: Vĩ Mô (Macro))...
[2026-07-27 09:00:40] [Sync] ✅ Đồng bộ Github thành công (Vĩ Mô (Macro))!
[2026-07-27 09:00:40] [INFO] Đang quét tín hiệu Telegram Alarm (SMC)...
[2026-07-27 09:00:41] [INFO] Đang chạy cập nhật Hồ sơ mã (run_pro_plus) và tạo Dashboard (gen_dashboard)...
[2026-07-27 09:00:49] [Sync] Bắt đầu đẩy dữ liệu lên Github (Kích hoạt bởi: Cập nhật Phân tích & Giao diện)...
[2026-07-27 09:00:54] [Sync] ✅ Đồng bộ Github thành công (Cập nhật Phân tích & Giao diện)!
[2026-07-27 09:00:54] [INFO] ⏰ Đợi Giá H1: còn 0.99h (27/07 10:00:05 VN)
[2026-07-27 10:00:05] [INFO] ▶ Kích hoạt: Giá H1 + Macro
[2026-07-27 10:00:23] [INFO] ✅ Giá H1 + Macro hoàn thành (attempt 1)
[2026-07-27 10:00:23] [Sync] Bắt đầu đẩy dữ liệu lên Github (Kích hoạt bởi: Giá H1 + Macro)...
[2026-07-27 10:00:27] [Sync] ✅ Đồng bộ Github thành công (Giá H1 + Macro)!
[2026-07-27 10:00:27] [INFO] ▶ Kích hoạt: Giá H4
[2026-07-27 10:00:33] [INFO] ✅ Giá H4 hoàn thành (attempt 1)
[2026-07-27 10:00:33] [Sync] Bắt đầu đẩy dữ liệu lên Github (Kích hoạt bởi: Giá H4)...
[2026-07-27 10:00:36] [Sync] ✅ Đồng bộ Github thành công (Giá H4)!
[2026-07-27 10:00:36] [INFO] ▶ Kích hoạt: Vĩ Mô (Macro)
[2026-07-27 10:00:39] [INFO] ✅ Vĩ Mô (Macro) hoàn thành (attempt 1)
[2026-07-27 10:00:39] [Sync] Bắt đầu đẩy dữ liệu lên Github (Kích hoạt bởi: Vĩ Mô (Macro))...
[2026-07-27 10:00:43] [Sync] ✅ Đồng bộ Github thành công (Vĩ Mô (Macro))!
[2026-07-27 10:00:43] [INFO] Đang quét tín hiệu Telegram Alarm (SMC)...
[2026-07-27 10:00:48] [INFO] Đang chạy cập nhật Hồ sơ mã (run_pro_plus) và tạo Dashboard (gen_dashboard)...
[2026-07-27 10:00:55] [Sync] Bắt đầu đẩy dữ liệu lên Github (Kích hoạt bởi: Cập nhật Phân tích & Giao diện)...
[2026-07-27 10:01:00] [Sync] ✅ Đồng bộ Github thành công (Cập nhật Phân tích & Giao diện)!
[2026-07-27 10:01:00] [INFO] ⏰ Đợi Giá H1: còn 0.98h (27/07 11:00:05 VN)
[2026-07-27 11:00:05] [INFO] ▶ Kích hoạt: Giá H1 + Macro
[2026-07-27 11:00:21] [INFO] ✅ Giá H1 + Macro hoàn thành (attempt 1)
[2026-07-27 11:00:21] [Sync] Bắt đầu đẩy dữ liệu lên Github (Kích hoạt bởi: Giá H1 + Macro)...
[2026-07-27 11:00:24] [Sync] ✅ Đồng bộ Github thành công (Giá H1 + Macro)!
[2026-07-27 11:00:24] [INFO] ▶ Kích hoạt: Giá H4
[2026-07-27 11:00:33] [INFO] ✅ Giá H4 hoàn thành (attempt 1)
[2026-07-27 11:00:33] [Sync] Bắt đầu đẩy dữ liệu lên Github (Kích hoạt bởi: Giá H4)...
[2026-07-27 11:00:36] [Sync] ✅ Đồng bộ Github thành công (Giá H4)!
[2026-07-27 11:00:36] [INFO] ▶ Kích hoạt: Vĩ Mô (Macro)
[2026-07-27 11:00:39] [INFO] ✅ Vĩ Mô (Macro) hoàn thành (attempt 1)
[2026-07-27 11:00:39] [Sync] Bắt đầu đẩy dữ liệu lên Github (Kích hoạt bởi: Vĩ Mô (Macro))...
[2026-07-27 11:00:43] [Sync] ✅ Đồng bộ Github thành công (Vĩ Mô (Macro))!
[2026-07-27 11:00:43] [INFO] Đang quét tín hiệu Telegram Alarm (SMC)...
[2026-07-27 11:00:45] [INFO] Đang chạy cập nhật Hồ sơ mã (run_pro_plus) và tạo Dashboard (gen_dashboard)...
[2026-07-27 11:00:52] [Sync] Bắt đầu đẩy dữ liệu lên Github (Kích hoạt bởi: Cập nhật Phân tích & Giao diện)...
[2026-07-27 11:00:56] [Sync] ✅ Đồng bộ Github thành công (Cập nhật Phân tích & Giao diện)!
[2026-07-27 11:00:56] [INFO] ⏰ Đợi Giá H1: còn 0.99h (27/07 12:00:05 VN)
[2026-07-27 12:00:05] [INFO] ▶ Kích hoạt: Giá H1 + Macro
[2026-07-27 12:00:21] [INFO] ✅ Giá H1 + Macro hoàn thành (attempt 1)
[2026-07-27 12:00:21] [Sync] Bắt đầu đẩy dữ liệu lên Github (Kích hoạt bởi: Giá H1 + Macro)...
[2026-07-27 12:00:25] [Sync] ✅ Đồng bộ Github thành công (Giá H1 + Macro)!
[2026-07-27 12:00:25] [INFO] ▶ Kích hoạt: Giá H4
[2026-07-27 12:00:31] [INFO] ✅ Giá H4 hoàn thành (attempt 1)
[2026-07-27 12:00:31] [Sync] Bắt đầu đẩy dữ liệu lên Github (Kích hoạt bởi: Giá H4)...
[2026-07-27 12:00:35] [Sync] ✅ Đồng bộ Github thành công (Giá H4)!
[2026-07-27 12:00:35] [INFO] ▶ Kích hoạt: Vĩ Mô (Macro)
[2026-07-27 12:00:37] [INFO] ✅ Vĩ Mô (Macro) hoàn thành (attempt 1)
[2026-07-27 12:00:37] [Sync] Bắt đầu đẩy dữ liệu lên Github (Kích hoạt bởi: Vĩ Mô (Macro))...
[2026-07-27 12:00:41] [Sync] ✅ Đồng bộ Github thành công (Vĩ Mô (Macro))!
[2026-07-27 12:00:41] [INFO] Đang quét tín hiệu Telegram Alarm (SMC)...
[2026-07-27 12:00:43] [INFO] Đang chạy cập nhật Hồ sơ mã (run_pro_plus) và tạo Dashboard (gen_dashboard)...
[2026-07-27 12:00:50] [Sync] Bắt đầu đẩy dữ liệu lên Github (Kích hoạt bởi: Cập nhật Phân tích & Giao diện)...
[2026-07-27 12:00:53] [Sync] ✅ Đồng bộ Github thành công (Cập nhật Phân tích & Giao diện)!
[2026-07-27 12:00:53] [INFO] ⏰ Đợi Giá H1: còn 0.99h (27/07 13:00:05 VN)
[2026-07-27 13:00:05] [INFO] ▶ Kích hoạt: Giá H1 + Macro
[2026-07-27 13:00:18] [INFO] ✅ Giá H1 + Macro hoàn thành (attempt 1)
[2026-07-27 13:00:18] [Sync] Bắt đầu đẩy dữ liệu lên Github (Kích hoạt bởi: Giá H1 + Macro)...
[2026-07-27 13:00:22] [Sync] ✅ Đồng bộ Github thành công (Giá H1 + Macro)!
[2026-07-27 13:00:22] [INFO] ▶ Kích hoạt: Giá H4
[2026-07-27 13:00:28] [INFO] ✅ Giá H4 hoàn thành (attempt 1)
[2026-07-27 13:00:28] [Sync] Bắt đầu đẩy dữ liệu lên Github (Kích hoạt bởi: Giá H4)...
[2026-07-27 13:00:31] [Sync] ✅ Đồng bộ Github thành công (Giá H4)!
[2026-07-27 13:00:31] [INFO] ▶ Kích hoạt: Vĩ Mô (Macro)
[2026-07-27 13:00:34] [INFO] ✅ Vĩ Mô (Macro) hoàn thành (attempt 1)
[2026-07-27 13:00:34] [Sync] Bắt đầu đẩy dữ liệu lên Github (Kích hoạt bởi: Vĩ Mô (Macro))...
[2026-07-27 13:00:38] [Sync] ✅ Đồng bộ Github thành công (Vĩ Mô (Macro))!
[2026-07-27 13:00:38] [INFO] Đang quét tín hiệu Telegram Alarm (SMC)...
[2026-07-27 13:00:39] [INFO] Đang chạy cập nhật Hồ sơ mã (run_pro_plus) và tạo Dashboard (gen_dashboard)...
[2026-07-27 13:00:46] [Sync] Bắt đầu đẩy dữ liệu lên Github (Kích hoạt bởi: Cập nhật Phân tích & Giao diện)...
[2026-07-27 13:00:49] [Sync] ✅ Đồng bộ Github thành công (Cập nhật Phân tích & Giao diện)!
[2026-07-27 13:00:49] [INFO] ⏰ Đợi Giá H1: còn 0.99h (27/07 14:00:05 VN)
[2026-07-27 14:00:05] [INFO] ▶ Kích hoạt: Giá H1 + Macro
[2026-07-27 14:00:28] [INFO] ✅ Giá H1 + Macro hoàn thành (attempt 1)
[2026-07-27 14:00:28] [Sync] Bắt đầu đẩy dữ liệu lên Github (Kích hoạt bởi: Giá H1 + Macro)...
[2026-07-27 14:00:32] [Sync] ✅ Đồng bộ Github thành công (Giá H1 + Macro)!
[2026-07-27 14:00:32] [INFO] ▶ Kích hoạt: Giá H4
[2026-07-27 14:00:39] [INFO] ✅ Giá H4 hoàn thành (attempt 1)
[2026-07-27 14:00:39] [Sync] Bắt đầu đẩy dữ liệu lên Github (Kích hoạt bởi: Giá H4)...
[2026-07-27 14:00:42] [Sync] ✅ Đồng bộ Github thành công (Giá H4)!
[2026-07-27 14:00:42] [INFO] ▶ Kích hoạt: Vĩ Mô (Macro)
[2026-07-27 14:00:46] [INFO] ✅ Vĩ Mô (Macro) hoàn thành (attempt 1)
[2026-07-27 14:00:46] [Sync] Bắt đầu đẩy dữ liệu lên Github (Kích hoạt bởi: Vĩ Mô (Macro))...
[2026-07-27 14:00:49] [Sync] ✅ Đồng bộ Github thành công (Vĩ Mô (Macro))!
[2026-07-27 14:00:50] [INFO] Đang quét tín hiệu Telegram Alarm (SMC)...
[2026-07-27 14:00:54] [INFO] Đang chạy cập nhật Hồ sơ mã (run_pro_plus) và tạo Dashboard (gen_dashboard)...
[2026-07-27 14:01:02] [Sync] Bắt đầu đẩy dữ liệu lên Github (Kích hoạt bởi: Cập nhật Phân tích & Giao diện)...
[2026-07-27 14:01:07] [Sync] ✅ Đồng bộ Github thành công (Cập nhật Phân tích & Giao diện)!
[2026-07-27 14:01:07] [INFO] ⏰ Đợi Giá H1: còn 0.98h (27/07 15:00:05 VN)
[2026-07-27 14:24:50] [INFO] ▶ Kích hoạt: USDA Acreage
[2026-07-27 14:24:59] [INFO] ✅ USDA Acreage hoàn thành (attempt 1)
[2026-07-27 14:24:59] [Sync] Bắt đầu đẩy dữ liệu lên Github (Kích hoạt bởi: USDA Acreage)...
[2026-07-27 14:25:02] [Sync] ✅ Đồng bộ Github thành công (USDA Acreage)!
[2026-07-27 14:25:02] [INFO] ⏰ Đợi Acreage Reports: còn 15.08h (28/07 05:30:02 VN)
[2026-07-27 14:26:29] [INFO] ▶ Kích hoạt: Thời Tiết Ngắn Hạn
[2026-07-27 14:26:29] [INFO] ▶ Kích hoạt: AI Điểm Tin
[2026-07-27 14:26:57] [INFO] ✅ Thời Tiết Ngắn Hạn hoàn thành (attempt 1)
[2026-07-27 14:26:57] [Sync] Bắt đầu đẩy dữ liệu lên Github (Kích hoạt bởi: Thời Tiết Ngắn Hạn)...
[2026-07-27 14:27:00] [Sync] ✅ Đồng bộ Github thành công (Thời Tiết Ngắn Hạn)!
[2026-07-27 14:27:00] [INFO] ⏰ Đợi Weather Short: còn 15.55h (28/07 06:00:02 VN)
[2026-07-27 14:27:03] [INFO] ✅ AI Điểm Tin hoàn thành (attempt 1)
[2026-07-27 14:27:03] [Sync] Bắt đầu đẩy dữ liệu lên Github (Kích hoạt bởi: AI Điểm Tin)...
[2026-07-27 14:27:07] [Sync] ✅ Đồng bộ Github thành công (AI Điểm Tin)!
[2026-07-27 14:27:07] [INFO] ⏰ Đợi AI News: còn 5.55h (27/07 20:00:02 VN)
[2026-07-27 15:00:05] [INFO] ▶ Kích hoạt: Giá H1 + Macro
[2026-07-27 15:00:27] [INFO] ✅ Giá H1 + Macro hoàn thành (attempt 1)
[2026-07-27 15:00:27] [Sync] Bắt đầu đẩy dữ liệu lên Github (Kích hoạt bởi: Giá H1 + Macro)...
[2026-07-27 15:00:30] [Sync] ✅ Đồng bộ Github thành công (Giá H1 + Macro)!
[2026-07-27 15:00:30] [INFO] ▶ Kích hoạt: Giá H4
[2026-07-27 15:00:48] [INFO] ✅ Giá H4 hoàn thành (attempt 1)
[2026-07-27 15:00:48] [Sync] Bắt đầu đẩy dữ liệu lên Github (Kích hoạt bởi: Giá H4)...
[2026-07-27 15:00:52] [Sync] ✅ Đồng bộ Github thành công (Giá H4)!
[2026-07-27 15:00:52] [INFO] ▶ Kích hoạt: Vĩ Mô (Macro)
[2026-07-27 15:00:55] [INFO] ✅ Vĩ Mô (Macro) hoàn thành (attempt 1)
[2026-07-27 15:00:55] [Sync] Bắt đầu đẩy dữ liệu lên Github (Kích hoạt bởi: Vĩ Mô (Macro))...
[2026-07-27 15:00:58] [Sync] ✅ Đồng bộ Github thành công (Vĩ Mô (Macro))!
[2026-07-27 15:00:59] [INFO] Đang quét tín hiệu Telegram Alarm (SMC)...
[2026-07-27 15:01:00] [INFO] Đang chạy cập nhật Hồ sơ mã (run_pro_plus) và tạo Dashboard (gen_dashboard)...
[2026-07-27 15:01:07] [Sync] Bắt đầu đẩy dữ liệu lên Github (Kích hoạt bởi: Cập nhật Phân tích & Giao diện)...
[2026-07-27 15:01:12] [Sync] ✅ Đồng bộ Github thành công (Cập nhật Phân tích & Giao diện)!
[2026-07-27 15:01:12] [INFO] ⏰ Đợi Giá H1: còn 0.98h (27/07 16:00:05 VN)
[2026-07-27 16:00:05] [INFO] ▶ Kích hoạt: Giá H1 + Macro
[2026-07-27 16:00:19] [INFO] ✅ Giá H1 + Macro hoàn thành (attempt 1)
[2026-07-27 16:00:19] [Sync] Bắt đầu đẩy dữ liệu lên Github (Kích hoạt bởi: Giá H1 + Macro)...
[2026-07-27 16:00:23] [Sync] ✅ Đồng bộ Github thành công (Giá H1 + Macro)!
[2026-07-27 16:00:23] [INFO] ▶ Kích hoạt: Giá H4
[2026-07-27 16:00:51] [INFO] ✅ Giá H4 hoàn thành (attempt 1)
[2026-07-27 16:00:51] [Sync] Bắt đầu đẩy dữ liệu lên Github (Kích hoạt bởi: Giá H4)...
[2026-07-27 16:00:56] [Sync] ✅ Đồng bộ Github thành công (Giá H4)!
[2026-07-27 16:00:56] [INFO] ▶ Kích hoạt: Vĩ Mô (Macro)
[2026-07-27 16:00:59] [INFO] ✅ Vĩ Mô (Macro) hoàn thành (attempt 1)
[2026-07-27 16:00:59] [Sync] Bắt đầu đẩy dữ liệu lên Github (Kích hoạt bởi: Vĩ Mô (Macro))...
[2026-07-27 16:01:02] [Sync] ✅ Đồng bộ Github thành công (Vĩ Mô (Macro))!
[2026-07-27 16:01:02] [INFO] Đang quét tín hiệu Telegram Alarm (SMC)...
[2026-07-27 16:01:07] [INFO] Đang chạy cập nhật Hồ sơ mã (run_pro_plus) và tạo Dashboard (gen_dashboard)...
[2026-07-27 16:01:14] [Sync] Bắt đầu đẩy dữ liệu lên Github (Kích hoạt bởi: Cập nhật Phân tích & Giao diện)...
[2026-07-27 16:01:19] [Sync] ✅ Đồng bộ Github thành công (Cập nhật Phân tích & Giao diện)!
[2026-07-27 16:01:19] [INFO] ⏰ Đợi Giá H1: còn 0.98h (27/07 17:00:05 VN)
[2026-07-27 17:00:05] [INFO] ▶ Kích hoạt: Giá H1 + Macro
[2026-07-27 17:00:17] [INFO] ✅ Giá H1 + Macro hoàn thành (attempt 1)
[2026-07-27 17:00:17] [Sync] Bắt đầu đẩy dữ liệu lên Github (Kích hoạt bởi: Giá H1 + Macro)...
[2026-07-27 17:00:21] [Sync] ✅ Đồng bộ Github thành công (Giá H1 + Macro)!
[2026-07-27 17:00:21] [INFO] ▶ Kích hoạt: Giá H4
[2026-07-27 17:00:27] [INFO] ✅ Giá H4 hoàn thành (attempt 1)
[2026-07-27 17:00:27] [Sync] Bắt đầu đẩy dữ liệu lên Github (Kích hoạt bởi: Giá H4)...
[2026-07-27 17:00:31] [Sync] ✅ Đồng bộ Github thành công (Giá H4)!
[2026-07-27 17:00:31] [INFO] ▶ Kích hoạt: Vĩ Mô (Macro)
[2026-07-27 17:00:34] [INFO] ✅ Vĩ Mô (Macro) hoàn thành (attempt 1)
[2026-07-27 17:00:34] [Sync] Bắt đầu đẩy dữ liệu lên Github (Kích hoạt bởi: Vĩ Mô (Macro))...
[2026-07-27 17:00:37] [Sync] ✅ Đồng bộ Github thành công (Vĩ Mô (Macro))!
[2026-07-27 17:00:37] [INFO] Đang quét tín hiệu Telegram Alarm (SMC)...
[2026-07-27 17:00:42] [INFO] Đang chạy cập nhật Hồ sơ mã (run_pro_plus) và tạo Dashboard (gen_dashboard)...
[2026-07-27 17:00:49] [Sync] Bắt đầu đẩy dữ liệu lên Github (Kích hoạt bởi: Cập nhật Phân tích & Giao diện)...
[2026-07-27 17:00:52] [Sync] ✅ Đồng bộ Github thành công (Cập nhật Phân tích & Giao diện)!
[2026-07-27 17:00:52] [INFO] ⏰ Đợi Giá H1: còn 0.99h (27/07 18:00:05 VN)
[2026-07-27 19:17:25] [INFO] ▶ Kích hoạt: Giá H1 + Macro
[2026-07-27 19:17:56] [INFO] ✅ Giá H1 + Macro hoàn thành (attempt 1)
[2026-07-27 19:17:57] [Sync] Bắt đầu đẩy dữ liệu lên Github (Kích hoạt bởi: Giá H1 + Macro)...
[2026-07-27 19:18:02] [Sync] ✅ Đồng bộ Github thành công (Giá H1 + Macro)!
[2026-07-27 19:18:02] [INFO] ▶ Kích hoạt: Giá H4
[2026-07-27 19:18:07] [INFO] ✅ Giá H4 hoàn thành (attempt 1)
[2026-07-27 19:18:07] [Sync] Bắt đầu đẩy dữ liệu lên Github (Kích hoạt bởi: Giá H4)...
[2026-07-27 19:18:11] [Sync] ✅ Đồng bộ Github thành công (Giá H4)!
[2026-07-27 19:18:11] [INFO] ▶ Kích hoạt: Vĩ Mô (Macro)
[2026-07-27 19:18:15] [INFO] ✅ Vĩ Mô (Macro) hoàn thành (attempt 1)
[2026-07-27 19:18:15] [Sync] Bắt đầu đẩy dữ liệu lên Github (Kích hoạt bởi: Vĩ Mô (Macro))...
[2026-07-27 19:18:18] [Sync] ✅ Đồng bộ Github thành công (Vĩ Mô (Macro))!
[2026-07-27 19:18:19] [INFO] Đang quét tín hiệu Telegram Alarm (SMC)...
[2026-07-27 19:18:27] [INFO] Đang chạy cập nhật Hồ sơ mã (run_pro_plus) và tạo Dashboard (gen_dashboard)...
[2026-07-27 19:18:34] [Sync] Bắt đầu đẩy dữ liệu lên Github (Kích hoạt bởi: Cập nhật Phân tích & Giao diện)...
[2026-07-27 19:18:38] [Sync] ✅ Đồng bộ Github thành công (Cập nhật Phân tích & Giao diện)!
[2026-07-27 19:18:38] [INFO] ⏰ Đợi Giá H1: còn 0.69h (27/07 20:00:05 VN)
[2026-07-27 20:26:08] [INFO] ▶ Kích hoạt: Giá H1 + Macro
[2026-07-27 20:26:33] [INFO] ✅ Giá H1 + Macro hoàn thành (attempt 1)
[2026-07-27 20:26:34] [Sync] Bắt đầu đẩy dữ liệu lên Github (Kích hoạt bởi: Giá H1 + Macro)...
[2026-07-27 20:26:38] [Sync] ✅ Đồng bộ Github thành công (Giá H1 + Macro)!
[2026-07-27 20:26:38] [INFO] ▶ Kích hoạt: Giá H4
[2026-07-27 20:26:45] [INFO] ✅ Giá H4 hoàn thành (attempt 1)
[2026-07-27 20:26:45] [Sync] Bắt đầu đẩy dữ liệu lên Github (Kích hoạt bởi: Giá H4)...
[2026-07-27 20:26:50] [Sync] ✅ Đồng bộ Github thành công (Giá H4)!
[2026-07-27 20:26:50] [INFO] ▶ Kích hoạt: Vĩ Mô (Macro)
[2026-07-27 20:26:53] [INFO] ✅ Vĩ Mô (Macro) hoàn thành (attempt 1)
[2026-07-27 20:26:53] [Sync] Bắt đầu đẩy dữ liệu lên Github (Kích hoạt bởi: Vĩ Mô (Macro))...
[2026-07-27 20:26:57] [Sync] ✅ Đồng bộ Github thành công (Vĩ Mô (Macro))!
[2026-07-27 20:26:57] [INFO] Đang quét tín hiệu Telegram Alarm (SMC)...
[2026-07-27 20:27:01] [INFO] Đang chạy cập nhật Hồ sơ mã (run_pro_plus) và tạo Dashboard (gen_dashboard)...
[2026-07-27 20:27:09] [Sync] Bắt đầu đẩy dữ liệu lên Github (Kích hoạt bởi: Cập nhật Phân tích & Giao diện)...
[2026-07-27 20:27:12] [Sync] ✅ Đồng bộ Github thành công (Cập nhật Phân tích & Giao diện)!
[2026-07-27 20:27:12] [INFO] ⏰ Đợi Giá H1: còn 0.55h (27/07 21:00:05 VN)
[2026-07-27 21:00:05] [INFO] ▶ Kích hoạt: Giá H1 + Macro
[2026-07-27 21:00:17] [INFO] ✅ Giá H1 + Macro hoàn thành (attempt 1)
[2026-07-27 21:00:17] [Sync] Bắt đầu đẩy dữ liệu lên Github (Kích hoạt bởi: Giá H1 + Macro)...
[2026-07-27 21:00:21] [Sync] ✅ Đồng bộ Github thành công (Giá H1 + Macro)!
[2026-07-27 21:00:21] [INFO] ▶ Kích hoạt: Giá H4
[2026-07-27 21:00:28] [INFO] ✅ Giá H4 hoàn thành (attempt 1)
[2026-07-27 21:00:28] [Sync] Bắt đầu đẩy dữ liệu lên Github (Kích hoạt bởi: Giá H4)...
[2026-07-27 21:00:32] [Sync] ✅ Đồng bộ Github thành công (Giá H4)!
[2026-07-27 21:00:32] [INFO] ▶ Kích hoạt: Vĩ Mô (Macro)
[2026-07-27 21:00:35] [INFO] ✅ Vĩ Mô (Macro) hoàn thành (attempt 1)
[2026-07-27 21:00:35] [Sync] Bắt đầu đẩy dữ liệu lên Github (Kích hoạt bởi: Vĩ Mô (Macro))...
[2026-07-27 21:00:38] [Sync] ✅ Đồng bộ Github thành công (Vĩ Mô (Macro))!
[2026-07-27 21:00:38] [INFO] Đang quét tín hiệu Telegram Alarm (SMC)...
[2026-07-27 21:00:40] [INFO] Đang chạy cập nhật Hồ sơ mã (run_pro_plus) và tạo Dashboard (gen_dashboard)...
[2026-07-27 21:00:47] [Sync] Bắt đầu đẩy dữ liệu lên Github (Kích hoạt bởi: Cập nhật Phân tích & Giao diện)...
[2026-07-27 21:00:51] [Sync] ✅ Đồng bộ Github thành công (Cập nhật Phân tích & Giao diện)!
[2026-07-27 21:00:51] [INFO] ⏰ Đợi Giá H1: còn 0.99h (27/07 22:00:05 VN)
[2026-07-27 21:43:26] [INFO] ▶ Kích hoạt: AI Phân Tích Chuyên Sâu
[2026-07-27 21:43:45] [INFO] ✅ AI Phân Tích Chuyên Sâu hoàn thành (attempt 1)
[2026-07-27 21:43:45] [Sync] Bắt đầu đẩy dữ liệu lên Github (Kích hoạt bởi: AI Phân Tích Chuyên Sâu)...
[2026-07-27 21:43:49] [Sync] ✅ Đồng bộ Github thành công (AI Phân Tích Chuyên Sâu)!
[2026-07-27 21:43:49] [INFO] ⏰ Đợi AI Phân Tích: còn 8.77h (28/07 06:30:02 VN)
[2026-07-27 21:43:54] [INFO] ✅ AI Điểm Tin hoàn thành (attempt 1)
[2026-07-27 21:43:54] [Sync] Bắt đầu đẩy dữ liệu lên Github (Kích hoạt bởi: AI Điểm Tin)...
[2026-07-27 21:43:57] [Sync] ✅ Đồng bộ Github thành công (AI Điểm Tin)!
[2026-07-27 21:43:57] [INFO] ⏰ Đợi AI News: còn 8.27h (28/07 06:00:02 VN)
[2026-07-27 22:00:05] [INFO] ▶ Kích hoạt: Giá H1 + Macro
[2026-07-27 22:00:16] [INFO] ✅ Giá H1 + Macro hoàn thành (attempt 1)
[2026-07-27 22:00:16] [Sync] Bắt đầu đẩy dữ liệu lên Github (Kích hoạt bởi: Giá H1 + Macro)...
[2026-07-27 22:00:21] [Sync] ✅ Đồng bộ Github thành công (Giá H1 + Macro)!
[2026-07-27 22:00:21] [INFO] ▶ Kích hoạt: Giá H4
[2026-07-27 22:00:28] [INFO] ✅ Giá H4 hoàn thành (attempt 1)
[2026-07-27 22:00:28] [Sync] Bắt đầu đẩy dữ liệu lên Github (Kích hoạt bởi: Giá H4)...
[2026-07-27 22:00:31] [Sync] ✅ Đồng bộ Github thành công (Giá H4)!
[2026-07-27 22:00:31] [INFO] ▶ Kích hoạt: Vĩ Mô (Macro)
[2026-07-27 22:00:35] [INFO] ✅ Vĩ Mô (Macro) hoàn thành (attempt 1)
[2026-07-27 22:00:35] [Sync] Bắt đầu đẩy dữ liệu lên Github (Kích hoạt bởi: Vĩ Mô (Macro))...
[2026-07-27 22:00:38] [Sync] ✅ Đồng bộ Github thành công (Vĩ Mô (Macro))!
[2026-07-27 22:00:38] [INFO] Đang quét tín hiệu Telegram Alarm (SMC)...
[2026-07-27 22:00:40] [INFO] Đang chạy cập nhật Hồ sơ mã (run_pro_plus) và tạo Dashboard (gen_dashboard)...
[2026-07-27 22:00:46] [Sync] Bắt đầu đẩy dữ liệu lên Github (Kích hoạt bởi: Cập nhật Phân tích & Giao diện)...
[2026-07-27 22:00:51] [Sync] ✅ Đồng bộ Github thành công (Cập nhật Phân tích & Giao diện)!
[2026-07-27 22:00:51] [INFO] ⏰ Đợi Giá H1: còn 0.99h (27/07 23:00:05 VN)
[2026-07-27 23:00:05] [INFO] ▶ Kích hoạt: Giá H1 + Macro
[2026-07-27 23:00:18] [INFO] ✅ Giá H1 + Macro hoàn thành (attempt 1)
[2026-07-27 23:00:18] [Sync] Bắt đầu đẩy dữ liệu lên Github (Kích hoạt bởi: Giá H1 + Macro)...
[2026-07-27 23:00:21] [Sync] ✅ Đồng bộ Github thành công (Giá H1 + Macro)!
[2026-07-27 23:00:21] [INFO] ▶ Kích hoạt: Giá H4
[2026-07-27 23:00:27] [INFO] ✅ Giá H4 hoàn thành (attempt 1)
[2026-07-27 23:00:27] [Sync] Bắt đầu đẩy dữ liệu lên Github (Kích hoạt bởi: Giá H4)...
[2026-07-27 23:00:31] [Sync] ✅ Đồng bộ Github thành công (Giá H4)!
[2026-07-27 23:00:31] [INFO] ▶ Kích hoạt: Vĩ Mô (Macro)
[2026-07-27 23:00:34] [INFO] ✅ Vĩ Mô (Macro) hoàn thành (attempt 1)
[2026-07-27 23:00:34] [Sync] Bắt đầu đẩy dữ liệu lên Github (Kích hoạt bởi: Vĩ Mô (Macro))...
[2026-07-27 23:00:39] [Sync] ✅ Đồng bộ Github thành công (Vĩ Mô (Macro))!
[2026-07-27 23:00:39] [INFO] Đang quét tín hiệu Telegram Alarm (SMC)...
[2026-07-27 23:00:40] [INFO] Đang chạy cập nhật Hồ sơ mã (run_pro_plus) và tạo Dashboard (gen_dashboard)...
[2026-07-27 23:00:47] [Sync] Bắt đầu đẩy dữ liệu lên Github (Kích hoạt bởi: Cập nhật Phân tích & Giao diện)...
[2026-07-27 23:00:51] [Sync] ✅ Đồng bộ Github thành công (Cập nhật Phân tích & Giao diện)!
[2026-07-27 23:00:51] [INFO] ⏰ Đợi Giá H1: còn 0.99h (28/07 00:00:05 VN)
[2026-07-28 07:21:18] [INFO] ▶ Kích hoạt: Giá H1 + Macro
[2026-07-28 07:21:30] [INFO] ✅ Giá H1 + Macro hoàn thành (attempt 1)
[2026-07-28 07:21:30] [Sync] Bắt đầu đẩy dữ liệu lên Github (Kích hoạt bởi: Giá H1 + Macro)...
[2026-07-28 07:21:34] [Sync] ✅ Đồng bộ Github thành công (Giá H1 + Macro)!
[2026-07-28 07:21:34] [INFO] ▶ Kích hoạt: Giá H4
[2026-07-28 07:21:41] [INFO] ✅ Giá H4 hoàn thành (attempt 1)
[2026-07-28 07:21:41] [Sync] Bắt đầu đẩy dữ liệu lên Github (Kích hoạt bởi: Giá H4)...
[2026-07-28 07:21:46] [Sync] ✅ Đồng bộ Github thành công (Giá H4)!
[2026-07-28 07:21:46] [INFO] ▶ Kích hoạt: Vĩ Mô (Macro)
[2026-07-28 07:21:49] [INFO] ✅ Vĩ Mô (Macro) hoàn thành (attempt 1)
[2026-07-28 07:21:49] [Sync] Bắt đầu đẩy dữ liệu lên Github (Kích hoạt bởi: Vĩ Mô (Macro))...
[2026-07-28 07:21:52] [Sync] ✅ Đồng bộ Github thành công (Vĩ Mô (Macro))!
[2026-07-28 07:21:52] [INFO] Đang quét tín hiệu Telegram Alarm (SMC)...
[2026-07-28 07:22:00] [INFO] Đang chạy cập nhật Hồ sơ mã (run_pro_plus) và tạo Dashboard (gen_dashboard)...
[2026-07-28 07:22:07] [Sync] Bắt đầu đẩy dữ liệu lên Github (Kích hoạt bởi: Cập nhật Phân tích & Giao diện)...
[2026-07-28 07:22:11] [Sync] ✅ Đồng bộ Github thành công (Cập nhật Phân tích & Giao diện)!
[2026-07-28 07:22:11] [INFO] ⏰ Đợi Giá H1: còn 0.63h (28/07 08:00:05 VN)
[2026-07-28 08:00:05] [INFO] ▶ Kích hoạt: Giá H1 + Macro
[2026-07-28 08:00:14] [INFO] ✅ Giá H1 + Macro hoàn thành (attempt 1)
[2026-07-28 08:00:15] [Sync] Bắt đầu đẩy dữ liệu lên Github (Kích hoạt bởi: Giá H1 + Macro)...
[2026-07-28 08:00:18] [Sync] ✅ Đồng bộ Github thành công (Giá H1 + Macro)!
[2026-07-28 08:00:18] [INFO] ▶ Kích hoạt: Giá H4
[2026-07-28 08:00:25] [INFO] ✅ Giá H4 hoàn thành (attempt 1)
[2026-07-28 08:00:25] [Sync] Bắt đầu đẩy dữ liệu lên Github (Kích hoạt bởi: Giá H4)...
[2026-07-28 08:00:29] [Sync] ✅ Đồng bộ Github thành công (Giá H4)!
[2026-07-28 08:00:29] [INFO] ▶ Kích hoạt: Vĩ Mô (Macro)
[2026-07-28 08:00:32] [INFO] ✅ Vĩ Mô (Macro) hoàn thành (attempt 1)
[2026-07-28 08:00:32] [Sync] Bắt đầu đẩy dữ liệu lên Github (Kích hoạt bởi: Vĩ Mô (Macro))...
[2026-07-28 08:00:36] [Sync] ✅ Đồng bộ Github thành công (Vĩ Mô (Macro))!
[2026-07-28 08:00:36] [INFO] Đang quét tín hiệu Telegram Alarm (SMC)...
[2026-07-28 08:00:38] [INFO] Đang chạy cập nhật Hồ sơ mã (run_pro_plus) và tạo Dashboard (gen_dashboard)...
[2026-07-28 08:00:46] [Sync] Bắt đầu đẩy dữ liệu lên Github (Kích hoạt bởi: Cập nhật Phân tích & Giao diện)...
[2026-07-28 08:00:49] [Sync] ✅ Đồng bộ Github thành công (Cập nhật Phân tích & Giao diện)!
[2026-07-28 08:00:49] [INFO] ⏰ Đợi Giá H1: còn 0.99h (28/07 09:00:05 VN)
[2026-07-28 09:00:05] [INFO] ▶ Kích hoạt: Giá H1 + Macro
[2026-07-28 09:00:25] [INFO] ✅ Giá H1 + Macro hoàn thành (attempt 1)
[2026-07-28 09:00:25] [Sync] Bắt đầu đẩy dữ liệu lên Github (Kích hoạt bởi: Giá H1 + Macro)...
[2026-07-28 09:00:29] [Sync] ✅ Đồng bộ Github thành công (Giá H1 + Macro)!
[2026-07-28 09:00:29] [INFO] ▶ Kích hoạt: Giá H4
[2026-07-28 09:00:35] [INFO] ✅ Giá H4 hoàn thành (attempt 1)
[2026-07-28 09:00:36] [Sync] Bắt đầu đẩy dữ liệu lên Github (Kích hoạt bởi: Giá H4)...
[2026-07-28 09:00:39] [Sync] ✅ Đồng bộ Github thành công (Giá H4)!
[2026-07-28 09:00:39] [INFO] ▶ Kích hoạt: Vĩ Mô (Macro)
[2026-07-28 09:00:41] [INFO] ✅ Vĩ Mô (Macro) hoàn thành (attempt 1)
[2026-07-28 09:00:41] [Sync] Bắt đầu đẩy dữ liệu lên Github (Kích hoạt bởi: Vĩ Mô (Macro))...
[2026-07-28 09:00:45] [Sync] ✅ Đồng bộ Github thành công (Vĩ Mô (Macro))!
[2026-07-28 09:00:45] [INFO] Đang quét tín hiệu Telegram Alarm (SMC)...
[2026-07-28 09:00:48] [INFO] Đang chạy cập nhật Hồ sơ mã (run_pro_plus) và tạo Dashboard (gen_dashboard)...
[2026-07-28 09:00:56] [Sync] Bắt đầu đẩy dữ liệu lên Github (Kích hoạt bởi: Cập nhật Phân tích & Giao diện)...
[2026-07-28 09:00:59] [Sync] ✅ Đồng bộ Github thành công (Cập nhật Phân tích & Giao diện)!
[2026-07-28 09:00:59] [INFO] ⏰ Đợi Giá H1: còn 0.98h (28/07 10:00:05 VN)
[2026-07-28 10:00:05] [INFO] ▶ Kích hoạt: Giá H1 + Macro
[2026-07-28 10:00:14] [INFO] ✅ Giá H1 + Macro hoàn thành (attempt 1)
[2026-07-28 10:00:14] [Sync] Bắt đầu đẩy dữ liệu lên Github (Kích hoạt bởi: Giá H1 + Macro)...
[2026-07-28 10:00:18] [Sync] ✅ Đồng bộ Github thành công (Giá H1 + Macro)!
[2026-07-28 10:00:19] [INFO] ▶ Kích hoạt: Giá H4
[2026-07-28 10:00:24] [INFO] ✅ Giá H4 hoàn thành (attempt 1)
[2026-07-28 10:00:24] [Sync] Bắt đầu đẩy dữ liệu lên Github (Kích hoạt bởi: Giá H4)...
[2026-07-28 10:00:27] [Sync] ✅ Đồng bộ Github thành công (Giá H4)!
[2026-07-28 10:00:27] [INFO] ▶ Kích hoạt: Vĩ Mô (Macro)
[2026-07-28 10:00:30] [INFO] ✅ Vĩ Mô (Macro) hoàn thành (attempt 1)
[2026-07-28 10:00:30] [Sync] Bắt đầu đẩy dữ liệu lên Github (Kích hoạt bởi: Vĩ Mô (Macro))...
[2026-07-28 10:00:35] [Sync] ✅ Đồng bộ Github thành công (Vĩ Mô (Macro))!
[2026-07-28 10:00:35] [INFO] Đang quét tín hiệu Telegram Alarm (SMC)...
[2026-07-28 10:00:37] [INFO] Đang chạy cập nhật Hồ sơ mã (run_pro_plus) và tạo Dashboard (gen_dashboard)...
[2026-07-28 10:00:44] [Sync] Bắt đầu đẩy dữ liệu lên Github (Kích hoạt bởi: Cập nhật Phân tích & Giao diện)...
[2026-07-28 10:00:47] [Sync] ✅ Đồng bộ Github thành công (Cập nhật Phân tích & Giao diện)!
[2026-07-28 10:00:47] [INFO] ⏰ Đợi Giá H1: còn 0.99h (28/07 11:00:05 VN)
[2026-07-28 11:00:05] [INFO] ▶ Kích hoạt: Giá H1 + Macro
[2026-07-28 11:00:29] [INFO] ✅ Giá H1 + Macro hoàn thành (attempt 1)
[2026-07-28 11:00:29] [Sync] Bắt đầu đẩy dữ liệu lên Github (Kích hoạt bởi: Giá H1 + Macro)...
[2026-07-28 11:00:33] [Sync] ✅ Đồng bộ Github thành công (Giá H1 + Macro)!
[2026-07-28 11:00:33] [INFO] ▶ Kích hoạt: Giá H4
[2026-07-28 11:00:41] [INFO] ✅ Giá H4 hoàn thành (attempt 1)
[2026-07-28 11:00:41] [Sync] Bắt đầu đẩy dữ liệu lên Github (Kích hoạt bởi: Giá H4)...
[2026-07-28 11:00:45] [Sync] ✅ Đồng bộ Github thành công (Giá H4)!
[2026-07-28 11:00:45] [INFO] ▶ Kích hoạt: Vĩ Mô (Macro)
[2026-07-28 11:00:48] [INFO] ✅ Vĩ Mô (Macro) hoàn thành (attempt 1)
[2026-07-28 11:00:48] [Sync] Bắt đầu đẩy dữ liệu lên Github (Kích hoạt bởi: Vĩ Mô (Macro))...
[2026-07-28 11:00:52] [Sync] ✅ Đồng bộ Github thành công (Vĩ Mô (Macro))!
[2026-07-28 11:00:52] [INFO] Đang quét tín hiệu Telegram Alarm (SMC)...
[2026-07-28 11:00:58] [INFO] Đang chạy cập nhật Hồ sơ mã (run_pro_plus) và tạo Dashboard (gen_dashboard)...
[2026-07-28 11:01:06] [Sync] Bắt đầu đẩy dữ liệu lên Github (Kích hoạt bởi: Cập nhật Phân tích & Giao diện)...
[2026-07-28 11:01:10] [Sync] ✅ Đồng bộ Github thành công (Cập nhật Phân tích & Giao diện)!
[2026-07-28 11:01:10] [INFO] ⏰ Đợi Giá H1: còn 0.98h (28/07 12:00:05 VN)
[2026-07-28 12:00:05] [INFO] ▶ Kích hoạt: Giá H1 + Macro
[2026-07-28 12:00:16] [INFO] ✅ Giá H1 + Macro hoàn thành (attempt 1)
[2026-07-28 12:00:16] [Sync] Bắt đầu đẩy dữ liệu lên Github (Kích hoạt bởi: Giá H1 + Macro)...
[2026-07-28 12:00:20] [Sync] ✅ Đồng bộ Github thành công (Giá H1 + Macro)!
[2026-07-28 12:00:20] [INFO] ▶ Kích hoạt: Giá H4
[2026-07-28 12:00:27] [INFO] ✅ Giá H4 hoàn thành (attempt 1)
[2026-07-28 12:00:27] [Sync] Bắt đầu đẩy dữ liệu lên Github (Kích hoạt bởi: Giá H4)...
[2026-07-28 12:00:31] [Sync] ✅ Đồng bộ Github thành công (Giá H4)!
[2026-07-28 12:00:31] [INFO] ▶ Kích hoạt: Vĩ Mô (Macro)
[2026-07-28 12:00:33] [INFO] ✅ Vĩ Mô (Macro) hoàn thành (attempt 1)
[2026-07-28 12:00:33] [Sync] Bắt đầu đẩy dữ liệu lên Github (Kích hoạt bởi: Vĩ Mô (Macro))...
[2026-07-28 12:00:38] [Sync] ✅ Đồng bộ Github thành công (Vĩ Mô (Macro))!
[2026-07-28 12:00:38] [INFO] Đang quét tín hiệu Telegram Alarm (SMC)...
[2026-07-28 12:00:39] [INFO] Đang chạy cập nhật Hồ sơ mã (run_pro_plus) và tạo Dashboard (gen_dashboard)...
[2026-07-28 12:00:46] [Sync] Bắt đầu đẩy dữ liệu lên Github (Kích hoạt bởi: Cập nhật Phân tích & Giao diện)...
[2026-07-28 12:00:49] [Sync] ✅ Đồng bộ Github thành công (Cập nhật Phân tích & Giao diện)!
[2026-07-28 12:00:49] [INFO] ⏰ Đợi Giá H1: còn 0.99h (28/07 13:00:05 VN)
[2026-07-28 13:00:05] [INFO] ▶ Kích hoạt: Giá H1 + Macro
[2026-07-28 13:00:34] [INFO] ✅ Giá H1 + Macro hoàn thành (attempt 1)
[2026-07-28 13:00:34] [Sync] Bắt đầu đẩy dữ liệu lên Github (Kích hoạt bởi: Giá H1 + Macro)...
[2026-07-28 13:00:38] [Sync] ✅ Đồng bộ Github thành công (Giá H1 + Macro)!
[2026-07-28 13:00:38] [INFO] ▶ Kích hoạt: Giá H4
[2026-07-28 13:00:45] [INFO] ✅ Giá H4 hoàn thành (attempt 1)
[2026-07-28 13:00:45] [Sync] Bắt đầu đẩy dữ liệu lên Github (Kích hoạt bởi: Giá H4)...
[2026-07-28 13:00:49] [Sync] ✅ Đồng bộ Github thành công (Giá H4)!
[2026-07-28 13:00:49] [INFO] ▶ Kích hoạt: Vĩ Mô (Macro)
[2026-07-28 13:00:52] [INFO] ✅ Vĩ Mô (Macro) hoàn thành (attempt 1)
[2026-07-28 13:00:52] [Sync] Bắt đầu đẩy dữ liệu lên Github (Kích hoạt bởi: Vĩ Mô (Macro))...
[2026-07-28 13:00:55] [Sync] ✅ Đồng bộ Github thành công (Vĩ Mô (Macro))!
[2026-07-28 13:00:55] [INFO] Đang quét tín hiệu Telegram Alarm (SMC)...
[2026-07-28 13:00:57] [INFO] Đang chạy cập nhật Hồ sơ mã (run_pro_plus) và tạo Dashboard (gen_dashboard)...
[2026-07-28 13:01:04] [Sync] Bắt đầu đẩy dữ liệu lên Github (Kích hoạt bởi: Cập nhật Phân tích & Giao diện)...
[2026-07-28 13:01:07] [Sync] ✅ Đồng bộ Github thành công (Cập nhật Phân tích & Giao diện)!
[2026-07-28 13:01:07] [INFO] ⏰ Đợi Giá H1: còn 0.98h (28/07 14:00:05 VN)
[2026-07-28 13:21:15] [INFO] ▶ Kích hoạt: AI Điểm Tin
[2026-07-28 13:21:48] [INFO] ✅ AI Điểm Tin hoàn thành (attempt 1)
[2026-07-28 13:21:48] [Sync] Bắt đầu đẩy dữ liệu lên Github (Kích hoạt bởi: AI Điểm Tin)...
[2026-07-28 13:21:52] [Sync] ✅ Đồng bộ Github thành công (AI Điểm Tin)!
[2026-07-28 13:21:52] [INFO] ⏰ Đợi AI News: còn 6.64h (28/07 20:00:02 VN)
[2026-07-28 13:51:15] [INFO] ▶ Kích hoạt: AI Phân Tích Chuyên Sâu
[2026-07-28 13:51:37] [INFO] ✅ AI Phân Tích Chuyên Sâu hoàn thành (attempt 1)
[2026-07-28 13:51:37] [Sync] Bắt đầu đẩy dữ liệu lên Github (Kích hoạt bởi: AI Phân Tích Chuyên Sâu)...
[2026-07-28 13:51:41] [Sync] ✅ Đồng bộ Github thành công (AI Phân Tích Chuyên Sâu)!
[2026-07-28 13:51:41] [INFO] ⏰ Đợi AI Phân Tích: còn 6.14h (28/07 20:00:02 VN)
[2026-07-28 14:00:05] [INFO] ▶ Kích hoạt: Giá H1 + Macro
[2026-07-28 14:00:16] [INFO] ✅ Giá H1 + Macro hoàn thành (attempt 1)
[2026-07-28 14:00:16] [Sync] Bắt đầu đẩy dữ liệu lên Github (Kích hoạt bởi: Giá H1 + Macro)...
[2026-07-28 14:00:20] [Sync] ✅ Đồng bộ Github thành công (Giá H1 + Macro)!
[2026-07-28 14:00:20] [INFO] ▶ Kích hoạt: Giá H4
[2026-07-28 14:00:26] [INFO] ✅ Giá H4 hoàn thành (attempt 1)
[2026-07-28 14:00:26] [Sync] Bắt đầu đẩy dữ liệu lên Github (Kích hoạt bởi: Giá H4)...
[2026-07-28 14:00:29] [Sync] ✅ Đồng bộ Github thành công (Giá H4)!
[2026-07-28 14:00:29] [INFO] ▶ Kích hoạt: Vĩ Mô (Macro)
[2026-07-28 14:00:32] [INFO] ✅ Vĩ Mô (Macro) hoàn thành (attempt 1)
[2026-07-28 14:00:32] [Sync] Bắt đầu đẩy dữ liệu lên Github (Kích hoạt bởi: Vĩ Mô (Macro))...
[2026-07-28 14:00:37] [Sync] ✅ Đồng bộ Github thành công (Vĩ Mô (Macro))!
[2026-07-28 14:00:37] [INFO] Đang quét tín hiệu Telegram Alarm (SMC)...
[2026-07-28 14:00:41] [INFO] Đang chạy cập nhật Hồ sơ mã (run_pro_plus) và tạo Dashboard (gen_dashboard)...
[2026-07-28 14:00:49] [Sync] Bắt đầu đẩy dữ liệu lên Github (Kích hoạt bởi: Cập nhật Phân tích & Giao diện)...
[2026-07-28 14:00:52] [Sync] ✅ Đồng bộ Github thành công (Cập nhật Phân tích & Giao diện)!
[2026-07-28 14:00:52] [INFO] ⏰ Đợi Giá H1: còn 0.99h (28/07 15:00:05 VN)
[2026-07-28 14:34:39] [INFO] ▶ Kích hoạt: USDA Acreage
[2026-07-28 14:34:46] [INFO] ✅ USDA Acreage hoàn thành (attempt 1)
[2026-07-28 14:34:46] [Sync] Bắt đầu đẩy dữ liệu lên Github (Kích hoạt bởi: USDA Acreage)...
[2026-07-28 14:34:49] [Sync] ✅ Đồng bộ Github thành công (USDA Acreage)!
[2026-07-28 14:34:49] [INFO] ⏰ Đợi Acreage Reports: còn 14.92h (29/07 05:30:02 VN)
[2026-07-28 15:00:05] [INFO] ▶ Kích hoạt: Giá H1 + Macro
[2026-07-28 15:00:25] [INFO] ✅ Giá H1 + Macro hoàn thành (attempt 1)
[2026-07-28 15:00:25] [Sync] Bắt đầu đẩy dữ liệu lên Github (Kích hoạt bởi: Giá H1 + Macro)...
[2026-07-28 15:00:29] [Sync] ✅ Đồng bộ Github thành công (Giá H1 + Macro)!
[2026-07-28 15:00:29] [INFO] ▶ Kích hoạt: Giá H4
[2026-07-28 15:00:38] [INFO] ✅ Giá H4 hoàn thành (attempt 1)
[2026-07-28 15:00:38] [Sync] Bắt đầu đẩy dữ liệu lên Github (Kích hoạt bởi: Giá H4)...
[2026-07-28 15:00:41] [Sync] ✅ Đồng bộ Github thành công (Giá H4)!
[2026-07-28 15:00:41] [INFO] ▶ Kích hoạt: Vĩ Mô (Macro)
[2026-07-28 15:00:44] [INFO] ✅ Vĩ Mô (Macro) hoàn thành (attempt 1)
[2026-07-28 15:00:44] [Sync] Bắt đầu đẩy dữ liệu lên Github (Kích hoạt bởi: Vĩ Mô (Macro))...
[2026-07-28 15:00:47] [Sync] ✅ Đồng bộ Github thành công (Vĩ Mô (Macro))!
[2026-07-28 15:00:47] [INFO] Đang quét tín hiệu Telegram Alarm (SMC)...
[2026-07-28 15:00:51] [INFO] Đang chạy cập nhật Hồ sơ mã (run_pro_plus) và tạo Dashboard (gen_dashboard)...
[2026-07-28 15:00:58] [Sync] Bắt đầu đẩy dữ liệu lên Github (Kích hoạt bởi: Cập nhật Phân tích & Giao diện)...
[2026-07-28 15:01:02] [Sync] ✅ Đồng bộ Github thành công (Cập nhật Phân tích & Giao diện)!
[2026-07-28 15:01:02] [INFO] ⏰ Đợi Giá H1: còn 0.98h (28/07 16:00:05 VN)
[2026-07-28 15:04:39] [INFO] ▶ Kích hoạt: Thời Tiết Ngắn Hạn
[2026-07-28 15:05:06] [INFO] ✅ Thời Tiết Ngắn Hạn hoàn thành (attempt 1)
[2026-07-28 15:05:06] [Sync] Bắt đầu đẩy dữ liệu lên Github (Kích hoạt bởi: Thời Tiết Ngắn Hạn)...
[2026-07-28 15:05:10] [Sync] ✅ Đồng bộ Github thành công (Thời Tiết Ngắn Hạn)!
[2026-07-28 15:05:10] [INFO] ⏰ Đợi Weather Short: còn 14.91h (29/07 06:00:02 VN)
[2026-07-28 17:03:41] [INFO] ▶ Kích hoạt: ENSO / Weather Long
[2026-07-28 17:03:47] [INFO] ✅ ENSO / Weather Long hoàn thành (attempt 1)
[2026-07-28 17:03:47] [Sync] Bắt đầu đẩy dữ liệu lên Github (Kích hoạt bởi: ENSO / Weather Long)...
[2026-07-28 17:03:51] [Sync] ✅ Đồng bộ Github thành công (ENSO / Weather Long)!
[2026-07-28 17:03:51] [INFO] ⏰ Đợi ENSO Long-Term: còn 133.44h (03/08 06:30:02 VN)
[2026-07-28 17:07:39] [INFO] ▶ Kích hoạt: Giá H1 + Macro
[2026-07-28 17:07:54] [INFO] ✅ Giá H1 + Macro hoàn thành (attempt 1)
[2026-07-28 17:07:54] [Sync] Bắt đầu đẩy dữ liệu lên Github (Kích hoạt bởi: Giá H1 + Macro)...
[2026-07-28 17:07:58] [Sync] ✅ Đồng bộ Github thành công (Giá H1 + Macro)!
[2026-07-28 17:07:58] [INFO] ▶ Kích hoạt: Giá H4
[2026-07-28 17:08:05] [INFO] ✅ Giá H4 hoàn thành (attempt 1)
[2026-07-28 17:08:05] [Sync] Bắt đầu đẩy dữ liệu lên Github (Kích hoạt bởi: Giá H4)...
[2026-07-28 17:08:08] [Sync] ✅ Đồng bộ Github thành công (Giá H4)!
[2026-07-28 17:08:08] [INFO] ▶ Kích hoạt: Vĩ Mô (Macro)
[2026-07-28 17:08:11] [INFO] ✅ Vĩ Mô (Macro) hoàn thành (attempt 1)
[2026-07-28 17:08:11] [Sync] Bắt đầu đẩy dữ liệu lên Github (Kích hoạt bởi: Vĩ Mô (Macro))...
[2026-07-28 17:08:15] [Sync] ✅ Đồng bộ Github thành công (Vĩ Mô (Macro))!
[2026-07-28 17:08:15] [INFO] Đang quét tín hiệu Telegram Alarm (SMC)...
[2026-07-28 17:08:20] [INFO] Đang chạy cập nhật Hồ sơ mã (run_pro_plus) và tạo Dashboard (gen_dashboard)...
[2026-07-28 17:08:27] [Sync] Bắt đầu đẩy dữ liệu lên Github (Kích hoạt bởi: Cập nhật Phân tích & Giao diện)...
[2026-07-28 17:08:30] [Sync] ✅ Đồng bộ Github thành công (Cập nhật Phân tích & Giao diện)!
[2026-07-28 17:08:30] [INFO] ⏰ Đợi Giá H1: còn 0.86h (28/07 18:00:05 VN)
[2026-07-28 18:31:38] [INFO] ▶ Kích hoạt: Giá H1 + Macro
[2026-07-28 18:31:47] [INFO] ✅ Giá H1 + Macro hoàn thành (attempt 1)
[2026-07-28 18:31:47] [Sync] Bắt đầu đẩy dữ liệu lên Github (Kích hoạt bởi: Giá H1 + Macro)...
[2026-07-28 18:31:51] [Sync] ✅ Đồng bộ Github thành công (Giá H1 + Macro)!
[2026-07-28 18:31:51] [INFO] ▶ Kích hoạt: Giá H4
[2026-07-28 18:31:56] [INFO] ✅ Giá H4 hoàn thành (attempt 1)
[2026-07-28 18:31:56] [Sync] Bắt đầu đẩy dữ liệu lên Github (Kích hoạt bởi: Giá H4)...
[2026-07-28 18:31:59] [Sync] ✅ Đồng bộ Github thành công (Giá H4)!
[2026-07-28 18:32:00] [INFO] ▶ Kích hoạt: Vĩ Mô (Macro)
[2026-07-28 18:32:02] [INFO] ✅ Vĩ Mô (Macro) hoàn thành (attempt 1)
[2026-07-28 18:32:02] [Sync] Bắt đầu đẩy dữ liệu lên Github (Kích hoạt bởi: Vĩ Mô (Macro))...
[2026-07-28 18:32:06] [Sync] ✅ Đồng bộ Github thành công (Vĩ Mô (Macro))!
[2026-07-28 18:32:06] [INFO] Đang quét tín hiệu Telegram Alarm (SMC)...
[2026-07-28 18:32:07] [INFO] Đang chạy cập nhật Hồ sơ mã (run_pro_plus) và tạo Dashboard (gen_dashboard)...
[2026-07-28 18:32:14] [Sync] Bắt đầu đẩy dữ liệu lên Github (Kích hoạt bởi: Cập nhật Phân tích & Giao diện)...
[2026-07-28 18:32:17] [Sync] ✅ Đồng bộ Github thành công (Cập nhật Phân tích & Giao diện)!
[2026-07-28 18:32:17] [INFO] ⏰ Đợi Giá H1: còn 0.46h (28/07 19:00:05 VN)
[2026-07-28 19:00:05] [INFO] ▶ Kích hoạt: Giá H1 + Macro
[2026-07-28 19:00:16] [INFO] ✅ Giá H1 + Macro hoàn thành (attempt 1)
[2026-07-28 19:00:16] [Sync] Bắt đầu đẩy dữ liệu lên Github (Kích hoạt bởi: Giá H1 + Macro)...
[2026-07-28 19:00:21] [Sync] ✅ Đồng bộ Github thành công (Giá H1 + Macro)!
[2026-07-28 19:00:21] [INFO] ▶ Kích hoạt: Giá H4
[2026-07-28 19:00:28] [INFO] ✅ Giá H4 hoàn thành (attempt 1)
[2026-07-28 19:00:28] [Sync] Bắt đầu đẩy dữ liệu lên Github (Kích hoạt bởi: Giá H4)...
[2026-07-28 19:00:34] [Sync] ✅ Đồng bộ Github thành công (Giá H4)!
[2026-07-28 19:00:34] [INFO] ▶ Kích hoạt: Vĩ Mô (Macro)
[2026-07-28 19:00:38] [INFO] ✅ Vĩ Mô (Macro) hoàn thành (attempt 1)
[2026-07-28 19:00:39] [Sync] Bắt đầu đẩy dữ liệu lên Github (Kích hoạt bởi: Vĩ Mô (Macro))...
[2026-07-28 19:00:42] [Sync] ✅ Đồng bộ Github thành công (Vĩ Mô (Macro))!
[2026-07-28 19:00:42] [INFO] Đang quét tín hiệu Telegram Alarm (SMC)...
[2026-07-28 19:00:45] [INFO] Đang chạy cập nhật Hồ sơ mã (run_pro_plus) và tạo Dashboard (gen_dashboard)...
[2026-07-28 19:00:53] [Sync] Bắt đầu đẩy dữ liệu lên Github (Kích hoạt bởi: Cập nhật Phân tích & Giao diện)...
[2026-07-28 19:00:57] [Sync] ✅ Đồng bộ Github thành công (Cập nhật Phân tích & Giao diện)!
[2026-07-28 19:00:57] [INFO] ⏰ Đợi Giá H1: còn 0.99h (28/07 20:00:05 VN)
[2026-07-28 20:27:50] [INFO] ▶ Kích hoạt: Giá H1 + Macro
[2026-07-28 20:28:01] [INFO] ✅ Giá H1 + Macro hoàn thành (attempt 1)
[2026-07-28 20:28:01] [Sync] Bắt đầu đẩy dữ liệu lên Github (Kích hoạt bởi: Giá H1 + Macro)...
[2026-07-28 20:28:05] [Sync] ✅ Đồng bộ Github thành công (Giá H1 + Macro)!
[2026-07-28 20:28:05] [INFO] ▶ Kích hoạt: Giá H4
[2026-07-28 20:28:11] [INFO] ✅ Giá H4 hoàn thành (attempt 1)
[2026-07-28 20:28:11] [Sync] Bắt đầu đẩy dữ liệu lên Github (Kích hoạt bởi: Giá H4)...
[2026-07-28 20:28:15] [Sync] ✅ Đồng bộ Github thành công (Giá H4)!
[2026-07-28 20:28:15] [INFO] ▶ Kích hoạt: Vĩ Mô (Macro)
[2026-07-28 20:28:18] [INFO] ✅ Vĩ Mô (Macro) hoàn thành (attempt 1)
[2026-07-28 20:28:18] [Sync] Bắt đầu đẩy dữ liệu lên Github (Kích hoạt bởi: Vĩ Mô (Macro))...
[2026-07-28 20:28:21] [Sync] ✅ Đồng bộ Github thành công (Vĩ Mô (Macro))!
[2026-07-28 20:28:21] [INFO] Đang quét tín hiệu Telegram Alarm (SMC)...
[2026-07-28 20:28:26] [INFO] Đang chạy cập nhật Hồ sơ mã (run_pro_plus) và tạo Dashboard (gen_dashboard)...
[2026-07-28 20:28:34] [Sync] Bắt đầu đẩy dữ liệu lên Github (Kích hoạt bởi: Cập nhật Phân tích & Giao diện)...
[2026-07-28 20:28:38] [Sync] ✅ Đồng bộ Github thành công (Cập nhật Phân tích & Giao diện)!
[2026-07-28 20:28:38] [INFO] ⏰ Đợi Giá H1: còn 0.52h (28/07 21:00:05 VN)
[2026-07-28 21:00:05] [INFO] ▶ Kích hoạt: Giá H1 + Macro
[2026-07-28 21:00:30] [INFO] ✅ Giá H1 + Macro hoàn thành (attempt 1)
[2026-07-28 21:00:30] [Sync] Bắt đầu đẩy dữ liệu lên Github (Kích hoạt bởi: Giá H1 + Macro)...
[2026-07-28 21:00:35] [Sync] ✅ Đồng bộ Github thành công (Giá H1 + Macro)!
[2026-07-28 21:00:35] [INFO] ▶ Kích hoạt: Giá H4
[2026-07-28 21:00:41] [INFO] ✅ Giá H4 hoàn thành (attempt 1)
[2026-07-28 21:00:41] [Sync] Bắt đầu đẩy dữ liệu lên Github (Kích hoạt bởi: Giá H4)...
[2026-07-28 21:00:46] [Sync] ✅ Đồng bộ Github thành công (Giá H4)!
[2026-07-28 21:00:46] [INFO] ▶ Kích hoạt: Vĩ Mô (Macro)
[2026-07-28 21:00:50] [INFO] ✅ Vĩ Mô (Macro) hoàn thành (attempt 1)
[2026-07-28 21:00:50] [Sync] Bắt đầu đẩy dữ liệu lên Github (Kích hoạt bởi: Vĩ Mô (Macro))...
[2026-07-28 21:00:53] [Sync] ✅ Đồng bộ Github thành công (Vĩ Mô (Macro))!
[2026-07-28 21:00:53] [INFO] Đang quét tín hiệu Telegram Alarm (SMC)...
[2026-07-28 21:00:57] [INFO] Đang chạy cập nhật Hồ sơ mã (run_pro_plus) và tạo Dashboard (gen_dashboard)...
[2026-07-28 21:01:05] [Sync] Bắt đầu đẩy dữ liệu lên Github (Kích hoạt bởi: Cập nhật Phân tích & Giao diện)...
[2026-07-28 21:01:10] [Sync] ✅ Đồng bộ Github thành công (Cập nhật Phân tích & Giao diện)!
[2026-07-28 21:01:10] [INFO] ⏰ Đợi Giá H1: còn 0.98h (28/07 22:00:05 VN)
[2026-07-28 23:03:49] [INFO] ▶ Kích hoạt: Giá H1 + Macro
[2026-07-28 23:04:00] [INFO] ✅ Giá H1 + Macro hoàn thành (attempt 1)
[2026-07-28 23:04:00] [Sync] Bắt đầu đẩy dữ liệu lên Github (Kích hoạt bởi: Giá H1 + Macro)...
[2026-07-28 23:04:05] [Sync] ✅ Đồng bộ Github thành công (Giá H1 + Macro)!
[2026-07-28 23:04:05] [INFO] ▶ Kích hoạt: Giá H4
[2026-07-28 23:04:12] [INFO] ✅ Giá H4 hoàn thành (attempt 1)
[2026-07-28 23:04:12] [Sync] Bắt đầu đẩy dữ liệu lên Github (Kích hoạt bởi: Giá H4)...
[2026-07-28 23:04:15] [Sync] ✅ Đồng bộ Github thành công (Giá H4)!
[2026-07-28 23:04:15] [INFO] ▶ Kích hoạt: Vĩ Mô (Macro)
[2026-07-28 23:04:19] [INFO] ✅ Vĩ Mô (Macro) hoàn thành (attempt 1)
[2026-07-28 23:04:19] [Sync] Bắt đầu đẩy dữ liệu lên Github (Kích hoạt bởi: Vĩ Mô (Macro))...
[2026-07-28 23:04:23] [Sync] ✅ Đồng bộ Github thành công (Vĩ Mô (Macro))!
[2026-07-28 23:04:23] [INFO] Đang quét tín hiệu Telegram Alarm (SMC)...
[2026-07-28 23:04:28] [INFO] Đang chạy cập nhật Hồ sơ mã (run_pro_plus) và tạo Dashboard (gen_dashboard)...
[2026-07-28 23:04:38] [Sync] Bắt đầu đẩy dữ liệu lên Github (Kích hoạt bởi: Cập nhật Phân tích & Giao diện)...
[2026-07-28 23:04:43] [Sync] ✅ Đồng bộ Github thành công (Cập nhật Phân tích & Giao diện)!
[2026-07-28 23:04:43] [INFO] ⏰ Đợi Giá H1: còn 0.92h (29/07 00:00:05 VN)
[2026-07-28 23:10:39] [INFO] ▶ Kích hoạt: AI Phân Tích Chuyên Sâu
[2026-07-28 23:11:00] [INFO] ✅ AI Phân Tích Chuyên Sâu hoàn thành (attempt 1)
[2026-07-28 23:11:00] [Sync] Bắt đầu đẩy dữ liệu lên Github (Kích hoạt bởi: AI Phân Tích Chuyên Sâu)...
[2026-07-28 23:11:02] [INFO] ✅ AI Điểm Tin hoàn thành (attempt 1)
[2026-07-28 23:11:02] [Sync] Bắt đầu đẩy dữ liệu lên Github (Kích hoạt bởi: AI Điểm Tin)...
[2026-07-28 23:11:04] [Sync] ✅ Đồng bộ Github thành công (AI Phân Tích Chuyên Sâu)!
[2026-07-28 23:11:04] [INFO] ⏰ Đợi AI Phân Tích: còn 7.32h (29/07 06:30:02 VN)
[2026-07-28 23:11:05] [Sync] ✅ Đồng bộ Github thành công (AI Điểm Tin)!
[2026-07-28 23:11:05] [INFO] ⏰ Đợi AI News: còn 6.82h (29/07 06:00:02 VN)
[2026-07-29 00:00:05] [INFO] ▶ Kích hoạt: Giá H1 + Macro
[2026-07-29 00:00:16] [INFO] ✅ Giá H1 + Macro hoàn thành (attempt 1)
[2026-07-29 00:00:16] [Sync] Bắt đầu đẩy dữ liệu lên Github (Kích hoạt bởi: Giá H1 + Macro)...
[2026-07-29 00:00:19] [Sync] ✅ Đồng bộ Github thành công (Giá H1 + Macro)!
[2026-07-29 00:00:19] [INFO] ▶ Kích hoạt: Giá H4
[2026-07-29 00:00:27] [INFO] ✅ Giá H4 hoàn thành (attempt 1)
[2026-07-29 00:00:27] [Sync] Bắt đầu đẩy dữ liệu lên Github (Kích hoạt bởi: Giá H4)...
[2026-07-29 00:00:30] [Sync] ✅ Đồng bộ Github thành công (Giá H4)!
[2026-07-29 00:00:30] [INFO] ▶ Kích hoạt: Vĩ Mô (Macro)
[2026-07-29 00:00:35] [INFO] ✅ Vĩ Mô (Macro) hoàn thành (attempt 1)
[2026-07-29 00:00:35] [Sync] Bắt đầu đẩy dữ liệu lên Github (Kích hoạt bởi: Vĩ Mô (Macro))...
[2026-07-29 00:00:38] [Sync] ✅ Đồng bộ Github thành công (Vĩ Mô (Macro))!
[2026-07-29 00:00:38] [INFO] Đang quét tín hiệu Telegram Alarm (SMC)...
[2026-07-29 00:00:39] [INFO] Đang chạy cập nhật Hồ sơ mã (run_pro_plus) và tạo Dashboard (gen_dashboard)...
[2026-07-29 00:00:46] [Sync] Bắt đầu đẩy dữ liệu lên Github (Kích hoạt bởi: Cập nhật Phân tích & Giao diện)...
[2026-07-29 00:00:50] [Sync] ✅ Đồng bộ Github thành công (Cập nhật Phân tích & Giao diện)!
[2026-07-29 00:00:50] [INFO] ⏰ Đợi Giá H1: còn 0.99h (29/07 01:00:05 VN)
[2026-07-29 07:52:56] [INFO] ▶ Kích hoạt: Giá H1 + Macro
[2026-07-29 07:53:08] [INFO] ✅ Giá H1 + Macro hoàn thành (attempt 1)
[2026-07-29 07:53:08] [Sync] Bắt đầu đẩy dữ liệu lên Github (Kích hoạt bởi: Giá H1 + Macro)...
[2026-07-29 07:53:11] [Sync] ✅ Đồng bộ Github thành công (Giá H1 + Macro)!
[2026-07-29 07:53:11] [INFO] ▶ Kích hoạt: Giá H4
[2026-07-29 07:53:16] [INFO] ✅ Giá H4 hoàn thành (attempt 1)
[2026-07-29 07:53:16] [Sync] Bắt đầu đẩy dữ liệu lên Github (Kích hoạt bởi: Giá H4)...
[2026-07-29 07:53:21] [Sync] ✅ Đồng bộ Github thành công (Giá H4)!
[2026-07-29 07:53:21] [INFO] ▶ Kích hoạt: Vĩ Mô (Macro)
[2026-07-29 07:53:24] [INFO] ✅ Vĩ Mô (Macro) hoàn thành (attempt 1)
[2026-07-29 07:53:24] [Sync] Bắt đầu đẩy dữ liệu lên Github (Kích hoạt bởi: Vĩ Mô (Macro))...
[2026-07-29 07:53:28] [Sync] ✅ Đồng bộ Github thành công (Vĩ Mô (Macro))!
[2026-07-29 07:53:28] [INFO] Đang quét tín hiệu Telegram Alarm (SMC)...
[2026-07-29 07:53:33] [INFO] Đang chạy cập nhật Hồ sơ mã (run_pro_plus) và tạo Dashboard (gen_dashboard)...
[2026-07-29 07:53:40] [Sync] Bắt đầu đẩy dữ liệu lên Github (Kích hoạt bởi: Cập nhật Phân tích & Giao diện)...
[2026-07-29 07:53:43] [Sync] ✅ Đồng bộ Github thành công (Cập nhật Phân tích & Giao diện)!
[2026-07-29 07:53:43] [INFO] ⏰ Đợi Giá H1: còn 0.11h (29/07 08:00:05 VN)
[2026-07-29 08:00:05] [INFO] ▶ Kích hoạt: Giá H1 + Macro
[2026-07-29 08:00:14] [INFO] ✅ Giá H1 + Macro hoàn thành (attempt 1)
[2026-07-29 08:00:14] [Sync] Bắt đầu đẩy dữ liệu lên Github (Kích hoạt bởi: Giá H1 + Macro)...
[2026-07-29 08:00:17] [Sync] ✅ Đồng bộ Github thành công (Giá H1 + Macro)!
[2026-07-29 08:00:17] [INFO] ▶ Kích hoạt: Giá H4
[2026-07-29 08:00:23] [INFO] ✅ Giá H4 hoàn thành (attempt 1)
[2026-07-29 08:00:23] [Sync] Bắt đầu đẩy dữ liệu lên Github (Kích hoạt bởi: Giá H4)...
[2026-07-29 08:00:27] [Sync] ✅ Đồng bộ Github thành công (Giá H4)!
[2026-07-29 08:00:27] [INFO] ▶ Kích hoạt: Vĩ Mô (Macro)
[2026-07-29 08:00:29] [INFO] ✅ Vĩ Mô (Macro) hoàn thành (attempt 1)
[2026-07-29 08:00:29] [Sync] Bắt đầu đẩy dữ liệu lên Github (Kích hoạt bởi: Vĩ Mô (Macro))...
[2026-07-29 08:00:32] [Sync] ✅ Đồng bộ Github thành công (Vĩ Mô (Macro))!
[2026-07-29 08:00:32] [INFO] Đang quét tín hiệu Telegram Alarm (SMC)...
[2026-07-29 08:00:34] [INFO] Đang chạy cập nhật Hồ sơ mã (run_pro_plus) và tạo Dashboard (gen_dashboard)...
[2026-07-29 08:00:41] [Sync] Bắt đầu đẩy dữ liệu lên Github (Kích hoạt bởi: Cập nhật Phân tích & Giao diện)...
[2026-07-29 08:00:44] [Sync] ✅ Đồng bộ Github thành công (Cập nhật Phân tích & Giao diện)!
[2026-07-29 08:00:44] [INFO] ⏰ Đợi Giá H1: còn 0.99h (29/07 09:00:05 VN)
[2026-07-29 09:00:05] [INFO] ▶ Kích hoạt: Giá H1 + Macro
[2026-07-29 09:00:27] [INFO] ✅ Giá H1 + Macro hoàn thành (attempt 1)
[2026-07-29 09:00:27] [Sync] Bắt đầu đẩy dữ liệu lên Github (Kích hoạt bởi: Giá H1 + Macro)...
[2026-07-29 09:00:31] [Sync] ✅ Đồng bộ Github thành công (Giá H1 + Macro)!
[2026-07-29 09:00:31] [INFO] ▶ Kích hoạt: Giá H4
[2026-07-29 09:00:39] [INFO] ✅ Giá H4 hoàn thành (attempt 1)
[2026-07-29 09:00:39] [Sync] Bắt đầu đẩy dữ liệu lên Github (Kích hoạt bởi: Giá H4)...
[2026-07-29 09:00:42] [Sync] ✅ Đồng bộ Github thành công (Giá H4)!
[2026-07-29 09:00:42] [INFO] ▶ Kích hoạt: Vĩ Mô (Macro)
[2026-07-29 09:00:45] [INFO] ✅ Vĩ Mô (Macro) hoàn thành (attempt 1)
[2026-07-29 09:00:45] [Sync] Bắt đầu đẩy dữ liệu lên Github (Kích hoạt bởi: Vĩ Mô (Macro))...
[2026-07-29 09:00:49] [Sync] ✅ Đồng bộ Github thành công (Vĩ Mô (Macro))!
[2026-07-29 09:00:49] [INFO] Đang quét tín hiệu Telegram Alarm (SMC)...
[2026-07-29 09:00:52] [INFO] Đang chạy cập nhật Hồ sơ mã (run_pro_plus) và tạo Dashboard (gen_dashboard)...
[2026-07-29 09:01:00] [Sync] Bắt đầu đẩy dữ liệu lên Github (Kích hoạt bởi: Cập nhật Phân tích & Giao diện)...
[2026-07-29 09:01:04] [Sync] ✅ Đồng bộ Github thành công (Cập nhật Phân tích & Giao diện)!
[2026-07-29 09:01:04] [INFO] ⏰ Đợi Giá H1: còn 0.98h (29/07 10:00:05 VN)
[2026-07-29 10:39:51] [INFO] ============================================================
[2026-07-29 10:39:51] [INFO]   CBOT PRECISION SCHEDULER V2 — KHỞI ĐỘNG
[2026-07-29 10:39:51] [INFO] ============================================================
[2026-07-29 10:39:51] [INFO] Lịch trình đang chạy:
[2026-07-29 10:39:51] [INFO]   [Giá H1 + Macro]    : Phút :15 mỗi giờ giao dịch
[2026-07-29 10:39:51] [INFO]   [COT CFTC]          : Thứ Bảy 07:15 VN
[2026-07-29 10:39:51] [INFO]   [USDA Crop Progress]: Thứ Hai 22:00 VN
[2026-07-29 10:39:51] [INFO]   [Export Sales]      : Thứ Năm 21:32 VN
[2026-07-29 10:39:51] [INFO]   [WASDE Monthly]     : Ngày 10 hàng tháng, 23:00 VN
[2026-07-29 10:39:52] [INFO]   [Thời Tiết Ngắn]    : 06:00 hàng ngày
[2026-07-29 10:39:52] [INFO]   [ENSO Long-Term]    : Thứ Hai 06:30 VN
[2026-07-29 10:39:52] [INFO]   [USDA Acreage]      : 05:30 hàng ngày
[2026-07-29 10:39:52] [INFO]   [AI Điểm Tin]       : 06:00 và 20:00 hàng ngày
[2026-07-29 10:39:52] [INFO]   [AI Tin Biển Đen]   : Thứ Tư & Chủ Nhật 07:00 VN
[2026-07-29 10:39:52] [INFO]   [Số Liệu Mùa Vụ Nga]: 07:30 hàng ngày
[2026-07-29 10:39:52] [INFO]   [🧠 AI Phân Tích]   : 06:30 và 20:00 hàng ngày (T2-T6)
[2026-07-29 10:39:52] [INFO] ------------------------------------------------------------
[2026-07-29 10:39:52] [INFO]   ✅ Thread khởi động: job_prices
00:05 VN)
[2026-07-29 10:39:52] [INFO] ⏰ Đợi COT CFTC: còn 68.59h (01/08 07:15:02 VN)
[2026-07-29 10:39:52] [INFO]   ✅ Thread khởi động: job_cot
[2026-07-29 10:39:52] [INFO] ⏰ Đợi Crop Progress: còn 131.34h (03/08 22:00:02 VN)
[2026-07-29 10:39:52] [INFO]   ✅ Thread khởi động: job_export_sales
32:02 VN)
[2026-07-29 10:39:52] [INFO]   ✅ Thread khởi động: job_wasde
10/08 23:00:02 VN)
[2026-07-29 10:39:52] [INFO]   ✅ Thread khởi động: job_weather_short
00:02 VN)
[2026-07-29 10:39:52] [INFO]   ✅ Thread khởi động: job_weather_long
06:30:02 VN)
[2026-07-29 10:39:52] [INFO]   ✅ Thread khởi động: job_acreage
0/07 05:30:02 VN)
[2026-07-29 10:39:52] [INFO]   ✅ Thread khởi động: job_ai_news
[2026-07-29 10:39:52] [INFO] ⏰ Đợi AI News: còn 9.34h (29/07 20:00:02 VN)
[2026-07-29 10:39:52] [INFO] ⏰ Đợi Black Sea News: còn 92.34h (02/08 07:00:02 VN)
[2026-07-29 10:39:52] [INFO] ⏰ Đợi AI Phân Tích: còn 9.34h (29/07 20:00:02 VN)
[2026-07-29 10:39:52] [INFO]   ✅ Thread khởi động: job_ai_analysis
[2026-07-29 10:39:52] [INFO] ============================================================
[2026-07-29 10:39:52] [INFO] Scheduler đang chạy ngầm. Nhấn Ctrl+C để dừng.
[2026-07-29 11:00:05] [INFO] ▶ Kích hoạt: Giá H1 + Macro
[2026-07-29 11:00:28] [INFO] ✅ Giá H1 + Macro hoàn thành (attempt 1)
[2026-07-29 11:00:28] [Sync] Bắt đầu đẩy dữ liệu lên Github (Kích hoạt bởi: Giá H1 + Macro)...
[2026-07-29 11:00:32] [Sync] ✅ Đồng bộ Github thành công (Giá H1 + Macro)!
[2026-07-29 11:00:32] [INFO] ▶ Kích hoạt: Giá H4
[2026-07-29 11:00:41] [INFO] ✅ Giá H4 hoàn thành (attempt 1)
[2026-07-29 11:00:41] [Sync] Bắt đầu đẩy dữ liệu lên Github (Kích hoạt bởi: Giá H4)...
[2026-07-29 11:00:44] [Sync] ✅ Đồng bộ Github thành công (Giá H4)!
[2026-07-29 11:00:44] [INFO] ▶ Kích hoạt: Vĩ Mô (Macro)
[2026-07-29 11:00:48] [INFO] ✅ Vĩ Mô (Macro) hoàn thành (attempt 1)
[2026-07-29 11:00:48] [Sync] Bắt đầu đẩy dữ liệu lên Github (Kích hoạt bởi: Vĩ Mô (Macro))...
[2026-07-29 11:00:51] [Sync] ✅ Đồng bộ Github thành công (Vĩ Mô (Macro))!
[2026-07-29 11:00:51] [INFO] Đang quét tín hiệu Telegram Alarm (SMC)...
[2026-07-29 11:00:55] [INFO] Đang chạy cập nhật Hồ sơ mã (run_pro_plus) và tạo Dashboard (gen_dashboard)...
[2026-07-29 11:01:02] [Sync] Bắt đầu đẩy dữ liệu lên Github (Kích hoạt bởi: Cập nhật Phân tích & Giao diện)...
[2026-07-29 11:01:06] [Sync] ✅ Đồng bộ Github thành công (Cập nhật Phân tích & Giao diện)!
[2026-07-29 11:01:07] [INFO] ⏰ Đợi Giá H1: còn 0.98h (29/07 12:00:05 VN)
[2026-07-29 12:37:43] [INFO] ▶ Kích hoạt: Giá H1 + Macro
[2026-07-29 12:38:01] [INFO] ✅ Giá H1 + Macro hoàn thành (attempt 1)
[2026-07-29 12:38:01] [Sync] Bắt đầu đẩy dữ liệu lên Github (Kích hoạt bởi: Giá H1 + Macro)...
[2026-07-29 12:38:06] [Sync] ✅ Đồng bộ Github thành công (Giá H1 + Macro)!
[2026-07-29 12:38:06] [INFO] ▶ Kích hoạt: Giá H4
[2026-07-29 12:38:13] [INFO] ✅ Giá H4 hoàn thành (attempt 1)
[2026-07-29 12:38:13] [Sync] Bắt đầu đẩy dữ liệu lên Github (Kích hoạt bởi: Giá H4)...
[2026-07-29 12:38:16] [Sync] ✅ Đồng bộ Github thành công (Giá H4)!
[2026-07-29 12:38:16] [INFO] ▶ Kích hoạt: Vĩ Mô (Macro)
[2026-07-29 12:38:20] [INFO] ✅ Vĩ Mô (Macro) hoàn thành (attempt 1)
[2026-07-29 12:38:20] [Sync] Bắt đầu đẩy dữ liệu lên Github (Kích hoạt bởi: Vĩ Mô (Macro))...
[2026-07-29 12:38:23] [Sync] ✅ Đồng bộ Github thành công (Vĩ Mô (Macro))!
[2026-07-29 12:38:23] [INFO] Đang quét tín hiệu Telegram Alarm (SMC)...
[2026-07-29 12:38:26] [INFO] Đang chạy cập nhật Hồ sơ mã (run_pro_plus) và tạo Dashboard (gen_dashboard)...
[2026-07-29 12:38:33] [Sync] Bắt đầu đẩy dữ liệu lên Github (Kích hoạt bởi: Cập nhật Phân tích & Giao diện)...
[2026-07-29 12:38:37] [Sync] ✅ Đồng bộ Github thành công (Cập nhật Phân tích & Giao diện)!
[2026-07-29 12:38:37] [INFO] ⏰ Đợi Giá H1: còn 0.36h (29/07 13:00:05 VN)
[2026-07-29 13:00:05] [INFO] ▶ Kích hoạt: Giá H1 + Macro
[2026-07-29 13:00:16] [INFO] ✅ Giá H1 + Macro hoàn thành (attempt 1)
[2026-07-29 13:00:16] [Sync] Bắt đầu đẩy dữ liệu lên Github (Kích hoạt bởi: Giá H1 + Macro)...
[2026-07-29 13:00:20] [Sync] ✅ Đồng bộ Github thành công (Giá H1 + Macro)!
[2026-07-29 13:00:20] [INFO] ▶ Kích hoạt: Giá H4
[2026-07-29 13:00:28] [INFO] ✅ Giá H4 hoàn thành (attempt 1)
[2026-07-29 13:00:28] [Sync] Bắt đầu đẩy dữ liệu lên Github (Kích hoạt bởi: Giá H4)...
[2026-07-29 13:00:32] [Sync] ✅ Đồng bộ Github thành công (Giá H4)!
[2026-07-29 13:00:32] [INFO] ▶ Kích hoạt: Vĩ Mô (Macro)
[2026-07-29 13:00:36] [INFO] ✅ Vĩ Mô (Macro) hoàn thành (attempt 1)
[2026-07-29 13:00:36] [Sync] Bắt đầu đẩy dữ liệu lên Github (Kích hoạt bởi: Vĩ Mô (Macro))...
[2026-07-29 13:00:40] [Sync] ✅ Đồng bộ Github thành công (Vĩ Mô (Macro))!
[2026-07-29 13:00:40] [INFO] Đang quét tín hiệu Telegram Alarm (SMC)...
[2026-07-29 13:00:41] [INFO] Đang chạy cập nhật Hồ sơ mã (run_pro_plus) và tạo Dashboard (gen_dashboard)...
[2026-07-29 13:00:48] [Sync] Bắt đầu đẩy dữ liệu lên Github (Kích hoạt bởi: Cập nhật Phân tích & Giao diện)...
[2026-07-29 13:00:52] [Sync] ✅ Đồng bộ Github thành công (Cập nhật Phân tích & Giao diện)!
[2026-07-29 13:00:52] [INFO] ⏰ Đợi Giá H1: còn 0.99h (29/07 14:00:05 VN)
[2026-07-29 14:40:23] [INFO] ▶ Kích hoạt: Giá H1 + Macro
[2026-07-29 14:40:37] [INFO] ✅ Giá H1 + Macro hoàn thành (attempt 1)
[2026-07-29 14:40:37] [Sync] Bắt đầu đẩy dữ liệu lên Github (Kích hoạt bởi: Giá H1 + Macro)...
[2026-07-29 14:40:41] [Sync] ✅ Đồng bộ Github thành công (Giá H1 + Macro)!
[2026-07-29 14:40:41] [INFO] ▶ Kích hoạt: Giá H4
[2026-07-29 14:40:48] [INFO] ✅ Giá H4 hoàn thành (attempt 1)
[2026-07-29 14:40:49] [Sync] Bắt đầu đẩy dữ liệu lên Github (Kích hoạt bởi: Giá H4)...
[2026-07-29 14:40:52] [Sync] ✅ Đồng bộ Github thành công (Giá H4)!
[2026-07-29 14:40:52] [INFO] ▶ Kích hoạt: Vĩ Mô (Macro)
[2026-07-29 14:40:55] [INFO] ✅ Vĩ Mô (Macro) hoàn thành (attempt 1)
[2026-07-29 14:40:55] [Sync] Bắt đầu đẩy dữ liệu lên Github (Kích hoạt bởi: Vĩ Mô (Macro))...
[2026-07-29 14:40:58] [Sync] ✅ Đồng bộ Github thành công (Vĩ Mô (Macro))!
[2026-07-29 14:40:58] [INFO] Đang quét tín hiệu Telegram Alarm (SMC)...
[2026-07-29 14:41:00] [INFO] Đang chạy cập nhật Hồ sơ mã (run_pro_plus) và tạo Dashboard (gen_dashboard)...
[2026-07-29 14:41:08] [Sync] Bắt đầu đẩy dữ liệu lên Github (Kích hoạt bởi: Cập nhật Phân tích & Giao diện)...
[2026-07-29 14:41:11] [Sync] ✅ Đồng bộ Github thành công (Cập nhật Phân tích & Giao diện)!
[2026-07-29 14:41:11] [INFO] ⏰ Đợi Giá H1: còn 0.31h (29/07 15:00:05 VN)
[2026-07-29 15:00:05] [INFO] ▶ Kích hoạt: Giá H1 + Macro
[2026-07-29 15:00:15] [INFO] ✅ Giá H1 + Macro hoàn thành (attempt 1)
[2026-07-29 15:00:15] [Sync] Bắt đầu đẩy dữ liệu lên Github (Kích hoạt bởi: Giá H1 + Macro)...
[2026-07-29 15:00:19] [Sync] ✅ Đồng bộ Github thành công (Giá H1 + Macro)!
[2026-07-29 15:00:19] [INFO] ▶ Kích hoạt: Giá H4
[2026-07-29 15:00:31] [INFO] ✅ Giá H4 hoàn thành (attempt 1)
[2026-07-29 15:00:31] [Sync] Bắt đầu đẩy dữ liệu lên Github (Kích hoạt bởi: Giá H4)...
[2026-07-29 15:00:35] [Sync] ✅ Đồng bộ Github thành công (Giá H4)!
[2026-07-29 15:00:35] [INFO] ▶ Kích hoạt: Vĩ Mô (Macro)
[2026-07-29 15:00:39] [INFO] ✅ Vĩ Mô (Macro) hoàn thành (attempt 1)
[2026-07-29 15:00:39] [Sync] Bắt đầu đẩy dữ liệu lên Github (Kích hoạt bởi: Vĩ Mô (Macro))...
[2026-07-29 15:00:43] [Sync] ✅ Đồng bộ Github thành công (Vĩ Mô (Macro))!
[2026-07-29 15:00:43] [INFO] Đang quét tín hiệu Telegram Alarm (SMC)...
[2026-07-29 15:00:44] [INFO] Đang chạy cập nhật Hồ sơ mã (run_pro_plus) và tạo Dashboard (gen_dashboard)...
[2026-07-29 15:00:52] [Sync] Bắt đầu đẩy dữ liệu lên Github (Kích hoạt bởi: Cập nhật Phân tích & Giao diện)...
[2026-07-29 15:00:56] [Sync] ✅ Đồng bộ Github thành công (Cập nhật Phân tích & Giao diện)!
[2026-07-29 15:00:56] [INFO] ⏰ Đợi Giá H1: còn 0.99h (29/07 16:00:05 VN)
[2026-07-29 16:00:05] [INFO] ▶ Kích hoạt: Giá H1 + Macro
[2026-07-29 16:00:19] [INFO] ✅ Giá H1 + Macro hoàn thành (attempt 1)
[2026-07-29 16:00:19] [Sync] Bắt đầu đẩy dữ liệu lên Github (Kích hoạt bởi: Giá H1 + Macro)...
[2026-07-29 16:00:23] [Sync] ✅ Đồng bộ Github thành công (Giá H1 + Macro)!
[2026-07-29 16:00:23] [INFO] ▶ Kích hoạt: Giá H4
[2026-07-29 16:00:29] [INFO] ✅ Giá H4 hoàn thành (attempt 1)
[2026-07-29 16:00:29] [Sync] Bắt đầu đẩy dữ liệu lên Github (Kích hoạt bởi: Giá H4)...
[2026-07-29 16:00:33] [Sync] ✅ Đồng bộ Github thành công (Giá H4)!
[2026-07-29 16:00:34] [INFO] ▶ Kích hoạt: Vĩ Mô (Macro)
[2026-07-29 16:00:36] [INFO] ✅ Vĩ Mô (Macro) hoàn thành (attempt 1)
[2026-07-29 16:00:36] [Sync] Bắt đầu đẩy dữ liệu lên Github (Kích hoạt bởi: Vĩ Mô (Macro))...
[2026-07-29 16:00:40] [Sync] ✅ Đồng bộ Github thành công (Vĩ Mô (Macro))!
[2026-07-29 16:00:40] [INFO] Đang quét tín hiệu Telegram Alarm (SMC)...
[2026-07-29 16:00:41] [INFO] Đang chạy cập nhật Hồ sơ mã (run_pro_plus) và tạo Dashboard (gen_dashboard)...
[2026-07-29 16:00:48] [Sync] Bắt đầu đẩy dữ liệu lên Github (Kích hoạt bởi: Cập nhật Phân tích & Giao diện)...
[2026-07-29 16:00:52] [Sync] ✅ Đồng bộ Github thành công (Cập nhật Phân tích & Giao diện)!
[2026-07-29 16:00:52] [INFO] ⏰ Đợi Giá H1: còn 0.99h (29/07 17:00:05 VN)
[2026-07-29 17:42:43] [INFO] ▶ Kích hoạt: Giá H1 + Macro
[2026-07-29 17:42:56] [INFO] ✅ Giá H1 + Macro hoàn thành (attempt 1)
[2026-07-29 17:42:56] [Sync] Bắt đầu đẩy dữ liệu lên Github (Kích hoạt bởi: Giá H1 + Macro)...
[2026-07-29 17:42:59] [Sync] ✅ Đồng bộ Github thành công (Giá H1 + Macro)!
[2026-07-29 17:42:59] [INFO] ▶ Kích hoạt: Giá H4
[2026-07-29 17:43:06] [INFO] ✅ Giá H4 hoàn thành (attempt 1)
[2026-07-29 17:43:06] [Sync] Bắt đầu đẩy dữ liệu lên Github (Kích hoạt bởi: Giá H4)...
[2026-07-29 17:43:10] [Sync] ✅ Đồng bộ Github thành công (Giá H4)!
[2026-07-29 17:43:10] [INFO] ▶ Kích hoạt: Vĩ Mô (Macro)
[2026-07-29 17:43:13] [INFO] ✅ Vĩ Mô (Macro) hoàn thành (attempt 1)
[2026-07-29 17:43:13] [Sync] Bắt đầu đẩy dữ liệu lên Github (Kích hoạt bởi: Vĩ Mô (Macro))...
[2026-07-29 17:43:16] [Sync] ✅ Đồng bộ Github thành công (Vĩ Mô (Macro))!
[2026-07-29 17:43:16] [INFO] Đang quét tín hiệu Telegram Alarm (SMC)...
[2026-07-29 17:43:21] [INFO] Đang chạy cập nhật Hồ sơ mã (run_pro_plus) và tạo Dashboard (gen_dashboard)...
[2026-07-29 17:43:28] [Sync] Bắt đầu đẩy dữ liệu lên Github (Kích hoạt bởi: Cập nhật Phân tích & Giao diện)...
[2026-07-29 17:43:33] [Sync] ✅ Đồng bộ Github thành công (Cập nhật Phân tích & Giao diện)!
[2026-07-29 17:43:33] [INFO] ⏰ Đợi Giá H1: còn 0.28h (29/07 18:00:05 VN)
[2026-07-29 18:19:02] [INFO] ▶ Kích hoạt: Giá H1 + Macro
[2026-07-29 18:19:21] [INFO] ✅ Giá H1 + Macro hoàn thành (attempt 1)
[2026-07-29 18:19:21] [Sync] Bắt đầu đẩy dữ liệu lên Github (Kích hoạt bởi: Giá H1 + Macro)...
[2026-07-29 18:19:25] [Sync] ✅ Đồng bộ Github thành công (Giá H1 + Macro)!
[2026-07-29 18:19:25] [INFO] ▶ Kích hoạt: Giá H4
[2026-07-29 18:19:32] [INFO] ✅ Giá H4 hoàn thành (attempt 1)
[2026-07-29 18:19:32] [Sync] Bắt đầu đẩy dữ liệu lên Github (Kích hoạt bởi: Giá H4)...
[2026-07-29 18:19:36] [Sync] ✅ Đồng bộ Github thành công (Giá H4)!
[2026-07-29 18:19:36] [INFO] ▶ Kích hoạt: Vĩ Mô (Macro)
[2026-07-29 18:19:39] [INFO] ✅ Vĩ Mô (Macro) hoàn thành (attempt 1)
[2026-07-29 18:19:39] [Sync] Bắt đầu đẩy dữ liệu lên Github (Kích hoạt bởi: Vĩ Mô (Macro))...
[2026-07-29 18:19:43] [Sync] ✅ Đồng bộ Github thành công (Vĩ Mô (Macro))!
[2026-07-29 18:19:43] [INFO] Đang quét tín hiệu Telegram Alarm (SMC)...
[2026-07-29 18:19:44] [INFO] Đang chạy cập nhật Hồ sơ mã (run_pro_plus) và tạo Dashboard (gen_dashboard)...
[2026-07-29 18:19:51] [Sync] Bắt đầu đẩy dữ liệu lên Github (Kích hoạt bởi: Cập nhật Phân tích & Giao diện)...
[2026-07-29 18:19:56] [Sync] ✅ Đồng bộ Github thành công (Cập nhật Phân tích & Giao diện)!
[2026-07-29 18:19:56] [INFO] ⏰ Đợi Giá H1: còn 0.67h (29/07 19:00:05 VN)
[2026-07-29 19:46:20] [INFO] ▶ Kích hoạt: Giá H1 + Macro
[2026-07-29 19:46:36] [INFO] ✅ Giá H1 + Macro hoàn thành (attempt 1)
[2026-07-29 19:46:36] [Sync] Bắt đầu đẩy dữ liệu lên Github (Kích hoạt bởi: Giá H1 + Macro)...
[2026-07-29 19:46:40] [Sync] ✅ Đồng bộ Github thành công (Giá H1 + Macro)!
[2026-07-29 19:46:40] [INFO] ▶ Kích hoạt: Giá H4
[2026-07-29 19:46:47] [INFO] ✅ Giá H4 hoàn thành (attempt 1)
[2026-07-29 19:46:47] [Sync] Bắt đầu đẩy dữ liệu lên Github (Kích hoạt bởi: Giá H4)...
[2026-07-29 19:46:50] [Sync] ✅ Đồng bộ Github thành công (Giá H4)!
[2026-07-29 19:46:50] [INFO] ▶ Kích hoạt: Vĩ Mô (Macro)
[2026-07-29 19:46:54] [INFO] ✅ Vĩ Mô (Macro) hoàn thành (attempt 1)
[2026-07-29 19:46:54] [Sync] Bắt đầu đẩy dữ liệu lên Github (Kích hoạt bởi: Vĩ Mô (Macro))...
[2026-07-29 19:46:58] [Sync] ✅ Đồng bộ Github thành công (Vĩ Mô (Macro))!
[2026-07-29 19:46:58] [INFO] Đang quét tín hiệu Telegram Alarm (SMC)...
[2026-07-29 19:46:59] [INFO] Đang chạy cập nhật Hồ sơ mã (run_pro_plus) và tạo Dashboard (gen_dashboard)...
[2026-07-29 19:47:07] [Sync] Bắt đầu đẩy dữ liệu lên Github (Kích hoạt bởi: Cập nhật Phân tích & Giao diện)...
[2026-07-29 19:47:11] [Sync] ✅ Đồng bộ Github thành công (Cập nhật Phân tích & Giao diện)!
[2026-07-29 19:47:11] [INFO] ⏰ Đợi Giá H1: còn 0.21h (29/07 20:00:05 VN)
[2026-07-29 20:00:05] [INFO] ▶ Kích hoạt: Giá H1 + Macro
[2026-07-29 20:00:16] [INFO] ✅ Giá H1 + Macro hoàn thành (attempt 1)
[2026-07-29 20:00:16] [Sync] Bắt đầu đẩy dữ liệu lên Github (Kích hoạt bởi: Giá H1 + Macro)...
[2026-07-29 20:00:19] [Sync] ✅ Đồng bộ Github thành công (Giá H1 + Macro)!
[2026-07-29 20:00:19] [INFO] ▶ Kích hoạt: Giá H4
[2026-07-29 20:00:26] [INFO] ✅ Giá H4 hoàn thành (attempt 1)
[2026-07-29 20:00:26] [Sync] Bắt đầu đẩy dữ liệu lên Github (Kích hoạt bởi: Giá H4)...
[2026-07-29 20:00:30] [Sync] ✅ Đồng bộ Github thành công (Giá H4)!
[2026-07-29 20:00:30] [INFO] ▶ Kích hoạt: Vĩ Mô (Macro)
[2026-07-29 20:00:34] [INFO] ✅ Vĩ Mô (Macro) hoàn thành (attempt 1)
[2026-07-29 20:00:34] [Sync] Bắt đầu đẩy dữ liệu lên Github (Kích hoạt bởi: Vĩ Mô (Macro))...
[2026-07-29 20:00:37] [Sync] ✅ Đồng bộ Github thành công (Vĩ Mô (Macro))!
[2026-07-29 20:00:37] [INFO] Đang quét tín hiệu Telegram Alarm (SMC)...
[2026-07-29 20:00:39] [INFO] Đang chạy cập nhật Hồ sơ mã (run_pro_plus) và tạo Dashboard (gen_dashboard)...
[2026-07-29 20:00:47] [Sync] Bắt đầu đẩy dữ liệu lên Github (Kích hoạt bởi: Cập nhật Phân tích & Giao diện)...
[2026-07-29 20:00:51] [Sync] ✅ Đồng bộ Github thành công (Cập nhật Phân tích & Giao diện)!
[2026-07-29 20:00:51] [INFO] ⏰ Đợi Giá H1: còn 0.99h (29/07 21:00:05 VN)
[2026-07-29 21:00:05] [INFO] ▶ Kích hoạt: Giá H1 + Macro
[2026-07-29 21:00:22] [INFO] ✅ Giá H1 + Macro hoàn thành (attempt 1)
[2026-07-29 21:00:22] [Sync] Bắt đầu đẩy dữ liệu lên Github (Kích hoạt bởi: Giá H1 + Macro)...
[2026-07-29 21:00:25] [Sync] ✅ Đồng bộ Github thành công (Giá H1 + Macro)!
[2026-07-29 21:00:25] [INFO] ▶ Kích hoạt: Giá H4
[2026-07-29 21:00:31] [INFO] ✅ Giá H4 hoàn thành (attempt 1)
[2026-07-29 21:00:31] [Sync] Bắt đầu đẩy dữ liệu lên Github (Kích hoạt bởi: Giá H4)...
[2026-07-29 21:00:35] [Sync] ✅ Đồng bộ Github thành công (Giá H4)!
[2026-07-29 21:00:35] [INFO] ▶ Kích hoạt: Vĩ Mô (Macro)
[2026-07-29 21:00:38] [INFO] ✅ Vĩ Mô (Macro) hoàn thành (attempt 1)
[2026-07-29 21:00:38] [Sync] Bắt đầu đẩy dữ liệu lên Github (Kích hoạt bởi: Vĩ Mô (Macro))...
[2026-07-29 21:00:42] [Sync] ✅ Đồng bộ Github thành công (Vĩ Mô (Macro))!
[2026-07-29 21:00:42] [INFO] Đang quét tín hiệu Telegram Alarm (SMC)...
[2026-07-29 21:00:43] [INFO] Đang chạy cập nhật Hồ sơ mã (run_pro_plus) và tạo Dashboard (gen_dashboard)...
[2026-07-29 21:00:52] [Sync] Bắt đầu đẩy dữ liệu lên Github (Kích hoạt bởi: Cập nhật Phân tích & Giao diện)...
[2026-07-29 21:00:57] [Sync] ✅ Đồng bộ Github thành công (Cập nhật Phân tích & Giao diện)!
[2026-07-29 21:00:57] [INFO] ⏰ Đợi Giá H1: còn 0.99h (29/07 22:00:05 VN)
[2026-07-29 22:00:05] [INFO] ▶ Kích hoạt: Giá H1 + Macro
[2026-07-29 22:00:33] [INFO] ✅ Giá H1 + Macro hoàn thành (attempt 1)
[2026-07-29 22:00:33] [Sync] Bắt đầu đẩy dữ liệu lên Github (Kích hoạt bởi: Giá H1 + Macro)...
[2026-07-29 22:00:39] [Sync] ✅ Đồng bộ Github thành công (Giá H1 + Macro)!
[2026-07-29 22:00:39] [INFO] ▶ Kích hoạt: Giá H4
[2026-07-29 22:00:45] [INFO] ✅ Giá H4 hoàn thành (attempt 1)
[2026-07-29 22:00:45] [Sync] Bắt đầu đẩy dữ liệu lên Github (Kích hoạt bởi: Giá H4)...
[2026-07-29 22:00:50] [Sync] ✅ Đồng bộ Github thành công (Giá H4)!
[2026-07-29 22:00:50] [INFO] ▶ Kích hoạt: Vĩ Mô (Macro)
[2026-07-29 22:00:53] [INFO] ✅ Vĩ Mô (Macro) hoàn thành (attempt 1)
[2026-07-29 22:00:53] [Sync] Bắt đầu đẩy dữ liệu lên Github (Kích hoạt bởi: Vĩ Mô (Macro))...
[2026-07-29 22:00:57] [Sync] ✅ Đồng bộ Github thành công (Vĩ Mô (Macro))!
[2026-07-29 22:00:57] [INFO] Đang quét tín hiệu Telegram Alarm (SMC)...
[2026-07-29 22:01:01] [INFO] Đang chạy cập nhật Hồ sơ mã (run_pro_plus) và tạo Dashboard (gen_dashboard)...
[2026-07-29 22:01:10] [Sync] Bắt đầu đẩy dữ liệu lên Github (Kích hoạt bởi: Cập nhật Phân tích & Giao diện)...
[2026-07-29 22:01:14] [Sync] ✅ Đồng bộ Github thành công (Cập nhật Phân tích & Giao diện)!
[2026-07-29 22:01:14] [INFO] ⏰ Đợi Giá H1: còn 0.98h (29/07 23:00:05 VN)
[2026-07-30 07:35:18] [INFO] ▶ Kích hoạt: Giá H1 + Macro
[2026-07-30 07:35:28] [INFO] ✅ Giá H1 + Macro hoàn thành (attempt 1)
[2026-07-30 07:35:28] [Sync] Bắt đầu đẩy dữ liệu lên Github (Kích hoạt bởi: Giá H1 + Macro)...
[2026-07-30 07:35:32] [Sync] ✅ Đồng bộ Github thành công (Giá H1 + Macro)!
[2026-07-30 07:35:32] [INFO] ▶ Kích hoạt: Giá H4
[2026-07-30 07:35:39] [INFO] ✅ Giá H4 hoàn thành (attempt 1)
[2026-07-30 07:35:39] [Sync] Bắt đầu đẩy dữ liệu lên Github (Kích hoạt bởi: Giá H4)...
[2026-07-30 07:35:42] [Sync] ✅ Đồng bộ Github thành công (Giá H4)!
[2026-07-30 07:35:42] [INFO] ▶ Kích hoạt: Vĩ Mô (Macro)
[2026-07-30 07:35:45] [INFO] ✅ Vĩ Mô (Macro) hoàn thành (attempt 1)
[2026-07-30 07:35:45] [Sync] Bắt đầu đẩy dữ liệu lên Github (Kích hoạt bởi: Vĩ Mô (Macro))...
[2026-07-30 07:35:48] [Sync] ✅ Đồng bộ Github thành công (Vĩ Mô (Macro))!
[2026-07-30 07:35:48] [INFO] Đang quét tín hiệu Telegram Alarm (SMC)...
[2026-07-30 07:35:53] [INFO] Đang chạy cập nhật Hồ sơ mã (run_pro_plus) và tạo Dashboard (gen_dashboard)...
[2026-07-30 07:36:01] [Sync] Bắt đầu đẩy dữ liệu lên Github (Kích hoạt bởi: Cập nhật Phân tích & Giao diện)...
[2026-07-30 07:36:05] [Sync] ✅ Đồng bộ Github thành công (Cập nhật Phân tích & Giao diện)!
[2026-07-30 07:36:05] [INFO] ⏰ Đợi Giá H1: còn 0.40h (30/07 08:00:05 VN)
[2026-07-30 07:41:04] [INFO] ▶ Kích hoạt: AI Phân Tích Chuyên Sâu
[2026-07-30 07:41:29] [INFO] ✅ AI Phân Tích Chuyên Sâu hoàn thành (attempt 1)
[2026-07-30 07:41:29] [Sync] Bắt đầu đẩy dữ liệu lên Github (Kích hoạt bởi: AI Phân Tích Chuyên Sâu)...
[2026-07-30 07:41:33] [Sync] ✅ Đồng bộ Github thành công (AI Phân Tích Chuyên Sâu)!
[2026-07-30 07:41:33] [INFO] ⏰ Đợi AI Phân Tích: còn 12.31h (30/07 20:00:02 VN)
[2026-07-30 07:41:35] [INFO] ✅ AI Điểm Tin hoàn thành (attempt 1)
[2026-07-30 07:41:35] [Sync] Bắt đầu đẩy dữ liệu lên Github (Kích hoạt bởi: AI Điểm Tin)...
[2026-07-30 07:41:39] [Sync] ✅ Đồng bộ Github thành công (AI Điểm Tin)!
[2026-07-30 07:41:39] [INFO] ⏰ Đợi AI News: còn 12.31h (30/07 20:00:02 VN)
[2026-07-30 08:00:05] [INFO] ▶ Kích hoạt: Giá H1 + Macro
[2026-07-30 08:00:14] [INFO] ✅ Giá H1 + Macro hoàn thành (attempt 1)
[2026-07-30 08:00:14] [Sync] Bắt đầu đẩy dữ liệu lên Github (Kích hoạt bởi: Giá H1 + Macro)...
[2026-07-30 08:00:18] [Sync] ✅ Đồng bộ Github thành công (Giá H1 + Macro)!
[2026-07-30 08:00:18] [INFO] ▶ Kích hoạt: Giá H4
[2026-07-30 08:00:25] [INFO] ✅ Giá H4 hoàn thành (attempt 1)
[2026-07-30 08:00:25] [Sync] Bắt đầu đẩy dữ liệu lên Github (Kích hoạt bởi: Giá H4)...
[2026-07-30 08:00:29] [Sync] ✅ Đồng bộ Github thành công (Giá H4)!
[2026-07-30 08:00:29] [INFO] ▶ Kích hoạt: Vĩ Mô (Macro)
[2026-07-30 08:00:32] [INFO] ✅ Vĩ Mô (Macro) hoàn thành (attempt 1)
[2026-07-30 08:00:32] [Sync] Bắt đầu đẩy dữ liệu lên Github (Kích hoạt bởi: Vĩ Mô (Macro))...
[2026-07-30 08:00:36] [Sync] ✅ Đồng bộ Github thành công (Vĩ Mô (Macro))!
[2026-07-30 08:00:36] [INFO] Đang quét tín hiệu Telegram Alarm (SMC)...
[2026-07-30 08:00:37] [INFO] Đang chạy cập nhật Hồ sơ mã (run_pro_plus) và tạo Dashboard (gen_dashboard)...
[2026-07-30 08:00:44] [Sync] Bắt đầu đẩy dữ liệu lên Github (Kích hoạt bởi: Cập nhật Phân tích & Giao diện)...
[2026-07-30 08:00:49] [Sync] ✅ Đồng bộ Github thành công (Cập nhật Phân tích & Giao diện)!
[2026-07-30 08:00:49] [INFO] ⏰ Đợi Giá H1: còn 0.99h (30/07 09:00:05 VN)
[2026-07-30 09:21:39] [INFO] ▶ Kích hoạt: Giá H1 + Macro
[2026-07-30 09:22:02] [INFO] ✅ Giá H1 + Macro hoàn thành (attempt 1)
[2026-07-30 09:22:02] [Sync] Bắt đầu đẩy dữ liệu lên Github (Kích hoạt bởi: Giá H1 + Macro)...
[2026-07-30 09:22:06] [Sync] ✅ Đồng bộ Github thành công (Giá H1 + Macro)!
[2026-07-30 09:22:06] [INFO] ▶ Kích hoạt: Giá H4
[2026-07-30 09:22:12] [INFO] ✅ Giá H4 hoàn thành (attempt 1)
[2026-07-30 09:22:12] [Sync] Bắt đầu đẩy dữ liệu lên Github (Kích hoạt bởi: Giá H4)...
[2026-07-30 09:22:15] [Sync] ✅ Đồng bộ Github thành công (Giá H4)!
[2026-07-30 09:22:15] [INFO] ▶ Kích hoạt: Vĩ Mô (Macro)
[2026-07-30 09:22:19] [INFO] ✅ Vĩ Mô (Macro) hoàn thành (attempt 1)
[2026-07-30 09:22:19] [Sync] Bắt đầu đẩy dữ liệu lên Github (Kích hoạt bởi: Vĩ Mô (Macro))...
[2026-07-30 09:22:23] [Sync] ✅ Đồng bộ Github thành công (Vĩ Mô (Macro))!
[2026-07-30 09:22:23] [INFO] Đang quét tín hiệu Telegram Alarm (SMC)...
[2026-07-30 09:22:24] [INFO] Đang chạy cập nhật Hồ sơ mã (run_pro_plus) và tạo Dashboard (gen_dashboard)...
[2026-07-30 09:22:31] [Sync] Bắt đầu đẩy dữ liệu lên Github (Kích hoạt bởi: Cập nhật Phân tích & Giao diện)...
[2026-07-30 09:22:34] [Sync] ✅ Đồng bộ Github thành công (Cập nhật Phân tích & Giao diện)!
[2026-07-30 09:22:34] [INFO] ⏰ Đợi Giá H1: còn 0.63h (30/07 10:00:05 VN)
[2026-07-30 10:41:05] [INFO] ▶ Kích hoạt: Giá H1 + Macro
[2026-07-30 10:41:37] [INFO] ✅ Giá H1 + Macro hoàn thành (attempt 1)
[2026-07-30 10:41:37] [Sync] Bắt đầu đẩy dữ liệu lên Github (Kích hoạt bởi: Giá H1 + Macro)...
[2026-07-30 10:41:41] [Sync] ✅ Đồng bộ Github thành công (Giá H1 + Macro)!
[2026-07-30 10:41:41] [INFO] ▶ Kích hoạt: Giá H4
[2026-07-30 10:41:48] [INFO] ✅ Giá H4 hoàn thành (attempt 1)
[2026-07-30 10:41:48] [Sync] Bắt đầu đẩy dữ liệu lên Github (Kích hoạt bởi: Giá H4)...
[2026-07-30 10:41:51] [Sync] ✅ Đồng bộ Github thành công (Giá H4)!
[2026-07-30 10:41:51] [INFO] ▶ Kích hoạt: Vĩ Mô (Macro)
[2026-07-30 10:41:54] [INFO] ✅ Vĩ Mô (Macro) hoàn thành (attempt 1)
[2026-07-30 10:41:54] [Sync] Bắt đầu đẩy dữ liệu lên Github (Kích hoạt bởi: Vĩ Mô (Macro))...
[2026-07-30 10:41:58] [Sync] ✅ Đồng bộ Github thành công (Vĩ Mô (Macro))!
[2026-07-30 10:41:58] [INFO] Đang quét tín hiệu Telegram Alarm (SMC)...
[2026-07-30 10:42:02] [INFO] Đang chạy cập nhật Hồ sơ mã (run_pro_plus) và tạo Dashboard (gen_dashboard)...
[2026-07-30 10:42:09] [Sync] Bắt đầu đẩy dữ liệu lên Github (Kích hoạt bởi: Cập nhật Phân tích & Giao diện)...
[2026-07-30 10:42:13] [Sync] ✅ Đồng bộ Github thành công (Cập nhật Phân tích & Giao diện)!
[2026-07-30 10:42:13] [INFO] ⏰ Đợi Giá H1: còn 0.30h (30/07 11:00:05 VN)
[2026-07-30 11:00:05] [INFO] ▶ Kích hoạt: Giá H1 + Macro
[2026-07-30 11:00:18] [INFO] ✅ Giá H1 + Macro hoàn thành (attempt 1)
[2026-07-30 11:00:18] [Sync] Bắt đầu đẩy dữ liệu lên Github (Kích hoạt bởi: Giá H1 + Macro)...
[2026-07-30 11:00:22] [Sync] ✅ Đồng bộ Github thành công (Giá H1 + Macro)!
[2026-07-30 11:00:22] [INFO] ▶ Kích hoạt: Giá H4
[2026-07-30 11:00:28] [INFO] ✅ Giá H4 hoàn thành (attempt 1)
[2026-07-30 11:00:28] [Sync] Bắt đầu đẩy dữ liệu lên Github (Kích hoạt bởi: Giá H4)...
[2026-07-30 11:00:32] [Sync] ✅ Đồng bộ Github thành công (Giá H4)!
[2026-07-30 11:00:32] [INFO] ▶ Kích hoạt: Vĩ Mô (Macro)
[2026-07-30 11:00:35] [INFO] ✅ Vĩ Mô (Macro) hoàn thành (attempt 1)
[2026-07-30 11:00:35] [Sync] Bắt đầu đẩy dữ liệu lên Github (Kích hoạt bởi: Vĩ Mô (Macro))...
[2026-07-30 11:00:39] [Sync] ✅ Đồng bộ Github thành công (Vĩ Mô (Macro))!
[2026-07-30 11:00:39] [INFO] Đang quét tín hiệu Telegram Alarm (SMC)...
[2026-07-30 11:00:40] [INFO] Đang chạy cập nhật Hồ sơ mã (run_pro_plus) và tạo Dashboard (gen_dashboard)...
[2026-07-30 11:00:47] [Sync] Bắt đầu đẩy dữ liệu lên Github (Kích hoạt bởi: Cập nhật Phân tích & Giao diện)...
[2026-07-30 11:00:51] [Sync] ✅ Đồng bộ Github thành công (Cập nhật Phân tích & Giao diện)!
[2026-07-30 11:00:51] [INFO] ⏰ Đợi Giá H1: còn 0.99h (30/07 12:00:05 VN)
[2026-07-30 12:00:05] [INFO] ▶ Kích hoạt: Giá H1 + Macro
[2026-07-30 12:00:24] [INFO] ✅ Giá H1 + Macro hoàn thành (attempt 1)
[2026-07-30 12:00:24] [Sync] Bắt đầu đẩy dữ liệu lên Github (Kích hoạt bởi: Giá H1 + Macro)...
[2026-07-30 12:00:28] [Sync] ✅ Đồng bộ Github thành công (Giá H1 + Macro)!
[2026-07-30 12:00:28] [INFO] ▶ Kích hoạt: Giá H4
[2026-07-30 12:00:42] [INFO] ✅ Giá H4 hoàn thành (attempt 1)
[2026-07-30 12:00:42] [Sync] Bắt đầu đẩy dữ liệu lên Github (Kích hoạt bởi: Giá H4)...
[2026-07-30 12:00:45] [Sync] ✅ Đồng bộ Github thành công (Giá H4)!
[2026-07-30 12:00:45] [INFO] ▶ Kích hoạt: Vĩ Mô (Macro)
[2026-07-30 12:00:49] [INFO] ✅ Vĩ Mô (Macro) hoàn thành (attempt 1)
[2026-07-30 12:00:49] [Sync] Bắt đầu đẩy dữ liệu lên Github (Kích hoạt bởi: Vĩ Mô (Macro))...
[2026-07-30 12:00:52] [Sync] ✅ Đồng bộ Github thành công (Vĩ Mô (Macro))!
[2026-07-30 12:00:52] [INFO] Đang quét tín hiệu Telegram Alarm (SMC)...
[2026-07-30 12:00:54] [INFO] Đang chạy cập nhật Hồ sơ mã (run_pro_plus) và tạo Dashboard (gen_dashboard)...
[2026-07-30 12:01:01] [Sync] Bắt đầu đẩy dữ liệu lên Github (Kích hoạt bởi: Cập nhật Phân tích & Giao diện)...
[2026-07-30 12:01:06] [Sync] ✅ Đồng bộ Github thành công (Cập nhật Phân tích & Giao diện)!
[2026-07-30 12:01:06] [INFO] ⏰ Đợi Giá H1: còn 0.98h (30/07 13:00:05 VN)
[2026-07-30 13:00:05] [INFO] ▶ Kích hoạt: Giá H1 + Macro
[2026-07-30 13:00:20] [INFO] ✅ Giá H1 + Macro hoàn thành (attempt 1)
[2026-07-30 13:00:20] [Sync] Bắt đầu đẩy dữ liệu lên Github (Kích hoạt bởi: Giá H1 + Macro)...
[2026-07-30 13:00:25] [Sync] ✅ Đồng bộ Github thành công (Giá H1 + Macro)!
[2026-07-30 13:00:25] [INFO] ▶ Kích hoạt: Giá H4
[2026-07-30 13:00:31] [INFO] ✅ Giá H4 hoàn thành (attempt 1)
[2026-07-30 13:00:31] [Sync] Bắt đầu đẩy dữ liệu lên Github (Kích hoạt bởi: Giá H4)...
[2026-07-30 13:00:35] [Sync] ✅ Đồng bộ Github thành công (Giá H4)!
[2026-07-30 13:00:35] [INFO] ▶ Kích hoạt: Vĩ Mô (Macro)
[2026-07-30 13:00:38] [INFO] ✅ Vĩ Mô (Macro) hoàn thành (attempt 1)
[2026-07-30 13:00:38] [Sync] Bắt đầu đẩy dữ liệu lên Github (Kích hoạt bởi: Vĩ Mô (Macro))...
[2026-07-30 13:00:42] [Sync] ✅ Đồng bộ Github thành công (Vĩ Mô (Macro))!
[2026-07-30 13:00:42] [INFO] Đang quét tín hiệu Telegram Alarm (SMC)...
[2026-07-30 13:00:43] [INFO] Đang chạy cập nhật Hồ sơ mã (run_pro_plus) và tạo Dashboard (gen_dashboard)...
[2026-07-30 13:00:50] [Sync] Bắt đầu đẩy dữ liệu lên Github (Kích hoạt bởi: Cập nhật Phân tích & Giao diện)...
[2026-07-30 13:00:53] [Sync] ✅ Đồng bộ Github thành công (Cập nhật Phân tích & Giao diện)!
[2026-07-30 13:00:53] [INFO] ⏰ Đợi Giá H1: còn 0.99h (30/07 14:00:05 VN)
[2026-07-30 14:00:05] [INFO] ▶ Kích hoạt: Giá H1 + Macro
[2026-07-30 14:00:30] [INFO] ✅ Giá H1 + Macro hoàn thành (attempt 1)
[2026-07-30 14:00:30] [Sync] Bắt đầu đẩy dữ liệu lên Github (Kích hoạt bởi: Giá H1 + Macro)...
[2026-07-30 14:00:35] [Sync] ✅ Đồng bộ Github thành công (Giá H1 + Macro)!
[2026-07-30 14:00:35] [INFO] ▶ Kích hoạt: Giá H4
[2026-07-30 14:00:42] [INFO] ✅ Giá H4 hoàn thành (attempt 1)
[2026-07-30 14:00:42] [Sync] Bắt đầu đẩy dữ liệu lên Github (Kích hoạt bởi: Giá H4)...
[2026-07-30 14:00:45] [Sync] ✅ Đồng bộ Github thành công (Giá H4)!
[2026-07-30 14:00:45] [INFO] ▶ Kích hoạt: Vĩ Mô (Macro)
[2026-07-30 14:00:48] [INFO] ✅ Vĩ Mô (Macro) hoàn thành (attempt 1)
[2026-07-30 14:00:48] [Sync] Bắt đầu đẩy dữ liệu lên Github (Kích hoạt bởi: Vĩ Mô (Macro))...
[2026-07-30 14:00:52] [Sync] ✅ Đồng bộ Github thành công (Vĩ Mô (Macro))!
[2026-07-30 14:00:52] [INFO] Đang quét tín hiệu Telegram Alarm (SMC)...
[2026-07-30 14:00:54] [INFO] Đang chạy cập nhật Hồ sơ mã (run_pro_plus) và tạo Dashboard (gen_dashboard)...
[2026-07-30 14:01:01] [Sync] Bắt đầu đẩy dữ liệu lên Github (Kích hoạt bởi: Cập nhật Phân tích & Giao diện)...
[2026-07-30 14:01:05] [Sync] ✅ Đồng bộ Github thành công (Cập nhật Phân tích & Giao diện)!
[2026-07-30 14:01:05] [INFO] ⏰ Đợi Giá H1: còn 0.98h (30/07 15:00:05 VN)
[2026-07-30 15:30:02] [INFO] ▶ Kích hoạt: Giá H1 + Macro
[2026-07-30 15:30:15] [INFO] ✅ Giá H1 + Macro hoàn thành (attempt 1)
[2026-07-30 15:30:15] [Sync] Bắt đầu đẩy dữ liệu lên Github (Kích hoạt bởi: Giá H1 + Macro)...
[2026-07-30 15:30:19] [Sync] ✅ Đồng bộ Github thành công (Giá H1 + Macro)!
[2026-07-30 15:30:19] [INFO] ▶ Kích hoạt: Giá H4
[2026-07-30 15:30:25] [INFO] ✅ Giá H4 hoàn thành (attempt 1)
[2026-07-30 15:30:26] [Sync] Bắt đầu đẩy dữ liệu lên Github (Kích hoạt bởi: Giá H4)...
[2026-07-30 15:30:29] [Sync] ✅ Đồng bộ Github thành công (Giá H4)!
[2026-07-30 15:30:29] [INFO] ▶ Kích hoạt: Vĩ Mô (Macro)
[2026-07-30 15:30:32] [INFO] ✅ Vĩ Mô (Macro) hoàn thành (attempt 1)
[2026-07-30 15:30:32] [Sync] Bắt đầu đẩy dữ liệu lên Github (Kích hoạt bởi: Vĩ Mô (Macro))...
[2026-07-30 15:30:36] [Sync] ✅ Đồng bộ Github thành công (Vĩ Mô (Macro))!
[2026-07-30 15:30:36] [INFO] Đang quét tín hiệu Telegram Alarm (SMC)...
[2026-07-30 15:30:41] [INFO] Đang chạy cập nhật Hồ sơ mã (run_pro_plus) và tạo Dashboard (gen_dashboard)...
[2026-07-30 15:30:49] [Sync] Bắt đầu đẩy dữ liệu lên Github (Kích hoạt bởi: Cập nhật Phân tích & Giao diện)...
[2026-07-30 15:30:53] [Sync] ✅ Đồng bộ Github thành công (Cập nhật Phân tích & Giao diện)!
[2026-07-30 15:30:53] [INFO] ⏰ Đợi Giá H1: còn 0.49h (30/07 16:00:05 VN)
[2026-07-30 18:30:27] [INFO] ▶ Kích hoạt: Giá H1 + Macro
[2026-07-30 18:30:42] [INFO] ✅ Giá H1 + Macro hoàn thành (attempt 1)
[2026-07-30 18:30:42] [Sync] Bắt đầu đẩy dữ liệu lên Github (Kích hoạt bởi: Giá H1 + Macro)...
[2026-07-30 18:30:46] [Sync] ✅ Đồng bộ Github thành công (Giá H1 + Macro)!
[2026-07-30 18:30:46] [INFO] ▶ Kích hoạt: Giá H4
[2026-07-30 18:30:52] [INFO] ✅ Giá H4 hoàn thành (attempt 1)
[2026-07-30 18:30:52] [Sync] Bắt đầu đẩy dữ liệu lên Github (Kích hoạt bởi: Giá H4)...
[2026-07-30 18:30:55] [Sync] ✅ Đồng bộ Github thành công (Giá H4)!
[2026-07-30 18:30:55] [INFO] ▶ Kích hoạt: Vĩ Mô (Macro)
[2026-07-30 18:30:58] [INFO] ✅ Vĩ Mô (Macro) hoàn thành (attempt 1)
[2026-07-30 18:30:58] [Sync] Bắt đầu đẩy dữ liệu lên Github (Kích hoạt bởi: Vĩ Mô (Macro))...
[2026-07-30 18:31:01] [Sync] ✅ Đồng bộ Github thành công (Vĩ Mô (Macro))!
[2026-07-30 18:31:01] [INFO] Đang quét tín hiệu Telegram Alarm (SMC)...
[2026-07-30 18:31:07] [INFO] Đang chạy cập nhật Hồ sơ mã (run_pro_plus) và tạo Dashboard (gen_dashboard)...
[2026-07-30 18:31:14] [Sync] Bắt đầu đẩy dữ liệu lên Github (Kích hoạt bởi: Cập nhật Phân tích & Giao diện)...
[2026-07-30 18:31:17] [Sync] ✅ Đồng bộ Github thành công (Cập nhật Phân tích & Giao diện)!
[2026-07-30 18:31:17] [INFO] ⏰ Đợi Giá H1: còn 0.48h (30/07 19:00:05 VN)
[2026-07-30 19:38:44] [INFO] ▶ Kích hoạt: Giá H1 + Macro
[2026-07-30 19:39:12] [INFO] ✅ Giá H1 + Macro hoàn thành (attempt 1)
[2026-07-30 19:39:12] [Sync] Bắt đầu đẩy dữ liệu lên Github (Kích hoạt bởi: Giá H1 + Macro)...
[2026-07-30 19:39:16] [Sync] ✅ Đồng bộ Github thành công (Giá H1 + Macro)!
[2026-07-30 19:39:16] [INFO] ▶ Kích hoạt: Giá H4
[2026-07-30 19:39:23] [INFO] ✅ Giá H4 hoàn thành (attempt 1)
[2026-07-30 19:39:23] [Sync] Bắt đầu đẩy dữ liệu lên Github (Kích hoạt bởi: Giá H4)...
[2026-07-30 19:39:26] [Sync] ✅ Đồng bộ Github thành công (Giá H4)!
[2026-07-30 19:39:26] [INFO] ▶ Kích hoạt: Vĩ Mô (Macro)
[2026-07-30 19:39:29] [INFO] ✅ Vĩ Mô (Macro) hoàn thành (attempt 1)
[2026-07-30 19:39:29] [Sync] Bắt đầu đẩy dữ liệu lên Github (Kích hoạt bởi: Vĩ Mô (Macro))...
[2026-07-30 19:39:32] [Sync] ✅ Đồng bộ Github thành công (Vĩ Mô (Macro))!
[2026-07-30 19:39:32] [INFO] Đang quét tín hiệu Telegram Alarm (SMC)...
[2026-07-30 19:39:34] [INFO] Đang chạy cập nhật Hồ sơ mã (run_pro_plus) và tạo Dashboard (gen_dashboard)...
[2026-07-30 19:39:41] [Sync] Bắt đầu đẩy dữ liệu lên Github (Kích hoạt bởi: Cập nhật Phân tích & Giao diện)...
[2026-07-30 19:39:45] [Sync] ✅ Đồng bộ Github thành công (Cập nhật Phân tích & Giao diện)!
[2026-07-30 19:39:45] [INFO] ⏰ Đợi Giá H1: còn 0.34h (30/07 20:00:05 VN)
[2026-07-30 20:24:55] [INFO] ▶ Kích hoạt: Giá H1 + Macro
[2026-07-30 20:25:22] [INFO] ✅ Giá H1 + Macro hoàn thành (attempt 1)
[2026-07-30 20:25:22] [Sync] Bắt đầu đẩy dữ liệu lên Github (Kích hoạt bởi: Giá H1 + Macro)...
[2026-07-30 20:25:27] [Sync] ✅ Đồng bộ Github thành công (Giá H1 + Macro)!
[2026-07-30 20:25:27] [INFO] ▶ Kích hoạt: Giá H4
[2026-07-30 20:25:34] [INFO] ✅ Giá H4 hoàn thành (attempt 1)
[2026-07-30 20:25:34] [Sync] Bắt đầu đẩy dữ liệu lên Github (Kích hoạt bởi: Giá H4)...
[2026-07-30 20:25:37] [Sync] ✅ Đồng bộ Github thành công (Giá H4)!
[2026-07-30 20:25:37] [INFO] ▶ Kích hoạt: Vĩ Mô (Macro)
[2026-07-30 20:25:41] [INFO] ✅ Vĩ Mô (Macro) hoàn thành (attempt 1)
[2026-07-30 20:25:41] [Sync] Bắt đầu đẩy dữ liệu lên Github (Kích hoạt bởi: Vĩ Mô (Macro))...
[2026-07-30 20:25:44] [Sync] ✅ Đồng bộ Github thành công (Vĩ Mô (Macro))!
[2026-07-30 20:25:44] [INFO] Đang quét tín hiệu Telegram Alarm (SMC)...
[2026-07-30 20:25:49] [INFO] Đang chạy cập nhật Hồ sơ mã (run_pro_plus) và tạo Dashboard (gen_dashboard)...
[2026-07-30 20:25:57] [Sync] Bắt đầu đẩy dữ liệu lên Github (Kích hoạt bởi: Cập nhật Phân tích & Giao diện)...
[2026-07-30 20:26:01] [Sync] ✅ Đồng bộ Github thành công (Cập nhật Phân tích & Giao diện)!
[2026-07-30 20:26:01] [INFO] ⏰ Đợi Giá H1: còn 0.57h (30/07 21:00:05 VN)
[2026-07-30 21:00:05] [INFO] ▶ Kích hoạt: Giá H1 + Macro
[2026-07-30 21:00:40] [INFO] ✅ Giá H1 + Macro hoàn thành (attempt 1)
[2026-07-30 21:00:40] [Sync] Bắt đầu đẩy dữ liệu lên Github (Kích hoạt bởi: Giá H1 + Macro)...
[2026-07-30 21:00:45] [Sync] ✅ Đồng bộ Github thành công (Giá H1 + Macro)!
[2026-07-30 21:00:45] [INFO] ▶ Kích hoạt: Giá H4
[2026-07-30 21:00:53] [INFO] ✅ Giá H4 hoàn thành (attempt 1)
[2026-07-30 21:00:53] [Sync] Bắt đầu đẩy dữ liệu lên Github (Kích hoạt bởi: Giá H4)...
[2026-07-30 21:00:58] [Sync] ✅ Đồng bộ Github thành công (Giá H4)!
[2026-07-30 21:00:58] [INFO] ▶ Kích hoạt: Vĩ Mô (Macro)
[2026-07-30 21:01:01] [INFO] ✅ Vĩ Mô (Macro) hoàn thành (attempt 1)
[2026-07-30 21:01:01] [Sync] Bắt đầu đẩy dữ liệu lên Github (Kích hoạt bởi: Vĩ Mô (Macro))...
[2026-07-30 21:01:04] [Sync] ✅ Đồng bộ Github thành công (Vĩ Mô (Macro))!
[2026-07-30 21:01:04] [INFO] Đang quét tín hiệu Telegram Alarm (SMC)...
[2026-07-30 21:01:06] [INFO] Đang chạy cập nhật Hồ sơ mã (run_pro_plus) và tạo Dashboard (gen_dashboard)...
[2026-07-30 21:01:13] [Sync] Bắt đầu đẩy dữ liệu lên Github (Kích hoạt bởi: Cập nhật Phân tích & Giao diện)...
[2026-07-30 21:01:17] [Sync] ✅ Đồng bộ Github thành công (Cập nhật Phân tích & Giao diện)!
[2026-07-30 21:01:17] [INFO] ⏰ Đợi Giá H1: còn 0.98h (30/07 22:00:05 VN)
[2026-07-30 22:33:19] [INFO] ▶ Kích hoạt: Giá H1 + Macro
[2026-07-30 22:33:38] [INFO] ✅ Giá H1 + Macro hoàn thành (attempt 1)
[2026-07-30 22:33:38] [Sync] Bắt đầu đẩy dữ liệu lên Github (Kích hoạt bởi: Giá H1 + Macro)...
[2026-07-30 22:33:42] [Sync] ✅ Đồng bộ Github thành công (Giá H1 + Macro)!
[2026-07-30 22:33:42] [INFO] ▶ Kích hoạt: Giá H4
[2026-07-30 22:33:52] [INFO] ✅ Giá H4 hoàn thành (attempt 1)
[2026-07-30 22:33:52] [Sync] Bắt đầu đẩy dữ liệu lên Github (Kích hoạt bởi: Giá H4)...
[2026-07-30 22:33:56] [Sync] ✅ Đồng bộ Github thành công (Giá H4)!
[2026-07-30 22:33:56] [INFO] ▶ Kích hoạt: Vĩ Mô (Macro)
[2026-07-30 22:33:59] [INFO] ✅ Vĩ Mô (Macro) hoàn thành (attempt 1)
[2026-07-30 22:33:59] [Sync] Bắt đầu đẩy dữ liệu lên Github (Kích hoạt bởi: Vĩ Mô (Macro))...
[2026-07-30 22:34:03] [Sync] ✅ Đồng bộ Github thành công (Vĩ Mô (Macro))!
[2026-07-30 22:34:03] [INFO] Đang quét tín hiệu Telegram Alarm (SMC)...
[2026-07-30 22:34:05] [INFO] Đang chạy cập nhật Hồ sơ mã (run_pro_plus) và tạo Dashboard (gen_dashboard)...
[2026-07-30 22:34:12] [Sync] Bắt đầu đẩy dữ liệu lên Github (Kích hoạt bởi: Cập nhật Phân tích & Giao diện)...
[2026-07-30 22:34:17] [Sync] ✅ Đồng bộ Github thành công (Cập nhật Phân tích & Giao diện)!
[2026-07-30 22:34:17] [INFO] ⏰ Đợi Giá H1: còn 0.43h (30/07 23:00:05 VN)
[2026-07-30 23:40:02] [INFO] ▶ Kích hoạt: USDA Acreage
[2026-07-30 23:40:16] [INFO] ✅ USDA Acreage hoàn thành (attempt 1)
[2026-07-30 23:40:16] [Sync] Bắt đầu đẩy dữ liệu lên Github (Kích hoạt bởi: USDA Acreage)...
[2026-07-30 23:40:20] [Sync] ✅ Đồng bộ Github thành công (USDA Acreage)!
[2026-07-30 23:40:20] [INFO] ⏰ Đợi Acreage Reports: còn 5.83h (31/07 05:30:02 VN)
[2026-07-30 23:49:23] [INFO] ▶ Kích hoạt: Giá H1 + Macro
[2026-07-30 23:49:49] [INFO] ✅ Giá H1 + Macro hoàn thành (attempt 1)
[2026-07-30 23:49:49] [Sync] Bắt đầu đẩy dữ liệu lên Github (Kích hoạt bởi: Giá H1 + Macro)...
[2026-07-30 23:49:52] [Sync] ✅ Đồng bộ Github thành công (Giá H1 + Macro)!
[2026-07-30 23:49:52] [INFO] ▶ Kích hoạt: Giá H4
[2026-07-30 23:49:59] [INFO] ✅ Giá H4 hoàn thành (attempt 1)
[2026-07-30 23:49:59] [Sync] Bắt đầu đẩy dữ liệu lên Github (Kích hoạt bởi: Giá H4)...
[2026-07-30 23:50:06] [Sync] ✅ Đồng bộ Github thành công (Giá H4)!
[2026-07-30 23:50:06] [INFO] ▶ Kích hoạt: Vĩ Mô (Macro)
[2026-07-30 23:50:09] [INFO] ✅ Vĩ Mô (Macro) hoàn thành (attempt 1)
[2026-07-30 23:50:09] [Sync] Bắt đầu đẩy dữ liệu lên Github (Kích hoạt bởi: Vĩ Mô (Macro))...
[2026-07-30 23:50:15] [Sync] ✅ Đồng bộ Github thành công (Vĩ Mô (Macro))!
[2026-07-30 23:50:15] [INFO] Đang quét tín hiệu Telegram Alarm (SMC)...
[2026-07-30 23:50:19] [INFO] Đang chạy cập nhật Hồ sơ mã (run_pro_plus) và tạo Dashboard (gen_dashboard)...
[2026-07-30 23:50:28] [Sync] Bắt đầu đẩy dữ liệu lên Github (Kích hoạt bởi: Cập nhật Phân tích & Giao diện)...
[2026-07-30 23:50:32] [Sync] ✅ Đồng bộ Github thành công (Cập nhật Phân tích & Giao diện)!
[2026-07-30 23:50:32] [INFO] ⏰ Đợi Giá H1: còn 0.16h (31/07 00:00:05 VN)
[2026-07-31 00:00:05] [INFO] ▶ Kích hoạt: Giá H1 + Macro
[2026-07-31 00:00:30] [INFO] ✅ Giá H1 + Macro hoàn thành (attempt 1)
[2026-07-31 00:00:30] [Sync] Bắt đầu đẩy dữ liệu lên Github (Kích hoạt bởi: Giá H1 + Macro)...
[2026-07-31 00:00:33] [Sync] ✅ Đồng bộ Github thành công (Giá H1 + Macro)!
[2026-07-31 00:00:33] [INFO] ▶ Kích hoạt: Giá H4
[2026-07-31 00:00:41] [INFO] ✅ Giá H4 hoàn thành (attempt 1)
[2026-07-31 00:00:41] [Sync] Bắt đầu đẩy dữ liệu lên Github (Kích hoạt bởi: Giá H4)...
[2026-07-31 00:00:44] [Sync] ✅ Đồng bộ Github thành công (Giá H4)!
[2026-07-31 00:00:44] [INFO] ▶ Kích hoạt: Vĩ Mô (Macro)
[2026-07-31 00:00:47] [INFO] ✅ Vĩ Mô (Macro) hoàn thành (attempt 1)
[2026-07-31 00:00:47] [Sync] Bắt đầu đẩy dữ liệu lên Github (Kích hoạt bởi: Vĩ Mô (Macro))...
[2026-07-31 00:00:51] [Sync] ✅ Đồng bộ Github thành công (Vĩ Mô (Macro))!
[2026-07-31 00:00:51] [INFO] Đang quét tín hiệu Telegram Alarm (SMC)...
[2026-07-31 00:00:53] [INFO] Đang chạy cập nhật Hồ sơ mã (run_pro_plus) và tạo Dashboard (gen_dashboard)...
[2026-07-31 00:01:00] [Sync] Bắt đầu đẩy dữ liệu lên Github (Kích hoạt bởi: Cập nhật Phân tích & Giao diện)...
[2026-07-31 00:01:04] [Sync] ✅ Đồng bộ Github thành công (Cập nhật Phân tích & Giao diện)!
[2026-07-31 00:01:04] [INFO] ⏰ Đợi Giá H1: còn 0.98h (31/07 01:00:05 VN)
[2026-07-31 00:10:02] [INFO] ▶ Kích hoạt: Thời Tiết Ngắn Hạn
[2026-07-31 00:10:27] [INFO] ✅ Thời Tiết Ngắn Hạn hoàn thành (attempt 1)
[2026-07-31 00:10:28] [Sync] Bắt đầu đẩy dữ liệu lên Github (Kích hoạt bởi: Thời Tiết Ngắn Hạn)...
[2026-07-31 00:10:31] [Sync] ✅ Đồng bộ Github thành công (Thời Tiết Ngắn Hạn)!
[2026-07-31 00:10:31] [INFO] ⏰ Đợi Weather Short: còn 5.83h (31/07 06:00:02 VN)
[2026-07-31 07:07:25] [INFO] ▶ Kích hoạt: Giá H1 + Macro
[2026-07-31 07:07:45] [INFO] ✅ Giá H1 + Macro hoàn thành (attempt 1)
[2026-07-31 07:07:45] [Sync] Bắt đầu đẩy dữ liệu lên Github (Kích hoạt bởi: Giá H1 + Macro)...
[2026-07-31 07:07:49] [Sync] ✅ Đồng bộ Github thành công (Giá H1 + Macro)!
[2026-07-31 07:07:49] [INFO] ▶ Kích hoạt: Giá H4
[2026-07-31 07:07:59] [INFO] ✅ Giá H4 hoàn thành (attempt 1)
[2026-07-31 07:07:59] [Sync] Bắt đầu đẩy dữ liệu lên Github (Kích hoạt bởi: Giá H4)...
[2026-07-31 07:08:02] [Sync] ✅ Đồng bộ Github thành công (Giá H4)!
[2026-07-31 07:08:02] [INFO] ▶ Kích hoạt: Vĩ Mô (Macro)
[2026-07-31 07:08:05] [INFO] ✅ Vĩ Mô (Macro) hoàn thành (attempt 1)
[2026-07-31 07:08:05] [Sync] Bắt đầu đẩy dữ liệu lên Github (Kích hoạt bởi: Vĩ Mô (Macro))...
[2026-07-31 07:08:10] [Sync] ✅ Đồng bộ Github thành công (Vĩ Mô (Macro))!
[2026-07-31 07:08:10] [INFO] Đang quét tín hiệu Telegram Alarm (SMC)...
[2026-07-31 07:08:12] [INFO] Đang chạy cập nhật Hồ sơ mã (run_pro_plus) và tạo Dashboard (gen_dashboard)...
[2026-07-31 07:08:19] [Sync] Bắt đầu đẩy dữ liệu lên Github (Kích hoạt bởi: Cập nhật Phân tích & Giao diện)...
[2026-07-31 07:08:24] [Sync] ✅ Đồng bộ Github thành công (Cập nhật Phân tích & Giao diện)!
[2026-07-31 07:08:24] [INFO] ⏰ Đợi Giá H1: còn 0.86h (31/07 08:00:05 VN)
[2026-07-31 08:00:05] [INFO] ▶ Kích hoạt: Giá H1 + Macro
[2026-07-31 08:00:22] [INFO] ✅ Giá H1 + Macro hoàn thành (attempt 1)
[2026-07-31 08:00:22] [Sync] Bắt đầu đẩy dữ liệu lên Github (Kích hoạt bởi: Giá H1 + Macro)...
[2026-07-31 08:00:26] [Sync] ✅ Đồng bộ Github thành công (Giá H1 + Macro)!
[2026-07-31 08:00:26] [INFO] ▶ Kích hoạt: Giá H4
[2026-07-31 08:00:35] [INFO] ✅ Giá H4 hoàn thành (attempt 1)
[2026-07-31 08:00:35] [Sync] Bắt đầu đẩy dữ liệu lên Github (Kích hoạt bởi: Giá H4)...
[2026-07-31 08:00:40] [Sync] ✅ Đồng bộ Github thành công (Giá H4)!
[2026-07-31 08:00:40] [INFO] ▶ Kích hoạt: Vĩ Mô (Macro)
[2026-07-31 08:00:43] [INFO] ✅ Vĩ Mô (Macro) hoàn thành (attempt 1)
[2026-07-31 08:00:43] [Sync] Bắt đầu đẩy dữ liệu lên Github (Kích hoạt bởi: Vĩ Mô (Macro))...
[2026-07-31 08:00:47] [Sync] ✅ Đồng bộ Github thành công (Vĩ Mô (Macro))!
[2026-07-31 08:00:47] [INFO] Đang quét tín hiệu Telegram Alarm (SMC)...
[2026-07-31 08:00:49] [INFO] Đang chạy cập nhật Hồ sơ mã (run_pro_plus) và tạo Dashboard (gen_dashboard)...
[2026-07-31 08:00:57] [Sync] Bắt đầu đẩy dữ liệu lên Github (Kích hoạt bởi: Cập nhật Phân tích & Giao diện)...
[2026-07-31 08:01:02] [Sync] ✅ Đồng bộ Github thành công (Cập nhật Phân tích & Giao diện)!
[2026-07-31 08:01:02] [INFO] ⏰ Đợi Giá H1: còn 0.98h (31/07 09:00:05 VN)
[2026-07-31 08:36:19] [INFO] ▶ Kích hoạt: AI Điểm Tin
huyên Sâu
[2026-07-31 08:36:40] [INFO] ✅ AI Phân Tích Chuyên Sâu hoàn thành (attempt 1)
[2026-07-31 08:36:40] [Sync] Bắt đầu đẩy dữ liệu lên Github (Kích hoạt bởi: AI Phân Tích Chuyên Sâu)...
[2026-07-31 08:36:44] [Sync] ✅ Đồng bộ Github thành công (AI Phân Tích Chuyên Sâu)!
[2026-07-31 08:36:44] [INFO] ⏰ Đợi AI Phân Tích: còn 11.39h (31/07 20:00:02 VN)
[2026-07-31 08:36:51] [INFO] ✅ AI Điểm Tin hoàn thành (attempt 1)
[2026-07-31 08:36:51] [Sync] Bắt đầu đẩy dữ liệu lên Github (Kích hoạt bởi: AI Điểm Tin)...
[2026-07-31 08:36:55] [Sync] ✅ Đồng bộ Github thành công (AI Điểm Tin)!
[2026-07-31 08:36:55] [INFO] ⏰ Đợi AI News: còn 11.39h (31/07 20:00:02 VN)
[2026-07-31 09:00:05] [INFO] ▶ Kích hoạt: Giá H1 + Macro
[2026-07-31 09:00:24] [INFO] ✅ Giá H1 + Macro hoàn thành (attempt 1)
[2026-07-31 09:00:24] [Sync] Bắt đầu đẩy dữ liệu lên Github (Kích hoạt bởi: Giá H1 + Macro)...
[2026-07-31 09:00:28] [Sync] ✅ Đồng bộ Github thành công (Giá H1 + Macro)!
[2026-07-31 09:00:28] [INFO] ▶ Kích hoạt: Giá H4
[2026-07-31 09:00:37] [INFO] ✅ Giá H4 hoàn thành (attempt 1)
[2026-07-31 09:00:37] [Sync] Bắt đầu đẩy dữ liệu lên Github (Kích hoạt bởi: Giá H4)...
[2026-07-31 09:00:41] [Sync] ✅ Đồng bộ Github thành công (Giá H4)!
[2026-07-31 09:00:41] [INFO] ▶ Kích hoạt: Vĩ Mô (Macro)
[2026-07-31 09:00:44] [INFO] ✅ Vĩ Mô (Macro) hoàn thành (attempt 1)
[2026-07-31 09:00:44] [Sync] Bắt đầu đẩy dữ liệu lên Github (Kích hoạt bởi: Vĩ Mô (Macro))...
[2026-07-31 09:00:48] [Sync] ✅ Đồng bộ Github thành công (Vĩ Mô (Macro))!
[2026-07-31 09:00:48] [INFO] Đang quét tín hiệu Telegram Alarm (SMC)...
[2026-07-31 09:00:50] [INFO] Đang chạy cập nhật Hồ sơ mã (run_pro_plus) và tạo Dashboard (gen_dashboard)...
[2026-07-31 09:00:57] [Sync] Bắt đầu đẩy dữ liệu lên Github (Kích hoạt bởi: Cập nhật Phân tích & Giao diện)...
[2026-07-31 09:01:01] [Sync] ✅ Đồng bộ Github thành công (Cập nhật Phân tích & Giao diện)!
[2026-07-31 09:01:01] [INFO] ⏰ Đợi Giá H1: còn 0.98h (31/07 10:00:05 VN)
[2026-07-31 10:00:05] [INFO] ▶ Kích hoạt: Giá H1 + Macro
[2026-07-31 10:00:23] [INFO] ✅ Giá H1 + Macro hoàn thành (attempt 1)
[2026-07-31 10:00:23] [Sync] Bắt đầu đẩy dữ liệu lên Github (Kích hoạt bởi: Giá H1 + Macro)...
[2026-07-31 10:00:29] [Sync] ✅ Đồng bộ Github thành công (Giá H1 + Macro)!
[2026-07-31 10:00:29] [INFO] ▶ Kích hoạt: Giá H4
[2026-07-31 10:00:36] [INFO] ✅ Giá H4 hoàn thành (attempt 1)
[2026-07-31 10:00:36] [Sync] Bắt đầu đẩy dữ liệu lên Github (Kích hoạt bởi: Giá H4)...
[2026-07-31 10:00:39] [Sync] ✅ Đồng bộ Github thành công (Giá H4)!
[2026-07-31 10:00:39] [INFO] ▶ Kích hoạt: Vĩ Mô (Macro)
[2026-07-31 10:00:42] [INFO] ✅ Vĩ Mô (Macro) hoàn thành (attempt 1)
[2026-07-31 10:00:42] [Sync] Bắt đầu đẩy dữ liệu lên Github (Kích hoạt bởi: Vĩ Mô (Macro))...
[2026-07-31 10:00:46] [Sync] ✅ Đồng bộ Github thành công (Vĩ Mô (Macro))!
[2026-07-31 10:00:46] [INFO] Đang quét tín hiệu Telegram Alarm (SMC)...
[2026-07-31 10:00:51] [INFO] Đang chạy cập nhật Hồ sơ mã (run_pro_plus) và tạo Dashboard (gen_dashboard)...
[2026-07-31 10:00:58] [Sync] Bắt đầu đẩy dữ liệu lên Github (Kích hoạt bởi: Cập nhật Phân tích & Giao diện)...
[2026-07-31 10:01:02] [Sync] ✅ Đồng bộ Github thành công (Cập nhật Phân tích & Giao diện)!
[2026-07-31 10:01:02] [INFO] ⏰ Đợi Giá H1: còn 0.98h (31/07 11:00:05 VN)
[2026-07-31 12:31:28] [INFO] ▶ Kích hoạt: Giá H1 + Macro
[2026-07-31 12:31:47] [INFO] ✅ Giá H1 + Macro hoàn thành (attempt 1)
[2026-07-31 12:31:47] [Sync] Bắt đầu đẩy dữ liệu lên Github (Kích hoạt bởi: Giá H1 + Macro)...
[2026-07-31 12:31:50] [Sync] ✅ Đồng bộ Github thành công (Giá H1 + Macro)!
[2026-07-31 12:31:50] [INFO] ▶ Kích hoạt: Giá H4
[2026-07-31 12:31:56] [INFO] ✅ Giá H4 hoàn thành (attempt 1)
[2026-07-31 12:31:56] [Sync] Bắt đầu đẩy dữ liệu lên Github (Kích hoạt bởi: Giá H4)...
[2026-07-31 12:32:00] [Sync] ✅ Đồng bộ Github thành công (Giá H4)!
[2026-07-31 12:32:00] [INFO] ▶ Kích hoạt: Vĩ Mô (Macro)
[2026-07-31 12:32:03] [INFO] ✅ Vĩ Mô (Macro) hoàn thành (attempt 1)
[2026-07-31 12:32:03] [Sync] Bắt đầu đẩy dữ liệu lên Github (Kích hoạt bởi: Vĩ Mô (Macro))...
[2026-07-31 12:32:06] [Sync] ✅ Đồng bộ Github thành công (Vĩ Mô (Macro))!
[2026-07-31 12:32:06] [INFO] Đang quét tín hiệu Telegram Alarm (SMC)...
[2026-07-31 12:32:12] [INFO] Đang chạy cập nhật Hồ sơ mã (run_pro_plus) và tạo Dashboard (gen_dashboard)...
[2026-07-31 12:32:19] [Sync] Bắt đầu đẩy dữ liệu lên Github (Kích hoạt bởi: Cập nhật Phân tích & Giao diện)...
[2026-07-31 12:32:24] [Sync] ✅ Đồng bộ Github thành công (Cập nhật Phân tích & Giao diện)!
[2026-07-31 12:32:24] [INFO] ⏰ Đợi Giá H1: còn 0.46h (31/07 13:00:05 VN)
[2026-07-31 13:17:21] [INFO] ▶ Kích hoạt: Giá H1 + Macro
[2026-07-31 13:17:54] [INFO] ✅ Giá H1 + Macro hoàn thành (attempt 1)
[2026-07-31 13:17:54] [Sync] Bắt đầu đẩy dữ liệu lên Github (Kích hoạt bởi: Giá H1 + Macro)...
[2026-07-31 13:17:59] [Sync] ✅ Đồng bộ Github thành công (Giá H1 + Macro)!
[2026-07-31 13:17:59] [INFO] ▶ Kích hoạt: Giá H4
[2026-07-31 13:18:06] [INFO] ✅ Giá H4 hoàn thành (attempt 1)
[2026-07-31 13:18:06] [Sync] Bắt đầu đẩy dữ liệu lên Github (Kích hoạt bởi: Giá H4)...
[2026-07-31 13:18:10] [Sync] ✅ Đồng bộ Github thành công (Giá H4)!
[2026-07-31 13:18:10] [INFO] ▶ Kích hoạt: Vĩ Mô (Macro)
[2026-07-31 13:18:14] [INFO] ✅ Vĩ Mô (Macro) hoàn thành (attempt 1)
[2026-07-31 13:18:14] [Sync] Bắt đầu đẩy dữ liệu lên Github (Kích hoạt bởi: Vĩ Mô (Macro))...
[2026-07-31 13:18:17] [Sync] ✅ Đồng bộ Github thành công (Vĩ Mô (Macro))!
[2026-07-31 13:18:17] [INFO] Đang quét tín hiệu Telegram Alarm (SMC)...
[2026-07-31 13:18:21] [INFO] Đang chạy cập nhật Hồ sơ mã (run_pro_plus) và tạo Dashboard (gen_dashboard)...
[2026-07-31 13:18:30] [Sync] Bắt đầu đẩy dữ liệu lên Github (Kích hoạt bởi: Cập nhật Phân tích & Giao diện)...
[2026-07-31 13:18:34] [Sync] ✅ Đồng bộ Github thành công (Cập nhật Phân tích & Giao diện)!
[2026-07-31 13:18:34] [INFO] ⏰ Đợi Giá H1: còn 0.69h (31/07 14:00:05 VN)
[2026-07-31 14:27:05] [INFO] ▶ Kích hoạt: USDA Acreage
[2026-07-31 14:27:10] [INFO] ✅ USDA Acreage hoàn thành (attempt 1)
[2026-07-31 14:27:10] [Sync] Bắt đầu đẩy dữ liệu lên Github (Kích hoạt bởi: USDA Acreage)...
[2026-07-31 14:27:15] [Sync] ✅ Đồng bộ Github thành công (USDA Acreage)!
[2026-07-31 14:27:15] [INFO] ⏰ Đợi Acreage Reports: còn 15.05h (01/08 05:30:02 VN)
[2026-07-31 14:57:05] [INFO] ▶ Kích hoạt: Thời Tiết Ngắn Hạn
[2026-07-31 14:57:31] [INFO] ✅ Thời Tiết Ngắn Hạn hoàn thành (attempt 1)
[2026-07-31 14:57:31] [Sync] Bắt đầu đẩy dữ liệu lên Github (Kích hoạt bởi: Thời Tiết Ngắn Hạn)...
[2026-07-31 14:57:35] [Sync] ✅ Đồng bộ Github thành công (Thời Tiết Ngắn Hạn)!
[2026-07-31 14:57:35] [INFO] ⏰ Đợi Weather Short: còn 15.04h (01/08 06:00:02 VN)
[2026-07-31 15:01:08] [INFO] ▶ Kích hoạt: Giá H1 + Macro
[2026-07-31 15:01:20] [INFO] ✅ Giá H1 + Macro hoàn thành (attempt 1)
[2026-07-31 15:01:21] [Sync] Bắt đầu đẩy dữ liệu lên Github (Kích hoạt bởi: Giá H1 + Macro)...
[2026-07-31 15:01:25] [Sync] ✅ Đồng bộ Github thành công (Giá H1 + Macro)!
[2026-07-31 15:01:25] [INFO] ▶ Kích hoạt: Giá H4
[2026-07-31 15:01:30] [INFO] ✅ Giá H4 hoàn thành (attempt 1)
[2026-07-31 15:01:30] [Sync] Bắt đầu đẩy dữ liệu lên Github (Kích hoạt bởi: Giá H4)...
[2026-07-31 15:01:34] [Sync] ✅ Đồng bộ Github thành công (Giá H4)!
[2026-07-31 15:01:34] [INFO] ▶ Kích hoạt: Vĩ Mô (Macro)
[2026-07-31 15:01:36] [INFO] ✅ Vĩ Mô (Macro) hoàn thành (attempt 1)
[2026-07-31 15:01:36] [Sync] Bắt đầu đẩy dữ liệu lên Github (Kích hoạt bởi: Vĩ Mô (Macro))...
[2026-07-31 15:01:41] [Sync] ✅ Đồng bộ Github thành công (Vĩ Mô (Macro))!
[2026-07-31 15:01:41] [INFO] Đang quét tín hiệu Telegram Alarm (SMC)...
[2026-07-31 15:01:42] [INFO] Đang chạy cập nhật Hồ sơ mã (run_pro_plus) và tạo Dashboard (gen_dashboard)...
[2026-07-31 15:01:49] [Sync] Bắt đầu đẩy dữ liệu lên Github (Kích hoạt bởi: Cập nhật Phân tích & Giao diện)...
[2026-07-31 15:01:53] [Sync] ✅ Đồng bộ Github thành công (Cập nhật Phân tích & Giao diện)!
[2026-07-31 15:01:53] [INFO] ⏰ Đợi Giá H1: còn 0.97h (31/07 16:00:05 VN)
[2026-07-31 16:46:40] [INFO] ▶ Kích hoạt: Giá H1 + Macro
[2026-07-31 16:46:55] [INFO] ✅ Giá H1 + Macro hoàn thành (attempt 1)
[2026-07-31 16:46:55] [Sync] Bắt đầu đẩy dữ liệu lên Github (Kích hoạt bởi: Giá H1 + Macro)...
[2026-07-31 16:47:00] [Sync] ✅ Đồng bộ Github thành công (Giá H1 + Macro)!
[2026-07-31 16:47:00] [INFO] ▶ Kích hoạt: Giá H4
[2026-07-31 16:47:07] [INFO] ✅ Giá H4 hoàn thành (attempt 1)
[2026-07-31 16:47:07] [Sync] Bắt đầu đẩy dữ liệu lên Github (Kích hoạt bởi: Giá H4)...
[2026-07-31 16:47:10] [Sync] ✅ Đồng bộ Github thành công (Giá H4)!
[2026-07-31 16:47:10] [INFO] ▶ Kích hoạt: Vĩ Mô (Macro)
[2026-07-31 16:47:13] [INFO] ✅ Vĩ Mô (Macro) hoàn thành (attempt 1)
[2026-07-31 16:47:13] [Sync] Bắt đầu đẩy dữ liệu lên Github (Kích hoạt bởi: Vĩ Mô (Macro))...
[2026-07-31 16:47:17] [Sync] ✅ Đồng bộ Github thành công (Vĩ Mô (Macro))!
[2026-07-31 16:47:17] [INFO] Đang quét tín hiệu Telegram Alarm (SMC)...
[2026-07-31 16:47:18] [INFO] Đang chạy cập nhật Hồ sơ mã (run_pro_plus) và tạo Dashboard (gen_dashboard)...
[2026-07-31 16:47:25] [Sync] Bắt đầu đẩy dữ liệu lên Github (Kích hoạt bởi: Cập nhật Phân tích & Giao diện)...
[2026-07-31 16:47:28] [Sync] ✅ Đồng bộ Github thành công (Cập nhật Phân tích & Giao diện)!
[2026-07-31 16:47:28] [INFO] ⏰ Đợi Giá H1: còn 0.21h (31/07 17:00:05 VN)
[2026-07-31 17:00:05] [INFO] ▶ Kích hoạt: Giá H1 + Macro
[2026-07-31 17:00:23] [INFO] ✅ Giá H1 + Macro hoàn thành (attempt 1)
[2026-07-31 17:00:23] [Sync] Bắt đầu đẩy dữ liệu lên Github (Kích hoạt bởi: Giá H1 + Macro)...
[2026-07-31 17:00:28] [Sync] ✅ Đồng bộ Github thành công (Giá H1 + Macro)!
[2026-07-31 17:00:28] [INFO] ▶ Kích hoạt: Giá H4
[2026-07-31 17:00:33] [INFO] ✅ Giá H4 hoàn thành (attempt 1)
[2026-07-31 17:00:33] [Sync] Bắt đầu đẩy dữ liệu lên Github (Kích hoạt bởi: Giá H4)...
[2026-07-31 17:00:36] [Sync] ✅ Đồng bộ Github thành công (Giá H4)!
[2026-07-31 17:00:36] [INFO] ▶ Kích hoạt: Vĩ Mô (Macro)
[2026-07-31 17:00:41] [INFO] ✅ Vĩ Mô (Macro) hoàn thành (attempt 1)
[2026-07-31 17:00:41] [Sync] Bắt đầu đẩy dữ liệu lên Github (Kích hoạt bởi: Vĩ Mô (Macro))...
[2026-07-31 17:00:44] [Sync] ✅ Đồng bộ Github thành công (Vĩ Mô (Macro))!
[2026-07-31 17:00:44] [INFO] Đang quét tín hiệu Telegram Alarm (SMC)...
[2026-07-31 17:00:46] [INFO] Đang chạy cập nhật Hồ sơ mã (run_pro_plus) và tạo Dashboard (gen_dashboard)...
[2026-07-31 17:00:54] [Sync] Bắt đầu đẩy dữ liệu lên Github (Kích hoạt bởi: Cập nhật Phân tích & Giao diện)...
[2026-07-31 17:00:58] [Sync] ✅ Đồng bộ Github thành công (Cập nhật Phân tích & Giao diện)!
[2026-07-31 17:00:58] [INFO] ⏰ Đợi Giá H1: còn 0.99h (31/07 18:00:05 VN)
[2026-07-31 18:00:05] [INFO] ▶ Kích hoạt: Giá H1 + Macro
[2026-07-31 18:00:20] [INFO] ✅ Giá H1 + Macro hoàn thành (attempt 1)
[2026-07-31 18:00:20] [Sync] Bắt đầu đẩy dữ liệu lên Github (Kích hoạt bởi: Giá H1 + Macro)...
[2026-07-31 18:00:25] [Sync] ✅ Đồng bộ Github thành công (Giá H1 + Macro)!
[2026-07-31 18:00:25] [INFO] ▶ Kích hoạt: Giá H4
[2026-07-31 18:00:32] [INFO] ✅ Giá H4 hoàn thành (attempt 1)
[2026-07-31 18:00:33] [Sync] Bắt đầu đẩy dữ liệu lên Github (Kích hoạt bởi: Giá H4)...
[2026-07-31 18:00:36] [Sync] ✅ Đồng bộ Github thành công (Giá H4)!
[2026-07-31 18:00:36] [INFO] ▶ Kích hoạt: Vĩ Mô (Macro)
[2026-07-31 18:00:39] [INFO] ✅ Vĩ Mô (Macro) hoàn thành (attempt 1)
[2026-07-31 18:00:39] [Sync] Bắt đầu đẩy dữ liệu lên Github (Kích hoạt bởi: Vĩ Mô (Macro))...
[2026-07-31 18:00:42] [Sync] ✅ Đồng bộ Github thành công (Vĩ Mô (Macro))!
[2026-07-31 18:00:42] [INFO] Đang quét tín hiệu Telegram Alarm (SMC)...
[2026-07-31 18:00:44] [INFO] Đang chạy cập nhật Hồ sơ mã (run_pro_plus) và tạo Dashboard (gen_dashboard)...
[2026-07-31 18:00:51] [Sync] Bắt đầu đẩy dữ liệu lên Github (Kích hoạt bởi: Cập nhật Phân tích & Giao diện)...
[2026-07-31 18:00:55] [Sync] ✅ Đồng bộ Github thành công (Cập nhật Phân tích & Giao diện)!
[2026-07-31 18:00:55] [INFO] ⏰ Đợi Giá H1: còn 0.99h (31/07 19:00:05 VN)
[2026-07-31 19:00:05] [INFO] ▶ Kích hoạt: Giá H1 + Macro
[2026-07-31 19:00:28] [INFO] ✅ Giá H1 + Macro hoàn thành (attempt 1)
[2026-07-31 19:00:28] [Sync] Bắt đầu đẩy dữ liệu lên Github (Kích hoạt bởi: Giá H1 + Macro)...
[2026-07-31 19:00:31] [Sync] ✅ Đồng bộ Github thành công (Giá H1 + Macro)!
[2026-07-31 19:00:31] [INFO] ▶ Kích hoạt: Giá H4
[2026-07-31 19:00:38] [INFO] ✅ Giá H4 hoàn thành (attempt 1)
[2026-07-31 19:00:38] [Sync] Bắt đầu đẩy dữ liệu lên Github (Kích hoạt bởi: Giá H4)...
[2026-07-31 19:00:41] [Sync] ✅ Đồng bộ Github thành công (Giá H4)!
[2026-07-31 19:00:41] [INFO] ▶ Kích hoạt: Vĩ Mô (Macro)
[2026-07-31 19:00:44] [INFO] ✅ Vĩ Mô (Macro) hoàn thành (attempt 1)
[2026-07-31 19:00:44] [Sync] Bắt đầu đẩy dữ liệu lên Github (Kích hoạt bởi: Vĩ Mô (Macro))...
[2026-07-31 19:00:47] [Sync] ✅ Đồng bộ Github thành công (Vĩ Mô (Macro))!
[2026-07-31 19:00:47] [INFO] Đang quét tín hiệu Telegram Alarm (SMC)...
[2026-07-31 19:00:49] [INFO] Đang chạy cập nhật Hồ sơ mã (run_pro_plus) và tạo Dashboard (gen_dashboard)...
[2026-07-31 19:00:55] [Sync] Bắt đầu đẩy dữ liệu lên Github (Kích hoạt bởi: Cập nhật Phân tích & Giao diện)...
[2026-07-31 19:01:00] [Sync] ✅ Đồng bộ Github thành công (Cập nhật Phân tích & Giao diện)!
[2026-07-31 19:01:00] [INFO] ⏰ Đợi Giá H1: còn 0.98h (31/07 20:00:05 VN)
[2026-07-31 20:00:05] [INFO] ▶ Kích hoạt: Giá H1 + Macro
[2026-07-31 20:00:43] [INFO] ✅ Giá H1 + Macro hoàn thành (attempt 1)
[2026-07-31 20:00:43] [Sync] Bắt đầu đẩy dữ liệu lên Github (Kích hoạt bởi: Giá H1 + Macro)...
[2026-07-31 20:00:47] [Sync] ✅ Đồng bộ Github thành công (Giá H1 + Macro)!
[2026-07-31 20:00:47] [INFO] ▶ Kích hoạt: Giá H4
[2026-07-31 20:01:06] [INFO] ✅ Giá H4 hoàn thành (attempt 1)
[2026-07-31 20:01:06] [Sync] Bắt đầu đẩy dữ liệu lên Github (Kích hoạt bởi: Giá H4)...
[2026-07-31 20:01:10] [Sync] ✅ Đồng bộ Github thành công (Giá H4)!
[2026-07-31 20:01:10] [INFO] ▶ Kích hoạt: Vĩ Mô (Macro)
[2026-07-31 20:01:13] [INFO] ✅ Vĩ Mô (Macro) hoàn thành (attempt 1)
[2026-07-31 20:01:13] [Sync] Bắt đầu đẩy dữ liệu lên Github (Kích hoạt bởi: Vĩ Mô (Macro))...
[2026-07-31 20:01:17] [Sync] ✅ Đồng bộ Github thành công (Vĩ Mô (Macro))!
[2026-07-31 20:01:17] [INFO] Đang quét tín hiệu Telegram Alarm (SMC)...
[2026-07-31 20:01:22] [INFO] Đang chạy cập nhật Hồ sơ mã (run_pro_plus) và tạo Dashboard (gen_dashboard)...
[2026-07-31 20:01:29] [Sync] Bắt đầu đẩy dữ liệu lên Github (Kích hoạt bởi: Cập nhật Phân tích & Giao diện)...
[2026-07-31 20:01:34] [Sync] ✅ Đồng bộ Github thành công (Cập nhật Phân tích & Giao diện)!
[2026-07-31 20:01:34] [INFO] ⏰ Đợi Giá H1: còn 0.98h (31/07 21:00:05 VN)
[2026-07-31 21:00:05] [INFO] ▶ Kích hoạt: Giá H1 + Macro
[2026-07-31 21:01:38] [INFO] ✅ Giá H1 + Macro hoàn thành (attempt 1)
[2026-07-31 21:01:38] [Sync] Bắt đầu đẩy dữ liệu lên Github (Kích hoạt bởi: Giá H1 + Macro)...
[2026-07-31 21:01:42] [Sync] ✅ Đồng bộ Github thành công (Giá H1 + Macro)!
[2026-07-31 21:01:42] [INFO] ▶ Kích hoạt: Giá H4
[2026-07-31 21:01:50] [INFO] ✅ Giá H4 hoàn thành (attempt 1)
[2026-07-31 21:01:50] [Sync] Bắt đầu đẩy dữ liệu lên Github (Kích hoạt bởi: Giá H4)...
[2026-07-31 21:01:54] [Sync] ✅ Đồng bộ Github thành công (Giá H4)!
[2026-07-31 21:01:54] [INFO] ▶ Kích hoạt: Vĩ Mô (Macro)
[2026-07-31 21:01:56] [INFO] ✅ Vĩ Mô (Macro) hoàn thành (attempt 1)
[2026-07-31 21:01:56] [Sync] Bắt đầu đẩy dữ liệu lên Github (Kích hoạt bởi: Vĩ Mô (Macro))...
[2026-07-31 21:02:00] [Sync] ✅ Đồng bộ Github thành công (Vĩ Mô (Macro))!
[2026-07-31 21:02:00] [INFO] Đang quét tín hiệu Telegram Alarm (SMC)...
[2026-07-31 21:02:05] [INFO] Đang chạy cập nhật Hồ sơ mã (run_pro_plus) và tạo Dashboard (gen_dashboard)...
[2026-07-31 21:02:13] [Sync] Bắt đầu đẩy dữ liệu lên Github (Kích hoạt bởi: Cập nhật Phân tích & Giao diện)...
[2026-07-31 21:02:17] [Sync] ✅ Đồng bộ Github thành công (Cập nhật Phân tích & Giao diện)!
[2026-07-31 21:02:17] [INFO] ⏰ Đợi Giá H1: còn 0.96h (31/07 22:00:05 VN)
[2026-07-31 22:00:05] [INFO] ▶ Kích hoạt: Giá H1 + Macro
[2026-07-31 22:00:20] [INFO] ✅ Giá H1 + Macro hoàn thành (attempt 1)
[2026-07-31 22:00:20] [Sync] Bắt đầu đẩy dữ liệu lên Github (Kích hoạt bởi: Giá H1 + Macro)...
[2026-07-31 22:00:24] [Sync] ✅ Đồng bộ Github thành công (Giá H1 + Macro)!
[2026-07-31 22:00:24] [INFO] ▶ Kích hoạt: Giá H4
[2026-07-31 22:00:33] [INFO] ✅ Giá H4 hoàn thành (attempt 1)
[2026-07-31 22:00:33] [Sync] Bắt đầu đẩy dữ liệu lên Github (Kích hoạt bởi: Giá H4)...
[2026-07-31 22:00:38] [Sync] ✅ Đồng bộ Github thành công (Giá H4)!
[2026-07-31 22:00:38] [INFO] ▶ Kích hoạt: Vĩ Mô (Macro)
[2026-07-31 22:00:41] [INFO] ✅ Vĩ Mô (Macro) hoàn thành (attempt 1)
[2026-07-31 22:00:41] [Sync] Bắt đầu đẩy dữ liệu lên Github (Kích hoạt bởi: Vĩ Mô (Macro))...
[2026-07-31 22:00:45] [Sync] ✅ Đồng bộ Github thành công (Vĩ Mô (Macro))!
[2026-07-31 22:00:45] [INFO] Đang quét tín hiệu Telegram Alarm (SMC)...
[2026-07-31 22:00:52] [INFO] Đang chạy cập nhật Hồ sơ mã (run_pro_plus) và tạo Dashboard (gen_dashboard)...
[2026-07-31 22:01:00] [Sync] Bắt đầu đẩy dữ liệu lên Github (Kích hoạt bởi: Cập nhật Phân tích & Giao diện)...
[2026-07-31 22:01:06] [Sync] ✅ Đồng bộ Github thành công (Cập nhật Phân tích & Giao diện)!
[2026-07-31 22:01:06] [INFO] ⏰ Đợi Giá H1: còn 0.98h (31/07 23:00:05 VN)
[2026-07-31 23:00:05] [INFO] ▶ Kích hoạt: Giá H1 + Macro
[2026-07-31 23:00:19] [INFO] ✅ Giá H1 + Macro hoàn thành (attempt 1)
[2026-07-31 23:00:19] [Sync] Bắt đầu đẩy dữ liệu lên Github (Kích hoạt bởi: Giá H1 + Macro)...
[2026-07-31 23:00:23] [Sync] ✅ Đồng bộ Github thành công (Giá H1 + Macro)!
[2026-07-31 23:00:23] [INFO] ▶ Kích hoạt: Giá H4
[2026-07-31 23:00:30] [INFO] ✅ Giá H4 hoàn thành (attempt 1)
[2026-07-31 23:00:30] [Sync] Bắt đầu đẩy dữ liệu lên Github (Kích hoạt bởi: Giá H4)...
[2026-07-31 23:00:33] [Sync] ✅ Đồng bộ Github thành công (Giá H4)!
[2026-07-31 23:00:33] [INFO] ▶ Kích hoạt: Vĩ Mô (Macro)
[2026-07-31 23:00:37] [INFO] ✅ Vĩ Mô (Macro) hoàn thành (attempt 1)
[2026-07-31 23:00:37] [Sync] Bắt đầu đẩy dữ liệu lên Github (Kích hoạt bởi: Vĩ Mô (Macro))...
[2026-07-31 23:00:41] [Sync] ✅ Đồng bộ Github thành công (Vĩ Mô (Macro))!
[2026-07-31 23:00:42] [INFO] Đang quét tín hiệu Telegram Alarm (SMC)...
[2026-07-31 23:00:43] [INFO] Đang chạy cập nhật Hồ sơ mã (run_pro_plus) và tạo Dashboard (gen_dashboard)...
[2026-07-31 23:00:51] [Sync] Bắt đầu đẩy dữ liệu lên Github (Kích hoạt bởi: Cập nhật Phân tích & Giao diện)...
[2026-07-31 23:00:55] [Sync] ✅ Đồng bộ Github thành công (Cập nhật Phân tích & Giao diện)!
[2026-07-31 23:00:55] [INFO] ⏰ Đợi Giá H1: còn 0.99h (01/08 00:00:05 VN)
[2026-08-03 06:30:36] [INFO] ============================================================
[2026-08-03 06:30:36] [INFO]   CBOT PRECISION SCHEDULER V2 — KHỞI ĐỘNG
[2026-08-03 06:30:36] [INFO] ============================================================
[2026-08-03 06:30:36] [INFO] Lịch trình đang chạy:
[2026-08-03 06:30:36] [INFO]   [Giá H1 + Macro]    : Phút :15 mỗi giờ giao dịch
[2026-08-03 06:30:36] [INFO]   [COT CFTC]          : Thứ Bảy 07:15 VN
[2026-08-03 06:30:36] [INFO]   [USDA Crop Progress]: Thứ Hai 22:00 VN
[2026-08-03 06:30:36] [INFO]   [Export Sales]      : Thứ Năm 21:32 VN
[2026-08-03 06:30:36] [INFO]   [WASDE Monthly]     : Ngày 10 hàng tháng, 23:00 VN
[2026-08-03 06:30:36] [INFO]   [Thời Tiết Ngắn]    : 06:00 hàng ngày
[2026-08-03 06:30:36] [INFO]   [ENSO Long-Term]    : Thứ Hai 06:30 VN
[2026-08-03 06:30:36] [INFO]   [USDA Acreage]      : 05:30 hàng ngày
[2026-08-03 06:30:36] [INFO]   [AI Điểm Tin]       : 06:00 và 20:00 hàng ngày
[2026-08-03 06:30:36] [INFO]   [AI Tin Biển Đen]   : Thứ Tư & Chủ Nhật 07:00 VN
[2026-08-03 06:30:36] [INFO]   [Số Liệu Mùa Vụ Nga]: 07:30 hàng ngày
[2026-08-03 06:30:36] [INFO] ------------------------------------------------------------
[2026-08-03 06:30:36] [INFO]   ✅ Thread khởi động: job_prices
 Giá ngay khi vừa khởi động hệ thống...
[2026-08-03 06:30:36] [INFO] ▶ Kích hoạt: Giá H1 + Macro
[2026-08-03 06:30:36] [INFO]   ✅ Thread khởi động: job_cot
[2026-08-03 06:30:36] [INFO] ⏰ Đợi COT CFTC: còn 120.74h (08/08 07:15:02 VN)
[2026-08-03 06:30:36] [INFO]   ✅ Thread khởi động: job_crop_progress
00:02 VN)
[2026-08-03 06:30:36] [INFO]   ✅ Thread khởi động: job_export_sales
32:02 VN)
[2026-08-03 06:30:36] [INFO]   ✅ Thread khởi động: job_wasde
10/08 23:00:02 VN)
[2026-08-03 06:30:36] [INFO]   ✅ Thread khởi động: job_weather_short
00:02 VN)
[2026-08-03 06:30:36] [INFO] ⏰ Đợi ENSO Long-Term: còn 167.99h (10/08 06:30:02 VN)
[2026-08-03 06:30:36] [INFO]   ✅ Thread khởi động: job_weather_long
[2026-08-03 06:30:36] [INFO] ⏰ Đợi Acreage Reports: còn 22.99h (04/08 05:30:02 VN)
[2026-08-03 06:30:36] [INFO]   ✅ Thread khởi động: job_acreage
[2026-08-03 06:30:36] [INFO]   ✅ Thread khởi động: job_ai_news
00:02 VN)
[2026-08-03 06:30:36] [INFO] ⏰ Đợi Black Sea News: còn 48.49h (05/08 07:00:02 VN)
[2026-08-03 06:30:36] [INFO]   ✅ Thread khởi động: job_blacksea_news
[2026-08-03 06:30:36] [INFO] ⏰ Đợi Russian Metrics: còn 0.99h (03/08 07:30:02 VN)
[2026-08-03 06:30:36] [INFO]   ✅ Thread khởi động: job_russian_metrics
[2026-08-03 06:30:36] [INFO] ============================================================
[2026-08-03 06:30:36] [INFO] Scheduler đang chạy ngầm. Nhấn Ctrl+C để dừng.
[2026-08-03 06:31:20] [INFO] ✅ Giá H1 + Macro hoàn thành (attempt 1)
[2026-08-03 06:31:20] [Sync] Bắt đầu đẩy dữ liệu lên Github (Kích hoạt bởi: Giá H1 + Macro)...
[2026-08-03 06:31:25] [Sync] ✅ Đồng bộ Github thành công (Giá H1 + Macro)!
[2026-08-03 06:31:25] [INFO] ▶ Kích hoạt: Giá H4
[2026-08-03 06:31:34] [INFO] ✅ Giá H4 hoàn thành (attempt 1)
[2026-08-03 06:31:34] [Sync] Bắt đầu đẩy dữ liệu lên Github (Kích hoạt bởi: Giá H4)...
[2026-08-03 06:31:37] [Sync] ✅ Đồng bộ Github thành công (Giá H4)!
[2026-08-03 06:31:37] [INFO] ▶ Kích hoạt: Vĩ Mô (Macro)
[2026-08-03 06:31:41] [INFO] ✅ Vĩ Mô (Macro) hoàn thành (attempt 1)
[2026-08-03 06:31:41] [Sync] Bắt đầu đẩy dữ liệu lên Github (Kích hoạt bởi: Vĩ Mô (Macro))...
[2026-08-03 06:31:46] [Sync] ✅ Đồng bộ Github thành công (Vĩ Mô (Macro))!
[2026-08-03 06:31:46] [INFO] Đang quét tín hiệu Telegram Alarm (SMC)...
[2026-08-03 06:31:54] [INFO] Đang phân tích AI tự động...
[2026-08-03 06:32:06] [INFO] Đang chạy cập nhật Hồ sơ mã (run_pro_plus) và tạo Dashboard (gen_dashboard)...
[2026-08-03 06:32:14] [Sync] Bắt đầu đẩy dữ liệu lên Github (Kích hoạt bởi: Cập nhật Phân tích & Giao diện (H1))...
[2026-08-03 06:32:18] [Sync] ✅ Đồng bộ Github thành công (Cập nhật Phân tích & Giao diện (H1))!
[2026-08-03 06:32:18] [INFO] ⏰ Đợi Giá H1: còn 0.46h (03/08 07:00:05 VN)
[2026-08-03 07:00:05] [INFO] ▶ Kích hoạt: Giá H1 + Macro
[2026-08-03 07:00:34] [INFO] ✅ Giá H1 + Macro hoàn thành (attempt 1)
[2026-08-03 07:00:34] [Sync] Bắt đầu đẩy dữ liệu lên Github (Kích hoạt bởi: Giá H1 + Macro)...
[2026-08-03 07:00:39] [Sync] ✅ Đồng bộ Github thành công (Giá H1 + Macro)!
[2026-08-03 07:00:39] [INFO] ▶ Kích hoạt: Giá H4
[2026-08-03 07:00:45] [INFO] ✅ Giá H4 hoàn thành (attempt 1)
[2026-08-03 07:00:46] [Sync] Bắt đầu đẩy dữ liệu lên Github (Kích hoạt bởi: Giá H4)...
[2026-08-03 07:00:50] [Sync] ✅ Đồng bộ Github thành công (Giá H4)!
[2026-08-03 07:00:50] [INFO] ▶ Kích hoạt: Vĩ Mô (Macro)
[2026-08-03 07:00:53] [INFO] ✅ Vĩ Mô (Macro) hoàn thành (attempt 1)
[2026-08-03 07:00:53] [Sync] Bắt đầu đẩy dữ liệu lên Github (Kích hoạt bởi: Vĩ Mô (Macro))...
[2026-08-03 07:00:59] [Sync] ✅ Đồng bộ Github thành công (Vĩ Mô (Macro))!
[2026-08-03 07:00:59] [INFO] Đang quét tín hiệu Telegram Alarm (SMC)...
[2026-08-03 07:01:03] [INFO] Đang phân tích AI tự động...
[2026-08-03 07:01:31] [INFO] Đang chạy cập nhật Hồ sơ mã (run_pro_plus) và tạo Dashboard (gen_dashboard)...
[2026-08-03 07:01:40] [Sync] Bắt đầu đẩy dữ liệu lên Github (Kích hoạt bởi: Cập nhật Phân tích & Giao diện (H1))...
[2026-08-03 07:01:45] [Sync] ✅ Đồng bộ Github thành công (Cập nhật Phân tích & Giao diện (H1))!
[2026-08-03 07:01:45] [INFO] ⏰ Đợi Giá H1: còn 0.97h (03/08 08:00:05 VN)
[2026-08-03 07:30:02] [INFO] ▶ Kích hoạt: Chỉ số Lúa Mì Nga
[2026-08-03 07:30:27] [INFO] ✅ Chỉ số Lúa Mì Nga hoàn thành (attempt 1)
[2026-08-03 07:30:27] [Sync] Bắt đầu đẩy dữ liệu lên Github (Kích hoạt bởi: Chỉ số Lúa Mì Nga)...
[2026-08-03 07:30:32] [Sync] ✅ Đồng bộ Github thành công (Chỉ số Lúa Mì Nga)!
[2026-08-03 07:30:32] [INFO] ⏰ Đợi Russian Metrics: còn 23.99h (04/08 07:30:02 VN)
[2026-08-03 08:00:05] [INFO] ▶ Kích hoạt: Giá H1 + Macro
[2026-08-03 08:00:30] [INFO] ✅ Giá H1 + Macro hoàn thành (attempt 1)
[2026-08-03 08:00:30] [Sync] Bắt đầu đẩy dữ liệu lên Github (Kích hoạt bởi: Giá H1 + Macro)...
[2026-08-03 08:00:34] [Sync] ✅ Đồng bộ Github thành công (Giá H1 + Macro)!
[2026-08-03 08:00:34] [INFO] ▶ Kích hoạt: Giá H4
[2026-08-03 08:00:41] [INFO] ✅ Giá H4 hoàn thành (attempt 1)
[2026-08-03 08:00:41] [Sync] Bắt đầu đẩy dữ liệu lên Github (Kích hoạt bởi: Giá H4)...
[2026-08-03 08:00:46] [Sync] ✅ Đồng bộ Github thành công (Giá H4)!
[2026-08-03 08:00:46] [INFO] ▶ Kích hoạt: Vĩ Mô (Macro)
[2026-08-03 08:00:49] [INFO] ✅ Vĩ Mô (Macro) hoàn thành (attempt 1)
[2026-08-03 08:00:49] [Sync] Bắt đầu đẩy dữ liệu lên Github (Kích hoạt bởi: Vĩ Mô (Macro))...
[2026-08-03 08:00:52] [Sync] ✅ Đồng bộ Github thành công (Vĩ Mô (Macro))!
[2026-08-03 08:00:52] [INFO] Đang quét tín hiệu Telegram Alarm (SMC)...
[2026-08-03 08:00:58] [INFO] Đang phân tích AI tự động...
[2026-08-03 08:01:13] [INFO] Đang chạy cập nhật Hồ sơ mã (run_pro_plus) và tạo Dashboard (gen_dashboard)...
[2026-08-03 08:01:21] [Sync] Bắt đầu đẩy dữ liệu lên Github (Kích hoạt bởi: Cập nhật Phân tích & Giao diện (H1))...
[2026-08-03 08:01:26] [Sync] ✅ Đồng bộ Github thành công (Cập nhật Phân tích & Giao diện (H1))!
[2026-08-03 08:01:26] [INFO] ⏰ Đợi Giá H1: còn 0.98h (03/08 09:00:05 VN)
[2026-08-03 09:00:05] [INFO] ▶ Kích hoạt: Giá H1 + Macro
[2026-08-03 09:00:20] [INFO] ✅ Giá H1 + Macro hoàn thành (attempt 1)
[2026-08-03 09:00:20] [Sync] Bắt đầu đẩy dữ liệu lên Github (Kích hoạt bởi: Giá H1 + Macro)...
[2026-08-03 09:00:25] [Sync] ✅ Đồng bộ Github thành công (Giá H1 + Macro)!
[2026-08-03 09:00:25] [INFO] ▶ Kích hoạt: Giá H4
[2026-08-03 09:00:31] [INFO] ✅ Giá H4 hoàn thành (attempt 1)
[2026-08-03 09:00:31] [Sync] Bắt đầu đẩy dữ liệu lên Github (Kích hoạt bởi: Giá H4)...
[2026-08-03 09:00:35] [Sync] ✅ Đồng bộ Github thành công (Giá H4)!
[2026-08-03 09:00:35] [INFO] ▶ Kích hoạt: Vĩ Mô (Macro)
[2026-08-03 09:00:38] [INFO] ✅ Vĩ Mô (Macro) hoàn thành (attempt 1)
[2026-08-03 09:00:38] [Sync] Bắt đầu đẩy dữ liệu lên Github (Kích hoạt bởi: Vĩ Mô (Macro))...
[2026-08-03 09:00:43] [Sync] ✅ Đồng bộ Github thành công (Vĩ Mô (Macro))!
[2026-08-03 09:00:43] [INFO] Đang quét tín hiệu Telegram Alarm (SMC)...
[2026-08-03 09:00:49] [INFO] Đang phân tích AI tự động...
[2026-08-03 09:01:05] [INFO] Đang chạy cập nhật Hồ sơ mã (run_pro_plus) và tạo Dashboard (gen_dashboard)...
[2026-08-03 09:01:11] [Sync] Bắt đầu đẩy dữ liệu lên Github (Kích hoạt bởi: Cập nhật Phân tích & Giao diện (H1))...
[2026-08-03 09:01:17] [Sync] ✅ Đồng bộ Github thành công (Cập nhật Phân tích & Giao diện (H1))!
[2026-08-03 09:01:17] [INFO] ⏰ Đợi Giá H1: còn 0.98h (03/08 10:00:05 VN)
[2026-08-03 11:37:25] [INFO] ▶ Kích hoạt: Giá H1 + Macro
[2026-08-03 11:37:40] [INFO] ✅ Giá H1 + Macro hoàn thành (attempt 1)
[2026-08-03 11:37:40] [Sync] Bắt đầu đẩy dữ liệu lên Github (Kích hoạt bởi: Giá H1 + Macro)...
[2026-08-03 11:37:45] [Sync] ✅ Đồng bộ Github thành công (Giá H1 + Macro)!
[2026-08-03 11:37:45] [INFO] ▶ Kích hoạt: Giá H4
[2026-08-03 11:37:50] [INFO] ✅ Giá H4 hoàn thành (attempt 1)
[2026-08-03 11:37:50] [Sync] Bắt đầu đẩy dữ liệu lên Github (Kích hoạt bởi: Giá H4)...
[2026-08-03 11:37:54] [Sync] ✅ Đồng bộ Github thành công (Giá H4)!
[2026-08-03 11:37:54] [INFO] ▶ Kích hoạt: Vĩ Mô (Macro)
[2026-08-03 11:37:57] [INFO] ✅ Vĩ Mô (Macro) hoàn thành (attempt 1)
[2026-08-03 11:37:57] [Sync] Bắt đầu đẩy dữ liệu lên Github (Kích hoạt bởi: Vĩ Mô (Macro))...
[2026-08-03 11:38:01] [Sync] ✅ Đồng bộ Github thành công (Vĩ Mô (Macro))!
[2026-08-03 11:38:01] [INFO] Đang quét tín hiệu Telegram Alarm (SMC)...
[2026-08-03 11:38:07] [INFO] Đang phân tích AI tự động...
[2026-08-03 11:38:19] [INFO] Đang chạy cập nhật Hồ sơ mã (run_pro_plus) và tạo Dashboard (gen_dashboard)...
[2026-08-03 11:38:26] [Sync] Bắt đầu đẩy dữ liệu lên Github (Kích hoạt bởi: Cập nhật Phân tích & Giao diện (H1))...
[2026-08-03 11:38:30] [Sync] ✅ Đồng bộ Github thành công (Cập nhật Phân tích & Giao diện (H1))!
[2026-08-03 11:38:30] [INFO] ⏰ Đợi Giá H1: còn 0.36h (03/08 12:00:05 VN)
[2026-08-03 12:48:30] [INFO] ▶ Kích hoạt: Giá H1 + Macro
[2026-08-03 13:30:56] [WARN] ⏳ Giá H1 + Macro timeout
[2026-08-03 13:30:56] [INFO] ▶ Kích hoạt: Giá H4
[2026-08-03 13:31:06] [INFO] ✅ Giá H4 hoàn thành (attempt 1)
[2026-08-03 13:31:06] [Sync] Bắt đầu đẩy dữ liệu lên Github (Kích hoạt bởi: Giá H4)...
[2026-08-03 13:31:11] [Sync] ✅ Đồng bộ Github thành công (Giá H4)!
[2026-08-03 13:31:11] [INFO] ▶ Kích hoạt: Vĩ Mô (Macro)
[2026-08-03 13:31:15] [INFO] ✅ Vĩ Mô (Macro) hoàn thành (attempt 1)
[2026-08-03 13:31:15] [Sync] Bắt đầu đẩy dữ liệu lên Github (Kích hoạt bởi: Vĩ Mô (Macro))...
[2026-08-03 13:31:19] [Sync] ✅ Đồng bộ Github thành công (Vĩ Mô (Macro))!
[2026-08-03 13:31:19] [INFO] ⏰ Đợi Giá H1: còn 0.48h (03/08 14:00:05 VN)
[2026-08-03 14:24:52] [INFO] ▶ Kích hoạt: Giá H1 + Macro
[2026-08-03 14:25:04] [INFO] ✅ Giá H1 + Macro hoàn thành (attempt 1)
[2026-08-03 14:25:05] [Sync] Bắt đầu đẩy dữ liệu lên Github (Kích hoạt bởi: Giá H1 + Macro)...
[2026-08-03 14:25:14] [Sync] ✅ Đồng bộ Github thành công (Giá H1 + Macro)!
[2026-08-03 14:25:14] [INFO] ▶ Kích hoạt: Giá H4
[2026-08-03 14:25:18] [INFO] ✅ Giá H4 hoàn thành (attempt 1)
[2026-08-03 14:25:18] [Sync] Bắt đầu đẩy dữ liệu lên Github (Kích hoạt bởi: Giá H4)...
[2026-08-03 14:25:36] [Sync] ✅ Đồng bộ Github thành công (Giá H4)!
[2026-08-03 14:25:36] [INFO] ▶ Kích hoạt: Vĩ Mô (Macro)
[2026-08-03 14:25:39] [INFO] ✅ Vĩ Mô (Macro) hoàn thành (attempt 1)
[2026-08-03 14:25:39] [Sync] Bắt đầu đẩy dữ liệu lên Github (Kích hoạt bởi: Vĩ Mô (Macro))...
[2026-08-03 14:25:54] [Sync] ✅ Đồng bộ Github thành công (Vĩ Mô (Macro))!
[2026-08-03 14:25:54] [INFO] Đang quét tín hiệu Telegram Alarm (SMC)...
[2026-08-03 14:26:02] [INFO] Đang phân tích AI tự động...
[2026-08-03 14:26:16] [INFO] Đang chạy cập nhật Hồ sơ mã (run_pro_plus) và tạo Dashboard (gen_dashboard)...
[2026-08-03 14:26:22] [Sync] Bắt đầu đẩy dữ liệu lên Github (Kích hoạt bởi: Cập nhật Phân tích & Giao diện (H1))...
[2026-08-03 14:26:34] [Sync] ✅ Đồng bộ Github thành công (Cập nhật Phân tích & Giao diện (H1))!
[2026-08-03 14:26:34] [INFO] ⏰ Đợi Giá H1: còn 0.56h (03/08 15:00:05 VN)
[2026-08-03 15:10:31] [INFO] ▶ Kích hoạt: Giá H1 + Macro
[2026-08-03 15:10:44] [INFO] ✅ Giá H1 + Macro hoàn thành (attempt 1)
[2026-08-03 15:10:44] [Sync] Bắt đầu đẩy dữ liệu lên Github (Kích hoạt bởi: Giá H1 + Macro)...
[2026-08-03 15:11:02] [Sync] ✅ Đồng bộ Github thành công (Giá H1 + Macro)!
[2026-08-03 15:11:02] [INFO] ▶ Kích hoạt: Giá H4
[2026-08-03 15:11:07] [INFO] ✅ Giá H4 hoàn thành (attempt 1)
[2026-08-03 15:11:07] [Sync] Bắt đầu đẩy dữ liệu lên Github (Kích hoạt bởi: Giá H4)...
[2026-08-03 15:11:34] [Sync] ✅ Đồng bộ Github thành công (Giá H4)!
[2026-08-03 15:11:34] [INFO] ▶ Kích hoạt: Vĩ Mô (Macro)
[2026-08-03 15:11:37] [INFO] ✅ Vĩ Mô (Macro) hoàn thành (attempt 1)
[2026-08-03 15:11:38] [Sync] Bắt đầu đẩy dữ liệu lên Github (Kích hoạt bởi: Vĩ Mô (Macro))...
[2026-08-03 15:12:18] [Sync] ✅ Đồng bộ Github thành công (Vĩ Mô (Macro))!
[2026-08-03 15:12:18] [INFO] Đang quét tín hiệu Telegram Alarm (SMC)...
[2026-08-03 15:12:19] [INFO] Đang phân tích AI tự động...
[2026-08-03 15:12:31] [INFO] Đang chạy cập nhật Hồ sơ mã (run_pro_plus) và tạo Dashboard (gen_dashboard)...
[2026-08-03 15:12:37] [Sync] Bắt đầu đẩy dữ liệu lên Github (Kích hoạt bởi: Cập nhật Phân tích & Giao diện (H1))...
[2026-08-03 15:12:41] [Sync] ✅ Đồng bộ Github thành công (Cập nhật Phân tích & Giao diện (H1))!
[2026-08-03 15:12:41] [INFO] ⏰ Đợi Giá H1: còn 0.79h (03/08 16:00:05 VN)
[2026-08-03 17:43:11] [INFO] ▶ Kích hoạt: Giá H1 + Macro
[2026-08-03 17:43:30] [INFO] ✅ Giá H1 + Macro hoàn thành (attempt 1)
[2026-08-03 17:43:30] [Sync] Bắt đầu đẩy dữ liệu lên Github (Kích hoạt bởi: Giá H1 + Macro)...
[2026-08-03 17:43:35] [Sync] ✅ Đồng bộ Github thành công (Giá H1 + Macro)!
[2026-08-03 17:43:35] [INFO] ▶ Kích hoạt: Giá H4
[2026-08-03 17:43:42] [INFO] ✅ Giá H4 hoàn thành (attempt 1)
[2026-08-03 17:43:42] [Sync] Bắt đầu đẩy dữ liệu lên Github (Kích hoạt bởi: Giá H4)...
[2026-08-03 17:43:45] [Sync] ✅ Đồng bộ Github thành công (Giá H4)!
[2026-08-03 17:43:45] [INFO] ▶ Kích hoạt: Vĩ Mô (Macro)
[2026-08-03 17:43:48] [INFO] ✅ Vĩ Mô (Macro) hoàn thành (attempt 1)
[2026-08-03 17:43:48] [Sync] Bắt đầu đẩy dữ liệu lên Github (Kích hoạt bởi: Vĩ Mô (Macro))...
[2026-08-03 17:43:51] [Sync] ✅ Đồng bộ Github thành công (Vĩ Mô (Macro))!
[2026-08-03 17:43:51] [INFO] Đang quét tín hiệu Telegram Alarm (SMC)...
[2026-08-03 17:43:53] [INFO] Đang phân tích AI tự động...
[2026-08-03 17:44:06] [INFO] Đang chạy cập nhật Hồ sơ mã (run_pro_plus) và tạo Dashboard (gen_dashboard)...
[2026-08-03 17:44:12] [Sync] Bắt đầu đẩy dữ liệu lên Github (Kích hoạt bởi: Cập nhật Phân tích & Giao diện (H1))...
[2026-08-03 17:44:16] [Sync] ✅ Đồng bộ Github thành công (Cập nhật Phân tích & Giao diện (H1))!
[2026-08-03 17:44:16] [INFO] ⏰ Đợi Giá H1: còn 0.26h (03/08 18:00:05 VN)
[2026-08-03 18:00:05] [INFO] ▶ Kích hoạt: Giá H1 + Macro
[2026-08-03 18:00:32] [INFO] ✅ Giá H1 + Macro hoàn thành (attempt 1)
[2026-08-03 18:00:32] [Sync] Bắt đầu đẩy dữ liệu lên Github (Kích hoạt bởi: Giá H1 + Macro)...
[2026-08-03 18:00:36] [Sync] ✅ Đồng bộ Github thành công (Giá H1 + Macro)!
[2026-08-03 18:00:36] [INFO] ▶ Kích hoạt: Giá H4
[2026-08-03 18:00:40] [INFO] ✅ Giá H4 hoàn thành (attempt 1)
[2026-08-03 18:00:40] [Sync] Bắt đầu đẩy dữ liệu lên Github (Kích hoạt bởi: Giá H4)...
[2026-08-03 18:00:44] [Sync] ✅ Đồng bộ Github thành công (Giá H4)!
[2026-08-03 18:00:44] [INFO] ▶ Kích hoạt: Vĩ Mô (Macro)
[2026-08-03 18:00:47] [INFO] ✅ Vĩ Mô (Macro) hoàn thành (attempt 1)
[2026-08-03 18:00:47] [Sync] Bắt đầu đẩy dữ liệu lên Github (Kích hoạt bởi: Vĩ Mô (Macro))...
[2026-08-03 18:00:50] [Sync] ✅ Đồng bộ Github thành công (Vĩ Mô (Macro))!
[2026-08-03 18:00:50] [INFO] Đang quét tín hiệu Telegram Alarm (SMC)...
[2026-08-03 18:00:53] [INFO] Đang phân tích AI tự động...
[2026-08-03 18:01:18] [INFO] Đang chạy cập nhật Hồ sơ mã (run_pro_plus) và tạo Dashboard (gen_dashboard)...
[2026-08-03 18:01:29] [Sync] Bắt đầu đẩy dữ liệu lên Github (Kích hoạt bởi: Cập nhật Phân tích & Giao diện (H1))...
[2026-08-03 18:01:32] [Sync] ✅ Đồng bộ Github thành công (Cập nhật Phân tích & Giao diện (H1))!
[2026-08-03 18:01:32] [INFO] ⏰ Đợi Giá H1: còn 0.98h (03/08 19:00:05 VN)
[2026-08-03 19:43:17] [INFO] ▶ Kích hoạt: Giá H1 + Macro
[2026-08-03 19:43:29] [INFO] ✅ Giá H1 + Macro hoàn thành (attempt 1)
[2026-08-03 19:43:29] [Sync] Bắt đầu đẩy dữ liệu lên Github (Kích hoạt bởi: Giá H1 + Macro)...
[2026-08-03 19:43:34] [Sync] ✅ Đồng bộ Github thành công (Giá H1 + Macro)!
[2026-08-03 19:43:34] [INFO] ▶ Kích hoạt: Giá H4
[2026-08-03 19:43:42] [INFO] ✅ Giá H4 hoàn thành (attempt 1)
[2026-08-03 19:43:42] [Sync] Bắt đầu đẩy dữ liệu lên Github (Kích hoạt bởi: Giá H4)...
[2026-08-03 19:43:45] [Sync] ✅ Đồng bộ Github thành công (Giá H4)!
[2026-08-03 19:43:45] [INFO] ▶ Kích hoạt: Vĩ Mô (Macro)
[2026-08-03 19:43:48] [INFO] ✅ Vĩ Mô (Macro) hoàn thành (attempt 1)
[2026-08-03 19:43:48] [Sync] Bắt đầu đẩy dữ liệu lên Github (Kích hoạt bởi: Vĩ Mô (Macro))...
[2026-08-03 19:43:53] [Sync] ✅ Đồng bộ Github thành công (Vĩ Mô (Macro))!
[2026-08-03 19:43:53] [INFO] Đang quét tín hiệu Telegram Alarm (SMC)...
[2026-08-03 19:43:57] [INFO] Đang phân tích AI tự động...
[2026-08-03 19:44:15] [INFO] Đang chạy cập nhật Hồ sơ mã (run_pro_plus) và tạo Dashboard (gen_dashboard)...
[2026-08-03 19:44:30] [Sync] Bắt đầu đẩy dữ liệu lên Github (Kích hoạt bởi: Cập nhật Phân tích & Giao diện (H1))...
[2026-08-03 19:44:35] [Sync] ✅ Đồng bộ Github thành công (Cập nhật Phân tích & Giao diện (H1))!
[2026-08-03 19:44:35] [INFO] ⏰ Đợi Giá H1: còn 0.26h (03/08 20:00:05 VN)
[2026-08-03 20:00:05] [INFO] ▶ Kích hoạt: Giá H1 + Macro
[2026-08-03 20:00:42] [INFO] ✅ Giá H1 + Macro hoàn thành (attempt 1)
[2026-08-03 20:00:42] [Sync] Bắt đầu đẩy dữ liệu lên Github (Kích hoạt bởi: Giá H1 + Macro)...
[2026-08-03 20:00:46] [Sync] ✅ Đồng bộ Github thành công (Giá H1 + Macro)!
[2026-08-03 20:00:46] [INFO] ▶ Kích hoạt: Giá H4
[2026-08-03 20:00:54] [INFO] ✅ Giá H4 hoàn thành (attempt 1)
[2026-08-03 20:00:54] [Sync] Bắt đầu đẩy dữ liệu lên Github (Kích hoạt bởi: Giá H4)...
[2026-08-03 20:00:58] [Sync] ✅ Đồng bộ Github thành công (Giá H4)!
[2026-08-03 20:00:58] [INFO] ▶ Kích hoạt: Vĩ Mô (Macro)
[2026-08-03 20:01:02] [INFO] ✅ Vĩ Mô (Macro) hoàn thành (attempt 1)
[2026-08-03 20:01:03] [Sync] Bắt đầu đẩy dữ liệu lên Github (Kích hoạt bởi: Vĩ Mô (Macro))...
[2026-08-03 20:01:06] [Sync] ✅ Đồng bộ Github thành công (Vĩ Mô (Macro))!
[2026-08-03 20:01:06] [INFO] Đang quét tín hiệu Telegram Alarm (SMC)...
[2026-08-03 20:01:07] [INFO] Đang phân tích AI tự động...
[2026-08-03 20:01:30] [INFO] Đang chạy cập nhật Hồ sơ mã (run_pro_plus) và tạo Dashboard (gen_dashboard)...
[2026-08-03 20:01:37] [Sync] Bắt đầu đẩy dữ liệu lên Github (Kích hoạt bởi: Cập nhật Phân tích & Giao diện (H1))...
[2026-08-03 20:01:41] [Sync] ✅ Đồng bộ Github thành công (Cập nhật Phân tích & Giao diện (H1))!
[2026-08-03 20:01:41] [INFO] ⏰ Đợi Giá H1: còn 0.97h (03/08 21:00:05 VN)
[2026-08-03 20:28:27] [INFO] ============================================================
[2026-08-03 20:28:27] [INFO]   CBOT PRECISION SCHEDULER V2 — KHỞI ĐỘNG
[2026-08-03 20:28:27] [INFO] ============================================================
[2026-08-03 20:28:27] [INFO] Lịch trình đang chạy:
[2026-08-03 20:28:27] [INFO]   [Giá H1 + Macro]    : Phút :15 mỗi giờ giao dịch
[2026-08-03 20:28:27] [INFO]   [COT CFTC]          : Thứ Bảy 07:15 VN
[2026-08-03 20:28:27] [INFO]   [USDA Crop Progress]: Thứ Hai 22:00 VN
[2026-08-03 20:28:27] [INFO]   [Export Sales]      : Thứ Năm 21:32 VN
[2026-08-03 20:28:27] [INFO]   [WASDE Monthly]     : Ngày 10 hàng tháng, 23:00 VN
[2026-08-03 20:28:27] [INFO]   [Thời Tiết Ngắn]    : 06:00 hàng ngày
[2026-08-03 20:28:27] [INFO]   [ENSO Long-Term]    : Thứ Hai 06:30 VN
[2026-08-03 20:28:27] [INFO]   [USDA Acreage]      : 05:30 hàng ngày
[2026-08-03 20:28:27] [INFO]   [AI Điểm Tin]       : 06:00 và 20:00 hàng ngày
[2026-08-03 20:28:27] [INFO]   [AI Tin Biển Đen]   : Thứ Tư & Chủ Nhật 07:00 VN
[2026-08-03 20:28:27] [INFO]   [Số Liệu Mùa Vụ Nga]: 07:30 hàng ngày
[2026-08-03 20:28:27] [INFO] ------------------------------------------------------------
[2026-08-03 20:28:27] [INFO] ▶ Kích hoạt tức thì: Cập nhật Giá ngay khi vừa khởi động hệ thống...
[2026-08-03 20:28:27] [INFO]   ✅ Thread khởi động: job_prices
[2026-08-03 20:28:27] [INFO] ▶ Kích hoạt: Giá H1 + Macro
[2026-08-03 20:28:27] [INFO] ⏰ Đợi COT CFTC: còn 106.78h (08/08 07:15:02 VN)
[2026-08-03 20:28:27] [INFO]   ✅ Thread khởi động: job_cot
[2026-08-03 20:28:27] [INFO] ⏰ Đợi Crop Progress: còn 1.53h (03/08 22:00:02 VN)
[2026-08-03 20:28:27] [INFO]   ✅ Thread khởi động: job_crop_progress
[2026-08-03 20:28:27] [INFO] ⏰ Đợi Export Sales: còn 73.06h (06/08 21:32:02 VN)
[2026-08-03 20:28:27] [INFO]   ✅ Thread khởi động: job_export_sales
[2026-08-03 20:28:27] [INFO] ⏰ Đợi WASDE Monthly: còn 170.53h (10/08 23:00:02 VN)
[2026-08-03 20:28:27] [INFO]   ✅ Thread khởi động: job_wasde
[2026-08-03 20:28:27] [INFO] ⏰ Đợi Weather Short: còn 9.53h (04/08 06:00:02 VN)
[2026-08-03 20:28:27] [INFO]   ✅ Thread khởi động: job_weather_short
[2026-08-03 20:28:27] [INFO] ⏰ Đợi ENSO Long-Term: còn 154.03h (10/08 06:30:02 VN)
[2026-08-03 20:28:27] [INFO]   ✅ Thread khởi động: job_weather_long
[2026-08-03 20:28:27] [INFO]   ✅ Thread khởi động: job_acreage
/08 05:30:02 VN)
[2026-08-03 20:28:27] [INFO]   ✅ Thread khởi động: job_ai_news
0:02 VN)
[2026-08-03 20:28:27] [INFO] ⏰ Đợi Black Sea News: còn 34.53h (05/08 07:00:02 VN)
[2026-08-03 20:28:27] [INFO]   ✅ Thread khởi động: job_blacksea_news
[2026-08-03 20:28:27] [INFO] ⏰ Đợi Russian Metrics: còn 11.03h (04/08 07:30:02 VN)
[2026-08-03 20:28:27] [INFO]   ✅ Thread khởi động: job_russian_metrics
[2026-08-03 20:28:27] [INFO] ============================================================
[2026-08-03 20:28:27] [INFO] Scheduler đang chạy ngầm. Nhấn Ctrl+C để dừng.
[2026-08-03 20:28:38] [INFO] ✅ Giá H1 + Macro hoàn thành (attempt 1)
[2026-08-03 20:28:38] [Sync] Bắt đầu đẩy dữ liệu lên Github (Kích hoạt bởi: Giá H1 + Macro)...
[2026-08-03 20:28:42] [Sync] ✅ Đồng bộ Github thành công (Giá H1 + Macro)!
[2026-08-03 20:28:42] [INFO] ▶ Kích hoạt: Giá H4
[2026-08-03 20:28:47] [INFO] ✅ Giá H4 hoàn thành (attempt 1)
[2026-08-03 20:28:47] [Sync] Bắt đầu đẩy dữ liệu lên Github (Kích hoạt bởi: Giá H4)...
[2026-08-03 20:28:50] [Sync] ✅ Đồng bộ Github thành công (Giá H4)!
[2026-08-03 20:28:50] [INFO] ▶ Kích hoạt: Vĩ Mô (Macro)
[2026-08-03 20:28:54] [INFO] ✅ Vĩ Mô (Macro) hoàn thành (attempt 1)
[2026-08-03 20:28:54] [Sync] Bắt đầu đẩy dữ liệu lên Github (Kích hoạt bởi: Vĩ Mô (Macro))...
[2026-08-03 20:28:57] [Sync] ✅ Đồng bộ Github thành công (Vĩ Mô (Macro))!
[2026-08-03 20:28:57] [INFO] Đang quét tín hiệu Telegram Alarm (SMC)...
[2026-08-03 20:28:59] [INFO] Đang phân tích AI tự động...
[2026-08-03 20:29:15] [INFO] Đang chạy cập nhật Hồ sơ mã (run_pro_plus) và tạo Dashboard (gen_dashboard)...
[2026-08-03 20:29:22] [Sync] Bắt đầu đẩy dữ liệu lên Github (Kích hoạt bởi: Cập nhật Phân tích & Giao diện (H1))...
[2026-08-03 20:29:26] [Sync] ✅ Đồng bộ Github thành công (Cập nhật Phân tích & Giao diện (H1))!
[2026-08-03 20:29:26] [INFO] ⏰ Đợi Giá H1: còn 0.51h (03/08 21:00:05 VN)
[2026-08-03 21:00:05] [INFO] ▶ Kích hoạt: Giá H1 + Macro
[2026-08-03 21:00:05] [INFO] ▶ Kích hoạt: Giá H1 + Macro
[2026-08-03 21:00:32] [INFO] ✅ Giá H1 + Macro hoàn thành (attempt 1)
[2026-08-03 21:00:32] [Sync] Bắt đầu đẩy dữ liệu lên Github (Kích hoạt bởi: Giá H1 + Macro)...
[2026-08-03 21:00:36] [INFO] ✅ Giá H1 + Macro hoàn thành (attempt 1)
[2026-08-03 21:00:36] [Sync] Bắt đầu đẩy dữ liệu lên Github (Kích hoạt bởi: Giá H1 + Macro)...
[2026-08-03 21:00:36] [Sync] ✅ Đồng bộ Github thành công (Giá H1 + Macro)!
[2026-08-03 21:00:36] [INFO] ▶ Kích hoạt: Giá H4
[2026-08-03 21:00:39] [Sync] ✅ Đồng bộ Github thành công (Giá H1 + Macro)!
[2026-08-03 21:00:39] [INFO] ▶ Kích hoạt: Giá H4
[2026-08-03 21:00:45] [INFO] ✅ Giá H4 hoàn thành (attempt 1)
[2026-08-03 21:00:45] [Sync] Bắt đầu đẩy dữ liệu lên Github (Kích hoạt bởi: Giá H4)...
[2026-08-03 21:00:49] [INFO] ✅ Giá H4 hoàn thành (attempt 1)
[2026-08-03 21:00:49] [Sync] Bắt đầu đẩy dữ liệu lên Github (Kích hoạt bởi: Giá H4)...
[2026-08-03 21:00:50] [Sync] ✅ Đồng bộ Github thành công (Giá H4)!
[2026-08-03 21:00:50] [INFO] ▶ Kích hoạt: Vĩ Mô (Macro)
[2026-08-03 21:00:53] [Sync] ✅ Đồng bộ Github thành công (Giá H4)!
[2026-08-03 21:00:53] [INFO] ▶ Kích hoạt: Vĩ Mô (Macro)
[2026-08-03 21:00:54] [INFO] ✅ Vĩ Mô (Macro) hoàn thành (attempt 1)
[2026-08-03 21:00:54] [Sync] Bắt đầu đẩy dữ liệu lên Github (Kích hoạt bởi: Vĩ Mô (Macro))...
[2026-08-03 21:00:56] [INFO] ✅ Vĩ Mô (Macro) hoàn thành (attempt 1)
[2026-08-03 21:00:56] [Sync] Bắt đầu đẩy dữ liệu lên Github (Kích hoạt bởi: Vĩ Mô (Macro))...
[2026-08-03 21:00:58] [Sync] ✅ Đồng bộ Github thành công (Vĩ Mô (Macro))!
[2026-08-03 21:00:58] [INFO] Đang quét tín hiệu Telegram Alarm (SMC)...
[2026-08-03 21:00:59] [Sync] ✅ Đồng bộ Github thành công (Vĩ Mô (Macro))!
[2026-08-03 21:00:59] [INFO] Đang quét tín hiệu Telegram Alarm (SMC)...
[2026-08-03 21:01:00] [INFO] Đang phân tích AI tự động...
[2026-08-03 21:01:00] [INFO] Đang phân tích AI tự động...
[2026-08-03 21:01:05] [INFO] Đang chạy cập nhật Hồ sơ mã (run_pro_plus) và tạo Dashboard (gen_dashboard)...
[2026-08-03 21:01:06] [INFO] Đang chạy cập nhật Hồ sơ mã (run_pro_plus) và tạo Dashboard (gen_dashboard)...
[2026-08-03 21:01:11] [Sync] Bắt đầu đẩy dữ liệu lên Github (Kích hoạt bởi: Cập nhật Phân tích & Giao diện (H1))...
[2026-08-03 21:01:12] [Sync] Bắt đầu đẩy dữ liệu lên Github (Kích hoạt bởi: Cập nhật Phân tích & Giao diện (H1))...
[2026-08-03 21:01:16] [Sync] ✅ Đồng bộ Github thành công (Cập nhật Phân tích & Giao diện (H1))!
[2026-08-03 21:01:16] [INFO] ⏰ Đợi Giá H1: còn 0.98h (03/08 22:00:05 VN)
[2026-08-03 21:01:16] [Sync] ⚠️ Lỗi Github Push: b07806771d6ef9 but expected 3d1c26aa361560bf4ec328966bd6d5f7b2e2460e)
error: failed to push some refs to 'https://github.com/Thang-Cbot/dashboard.git'
[2026-08-03 21:01:16] [INFO] ⏰ Đợi Giá H1: còn 0.98h (03/08 22:00:05 VN)
[2026-08-03 22:00:02] [INFO] ▶ Kích hoạt: USDA Crop Progress
[2026-08-03 22:00:05] [INFO] ▶ Kích hoạt: Giá H1 + Macro
[2026-08-03 22:00:05] [INFO] ▶ Kích hoạt: Giá H1 + Macro
[2026-08-03 22:00:20] [INFO] ✅ USDA Crop Progress hoàn thành (attempt 1)
[2026-08-03 22:00:20] [Sync] Bắt đầu đẩy dữ liệu lên Github (Kích hoạt bởi: USDA Crop Progress)...
[2026-08-03 22:00:25] [Sync] ✅ Đồng bộ Github thành công (USDA Crop Progress)!
[2026-08-03 22:00:25] [INFO] ⏰ Đợi Crop Progress: còn 167.99h (10/08 22:00:02 VN)
[2026-08-03 22:00:25] [INFO] ✅ Giá H1 + Macro hoàn thành (attempt 1)
[2026-08-03 22:00:25] [INFO] ✅ Giá H1 + Macro hoàn thành (attempt 1)
[2026-08-03 22:00:25] [Sync] Bắt đầu đẩy dữ liệu lên Github (Kích hoạt bởi: Giá H1 + Macro)...
[2026-08-03 22:00:25] [Sync] Bắt đầu đẩy dữ liệu lên Github (Kích hoạt bởi: Giá H1 + Macro)...
[2026-08-03 22:00:28] [Sync] ✅ Đồng bộ Github thành công (Giá H1 + Macro)!
[2026-08-03 22:00:28] [INFO] ▶ Kích hoạt: Giá H4
[2026-08-03 22:00:30] [Sync] ✅ Đồng bộ Github thành công (Giá H1 + Macro)!
[2026-08-03 22:00:30] [INFO] ▶ Kích hoạt: Giá H4
[2026-08-03 22:00:34] [INFO] ✅ Giá H4 hoàn thành (attempt 1)
[2026-08-03 22:00:34] [Sync] Bắt đầu đẩy dữ liệu lên Github (Kích hoạt bởi: Giá H4)...
[2026-08-03 22:00:35] [INFO] ✅ Giá H4 hoàn thành (attempt 1)
[2026-08-03 22:00:35] [Sync] Bắt đầu đẩy dữ liệu lên Github (Kích hoạt bởi: Giá H4)...
[2026-08-03 22:00:38] [Sync] ✅ Đồng bộ Github thành công (Giá H4)!
[2026-08-03 22:00:38] [INFO] ▶ Kích hoạt: Vĩ Mô (Macro)
[2026-08-03 22:00:39] [Sync] ⚠️ Lỗi Github Push: b1c8e5578da234 but expected 223dd88686766e48d231f28ecb8965e6990775ea)
error: failed to push some refs to 'https://github.com/Thang-Cbot/dashboard.git'
[2026-08-03 22:00:39] [INFO] ▶ Kích hoạt: Vĩ Mô (Macro)
[2026-08-03 22:00:41] [INFO] ✅ Vĩ Mô (Macro) hoàn thành (attempt 1)
[2026-08-03 22:00:41] [Sync] Bắt đầu đẩy dữ liệu lên Github (Kích hoạt bởi: Vĩ Mô (Macro))...
[2026-08-03 22:00:42] [INFO] ✅ Vĩ Mô (Macro) hoàn thành (attempt 1)
[2026-08-03 22:00:42] [Sync] Bắt đầu đẩy dữ liệu lên Github (Kích hoạt bởi: Vĩ Mô (Macro))...
[2026-08-03 22:00:46] [Sync] ✅ Đồng bộ Github thành công (Vĩ Mô (Macro))!
[2026-08-03 22:00:46] [INFO] Đang quét tín hiệu Telegram Alarm (SMC)...
[2026-08-03 22:00:46] [Sync] ⚠️ Lỗi Github Push: fb694c5161827d but expected f9bdd64dc13a58bc70cbba1736b1c8e5578da234)
error: failed to push some refs to 'https://github.com/Thang-Cbot/dashboard.git'
[2026-08-03 22:00:46] [INFO] Đang quét tín hiệu Telegram Alarm (SMC)...
[2026-08-03 22:00:48] [INFO] Đang phân tích AI tự động...
[2026-08-03 22:00:48] [INFO] Đang phân tích AI tự động...
[2026-08-03 22:00:57] [INFO] Đang chạy cập nhật Hồ sơ mã (run_pro_plus) và tạo Dashboard (gen_dashboard)...
[2026-08-03 22:01:02] [INFO] Đang chạy cập nhật Hồ sơ mã (run_pro_plus) và tạo Dashboard (gen_dashboard)...
[2026-08-03 22:01:03] [Sync] Bắt đầu đẩy dữ liệu lên Github (Kích hoạt bởi: Cập nhật Phân tích & Giao diện (H1))...
[2026-08-03 22:01:08] [Sync] ✅ Đồng bộ Github thành công (Cập nhật Phân tích & Giao diện (H1))!
[2026-08-03 22:01:08] [INFO] ⏰ Đợi Giá H1: còn 0.98h (03/08 23:00:05 VN)
[2026-08-03 22:01:09] [Sync] Bắt đầu đẩy dữ liệu lên Github (Kích hoạt bởi: Cập nhật Phân tích & Giao diện (H1))...
[2026-08-03 22:01:14] [Sync] ✅ Đồng bộ Github thành công (Cập nhật Phân tích & Giao diện (H1))!
[2026-08-03 22:01:14] [INFO] ⏰ Đợi Giá H1: còn 0.98h (03/08 23:00:05 VN)
[2026-08-04 06:36:47] [INFO] ▶ Kích hoạt: Giá H1 + Macro
[2026-08-04 06:37:20] [INFO] ✅ Giá H1 + Macro hoàn thành (attempt 1)
[2026-08-04 06:37:20] [Sync] Bắt đầu đẩy dữ liệu lên Github (Kích hoạt bởi: Giá H1 + Macro)...
[2026-08-04 06:37:22] [INFO] ✅ Giá H1 + Macro hoàn thành (attempt 1)
[2026-08-04 06:37:23] [Sync] Bắt đầu đẩy dữ liệu lên Github (Kích hoạt bởi: Giá H1 + Macro)...
[2026-08-04 06:37:25] [Sync] ✅ Đồng bộ Github thành công (Giá H1 + Macro)!
[2026-08-04 06:37:25] [INFO] ▶ Kích hoạt: Giá H4
[2026-08-04 06:37:26] [Sync] ⚠️ Lỗi Github Push: 70bf831bf21fc4 but expected 91737aad3fe8605bff7a85f5819a723e8031c32d)
error: failed to push some refs to 'https://github.com/Thang-Cbot/dashboard.git'
[2026-08-04 06:37:26] [INFO] ▶ Kích hoạt: Giá H4
[2026-08-04 06:37:32] [INFO] ✅ Giá H4 hoàn thành (attempt 1)
[2026-08-04 06:37:32] [Sync] Bắt đầu đẩy dữ liệu lên Github (Kích hoạt bởi: Giá H4)...
[2026-08-04 06:37:32] [INFO] ✅ Giá H4 hoàn thành (attempt 1)
[2026-08-04 06:37:32] [Sync] Bắt đầu đẩy dữ liệu lên Github (Kích hoạt bởi: Giá H4)...
[2026-08-04 06:37:36] [Sync] ✅ Đồng bộ Github thành công (Giá H4)!
[2026-08-04 06:37:36] [INFO] ▶ Kích hoạt: Vĩ Mô (Macro)
[2026-08-04 06:37:36] [Sync] ⚠️ Lỗi Github Push: fa381c19e4ad45 but expected a729c0578540f4999f5b3ecf1270bf831bf21fc4)
error: failed to push some refs to 'https://github.com/Thang-Cbot/dashboard.git'
[2026-08-04 06:37:36] [INFO] ▶ Kích hoạt: Vĩ Mô (Macro)
[2026-08-04 06:37:40] [INFO] ✅ Vĩ Mô (Macro) hoàn thành (attempt 1)
[2026-08-04 06:37:40] [INFO] ✅ Vĩ Mô (Macro) hoàn thành (attempt 1)
[2026-08-04 06:37:40] [Sync] Bắt đầu đẩy dữ liệu lên Github (Kích hoạt bởi: Vĩ Mô (Macro))...
[2026-08-04 06:37:40] [Sync] Bắt đầu đẩy dữ liệu lên Github (Kích hoạt bởi: Vĩ Mô (Macro))...
[2026-08-04 06:37:44] [Sync] ✅ Đồng bộ Github thành công (Vĩ Mô (Macro))!
[2026-08-04 06:37:44] [INFO] Đang quét tín hiệu Telegram Alarm (SMC)...
[2026-08-04 06:37:44] [Sync] ⚠️ Lỗi Github Push: 5021b0e3a46d20 but expected 097cff4380f80503a95c8f29eafa381c19e4ad45)
error: failed to push some refs to 'https://github.com/Thang-Cbot/dashboard.git'
[2026-08-04 06:37:44] [INFO] Đang quét tín hiệu Telegram Alarm (SMC)...
[2026-08-04 06:37:54] [INFO] Đang phân tích AI tự động...
[2026-08-04 06:37:54] [INFO] Đang phân tích AI tự động...
[2026-08-04 06:38:14] [INFO] Đang chạy cập nhật Hồ sơ mã (run_pro_plus) và tạo Dashboard (gen_dashboard)...
[2026-08-04 06:38:18] [INFO] Đang chạy cập nhật Hồ sơ mã (run_pro_plus) và tạo Dashboard (gen_dashboard)...
[2026-08-04 06:38:24] [Sync] Bắt đầu đẩy dữ liệu lên Github (Kích hoạt bởi: Cập nhật Phân tích & Giao diện (H1))...
[2026-08-04 06:38:27] [Sync] Bắt đầu đẩy dữ liệu lên Github (Kích hoạt bởi: Cập nhật Phân tích & Giao diện (H1))...
[2026-08-04 06:38:28] [Sync] ✅ Đồng bộ Github thành công (Cập nhật Phân tích & Giao diện (H1))!
[2026-08-04 06:38:28] [INFO] ⏰ Đợi Giá H1: còn 0.36h (04/08 07:00:05 VN)
[2026-08-04 06:38:29] [Sync] ✅ Đồng bộ Github thành công (Cập nhật Phân tích & Giao diện (H1))!
[2026-08-04 06:38:29] [INFO] ⏰ Đợi Giá H1: còn 0.36h (04/08 07:00:05 VN)
[2026-08-04 07:00:05] [INFO] ▶ Kích hoạt: Giá H1 + Macro
[2026-08-04 07:00:19] [INFO] ✅ Giá H1 + Macro hoàn thành (attempt 1)
[2026-08-04 07:00:19] [Sync] Bắt đầu đẩy dữ liệu lên Github (Kích hoạt bởi: Giá H1 + Macro)...
[2026-08-04 07:00:20] [INFO] ✅ Giá H1 + Macro hoàn thành (attempt 1)
[2026-08-04 07:00:20] [Sync] Bắt đầu đẩy dữ liệu lên Github (Kích hoạt bởi: Giá H1 + Macro)...
[2026-08-04 07:00:23] [Sync] ✅ Đồng bộ Github thành công (Giá H1 + Macro)!
[2026-08-04 07:00:23] [INFO] ▶ Kích hoạt: Giá H4
[2026-08-04 07:00:23] [Sync] ⚠️ Lỗi Github Push: 7e928b977533db but expected 3ee964769d51079d2ad5abd5cad52c7e310294c0)
error: failed to push some refs to 'https://github.com/Thang-Cbot/dashboard.git'
[2026-08-04 07:00:23] [INFO] ▶ Kích hoạt: Giá H4
[2026-08-04 07:00:29] [INFO] ✅ Giá H4 hoàn thành (attempt 1)
[2026-08-04 07:00:29] [Sync] Bắt đầu đẩy dữ liệu lên Github (Kích hoạt bởi: Giá H4)...
[2026-08-04 07:00:31] [INFO] ✅ Giá H4 hoàn thành (attempt 1)
[2026-08-04 07:00:31] [Sync] Bắt đầu đẩy dữ liệu lên Github (Kích hoạt bởi: Giá H4)...
[2026-08-04 07:00:32] [Sync] ✅ Đồng bộ Github thành công (Giá H4)!
[2026-08-04 07:00:32] [INFO] ▶ Kích hoạt: Vĩ Mô (Macro)
[2026-08-04 07:00:35] [Sync] ✅ Đồng bộ Github thành công (Giá H4)!
[2026-08-04 07:00:35] [INFO] ▶ Kích hoạt: Vĩ Mô (Macro)
[2026-08-04 07:00:35] [INFO] ✅ Vĩ Mô (Macro) hoàn thành (attempt 1)
[2026-08-04 07:00:35] [Sync] Bắt đầu đẩy dữ liệu lên Github (Kích hoạt bởi: Vĩ Mô (Macro))...
[2026-08-04 07:00:37] [INFO] ✅ Vĩ Mô (Macro) hoàn thành (attempt 1)
[2026-08-04 07:00:37] [Sync] Bắt đầu đẩy dữ liệu lên Github (Kích hoạt bởi: Vĩ Mô (Macro))...
[2026-08-04 07:00:40] [Sync] ✅ Đồng bộ Github thành công (Vĩ Mô (Macro))!
[2026-08-04 07:00:40] [INFO] Đang quét tín hiệu Telegram Alarm (SMC)...
[2026-08-04 07:00:41] [Sync] ⚠️ Lỗi Github Push: 6f453c51999a39 but expected 5c0da4ea691d816c8ad395b9720f3a5d35afee51)
error: failed to push some refs to 'https://github.com/Thang-Cbot/dashboard.git'
[2026-08-04 07:00:41] [INFO] Đang quét tín hiệu Telegram Alarm (SMC)...
[2026-08-04 07:00:41] [INFO] Đang phân tích AI tự động...
[2026-08-04 07:00:42] [INFO] Đang phân tích AI tự động...
[2026-08-04 07:00:45] [INFO] Đang chạy cập nhật Hồ sơ mã (run_pro_plus) và tạo Dashboard (gen_dashboard)...
[2026-08-04 07:00:46] [INFO] Đang chạy cập nhật Hồ sơ mã (run_pro_plus) và tạo Dashboard (gen_dashboard)...
[2026-08-04 07:00:50] [Sync] Bắt đầu đẩy dữ liệu lên Github (Kích hoạt bởi: Cập nhật Phân tích & Giao diện (H1))...
[2026-08-04 07:00:52] [Sync] Bắt đầu đẩy dữ liệu lên Github (Kích hoạt bởi: Cập nhật Phân tích & Giao diện (H1))...
[2026-08-04 07:00:55] [Sync] ✅ Đồng bộ Github thành công (Cập nhật Phân tích & Giao diện (H1))!
[2026-08-04 07:00:55] [INFO] ⏰ Đợi Giá H1: còn 0.99h (04/08 08:00:05 VN)
[2026-08-04 07:00:55] [Sync] ⚠️ Lỗi Github Push: f11a6243ea9617 but expected 0185971af7f4ab668ad0fe47206f453c51999a39)
error: failed to push some refs to 'https://github.com/Thang-Cbot/dashboard.git'
[2026-08-04 07:00:55] [INFO] ⏰ Đợi Giá H1: còn 0.99h (04/08 08:00:05 VN)
[2026-08-04 08:00:05] [INFO] ▶ Kích hoạt: Giá H1 + Macro
[2026-08-04 08:00:21] [INFO] ✅ Giá H1 + Macro hoàn thành (attempt 1)
[2026-08-04 08:00:21] [Sync] Bắt đầu đẩy dữ liệu lên Github (Kích hoạt bởi: Giá H1 + Macro)...
[2026-08-04 08:00:21] [INFO] ✅ Giá H1 + Macro hoàn thành (attempt 1)
[2026-08-04 08:00:21] [Sync] Bắt đầu đẩy dữ liệu lên Github (Kích hoạt bởi: Giá H1 + Macro)...
[2026-08-04 08:00:25] [Sync] ✅ Đồng bộ Github thành công (Giá H1 + Macro)!
[2026-08-04 08:00:25] [INFO] ▶ Kích hoạt: Giá H4
[2026-08-04 08:00:25] [Sync] ⚠️ Lỗi Github Push: 00be6dfd512405 but expected d484e435481d917c42a6bf666df11a6243ea9617)
error: failed to push some refs to 'https://github.com/Thang-Cbot/dashboard.git'
[2026-08-04 08:00:25] [INFO] ▶ Kích hoạt: Giá H4
[2026-08-04 08:00:30] [INFO] ✅ Giá H4 hoàn thành (attempt 1)
[2026-08-04 08:00:30] [Sync] Bắt đầu đẩy dữ liệu lên Github (Kích hoạt bởi: Giá H4)...
[2026-08-04 08:00:31] [INFO] ✅ Giá H4 hoàn thành (attempt 1)
[2026-08-04 08:00:31] [Sync] Bắt đầu đẩy dữ liệu lên Github (Kích hoạt bởi: Giá H4)...
[2026-08-04 08:00:34] [Sync] ✅ Đồng bộ Github thành công (Giá H4)!
[2026-08-04 08:00:34] [INFO] ▶ Kích hoạt: Vĩ Mô (Macro)
[2026-08-04 08:00:34] [Sync] ⚠️ Lỗi Github Push: e6333e7379811f but expected 4af83a3dec085c4786b861f52500be6dfd512405)
error: failed to push some refs to 'https://github.com/Thang-Cbot/dashboard.git'
[2026-08-04 08:00:34] [INFO] ▶ Kích hoạt: Vĩ Mô (Macro)
[2026-08-04 08:00:38] [INFO] ✅ Vĩ Mô (Macro) hoàn thành (attempt 1)
[2026-08-04 08:00:38] [Sync] Bắt đầu đẩy dữ liệu lên Github (Kích hoạt bởi: Vĩ Mô (Macro))...
[2026-08-04 08:00:38] [INFO] ✅ Vĩ Mô (Macro) hoàn thành (attempt 1)
[2026-08-04 08:00:38] [Sync] Bắt đầu đẩy dữ liệu lên Github (Kích hoạt bởi: Vĩ Mô (Macro))...
[2026-08-04 08:00:42] [Sync] ✅ Đồng bộ Github thành công (Vĩ Mô (Macro))!
[2026-08-04 08:00:42] [INFO] Đang quét tín hiệu Telegram Alarm (SMC)...
[2026-08-04 08:00:42] [Sync] ⚠️ Lỗi Github Push: bdba74bc6771bd but expected afb5a26b4859e28d652720f64ce6333e7379811f)
error: failed to push some refs to 'https://github.com/Thang-Cbot/dashboard.git'
[2026-08-04 08:00:42] [INFO] Đang quét tín hiệu Telegram Alarm (SMC)...
[2026-08-04 08:00:43] [INFO] Đang phân tích AI tự động...
[2026-08-04 08:00:43] [INFO] Đang phân tích AI tự động...
[2026-08-04 08:00:58] [INFO] Đang chạy cập nhật Hồ sơ mã (run_pro_plus) và tạo Dashboard (gen_dashboard)...
[2026-08-04 08:00:58] [INFO] Đang chạy cập nhật Hồ sơ mã (run_pro_plus) và tạo Dashboard (gen_dashboard)...
[2026-08-04 08:01:03] [Sync] Bắt đầu đẩy dữ liệu lên Github (Kích hoạt bởi: Cập nhật Phân tích & Giao diện (H1))...
[2026-08-04 08:01:05] [Sync] Bắt đầu đẩy dữ liệu lên Github (Kích hoạt bởi: Cập nhật Phân tích & Giao diện (H1))...
[2026-08-04 08:01:06] [Sync] ✅ Đồng bộ Github thành công (Cập nhật Phân tích & Giao diện (H1))!
[2026-08-04 08:01:06] [INFO] ⏰ Đợi Giá H1: còn 0.98h (04/08 09:00:05 VN)
[2026-08-04 08:01:08] [Sync] ✅ Đồng bộ Github thành công (Cập nhật Phân tích & Giao diện (H1))!
[2026-08-04 08:01:08] [INFO] ⏰ Đợi Giá H1: còn 0.98h (04/08 09:00:05 VN)
[2026-08-04 09:50:49] [INFO] ▶ Kích hoạt: Giá H1 + Macro
[2026-08-04 09:50:49] [INFO] ▶ Kích hoạt: Giá H1 + Macro
[2026-08-04 09:51:14] [INFO] ✅ Giá H1 + Macro hoàn thành (attempt 1)
[2026-08-04 09:51:14] [Sync] Bắt đầu đẩy dữ liệu lên Github (Kích hoạt bởi: Giá H1 + Macro)...
[2026-08-04 09:51:16] [INFO] ✅ Giá H1 + Macro hoàn thành (attempt 1)
[2026-08-04 09:51:16] [Sync] Bắt đầu đẩy dữ liệu lên Github (Kích hoạt bởi: Giá H1 + Macro)...
[2026-08-04 09:51:19] [Sync] ✅ Đồng bộ Github thành công (Giá H1 + Macro)!
[2026-08-04 09:51:19] [INFO] ▶ Kích hoạt: Giá H4
[2026-08-04 09:51:20] [Sync] ⚠️ Lỗi Github Push: a352c58e2a7ca8 but expected 2d9601337a2e8551ccd3af843fb594cf95b6f1b7)
error: failed to push some refs to 'https://github.com/Thang-Cbot/dashboard.git'
[2026-08-04 09:51:20] [INFO] ▶ Kích hoạt: Giá H4
[2026-08-04 09:51:27] [INFO] ✅ Giá H4 hoàn thành (attempt 1)
[2026-08-04 09:51:27] [Sync] Bắt đầu đẩy dữ liệu lên Github (Kích hoạt bởi: Giá H4)...
[2026-08-04 09:51:27] [INFO] ✅ Giá H4 hoàn thành (attempt 1)
[2026-08-04 09:51:27] [Sync] Bắt đầu đẩy dữ liệu lên Github (Kích hoạt bởi: Giá H4)...
[2026-08-04 09:51:31] [Sync] ✅ Đồng bộ Github thành công (Giá H4)!
[2026-08-04 09:51:31] [INFO] ▶ Kích hoạt: Vĩ Mô (Macro)
[2026-08-04 09:51:31] [Sync] ⚠️ Lỗi Github Push: 7fa8ae03c81e16 but expected 1fffbc5b18c24a9ba153d4a4f3a352c58e2a7ca8)
error: failed to push some refs to 'https://github.com/Thang-Cbot/dashboard.git'
[2026-08-04 09:51:31] [INFO] ▶ Kích hoạt: Vĩ Mô (Macro)
[2026-08-04 09:51:35] [INFO] ✅ Vĩ Mô (Macro) hoàn thành (attempt 1)
[2026-08-04 09:51:35] [Sync] Bắt đầu đẩy dữ liệu lên Github (Kích hoạt bởi: Vĩ Mô (Macro))...
[2026-08-04 09:51:36] [INFO] ✅ Vĩ Mô (Macro) hoàn thành (attempt 1)
[2026-08-04 09:51:36] [Sync] Bắt đầu đẩy dữ liệu lên Github (Kích hoạt bởi: Vĩ Mô (Macro))...
[2026-08-04 09:51:38] [Sync] ✅ Đồng bộ Github thành công (Vĩ Mô (Macro))!
[2026-08-04 09:51:38] [INFO] Đang quét tín hiệu Telegram Alarm (SMC)...
[2026-08-04 09:51:39] [Sync] ⚠️ Lỗi Github Push: 705c61241005b4 but expected d348d97a44da5823a738d7e02b7fa8ae03c81e16)
error: failed to push some refs to 'https://github.com/Thang-Cbot/dashboard.git'
[2026-08-04 09:51:39] [INFO] Đang quét tín hiệu Telegram Alarm (SMC)...
[2026-08-04 09:51:40] [INFO] Đang phân tích AI tự động...
[2026-08-04 09:51:40] [INFO] Đang phân tích AI tự động...
[2026-08-04 09:54:47] [INFO] Đang chạy cập nhật Hồ sơ mã (run_pro_plus) và tạo Dashboard (gen_dashboard)...
[2026-08-04 09:54:56] [Sync] Bắt đầu đẩy dữ liệu lên Github (Kích hoạt bởi: Cập nhật Phân tích & Giao diện (H1))...
[2026-08-04 09:54:59] [INFO] Đang chạy cập nhật Hồ sơ mã (run_pro_plus) và tạo Dashboard (gen_dashboard)...
[2026-08-04 09:55:01] [Sync] ✅ Đồng bộ Github thành công (Cập nhật Phân tích & Giao diện (H1))!
[2026-08-04 09:55:01] [INFO] ⏰ Đợi Giá H1: còn 0.08h (04/08 10:00:05 VN)
[2026-08-04 09:55:05] [Sync] Bắt đầu đẩy dữ liệu lên Github (Kích hoạt bởi: Cập nhật Phân tích & Giao diện (H1))...
[2026-08-04 09:55:09] [Sync] ✅ Đồng bộ Github thành công (Cập nhật Phân tích & Giao diện (H1))!
[2026-08-04 09:55:09] [INFO] ⏰ Đợi Giá H1: còn 0.08h (04/08 10:00:05 VN)
[2026-08-04 10:00:05] [INFO] ▶ Kích hoạt: Giá H1 + Macro
[2026-08-04 10:00:05] [INFO] ▶ Kích hoạt: Giá H1 + Macro
[2026-08-04 10:00:20] [INFO] ✅ Giá H1 + Macro hoàn thành (attempt 1)
[2026-08-04 10:00:20] [Sync] Bắt đầu đẩy dữ liệu lên Github (Kích hoạt bởi: Giá H1 + Macro)...
[2026-08-04 10:00:24] [Sync] ✅ Đồng bộ Github thành công (Giá H1 + Macro)!
[2026-08-04 10:00:24] [INFO] ▶ Kích hoạt: Giá H4
[2026-08-04 10:00:24] [INFO] ✅ Giá H1 + Macro hoàn thành (attempt 1)
[2026-08-04 10:00:24] [Sync] Bắt đầu đẩy dữ liệu lên Github (Kích hoạt bởi: Giá H1 + Macro)...
[2026-08-04 10:00:27] [Sync] ✅ Đồng bộ Github thành công (Giá H1 + Macro)!
[2026-08-04 10:00:27] [INFO] ▶ Kích hoạt: Giá H4
[2026-08-04 10:00:31] [INFO] ✅ Giá H4 hoàn thành (attempt 1)
[2026-08-04 10:00:31] [Sync] Bắt đầu đẩy dữ liệu lên Github (Kích hoạt bởi: Giá H4)...
[2026-08-04 10:00:32] [INFO] ✅ Giá H4 hoàn thành (attempt 1)
[2026-08-04 10:00:32] [Sync] Bắt đầu đẩy dữ liệu lên Github (Kích hoạt bởi: Giá H4)...
[2026-08-04 10:00:36] [Sync] ✅ Đồng bộ Github thành công (Giá H4)!
[2026-08-04 10:00:36] [INFO] ▶ Kích hoạt: Vĩ Mô (Macro)
[2026-08-04 10:00:36] [Sync] ⚠️ Lỗi Github Push: 0e24ffedb6efbe but expected 07f51e902566510a964e3adaf1f9dce948c7d258)
error: failed to push some refs to 'https://github.com/Thang-Cbot/dashboard.git'
[2026-08-04 10:00:36] [INFO] ▶ Kích hoạt: Vĩ Mô (Macro)
[2026-08-04 10:00:39] [INFO] ✅ Vĩ Mô (Macro) hoàn thành (attempt 1)
[2026-08-04 10:00:39] [Sync] Bắt đầu đẩy dữ liệu lên Github (Kích hoạt bởi: Vĩ Mô (Macro))...
[2026-08-04 10:00:39] [INFO] ✅ Vĩ Mô (Macro) hoàn thành (attempt 1)
[2026-08-04 10:00:39] [Sync] Bắt đầu đẩy dữ liệu lên Github (Kích hoạt bởi: Vĩ Mô (Macro))...
[2026-08-04 10:00:41] [Sync] ✅ Đồng bộ Github thành công (Vĩ Mô (Macro))!
[2026-08-04 10:00:41] [INFO] Đang quét tín hiệu Telegram Alarm (SMC)...
[2026-08-04 10:00:42] [Sync] ✅ Đồng bộ Github thành công (Vĩ Mô (Macro))!
[2026-08-04 10:00:43] [INFO] Đang quét tín hiệu Telegram Alarm (SMC)...
[2026-08-04 10:00:43] [INFO] Đang phân tích AI tự động...
[2026-08-04 10:00:44] [INFO] Đang phân tích AI tự động...
[2026-08-04 10:00:58] [INFO] Đang chạy cập nhật Hồ sơ mã (run_pro_plus) và tạo Dashboard (gen_dashboard)...
[2026-08-04 10:00:58] [INFO] Đang chạy cập nhật Hồ sơ mã (run_pro_plus) và tạo Dashboard (gen_dashboard)...
[2026-08-04 10:01:04] [Sync] Bắt đầu đẩy dữ liệu lên Github (Kích hoạt bởi: Cập nhật Phân tích & Giao diện (H1))...
[2026-08-04 10:01:05] [Sync] Bắt đầu đẩy dữ liệu lên Github (Kích hoạt bởi: Cập nhật Phân tích & Giao diện (H1))...
[2026-08-04 10:01:09] [Sync] ✅ Đồng bộ Github thành công (Cập nhật Phân tích & Giao diện (H1))!
[2026-08-04 10:01:09] [INFO] ⏰ Đợi Giá H1: còn 0.98h (04/08 11:00:05 VN)
[2026-08-04 10:01:09] [Sync] ⚠️ Lỗi Github Push: f9068afbca3236 but expected 7a5922928b2353a44556638a0114592178bdace0)
error: failed to push some refs to 'https://github.com/Thang-Cbot/dashboard.git'
[2026-08-04 10:01:09] [INFO] ⏰ Đợi Giá H1: còn 0.98h (04/08 11:00:05 VN)
[2026-08-04 11:43:19] [INFO] ▶ Kích hoạt: AI Điểm Tin
[2026-08-04 11:44:02] [INFO] ✅ AI Điểm Tin hoàn thành (attempt 1)
[2026-08-04 11:44:02] [Sync] Bắt đầu đẩy dữ liệu lên Github (Kích hoạt bởi: AI Điểm Tin)...
[2026-08-04 11:44:07] [Sync] ✅ Đồng bộ Github thành công (AI Điểm Tin)!
[2026-08-04 11:44:07] [INFO] ⏰ Đợi AI News: còn 8.27h (04/08 20:00:02 VN)
[2026-08-04 13:02:25] [INFO] ▶ Kích hoạt: Giá H1 + Macro
[2026-08-04 13:02:25] [INFO] ▶ Kích hoạt: Giá H1 + Macro
[2026-08-04 13:02:51] [INFO] ✅ Giá H1 + Macro hoàn thành (attempt 1)
[2026-08-04 13:02:51] [Sync] Bắt đầu đẩy dữ liệu lên Github (Kích hoạt bởi: Giá H1 + Macro)...
[2026-08-04 13:02:54] [INFO] ✅ Giá H1 + Macro hoàn thành (attempt 1)
[2026-08-04 13:02:54] [Sync] Bắt đầu đẩy dữ liệu lên Github (Kích hoạt bởi: Giá H1 + Macro)...
[2026-08-04 13:02:57] [Sync] ✅ Đồng bộ Github thành công (Giá H1 + Macro)!
[2026-08-04 13:02:57] [INFO] ▶ Kích hoạt: Giá H4
[2026-08-04 13:02:57] [Sync] ⚠️ Lỗi Github Push: 9157e9861a0372 but expected c19c03b3a63c7acb2e0e1d2f6a01c86a7ccf188e)
error: failed to push some refs to 'https://github.com/Thang-Cbot/dashboard.git'
[2026-08-04 13:02:57] [INFO] ▶ Kích hoạt: Giá H4
[2026-08-04 13:03:01] [INFO] ✅ Giá H4 hoàn thành (attempt 1)
[2026-08-04 13:03:01] [Sync] Bắt đầu đẩy dữ liệu lên Github (Kích hoạt bởi: Giá H4)...
[2026-08-04 13:03:02] [INFO] ✅ Giá H4 hoàn thành (attempt 1)
[2026-08-04 13:03:02] [Sync] Bắt đầu đẩy dữ liệu lên Github (Kích hoạt bởi: Giá H4)...
[2026-08-04 13:03:05] [Sync] ✅ Đồng bộ Github thành công (Giá H4)!
[2026-08-04 13:03:05] [INFO] ▶ Kích hoạt: Vĩ Mô (Macro)
[2026-08-04 13:03:05] [Sync] ⚠️ Lỗi Github Push: 6a6f58683b5095 but expected 82f2a4e7465a488b9562f2494c9157e9861a0372)
error: failed to push some refs to 'https://github.com/Thang-Cbot/dashboard.git'
[2026-08-04 13:03:05] [INFO] ▶ Kích hoạt: Vĩ Mô (Macro)
[2026-08-04 13:03:07] [INFO] ✅ Vĩ Mô (Macro) hoàn thành (attempt 1)
[2026-08-04 13:03:07] [Sync] Bắt đầu đẩy dữ liệu lên Github (Kích hoạt bởi: Vĩ Mô (Macro))...
[2026-08-04 13:03:08] [INFO] ✅ Vĩ Mô (Macro) hoàn thành (attempt 1)
[2026-08-04 13:03:08] [Sync] Bắt đầu đẩy dữ liệu lên Github (Kích hoạt bởi: Vĩ Mô (Macro))...
[2026-08-04 13:03:12] [Sync] ✅ Đồng bộ Github thành công (Vĩ Mô (Macro))!
[2026-08-04 13:03:12] [INFO] Đang quét tín hiệu Telegram Alarm (SMC)...
[2026-08-04 13:03:12] [Sync] ⚠️ Lỗi Github Push: b223f457b18e8f but expected dfa6b66c52f14ef1a9024e883c6a6f58683b5095)
error: failed to push some refs to 'https://github.com/Thang-Cbot/dashboard.git'
[2026-08-04 13:03:12] [INFO] Đang quét tín hiệu Telegram Alarm (SMC)...
[2026-08-04 13:03:20] [INFO] Đang phân tích AI tự động...
[2026-08-04 13:03:20] [INFO] Đang phân tích AI tự động...
[2026-08-04 13:03:30] [INFO] Đang chạy cập nhật Hồ sơ mã (run_pro_plus) và tạo Dashboard (gen_dashboard)...
[2026-08-04 13:03:32] [INFO] Đang chạy cập nhật Hồ sơ mã (run_pro_plus) và tạo Dashboard (gen_dashboard)...
[2026-08-04 13:03:36] [Sync] Bắt đầu đẩy dữ liệu lên Github (Kích hoạt bởi: Cập nhật Phân tích & Giao diện (H1))...
[2026-08-04 13:03:38] [Sync] Bắt đầu đẩy dữ liệu lên Github (Kích hoạt bởi: Cập nhật Phân tích & Giao diện (H1))...
[2026-08-04 13:03:39] [Sync] ✅ Đồng bộ Github thành công (Cập nhật Phân tích & Giao diện (H1))!
[2026-08-04 13:03:39] [INFO] ⏰ Đợi Giá H1: còn 0.94h (04/08 14:00:05 VN)
[2026-08-04 13:03:40] [Sync] ✅ Đồng bộ Github thành công (Cập nhật Phân tích & Giao diện (H1))!
[2026-08-04 13:03:40] [INFO] ⏰ Đợi Giá H1: còn 0.94h (04/08 14:00:05 VN)
[2026-08-04 15:06:47] [INFO] ▶ Kích hoạt: Giá H1 + Macro
[2026-08-04 15:06:47] [INFO] ▶ Kích hoạt: Giá H1 + Macro
[2026-08-04 15:07:16] [INFO] ✅ Giá H1 + Macro hoàn thành (attempt 1)
[2026-08-04 15:07:16] [Sync] Bắt đầu đẩy dữ liệu lên Github (Kích hoạt bởi: Giá H1 + Macro)...
[2026-08-04 15:07:21] [INFO] ✅ Giá H1 + Macro hoàn thành (attempt 1)
[2026-08-04 15:07:21] [Sync] Bắt đầu đẩy dữ liệu lên Github (Kích hoạt bởi: Giá H1 + Macro)...
[2026-08-04 15:07:21] [Sync] ✅ Đồng bộ Github thành công (Giá H1 + Macro)!
[2026-08-04 15:07:21] [INFO] ▶ Kích hoạt: Giá H4
[2026-08-04 15:07:25] [Sync] ✅ Đồng bộ Github thành công (Giá H1 + Macro)!
[2026-08-04 15:07:25] [INFO] ▶ Kích hoạt: Giá H4
[2026-08-04 15:07:27] [INFO] ✅ Giá H4 hoàn thành (attempt 1)
[2026-08-04 15:07:27] [Sync] Bắt đầu đẩy dữ liệu lên Github (Kích hoạt bởi: Giá H4)...
[2026-08-04 15:07:30] [Sync] ✅ Đồng bộ Github thành công (Giá H4)!
[2026-08-04 15:07:30] [INFO] ▶ Kích hoạt: Vĩ Mô (Macro)
[2026-08-04 15:07:31] [INFO] ✅ Giá H4 hoàn thành (attempt 1)
[2026-08-04 15:07:31] [Sync] Bắt đầu đẩy dữ liệu lên Github (Kích hoạt bởi: Giá H4)...
[2026-08-04 15:07:33] [INFO] ✅ Vĩ Mô (Macro) hoàn thành (attempt 1)
[2026-08-04 15:07:33] [Sync] Bắt đầu đẩy dữ liệu lên Github (Kích hoạt bởi: Vĩ Mô (Macro))...
[2026-08-04 15:07:34] [Sync] ✅ Đồng bộ Github thành công (Giá H4)!
[2026-08-04 15:07:34] [INFO] ▶ Kích hoạt: Vĩ Mô (Macro)
[2026-08-04 15:07:35] [Sync] ✅ Đồng bộ Github thành công (Vĩ Mô (Macro))!
[2026-08-04 15:07:35] [INFO] Đang quét tín hiệu Telegram Alarm (SMC)...
[2026-08-04 15:07:37] [INFO] ✅ Vĩ Mô (Macro) hoàn thành (attempt 1)
[2026-08-04 15:07:37] [Sync] Bắt đầu đẩy dữ liệu lên Github (Kích hoạt bởi: Vĩ Mô (Macro))...
[2026-08-04 15:07:41] [Sync] ✅ Đồng bộ Github thành công (Vĩ Mô (Macro))!
[2026-08-04 15:07:41] [INFO] Đang quét tín hiệu Telegram Alarm (SMC)...
[2026-08-04 15:07:42] [INFO] Đang phân tích AI tự động...
[2026-08-04 15:07:42] [INFO] Đang phân tích AI tự động...
[2026-08-04 15:08:00] [INFO] Đang chạy cập nhật Hồ sơ mã (run_pro_plus) và tạo Dashboard (gen_dashboard)...
[2026-08-04 15:08:02] [INFO] Đang chạy cập nhật Hồ sơ mã (run_pro_plus) và tạo Dashboard (gen_dashboard)...
[2026-08-04 15:08:08] [Sync] Bắt đầu đẩy dữ liệu lên Github (Kích hoạt bởi: Cập nhật Phân tích & Giao diện (H1))...
[2026-08-04 15:08:09] [Sync] Bắt đầu đẩy dữ liệu lên Github (Kích hoạt bởi: Cập nhật Phân tích & Giao diện (H1))...
[2026-08-04 15:08:12] [Sync] ✅ Đồng bộ Github thành công (Cập nhật Phân tích & Giao diện (H1))!
[2026-08-04 15:08:12] [INFO] ⏰ Đợi Giá H1: còn 0.86h (04/08 16:00:05 VN)
[2026-08-04 15:08:12] [Sync] ⚠️ Lỗi Github Push: ab4485f463e2d0 but expected 72c32c0c7a31fb9eaa76d3d418a4b191bbcab632)
error: failed to push some refs to 'https://github.com/Thang-Cbot/dashboard.git'
[2026-08-04 15:08:12] [INFO] ⏰ Đợi Giá H1: còn 0.86h (04/08 16:00:05 VN)
[2026-08-04 15:45:43] [INFO] ▶ Kích hoạt: USDA Crop Progress
[2026-08-04 15:45:59] [INFO] ✅ USDA Crop Progress hoàn thành (attempt 1)
[2026-08-04 15:45:59] [Sync] Bắt đầu đẩy dữ liệu lên Github (Kích hoạt bởi: USDA Crop Progress)...
[2026-08-04 15:46:04] [Sync] ✅ Đồng bộ Github thành công (USDA Crop Progress)!
[2026-08-04 15:46:04] [INFO] ⏰ Đợi Crop Progress: còn 150.23h (10/08 22:00:02 VN)
[2026-08-04 16:46:24] [INFO] ▶ Kích hoạt: Giá H1 + Macro
[2026-08-04 16:46:24] [INFO] ▶ Kích hoạt: Giá H1 + Macro
[2026-08-04 16:46:44] [INFO] ✅ Giá H1 + Macro hoàn thành (attempt 1)
[2026-08-04 16:46:44] [Sync] Bắt đầu đẩy dữ liệu lên Github (Kích hoạt bởi: Giá H1 + Macro)...
[2026-08-04 16:46:48] [Sync] ✅ Đồng bộ Github thành công (Giá H1 + Macro)!
[2026-08-04 16:46:48] [INFO] ▶ Kích hoạt: Giá H4
[2026-08-04 16:46:52] [INFO] ✅ Giá H1 + Macro hoàn thành (attempt 1)
[2026-08-04 16:46:52] [Sync] Bắt đầu đẩy dữ liệu lên Github (Kích hoạt bởi: Giá H1 + Macro)...
[2026-08-04 16:46:54] [INFO] ✅ Giá H4 hoàn thành (attempt 1)
[2026-08-04 16:46:54] [Sync] Bắt đầu đẩy dữ liệu lên Github (Kích hoạt bởi: Giá H4)...
[2026-08-04 16:46:56] [Sync] ✅ Đồng bộ Github thành công (Giá H1 + Macro)!
[2026-08-04 16:46:56] [INFO] ▶ Kích hoạt: Giá H4
[2026-08-04 16:46:56] [Sync] ✅ Đồng bộ Github thành công (Giá H4)!
[2026-08-04 16:46:56] [INFO] ▶ Kích hoạt: Vĩ Mô (Macro)
[2026-08-04 16:47:00] [INFO] ✅ Vĩ Mô (Macro) hoàn thành (attempt 1)
[2026-08-04 16:47:00] [Sync] Bắt đầu đẩy dữ liệu lên Github (Kích hoạt bởi: Vĩ Mô (Macro))...
[2026-08-04 16:47:01] [INFO] ✅ Giá H4 hoàn thành (attempt 1)
[2026-08-04 16:47:01] [Sync] Bắt đầu đẩy dữ liệu lên Github (Kích hoạt bởi: Giá H4)...
[2026-08-04 16:47:04] [Sync] ✅ Đồng bộ Github thành công (Vĩ Mô (Macro))!
[2026-08-04 16:47:04] [INFO] Đang quét tín hiệu Telegram Alarm (SMC)...
[2026-08-04 16:47:04] [Sync] ⚠️ Lỗi Github Push: a4406fe5f78411 but expected 668ab7c052998f425b8bf7b16fc6bdeeeabdcd73)
error: failed to push some refs to 'https://github.com/Thang-Cbot/dashboard.git'
[2026-08-04 16:47:04] [INFO] ▶ Kích hoạt: Vĩ Mô (Macro)
[2026-08-04 16:47:07] [INFO] Đang phân tích AI tự động...
[2026-08-04 16:47:07] [INFO] ✅ Vĩ Mô (Macro) hoàn thành (attempt 1)
[2026-08-04 16:47:07] [Sync] Bắt đầu đẩy dữ liệu lên Github (Kích hoạt bởi: Vĩ Mô (Macro))...
[2026-08-04 16:47:12] [Sync] ✅ Đồng bộ Github thành công (Vĩ Mô (Macro))!
[2026-08-04 16:47:12] [INFO] Đang quét tín hiệu Telegram Alarm (SMC)...
[2026-08-04 16:47:13] [INFO] Đang phân tích AI tự động...
[2026-08-04 16:47:26] [INFO] Đang chạy cập nhật Hồ sơ mã (run_pro_plus) và tạo Dashboard (gen_dashboard)...
[2026-08-04 16:47:29] [INFO] Đang chạy cập nhật Hồ sơ mã (run_pro_plus) và tạo Dashboard (gen_dashboard)...
[2026-08-04 16:47:32] [Sync] Bắt đầu đẩy dữ liệu lên Github (Kích hoạt bởi: Cập nhật Phân tích & Giao diện (H1))...
[2026-08-04 16:47:34] [Sync] Bắt đầu đẩy dữ liệu lên Github (Kích hoạt bởi: Cập nhật Phân tích & Giao diện (H1))...
[2026-08-04 16:47:37] [Sync] ✅ Đồng bộ Github thành công (Cập nhật Phân tích & Giao diện (H1))!
[2026-08-04 16:47:37] [INFO] ⏰ Đợi Giá H1: còn 0.21h (04/08 17:00:05 VN)
[2026-08-04 16:47:37] [Sync] ⚠️ Lỗi Github Push: 2e107c76d99594 but expected 6d4062340202f9f98635392c0556abeb87be4012)
error: failed to push some refs to 'https://github.com/Thang-Cbot/dashboard.git'
[2026-08-04 16:47:37] [INFO] ⏰ Đợi Giá H1: còn 0.21h (04/08 17:00:05 VN)
[2026-08-04 17:40:29] [INFO] ▶ Kích hoạt: Giá H1 + Macro
[2026-08-04 17:40:47] [INFO] ✅ Giá H1 + Macro hoàn thành (attempt 1)
[2026-08-04 17:40:47] [Sync] Bắt đầu đẩy dữ liệu lên Github (Kích hoạt bởi: Giá H1 + Macro)...
[2026-08-04 17:40:50] [INFO] ✅ Giá H1 + Macro hoàn thành (attempt 1)
[2026-08-04 17:40:50] [Sync] Bắt đầu đẩy dữ liệu lên Github (Kích hoạt bởi: Giá H1 + Macro)...
[2026-08-04 17:40:53] [Sync] ✅ Đồng bộ Github thành công (Giá H1 + Macro)!
[2026-08-04 17:40:53] [INFO] ▶ Kích hoạt: Giá H4
[2026-08-04 17:40:54] [Sync] ⚠️ Lỗi Github Push: 7998ed4ae26684 but expected a89d5dec96820b124a6af2d3632e107c76d99594)
error: failed to push some refs to 'https://github.com/Thang-Cbot/dashboard.git'
[2026-08-04 17:40:54] [INFO] ▶ Kích hoạt: Giá H4
[2026-08-04 17:40:56] [INFO] ✅ Giá H4 hoàn thành (attempt 1)
[2026-08-04 17:40:56] [Sync] Bắt đầu đẩy dữ liệu lên Github (Kích hoạt bởi: Giá H4)...
[2026-08-04 17:40:58] [INFO] ✅ Giá H4 hoàn thành (attempt 1)
[2026-08-04 17:40:58] [Sync] Bắt đầu đẩy dữ liệu lên Github (Kích hoạt bởi: Giá H4)...
[2026-08-04 17:40:59] [Sync] ✅ Đồng bộ Github thành công (Giá H4)!
[2026-08-04 17:41:00] [INFO] ▶ Kích hoạt: Vĩ Mô (Macro)
[2026-08-04 17:41:01] [Sync] ⚠️ Lỗi Github Push: 8cfc479cef7965 but expected bd87cc9a360ddd0dd191fb7ba57998ed4ae26684)
error: failed to push some refs to 'https://github.com/Thang-Cbot/dashboard.git'
[2026-08-04 17:41:01] [INFO] ▶ Kích hoạt: Vĩ Mô (Macro)
[2026-08-04 17:41:03] [INFO] ✅ Vĩ Mô (Macro) hoàn thành (attempt 1)
[2026-08-04 17:41:03] [Sync] Bắt đầu đẩy dữ liệu lên Github (Kích hoạt bởi: Vĩ Mô (Macro))...
[2026-08-04 17:41:03] [INFO] ✅ Vĩ Mô (Macro) hoàn thành (attempt 1)
[2026-08-04 17:41:03] [Sync] Bắt đầu đẩy dữ liệu lên Github (Kích hoạt bởi: Vĩ Mô (Macro))...
[2026-08-04 17:41:06] [Sync] ✅ Đồng bộ Github thành công (Vĩ Mô (Macro))!
[2026-08-04 17:41:06] [INFO] Đang quét tín hiệu Telegram Alarm (SMC)...
[2026-08-04 17:41:07] [Sync] ✅ Đồng bộ Github thành công (Vĩ Mô (Macro))!
[2026-08-04 17:41:07] [INFO] Đang quét tín hiệu Telegram Alarm (SMC)...
[2026-08-04 17:41:08] [INFO] Đang phân tích AI tự động...
[2026-08-04 17:41:08] [INFO] Đang phân tích AI tự động...
[2026-08-04 17:41:23] [INFO] Đang chạy cập nhật Hồ sơ mã (run_pro_plus) và tạo Dashboard (gen_dashboard)...
[2026-08-04 17:41:25] [INFO] Đang chạy cập nhật Hồ sơ mã (run_pro_plus) và tạo Dashboard (gen_dashboard)...
[2026-08-04 17:41:29] [Sync] Bắt đầu đẩy dữ liệu lên Github (Kích hoạt bởi: Cập nhật Phân tích & Giao diện (H1))...
[2026-08-04 17:41:31] [Sync] Bắt đầu đẩy dữ liệu lên Github (Kích hoạt bởi: Cập nhật Phân tích & Giao diện (H1))...
[2026-08-04 17:41:33] [Sync] ✅ Đồng bộ Github thành công (Cập nhật Phân tích & Giao diện (H1))!
[2026-08-04 17:41:33] [INFO] ⏰ Đợi Giá H1: còn 0.31h (04/08 18:00:05 VN)
[2026-08-04 17:41:33] [Sync] ✅ Đồng bộ Github thành công (Cập nhật Phân tích & Giao diện (H1))!
[2026-08-04 17:41:33] [INFO] ⏰ Đợi Giá H1: còn 0.31h (04/08 18:00:05 VN)
[2026-08-04 18:00:05] [INFO] ▶ Kích hoạt: Giá H1 + Macro
[2026-08-04 18:00:24] [INFO] ✅ Giá H1 + Macro hoàn thành (attempt 1)
[2026-08-04 18:00:24] [Sync] Bắt đầu đẩy dữ liệu lên Github (Kích hoạt bởi: Giá H1 + Macro)...
[2026-08-04 18:00:26] [INFO] ✅ Giá H1 + Macro hoàn thành (attempt 1)
[2026-08-04 18:00:26] [Sync] Bắt đầu đẩy dữ liệu lên Github (Kích hoạt bởi: Giá H1 + Macro)...
[2026-08-04 18:00:28] [Sync] ✅ Đồng bộ Github thành công (Giá H1 + Macro)!
[2026-08-04 18:00:28] [INFO] ▶ Kích hoạt: Giá H4
[2026-08-04 18:00:30] [Sync] ⚠️ Lỗi Github Push: c28af3bae69462 but expected 2cd111a44736cf83635ca458d82ef99836b73bce)
error: failed to push some refs to 'https://github.com/Thang-Cbot/dashboard.git'
[2026-08-04 18:00:30] [INFO] ▶ Kích hoạt: Giá H4
[2026-08-04 18:00:34] [INFO] ✅ Giá H4 hoàn thành (attempt 1)
[2026-08-04 18:00:34] [Sync] Bắt đầu đẩy dữ liệu lên Github (Kích hoạt bởi: Giá H4)...
[2026-08-04 18:00:36] [INFO] ✅ Giá H4 hoàn thành (attempt 1)
[2026-08-04 18:00:36] [Sync] Bắt đầu đẩy dữ liệu lên Github (Kích hoạt bởi: Giá H4)...
[2026-08-04 18:00:37] [Sync] ✅ Đồng bộ Github thành công (Giá H4)!
[2026-08-04 18:00:37] [INFO] ▶ Kích hoạt: Vĩ Mô (Macro)
[2026-08-04 18:00:38] [Sync] ✅ Đồng bộ Github thành công (Giá H4)!
[2026-08-04 18:00:38] [INFO] ▶ Kích hoạt: Vĩ Mô (Macro)
[2026-08-04 18:00:40] [INFO] ✅ Vĩ Mô (Macro) hoàn thành (attempt 1)
[2026-08-04 18:00:40] [Sync] Bắt đầu đẩy dữ liệu lên Github (Kích hoạt bởi: Vĩ Mô (Macro))...
[2026-08-04 18:00:41] [INFO] ✅ Vĩ Mô (Macro) hoàn thành (attempt 1)
[2026-08-04 18:00:41] [Sync] Bắt đầu đẩy dữ liệu lên Github (Kích hoạt bởi: Vĩ Mô (Macro))...
[2026-08-04 18:00:45] [Sync] ✅ Đồng bộ Github thành công (Vĩ Mô (Macro))!
[2026-08-04 18:00:45] [INFO] Đang quét tín hiệu Telegram Alarm (SMC)...
[2026-08-04 18:00:45] [Sync] ⚠️ Lỗi Github Push: 177542e820e027 but expected 901ced5df60a8b441e6d01e60baa100bbeca98a8)
error: failed to push some refs to 'https://github.com/Thang-Cbot/dashboard.git'
[2026-08-04 18:00:45] [INFO] Đang quét tín hiệu Telegram Alarm (SMC)...
[2026-08-04 18:00:46] [INFO] Đang phân tích AI tự động...
[2026-08-04 18:00:46] [INFO] Đang phân tích AI tự động...
[2026-08-04 18:01:03] [INFO] Đang chạy cập nhật Hồ sơ mã (run_pro_plus) và tạo Dashboard (gen_dashboard)...
[2026-08-04 18:01:04] [INFO] Đang chạy cập nhật Hồ sơ mã (run_pro_plus) và tạo Dashboard (gen_dashboard)...
[2026-08-04 18:01:09] [Sync] Bắt đầu đẩy dữ liệu lên Github (Kích hoạt bởi: Cập nhật Phân tích & Giao diện (H1))...
[2026-08-04 18:01:10] [Sync] Bắt đầu đẩy dữ liệu lên Github (Kích hoạt bởi: Cập nhật Phân tích & Giao diện (H1))...
[2026-08-04 18:01:13] [Sync] ✅ Đồng bộ Github thành công (Cập nhật Phân tích & Giao diện (H1))!
[2026-08-04 18:01:13] [INFO] ⏰ Đợi Giá H1: còn 0.98h (04/08 19:00:05 VN)
[2026-08-04 18:01:13] [Sync] ⚠️ Lỗi Github Push: a017336fbcd15c but expected 3ae8a84012d7e7d62d6742344c177542e820e027)
error: failed to push some refs to 'https://github.com/Thang-Cbot/dashboard.git'
[2026-08-04 18:01:13] [INFO] ⏰ Đợi Giá H1: còn 0.98h (04/08 19:00:05 VN)
[2026-08-04 18:58:39] [INFO] ▶ Kích hoạt: USDA Acreage
[2026-08-04 18:58:45] [INFO] ✅ USDA Acreage hoàn thành (attempt 1)
[2026-08-04 18:58:45] [Sync] Bắt đầu đẩy dữ liệu lên Github (Kích hoạt bởi: USDA Acreage)...
[2026-08-04 18:58:49] [Sync] ✅ Đồng bộ Github thành công (USDA Acreage)!
[2026-08-04 18:58:49] [INFO] ⏰ Đợi Acreage Reports: còn 10.52h (05/08 05:30:02 VN)
[2026-08-04 19:25:28] [INFO] ▶ Kích hoạt: Giá H1 + Macro
[2026-08-04 19:25:28] [INFO] ▶ Kích hoạt: Giá H1 + Macro
[2026-08-04 19:25:44] [INFO] ✅ Giá H1 + Macro hoàn thành (attempt 1)
[2026-08-04 19:25:44] [Sync] Bắt đầu đẩy dữ liệu lên Github (Kích hoạt bởi: Giá H1 + Macro)...
[2026-08-04 19:25:47] [INFO] ✅ Giá H1 + Macro hoàn thành (attempt 1)
[2026-08-04 19:25:47] [Sync] Bắt đầu đẩy dữ liệu lên Github (Kích hoạt bởi: Giá H1 + Macro)...
[2026-08-04 19:25:49] [Sync] ✅ Đồng bộ Github thành công (Giá H1 + Macro)!
[2026-08-04 19:25:49] [INFO] ▶ Kích hoạt: Giá H4
[2026-08-04 19:25:50] [Sync] ⚠️ Lỗi Github Push: 9f230bc2be802c but expected 55de56150f63f6a54c25b69cfc18bf4ba9fc2737)
error: failed to push some refs to 'https://github.com/Thang-Cbot/dashboard.git'
[2026-08-04 19:25:50] [INFO] ▶ Kích hoạt: Giá H4
[2026-08-04 19:25:55] [INFO] ✅ Giá H4 hoàn thành (attempt 1)
[2026-08-04 19:25:55] [Sync] Bắt đầu đẩy dữ liệu lên Github (Kích hoạt bởi: Giá H4)...
[2026-08-04 19:25:56] [INFO] ✅ Giá H4 hoàn thành (attempt 1)
[2026-08-04 19:25:56] [Sync] Bắt đầu đẩy dữ liệu lên Github (Kích hoạt bởi: Giá H4)...
[2026-08-04 19:25:59] [Sync] ✅ Đồng bộ Github thành công (Giá H4)!
[2026-08-04 19:25:59] [INFO] ▶ Kích hoạt: Vĩ Mô (Macro)
[2026-08-04 19:25:59] [Sync] ⚠️ Lỗi Github Push: da83afd1a53d76 but expected 084974e656b0b5c46e912912c09f230bc2be802c)
error: failed to push some refs to 'https://github.com/Thang-Cbot/dashboard.git'
[2026-08-04 19:25:59] [INFO] ▶ Kích hoạt: Vĩ Mô (Macro)
[2026-08-04 19:26:03] [INFO] ✅ Vĩ Mô (Macro) hoàn thành (attempt 1)
[2026-08-04 19:26:03] [WARN] Lỗi update_status: Expecting value: line 1 column 1 (char 0)
[2026-08-04 19:26:03] [Sync] Bắt đầu đẩy dữ liệu lên Github (Kích hoạt bởi: Vĩ Mô (Macro))...
[2026-08-04 19:26:03] [INFO] ✅ Vĩ Mô (Macro) hoàn thành (attempt 1)
[2026-08-04 19:26:03] [Sync] Bắt đầu đẩy dữ liệu lên Github (Kích hoạt bởi: Vĩ Mô (Macro))...
[2026-08-04 19:26:07] [Sync] ✅ Đồng bộ Github thành công (Vĩ Mô (Macro))!
[2026-08-04 19:26:07] [INFO] Đang quét tín hiệu Telegram Alarm (SMC)...
[2026-08-04 19:26:08] [Sync] ⚠️ Lỗi Github Push: 0a2ceed1e8ccaf but expected e78dfbcb7dcf53460b88ec8649da83afd1a53d76)
error: failed to push some refs to 'https://github.com/Thang-Cbot/dashboard.git'
[2026-08-04 19:26:08] [INFO] Đang quét tín hiệu Telegram Alarm (SMC)...
[2026-08-04 19:26:13] [INFO] Đang phân tích AI tự động...
[2026-08-04 19:26:15] [INFO] Đang phân tích AI tự động...
[2026-08-04 19:26:17] [INFO] Đang chạy cập nhật Hồ sơ mã (run_pro_plus) và tạo Dashboard (gen_dashboard)...
[2026-08-04 19:26:29] [Sync] Bắt đầu đẩy dữ liệu lên Github (Kích hoạt bởi: Cập nhật Phân tích & Giao diện (H1))...
[2026-08-04 19:26:31] [INFO] Đang chạy cập nhật Hồ sơ mã (run_pro_plus) và tạo Dashboard (gen_dashboard)...
[2026-08-04 19:26:33] [Sync] ✅ Đồng bộ Github thành công (Cập nhật Phân tích & Giao diện (H1))!
[2026-08-04 19:26:33] [INFO] ⏰ Đợi Giá H1: còn 0.56h (04/08 20:00:05 VN)
[2026-08-04 19:26:44] [Sync] Bắt đầu đẩy dữ liệu lên Github (Kích hoạt bởi: Cập nhật Phân tích & Giao diện (H1))...
[2026-08-04 19:26:49] [Sync] ✅ Đồng bộ Github thành công (Cập nhật Phân tích & Giao diện (H1))!
[2026-08-04 19:26:49] [INFO] ⏰ Đợi Giá H1: còn 0.55h (04/08 20:00:05 VN)
[2026-08-04 19:28:39] [INFO] ▶ Kích hoạt: AI Điểm Tin
ắn Hạn
[2026-08-04 19:29:21] [INFO] ✅ AI Điểm Tin hoàn thành (attempt 1)
[2026-08-04 19:29:21] [Sync] Bắt đầu đẩy dữ liệu lên Github (Kích hoạt bởi: AI Điểm Tin)...
[2026-08-04 19:29:26] [Sync] ✅ Đồng bộ Github thành công (AI Điểm Tin)!
[2026-08-04 19:29:26] [INFO] ⏰ Đợi AI News: còn 0.51h (04/08 20:00:02 VN)
[2026-08-04 19:29:40] [INFO] ✅ Thời Tiết Ngắn Hạn hoàn thành (attempt 1)
[2026-08-04 19:29:40] [Sync] Bắt đầu đẩy dữ liệu lên Github (Kích hoạt bởi: Thời Tiết Ngắn Hạn)...
[2026-08-04 19:29:45] [Sync] ✅ Đồng bộ Github thành công (Thời Tiết Ngắn Hạn)!
[2026-08-04 19:29:45] [INFO] ⏰ Đợi Weather Short: còn 10.50h (05/08 06:00:02 VN)
[2026-08-04 20:49:45] [INFO] ▶ Kích hoạt: AI Điểm Tin
[2026-08-04 20:49:47] [INFO] ▶ Kích hoạt: Giá H1 + Macro
[2026-08-04 20:49:47] [INFO] ▶ Kích hoạt: Giá H1 + Macro
[2026-08-04 20:50:07] [INFO] ✅ Giá H1 + Macro hoàn thành (attempt 1)
[2026-08-04 20:50:07] [Sync] Bắt đầu đẩy dữ liệu lên Github (Kích hoạt bởi: Giá H1 + Macro)...
[2026-08-04 20:50:09] [INFO] ✅ Giá H1 + Macro hoàn thành (attempt 1)
[2026-08-04 20:50:09] [Sync] Bắt đầu đẩy dữ liệu lên Github (Kích hoạt bởi: Giá H1 + Macro)...
[2026-08-04 20:50:12] [Sync] ✅ Đồng bộ Github thành công (Giá H1 + Macro)!
[2026-08-04 20:50:13] [INFO] ▶ Kích hoạt: Giá H4
[2026-08-04 20:50:13] [Sync] ⚠️ Lỗi Github Push: 623de24aedd1c7 but expected 164f7680597ef4fbff9b6bfae895487a95f35caf)
error: failed to push some refs to 'https://github.com/Thang-Cbot/dashboard.git'
[2026-08-04 20:50:13] [INFO] ▶ Kích hoạt: Giá H4
[2026-08-04 20:50:19] [INFO] ✅ Giá H4 hoàn thành (attempt 1)
[2026-08-04 20:50:19] [Sync] Bắt đầu đẩy dữ liệu lên Github (Kích hoạt bởi: Giá H4)...
[2026-08-04 20:50:19] [INFO] ✅ Giá H4 hoàn thành (attempt 1)
[2026-08-04 20:50:19] [Sync] Bắt đầu đẩy dữ liệu lên Github (Kích hoạt bởi: Giá H4)...
[2026-08-04 20:50:24] [Sync] ✅ Đồng bộ Github thành công (Giá H4)!
[2026-08-04 20:50:24] [INFO] ▶ Kích hoạt: Vĩ Mô (Macro)
[2026-08-04 20:50:24] [Sync] ⚠️ Lỗi Github Push: 2e779b0d15b066 but expected 5647a0261ed4e1cc87202deb7a623de24aedd1c7)
error: failed to push some refs to 'https://github.com/Thang-Cbot/dashboard.git'
[2026-08-04 20:50:24] [INFO] ▶ Kích hoạt: Vĩ Mô (Macro)
[2026-08-04 20:50:27] [INFO] ✅ Vĩ Mô (Macro) hoàn thành (attempt 1)
[2026-08-04 20:50:27] [Sync] Bắt đầu đẩy dữ liệu lên Github (Kích hoạt bởi: Vĩ Mô (Macro))...
[2026-08-04 20:50:27] [INFO] ✅ Vĩ Mô (Macro) hoàn thành (attempt 1)
[2026-08-04 20:50:27] [Sync] Bắt đầu đẩy dữ liệu lên Github (Kích hoạt bởi: Vĩ Mô (Macro))...
[2026-08-04 20:50:29] [INFO] ✅ AI Điểm Tin hoàn thành (attempt 1)
[2026-08-04 20:50:29] [Sync] Bắt đầu đẩy dữ liệu lên Github (Kích hoạt bởi: AI Điểm Tin)...
[2026-08-04 20:50:29] [Sync] ✅ Đồng bộ Github thành công (Vĩ Mô (Macro))!
[2026-08-04 20:50:30] [INFO] Đang quét tín hiệu Telegram Alarm (SMC)...
[2026-08-04 20:50:31] [Sync] ✅ Đồng bộ Github thành công (Vĩ Mô (Macro))!
[2026-08-04 20:50:31] [INFO] Đang quét tín hiệu Telegram Alarm (SMC)...
[2026-08-04 20:50:31] [INFO] Đang phân tích AI tự động...
[2026-08-04 20:50:32] [Sync] ✅ Đồng bộ Github thành công (AI Điểm Tin)!
[2026-08-04 20:50:32] [INFO] ⏰ Đợi AI News: còn 9.16h (05/08 06:00:02 VN)
[2026-08-04 20:50:32] [INFO] Đang phân tích AI tự động...
[2026-08-04 20:50:45] [INFO] Đang chạy cập nhật Hồ sơ mã (run_pro_plus) và tạo Dashboard (gen_dashboard)...
[2026-08-04 20:50:46] [INFO] Đang chạy cập nhật Hồ sơ mã (run_pro_plus) và tạo Dashboard (gen_dashboard)...
[2026-08-04 20:50:52] [Sync] Bắt đầu đẩy dữ liệu lên Github (Kích hoạt bởi: Cập nhật Phân tích & Giao diện (H1))...
[2026-08-04 20:50:55] [Sync] Bắt đầu đẩy dữ liệu lên Github (Kích hoạt bởi: Cập nhật Phân tích & Giao diện (H1))...
[2026-08-04 20:50:57] [Sync] ✅ Đồng bộ Github thành công (Cập nhật Phân tích & Giao diện (H1))!
[2026-08-04 20:50:57] [INFO] ⏰ Đợi Giá H1: còn 0.15h (04/08 21:00:05 VN)
[2026-08-04 20:50:58] [Sync] ✅ Đồng bộ Github thành công (Cập nhật Phân tích & Giao diện (H1))!
[2026-08-04 20:50:58] [INFO] ⏰ Đợi Giá H1: còn 0.15h (04/08 21:00:05 VN)
[2026-08-04 21:00:05] [INFO] ▶ Kích hoạt: Giá H1 + Macro
[2026-08-04 21:00:23] [INFO] ✅ Giá H1 + Macro hoàn thành (attempt 1)
[2026-08-04 21:00:23] [Sync] Bắt đầu đẩy dữ liệu lên Github (Kích hoạt bởi: Giá H1 + Macro)...
[2026-08-04 21:00:24] [INFO] ✅ Giá H1 + Macro hoàn thành (attempt 1)
[2026-08-04 21:00:24] [Sync] Bắt đầu đẩy dữ liệu lên Github (Kích hoạt bởi: Giá H1 + Macro)...
[2026-08-04 21:00:28] [Sync] ✅ Đồng bộ Github thành công (Giá H1 + Macro)!
[2026-08-04 21:00:28] [INFO] ▶ Kích hoạt: Giá H4
[2026-08-04 21:00:28] [Sync] ⚠️ Lỗi Github Push: c2cf68d8d2f5cf but expected 920f9bf7cebd83cc8e768fa1b6b8a28248c4fb8b)
error: failed to push some refs to 'https://github.com/Thang-Cbot/dashboard.git'
[2026-08-04 21:00:28] [INFO] ▶ Kích hoạt: Giá H4
[2026-08-04 21:00:33] [INFO] ✅ Giá H4 hoàn thành (attempt 1)
[2026-08-04 21:00:33] [Sync] Bắt đầu đẩy dữ liệu lên Github (Kích hoạt bởi: Giá H4)...
[2026-08-04 21:00:34] [INFO] ✅ Giá H4 hoàn thành (attempt 1)
[2026-08-04 21:00:34] [Sync] Bắt đầu đẩy dữ liệu lên Github (Kích hoạt bởi: Giá H4)...
[2026-08-04 21:00:37] [Sync] ✅ Đồng bộ Github thành công (Giá H4)!
[2026-08-04 21:00:37] [INFO] ▶ Kích hoạt: Vĩ Mô (Macro)
[2026-08-04 21:00:37] [Sync] ⚠️ Lỗi Github Push: 1eb24a57705711 but expected d600c0c091055a17b90b6564d6c2cf68d8d2f5cf)
error: failed to push some refs to 'https://github.com/Thang-Cbot/dashboard.git'
[2026-08-04 21:00:37] [INFO] ▶ Kích hoạt: Vĩ Mô (Macro)
[2026-08-04 21:00:40] [INFO] ✅ Vĩ Mô (Macro) hoàn thành (attempt 1)
[2026-08-04 21:00:40] [Sync] Bắt đầu đẩy dữ liệu lên Github (Kích hoạt bởi: Vĩ Mô (Macro))...
[2026-08-04 21:00:41] [INFO] ✅ Vĩ Mô (Macro) hoàn thành (attempt 1)
[2026-08-04 21:00:41] [Sync] Bắt đầu đẩy dữ liệu lên Github (Kích hoạt bởi: Vĩ Mô (Macro))...
[2026-08-04 21:00:45] [Sync] ✅ Đồng bộ Github thành công (Vĩ Mô (Macro))!
[2026-08-04 21:00:45] [INFO] Đang quét tín hiệu Telegram Alarm (SMC)...
[2026-08-04 21:00:45] [Sync] ⚠️ Lỗi Github Push: 9f764715964bf2 but expected e8606a8c68abab2de90e2734221eb24a57705711)
error: failed to push some refs to 'https://github.com/Thang-Cbot/dashboard.git'
[2026-08-04 21:00:45] [INFO] Đang quét tín hiệu Telegram Alarm (SMC)...
[2026-08-04 21:00:47] [INFO] Đang phân tích AI tự động...
[2026-08-04 21:00:47] [INFO] Đang phân tích AI tự động...
[2026-08-04 21:00:58] [INFO] Đang chạy cập nhật Hồ sơ mã (run_pro_plus) và tạo Dashboard (gen_dashboard)...
[2026-08-04 21:01:05] [Sync] Bắt đầu đẩy dữ liệu lên Github (Kích hoạt bởi: Cập nhật Phân tích & Giao diện (H1))...
[2026-08-04 21:01:09] [Sync] ✅ Đồng bộ Github thành công (Cập nhật Phân tích & Giao diện (H1))!
[2026-08-04 21:01:09] [INFO] ⏰ Đợi Giá H1: còn 0.98h (04/08 22:00:05 VN)
[2026-08-04 21:01:11] [INFO] Đang chạy cập nhật Hồ sơ mã (run_pro_plus) và tạo Dashboard (gen_dashboard)...
[2026-08-04 21:01:18] [Sync] Bắt đầu đẩy dữ liệu lên Github (Kích hoạt bởi: Cập nhật Phân tích & Giao diện (H1))...
[2026-08-04 21:01:21] [Sync] ✅ Đồng bộ Github thành công (Cập nhật Phân tích & Giao diện (H1))!
[2026-08-04 21:01:21] [INFO] ⏰ Đợi Giá H1: còn 0.98h (04/08 22:00:05 VN)
[2026-08-04 21:48:22] [INFO] ▶ Kích hoạt: Chỉ số Lúa Mì Nga
[2026-08-04 21:48:41] [INFO] ✅ Chỉ số Lúa Mì Nga hoàn thành (attempt 1)
[2026-08-04 21:48:41] [Sync] Bắt đầu đẩy dữ liệu lên Github (Kích hoạt bởi: Chỉ số Lúa Mì Nga)...
[2026-08-04 21:48:46] [Sync] ✅ Đồng bộ Github thành công (Chỉ số Lúa Mì Nga)!
[2026-08-04 21:48:46] [INFO] ⏰ Đợi Russian Metrics: còn 9.69h (05/08 07:30:02 VN)
[2026-08-04 21:48:55] [INFO] ============================================================
[2026-08-04 21:48:55] [INFO]   CBOT PRECISION SCHEDULER V2 — KHỞI ĐỘNG
[2026-08-04 21:48:55] [INFO] ============================================================
[2026-08-04 21:48:55] [INFO] Lịch trình đang chạy:
[2026-08-04 21:48:55] [INFO]   [Giá H1 + Macro]    : Phút :15 mỗi giờ giao dịch
[2026-08-04 21:48:55] [INFO]   [COT CFTC]          : Thứ Bảy 07:15 VN
[2026-08-04 21:48:55] [INFO]   [USDA Crop Progress]: Thứ Hai 22:00 VN
[2026-08-04 21:48:55] [INFO]   [Export Sales]      : Thứ Năm 21:32 VN
[2026-08-04 21:48:55] [INFO]   [WASDE Monthly]     : Ngày 10 hàng tháng, 23:00 VN
[2026-08-04 21:48:55] [INFO]   [Thời Tiết Ngắn]    : 06:00 hàng ngày
[2026-08-04 21:48:55] [INFO]   [ENSO Long-Term]    : Thứ Hai 06:30 VN
[2026-08-04 21:48:55] [INFO]   [USDA Acreage]      : 05:30 hàng ngày
[2026-08-04 21:48:55] [INFO]   [AI Điểm Tin]       : 06:00 và 20:00 hàng ngày
[2026-08-04 21:48:55] [INFO]   [AI Tin Biển Đen]   : Thứ Tư & Chủ Nhật 07:00 VN
[2026-08-04 21:48:55] [INFO]   [Số Liệu Mùa Vụ Nga]: 07:30 hàng ngày
[2026-08-04 21:48:55] [INFO] ------------------------------------------------------------
[2026-08-04 21:48:55] [INFO]   ✅ Thread khởi động: job_prices
 Giá ngay khi vừa khởi động hệ thống...
[2026-08-04 21:48:55] [INFO] ▶ Kích hoạt: Giá H1 + Macro
[2026-08-04 21:48:55] [INFO] ⏰ Đợi COT CFTC: còn 81.44h (08/08 07:15:02 VN)
[2026-08-04 21:48:55] [INFO]   ✅ Thread khởi động: job_cot
[2026-08-04 21:48:55] [INFO]   ✅ Thread khởi động: job_crop_progress
:00:02 VN)
[2026-08-04 21:48:55] [INFO]   ✅ Thread khởi động: job_export_sales
32:02 VN)
[2026-08-04 21:48:55] [INFO]   ✅ Thread khởi động: job_wasde
10/08 23:00:02 VN)
[2026-08-04 21:48:55] [INFO]   ✅ Thread khởi động: job_weather_short
0:02 VN)
[2026-08-04 21:48:55] [INFO]   ✅ Thread khởi động: job_weather_long
06:30:02 VN)
[2026-08-04 21:48:55] [INFO]   ✅ Thread khởi động: job_acreage
/08 05:30:02 VN)
[2026-08-04 21:48:55] [INFO]   ✅ Thread khởi động: job_ai_news
0:02 VN)
[2026-08-04 21:48:55] [INFO] ⏰ Đợi Black Sea News: còn 9.19h (05/08 07:00:02 VN)
[2026-08-04 21:48:55] [INFO]   ✅ Thread khởi động: job_blacksea_news
[2026-08-04 21:48:55] [INFO] ⏰ Đợi Russian Metrics: còn 9.69h (05/08 07:30:02 VN)
[2026-08-04 21:48:55] [INFO]   ✅ Thread khởi động: job_russian_metrics
[2026-08-04 21:48:55] [INFO] ============================================================
[2026-08-04 21:48:55] [INFO] Scheduler đang chạy ngầm. Nhấn Ctrl+C để dừng.
[2026-08-04 21:49:11] [INFO] ✅ Giá H1 + Macro hoàn thành (attempt 1)
[2026-08-04 21:49:11] [Sync] Bắt đầu đẩy dữ liệu lên Github (Kích hoạt bởi: Giá H1 + Macro)...
[2026-08-04 21:49:15] [Sync] ✅ Đồng bộ Github thành công (Giá H1 + Macro)!
[2026-08-04 21:49:15] [INFO] ▶ Kích hoạt: Giá H4
[2026-08-04 21:49:23] [INFO] ✅ Giá H4 hoàn thành (attempt 1)
[2026-08-04 21:49:23] [Sync] Bắt đầu đẩy dữ liệu lên Github (Kích hoạt bởi: Giá H4)...
[2026-08-04 21:49:27] [Sync] ✅ Đồng bộ Github thành công (Giá H4)!
[2026-08-04 21:49:27] [INFO] ▶ Kích hoạt: Vĩ Mô (Macro)
[2026-08-04 21:49:31] [INFO] ✅ Vĩ Mô (Macro) hoàn thành (attempt 1)
[2026-08-04 21:49:31] [Sync] Bắt đầu đẩy dữ liệu lên Github (Kích hoạt bởi: Vĩ Mô (Macro))...
[2026-08-04 21:49:35] [Sync] ✅ Đồng bộ Github thành công (Vĩ Mô (Macro))!
[2026-08-04 21:49:35] [INFO] Đang quét tín hiệu Telegram Alarm (SMC)...
[2026-08-04 21:49:37] [INFO] Đang phân tích AI tự động...
[2026-08-04 21:49:51] [INFO] Đang chạy cập nhật Hồ sơ mã (run_pro_plus) và tạo Dashboard (gen_dashboard)...
[2026-08-04 21:50:06] [Sync] Bắt đầu đẩy dữ liệu lên Github (Kích hoạt bởi: Cập nhật Phân tích & Giao diện (H1))...
[2026-08-04 21:50:11] [Sync] ✅ Đồng bộ Github thành công (Cập nhật Phân tích & Giao diện (H1))!
[2026-08-04 21:50:11] [INFO] ⏰ Đợi Giá H1: còn 0.16h (04/08 22:00:05 VN)
[2026-08-04 22:00:05] [INFO] ▶ Kích hoạt: Giá H1 + Macro
[2026-08-04 22:00:05] [INFO] ▶ Kích hoạt: Giá H1 + Macro
[2026-08-04 22:00:26] [INFO] ✅ Giá H1 + Macro hoàn thành (attempt 1)
[2026-08-04 22:00:26] [Sync] Bắt đầu đẩy dữ liệu lên Github (Kích hoạt bởi: Giá H1 + Macro)...
[2026-08-04 22:00:27] [INFO] ✅ Giá H1 + Macro hoàn thành (attempt 1)
[2026-08-04 22:00:27] [Sync] Bắt đầu đẩy dữ liệu lên Github (Kích hoạt bởi: Giá H1 + Macro)...
[2026-08-04 22:00:28] [ERROR] ❌ Giá H1 + Macro exception: [Errno 22] Invalid argument
[2026-08-04 22:00:28] [INFO] ▶ Kích hoạt: Giá H4
[2026-08-04 22:00:30] [Sync] ✅ Đồng bộ Github thành công (Giá H1 + Macro)!
[2026-08-04 22:00:30] [INFO] ▶ Kích hoạt: Giá H4
[2026-08-04 22:00:31] [Sync] ⚠️ Lỗi Github Push: 116eeda7f300e4 but expected c8e84f28e01bd2b66f368a395c5112019348ebd7)
error: failed to push some refs to 'https://github.com/Thang-Cbot/dashboard.git'
[2026-08-04 22:00:31] [INFO] ▶ Kích hoạt: Giá H4
[2026-08-04 22:00:34] [INFO] ✅ Giá H4 hoàn thành (attempt 1)
[2026-08-04 22:00:34] [Sync] Bắt đầu đẩy dữ liệu lên Github (Kích hoạt bởi: Giá H4)...
[2026-08-04 22:00:34] [INFO] ✅ Giá H4 hoàn thành (attempt 1)
[2026-08-04 22:00:34] [Sync] Bắt đầu đẩy dữ liệu lên Github (Kích hoạt bởi: Giá H4)...
[2026-08-04 22:00:38] [Sync] ✅ Đồng bộ Github thành công (Giá H4)!
[2026-08-04 22:00:38] [INFO] ▶ Kích hoạt: Vĩ Mô (Macro)
[2026-08-04 22:00:38] [Sync] ⚠️ Lỗi Github Push: e8e093cab47d40 but expected 3b7c45811269a92efe4cc2b9e3116eeda7f300e4)
error: failed to push some refs to 'https://github.com/Thang-Cbot/dashboard.git'
[2026-08-04 22:00:38] [INFO] ▶ Kích hoạt: Vĩ Mô (Macro)
[2026-08-04 22:00:38] [INFO] ✅ Giá H4 hoàn thành (attempt 1)
[2026-08-04 22:00:38] [Sync] Bắt đầu đẩy dữ liệu lên Github (Kích hoạt bởi: Giá H4)...
[2026-08-04 22:00:40] [INFO] ✅ Vĩ Mô (Macro) hoàn thành (attempt 1)
[2026-08-04 22:00:40] [Sync] Bắt đầu đẩy dữ liệu lên Github (Kích hoạt bởi: Vĩ Mô (Macro))...
[2026-08-04 22:00:40] [INFO] ✅ Vĩ Mô (Macro) hoàn thành (attempt 1)
[2026-08-04 22:00:40] [Sync] Bắt đầu đẩy dữ liệu lên Github (Kích hoạt bởi: Vĩ Mô (Macro))...
[2026-08-04 22:00:42] [Sync] ✅ Đồng bộ Github thành công (Giá H4)!
[2026-08-04 22:00:42] [INFO] ▶ Kích hoạt: Vĩ Mô (Macro)
[2026-08-04 22:00:43] [Sync] ✅ Đồng bộ Github thành công (Vĩ Mô (Macro))!
[2026-08-04 22:00:43] [INFO] Đang quét tín hiệu Telegram Alarm (SMC)...
[2026-08-04 22:00:43] [Sync] ✅ Đồng bộ Github thành công (Vĩ Mô (Macro))!
[2026-08-04 22:00:43] [INFO] ⏰ Đợi Giá H1: còn 0.99h (04/08 23:00:05 VN)
[2026-08-04 22:00:44] [INFO] Đang phân tích AI tự động...
[2026-08-04 22:00:45] [INFO] ✅ Vĩ Mô (Macro) hoàn thành (attempt 1)
[2026-08-04 22:00:45] [Sync] Bắt đầu đẩy dữ liệu lên Github (Kích hoạt bởi: Vĩ Mô (Macro))...
[2026-08-04 22:00:49] [Sync] ✅ Đồng bộ Github thành công (Vĩ Mô (Macro))!
[2026-08-04 22:00:49] [INFO] Đang quét tín hiệu Telegram Alarm (SMC)...
[2026-08-04 22:00:51] [INFO] Đang phân tích AI tự động...
[2026-08-04 22:01:02] [INFO] Đang chạy cập nhật Hồ sơ mã (run_pro_plus) và tạo Dashboard (gen_dashboard)...
[2026-08-04 22:01:09] [Sync] Bắt đầu đẩy dữ liệu lên Github (Kích hoạt bởi: Cập nhật Phân tích & Giao diện (H1))...
[2026-08-04 22:01:09] [INFO] Đang chạy cập nhật Hồ sơ mã (run_pro_plus) và tạo Dashboard (gen_dashboard)...
[2026-08-04 22:01:13] [Sync] ✅ Đồng bộ Github thành công (Cập nhật Phân tích & Giao diện (H1))!
[2026-08-04 22:01:13] [INFO] ⏰ Đợi Giá H1: còn 0.98h (04/08 23:00:05 VN)
[2026-08-04 22:01:16] [Sync] Bắt đầu đẩy dữ liệu lên Github (Kích hoạt bởi: Cập nhật Phân tích & Giao diện (H1))...
[2026-08-04 22:01:20] [Sync] ✅ Đồng bộ Github thành công (Cập nhật Phân tích & Giao diện (H1))!
[2026-08-04 22:01:20] [INFO] ⏰ Đợi Giá H1: còn 0.98h (04/08 23:00:05 VN)
[2026-08-05 06:37:44] [INFO] ============================================================
[2026-08-05 06:37:44] [INFO]   CBOT PRECISION SCHEDULER V2 — KHỞI ĐỘNG
[2026-08-05 06:37:44] [INFO] ============================================================
[2026-08-05 06:37:44] [INFO] Lịch trình đang chạy:
[2026-08-05 06:37:44] [INFO]   [Giá H1 + Macro]    : Phút :15 mỗi giờ giao dịch
[2026-08-05 06:37:44] [INFO]   [COT CFTC]          : Thứ Bảy 07:15 VN
[2026-08-05 06:37:44] [INFO]   [USDA Crop Progress]: Thứ Hai 22:00 VN
[2026-08-05 06:37:44] [INFO]   [Export Sales]      : Thứ Năm 21:32 VN
[2026-08-05 06:37:44] [INFO]   [WASDE Monthly]     : Ngày 10 hàng tháng, 23:00 VN
[2026-08-05 06:37:44] [INFO]   [Thời Tiết Ngắn]    : 06:00 hàng ngày
[2026-08-05 06:37:44] [INFO]   [ENSO Long-Term]    : Thứ Hai 06:30 VN
[2026-08-05 06:37:44] [INFO]   [USDA Acreage]      : 05:30 hàng ngày
[2026-08-05 06:37:44] [INFO]   [AI Điểm Tin]       : 06:00 và 20:00 hàng ngày
[2026-08-05 06:37:44] [INFO]   [AI Tin Biển Đen]   : Thứ Tư & Chủ Nhật 07:00 VN
[2026-08-05 06:37:44] [INFO]   [Số Liệu Mùa Vụ Nga]: 07:30 hàng ngày
[2026-08-05 06:37:44] [INFO] ------------------------------------------------------------
[2026-08-05 06:37:44] [INFO]   ✅ Thread khởi động: job_prices
 Giá ngay khi vừa khởi động hệ thống...
[2026-08-05 06:37:44] [INFO] ▶ Kích hoạt: Giá H1 + Macro
[2026-08-05 06:37:44] [INFO] ⏰ Đợi COT CFTC: còn 72.62h (08/08 07:15:02 VN)
[2026-08-05 06:37:44] [INFO]   ✅ Thread khởi động: job_cot
[2026-08-05 06:37:44] [INFO]   ✅ Thread khởi động: job_crop_progress
:00:02 VN)
[2026-08-05 06:37:44] [INFO]   ✅ Thread khởi động: job_export_sales
32:02 VN)
[2026-08-05 06:37:44] [INFO]   ✅ Thread khởi động: job_wasde
10/08 23:00:02 VN)
[2026-08-05 06:37:44] [INFO] ⏰ Đợi Weather Short: còn 23.37h (06/08 06:00:02 VN)
[2026-08-05 06:37:44] [INFO]   ✅ Thread khởi động: job_weather_short
[2026-08-05 06:37:44] [INFO] ⏰ Đợi ENSO Long-Term: còn 119.87h (10/08 06:30:02 VN)
[2026-08-05 06:37:44] [INFO]   ✅ Thread khởi động: job_weather_long
[2026-08-05 06:37:44] [INFO] ⏰ Đợi Acreage Reports: còn 22.87h (06/08 05:30:02 VN)
[2026-08-05 06:37:44] [INFO]   ✅ Thread khởi động: job_acreage
[2026-08-05 06:37:44] [INFO] ⏰ Đợi AI News: còn 13.37h (05/08 20:00:02 VN)
[2026-08-05 06:37:44] [INFO]   ✅ Thread khởi động: job_ai_news
[2026-08-05 06:37:44] [INFO]   ✅ Thread khởi động: job_blacksea_news
00:02 VN)
[2026-08-05 06:37:44] [INFO] ⏰ Đợi Russian Metrics: còn 0.87h (05/08 07:30:02 VN)
[2026-08-05 06:37:44] [INFO]   ✅ Thread khởi động: job_russian_metrics
[2026-08-05 06:37:44] [INFO] ============================================================
[2026-08-05 06:37:44] [INFO] Scheduler đang chạy ngầm. Nhấn Ctrl+C để dừng.
[2026-08-05 06:37:57] [INFO] ✅ Giá H1 + Macro hoàn thành (attempt 1)
[2026-08-05 06:37:57] [Sync] Bắt đầu đẩy dữ liệu lên Github (Kích hoạt bởi: Giá H1 + Macro)...
[2026-08-05 06:38:02] [Sync] ✅ Đồng bộ Github thành công (Giá H1 + Macro)!
[2026-08-05 06:38:02] [INFO] ▶ Kích hoạt: Giá H4
[2026-08-05 06:38:06] [INFO] ✅ Giá H4 hoàn thành (attempt 1)
[2026-08-05 06:38:06] [Sync] Bắt đầu đẩy dữ liệu lên Github (Kích hoạt bởi: Giá H4)...
[2026-08-05 06:38:10] [Sync] ✅ Đồng bộ Github thành công (Giá H4)!
[2026-08-05 06:38:10] [INFO] ▶ Kích hoạt: Vĩ Mô (Macro)
[2026-08-05 06:38:13] [INFO] ✅ Vĩ Mô (Macro) hoàn thành (attempt 1)
[2026-08-05 06:38:13] [Sync] Bắt đầu đẩy dữ liệu lên Github (Kích hoạt bởi: Vĩ Mô (Macro))...
[2026-08-05 06:38:16] [Sync] ✅ Đồng bộ Github thành công (Vĩ Mô (Macro))!
[2026-08-05 06:38:16] [INFO] Đang quét tín hiệu Telegram Alarm (SMC)...
[2026-08-05 06:38:21] [INFO] Đang phân tích AI tự động...
[2026-08-05 06:38:33] [INFO] Đang chạy cập nhật Hồ sơ mã (run_pro_plus) và tạo Dashboard (gen_dashboard)...
[2026-08-05 06:38:40] [Sync] Bắt đầu đẩy dữ liệu lên Github (Kích hoạt bởi: Cập nhật Phân tích & Giao diện (H1))...
[2026-08-05 06:38:45] [Sync] ✅ Đồng bộ Github thành công (Cập nhật Phân tích & Giao diện (H1))!
[2026-08-05 06:38:45] [INFO] ⏰ Đợi Giá H1: còn 0.36h (05/08 07:00:05 VN)
[2026-08-05 07:00:02] [INFO] ▶ Kích hoạt: AI Điểm Tin Biển Đen
[2026-08-05 07:00:05] [INFO] ▶ Kích hoạt: Giá H1 + Macro
[2026-08-05 07:00:06] [INFO] ✅ AI Điểm Tin Biển Đen hoàn thành (attempt 1)
[2026-08-05 07:00:06] [Sync] Bắt đầu đẩy dữ liệu lên Github (Kích hoạt bởi: AI Điểm Tin Biển Đen)...
[2026-08-05 07:00:10] [Sync] ✅ Đồng bộ Github thành công (AI Điểm Tin Biển Đen)!
[2026-08-05 07:00:10] [INFO] ⏰ Đợi Black Sea News: còn 96.00h (09/08 07:00:02 VN)
[2026-08-05 07:00:28] [INFO] ✅ Giá H1 + Macro hoàn thành (attempt 1)
[2026-08-05 07:00:28] [Sync] Bắt đầu đẩy dữ liệu lên Github (Kích hoạt bởi: Giá H1 + Macro)...
[2026-08-05 07:00:31] [Sync] ✅ Đồng bộ Github thành công (Giá H1 + Macro)!
[2026-08-05 07:00:31] [INFO] ▶ Kích hoạt: Giá H4
[2026-08-05 07:00:40] [INFO] ✅ Giá H4 hoàn thành (attempt 1)
[2026-08-05 07:00:40] [Sync] Bắt đầu đẩy dữ liệu lên Github (Kích hoạt bởi: Giá H4)...
[2026-08-05 07:00:45] [Sync] ✅ Đồng bộ Github thành công (Giá H4)!
[2026-08-05 07:00:45] [INFO] ▶ Kích hoạt: Vĩ Mô (Macro)
[2026-08-05 07:00:48] [INFO] ✅ Vĩ Mô (Macro) hoàn thành (attempt 1)
[2026-08-05 07:00:48] [Sync] Bắt đầu đẩy dữ liệu lên Github (Kích hoạt bởi: Vĩ Mô (Macro))...
[2026-08-05 07:00:52] [Sync] ✅ Đồng bộ Github thành công (Vĩ Mô (Macro))!
[2026-08-05 07:00:52] [INFO] Đang quét tín hiệu Telegram Alarm (SMC)...
[2026-08-05 07:00:56] [INFO] Đang phân tích AI tự động...
[2026-08-05 07:01:04] [INFO] Đang chạy cập nhật Hồ sơ mã (run_pro_plus) và tạo Dashboard (gen_dashboard)...
[2026-08-05 07:01:11] [Sync] Bắt đầu đẩy dữ liệu lên Github (Kích hoạt bởi: Cập nhật Phân tích & Giao diện (H1))...
[2026-08-05 07:01:17] [Sync] ✅ Đồng bộ Github thành công (Cập nhật Phân tích & Giao diện (H1))!
[2026-08-05 07:01:17] [INFO] ⏰ Đợi Giá H1: còn 0.98h (05/08 08:00:05 VN)
[2026-08-05 07:04:18] [INFO] ▶ Kích hoạt: Giá H1 + Macro
[2026-08-05 07:04:18] [INFO] ▶ Kích hoạt: Giá H1 + Macro
[2026-08-05 07:04:35] [INFO] ✅ Giá H1 + Macro hoàn thành (attempt 1)
[2026-08-05 07:04:35] [Sync] Bắt đầu đẩy dữ liệu lên Github (Kích hoạt bởi: Giá H1 + Macro)...
[2026-08-05 07:04:36] [INFO] ✅ Giá H1 + Macro hoàn thành (attempt 1)
[2026-08-05 07:04:36] [Sync] Bắt đầu đẩy dữ liệu lên Github (Kích hoạt bởi: Giá H1 + Macro)...
[2026-08-05 07:04:40] [Sync] ✅ Đồng bộ Github thành công (Giá H1 + Macro)!
[2026-08-05 07:04:40] [INFO] ▶ Kích hoạt: Giá H4
[2026-08-05 07:04:40] [Sync] ⚠️ Lỗi Github Push: 7502fe06aabfa2 but expected 5c1ee9a01503bb919780bbacecae905de663471a)
error: failed to push some refs to 'https://github.com/Thang-Cbot/dashboard.git'
[2026-08-05 07:04:40] [INFO] ▶ Kích hoạt: Giá H4
[2026-08-05 07:04:45] [INFO] ✅ Giá H4 hoàn thành (attempt 1)
[2026-08-05 07:04:45] [Sync] Bắt đầu đẩy dữ liệu lên Github (Kích hoạt bởi: Giá H4)...
[2026-08-05 07:04:45] [INFO] ✅ Giá H4 hoàn thành (attempt 1)
[2026-08-05 07:04:45] [Sync] Bắt đầu đẩy dữ liệu lên Github (Kích hoạt bởi: Giá H4)...
[2026-08-05 07:04:48] [Sync] ✅ Đồng bộ Github thành công (Giá H4)!
[2026-08-05 07:04:48] [INFO] ▶ Kích hoạt: Vĩ Mô (Macro)
[2026-08-05 07:04:48] [Sync] ⚠️ Lỗi Github Push: 31e7719e717522 but expected 0cb46c3947c4fa6a01f472f8737502fe06aabfa2)
error: failed to push some refs to 'https://github.com/Thang-Cbot/dashboard.git'
[2026-08-05 07:04:48] [INFO] ▶ Kích hoạt: Vĩ Mô (Macro)
[2026-08-05 07:04:53] [INFO] ✅ Vĩ Mô (Macro) hoàn thành (attempt 1)
[2026-08-05 07:04:53] [INFO] ✅ Vĩ Mô (Macro) hoàn thành (attempt 1)
[2026-08-05 07:04:53] [Sync] Bắt đầu đẩy dữ liệu lên Github (Kích hoạt bởi: Vĩ Mô (Macro))...
[2026-08-05 07:04:53] [Sync] Bắt đầu đẩy dữ liệu lên Github (Kích hoạt bởi: Vĩ Mô (Macro))...
[2026-08-05 07:04:56] [Sync] ✅ Đồng bộ Github thành công (Vĩ Mô (Macro))!
[2026-08-05 07:04:56] [INFO] Đang quét tín hiệu Telegram Alarm (SMC)...
[2026-08-05 07:04:56] [Sync] ⚠️ Lỗi Github Push: a95f6bf0dc5c2d but expected 82f1b0f92c726b6bca789d3bbf31e7719e717522)
error: failed to push some refs to 'https://github.com/Thang-Cbot/dashboard.git'
[2026-08-05 07:04:56] [INFO] Đang quét tín hiệu Telegram Alarm (SMC)...
[2026-08-05 07:04:58] [INFO] Đang phân tích AI tự động...
[2026-08-05 07:04:58] [INFO] Đang phân tích AI tự động...
[2026-08-05 07:05:02] [INFO] Đang chạy cập nhật Hồ sơ mã (run_pro_plus) và tạo Dashboard (gen_dashboard)...
[2026-08-05 07:05:02] [INFO] Đang chạy cập nhật Hồ sơ mã (run_pro_plus) và tạo Dashboard (gen_dashboard)...
[2026-08-05 07:05:08] [Sync] Bắt đầu đẩy dữ liệu lên Github (Kích hoạt bởi: Cập nhật Phân tích & Giao diện (H1))...
[2026-08-05 07:05:09] [Sync] Bắt đầu đẩy dữ liệu lên Github (Kích hoạt bởi: Cập nhật Phân tích & Giao diện (H1))...
[2026-08-05 07:05:11] [Sync] ✅ Đồng bộ Github thành công (Cập nhật Phân tích & Giao diện (H1))!
[2026-08-05 07:05:11] [INFO] ⏰ Đợi Giá H1: còn 0.91h (05/08 08:00:05 VN)
[2026-08-05 07:05:12] [Sync] ⚠️ Lỗi Github Push: ab3b3d9e928900 but expected aea8775a90194ae2317a68f427a95f6bf0dc5c2d)
error: failed to push some refs to 'https://github.com/Thang-Cbot/dashboard.git'
[2026-08-05 07:05:12] [INFO] ⏰ Đợi Giá H1: còn 0.91h (05/08 08:00:05 VN)
[2026-08-05 07:30:02] [INFO] ▶ Kích hoạt: Chỉ số Lúa Mì Nga
[2026-08-05 07:30:04] [INFO] ✅ Chỉ số Lúa Mì Nga hoàn thành (attempt 1)
[2026-08-05 07:30:04] [Sync] Bắt đầu đẩy dữ liệu lên Github (Kích hoạt bởi: Chỉ số Lúa Mì Nga)...
[2026-08-05 07:30:08] [Sync] ✅ Đồng bộ Github thành công (Chỉ số Lúa Mì Nga)!
[2026-08-05 07:30:08] [INFO] ⏰ Đợi Russian Metrics: còn 24.00h (06/08 07:30:02 VN)
[2026-08-05 08:31:47] [INFO] ▶ Kích hoạt: Giá H1 + Macro
[2026-08-05 08:31:47] [INFO] ▶ Kích hoạt: Giá H1 + Macro
[2026-08-05 08:32:14] [WARN] ⚠ Giá H1 + Macro lỗi attempt 1: nSoftwareFoundation.Python.3.13_qbz5n2kfra8p0\LocalCache\local-packages\Python313\site-packages\pandas\core\indexes\base.py", line 3648, in get_loc
    raise KeyError(key) from err
KeyError: 'EMA_21'

[2026-08-05 08:32:14] [INFO] ▶ Kích hoạt: Giá H4
[2026-08-05 08:32:16] [INFO] ✅ Giá H1 + Macro hoàn thành (attempt 1)
[2026-08-05 08:32:16] [Sync] Bắt đầu đẩy dữ liệu lên Github (Kích hoạt bởi: Giá H1 + Macro)...
[2026-08-05 08:32:17] [INFO] ✅ Giá H1 + Macro hoàn thành (attempt 1)
[2026-08-05 08:32:17] [Sync] Bắt đầu đẩy dữ liệu lên Github (Kích hoạt bởi: Giá H1 + Macro)...
[2026-08-05 08:32:20] [Sync] ✅ Đồng bộ Github thành công (Giá H1 + Macro)!
[2026-08-05 08:32:20] [INFO] ▶ Kích hoạt: Giá H4
[2026-08-05 08:32:21] [INFO] ✅ Giá H4 hoàn thành (attempt 1)
[2026-08-05 08:32:21] [Sync] Bắt đầu đẩy dữ liệu lên Github (Kích hoạt bởi: Giá H4)...
[2026-08-05 08:32:21] [Sync] ⚠️ Lỗi Github Push: b0b3d21ff1548e but expected 82fc2d6960d84a2f9215cc10d118f91df6f60266)
error: failed to push some refs to 'https://github.com/Thang-Cbot/dashboard.git'
[2026-08-05 08:32:21] [INFO] ▶ Kích hoạt: Giá H4
[2026-08-05 08:32:24] [Sync] ✅ Đồng bộ Github thành công (Giá H4)!
[2026-08-05 08:32:24] [INFO] ▶ Kích hoạt: Vĩ Mô (Macro)
[2026-08-05 08:32:28] [INFO] ✅ Vĩ Mô (Macro) hoàn thành (attempt 1)
[2026-08-05 08:32:28] [Sync] Bắt đầu đẩy dữ liệu lên Github (Kích hoạt bởi: Vĩ Mô (Macro))...
[2026-08-05 08:32:33] [Sync] ✅ Đồng bộ Github thành công (Vĩ Mô (Macro))!
[2026-08-05 08:32:33] [INFO] ⏰ Đợi Giá H1: còn 0.46h (05/08 09:00:05 VN)
[2026-08-05 08:32:34] [INFO] ✅ Giá H4 hoàn thành (attempt 1)
[2026-08-05 08:32:34] [Sync] Bắt đầu đẩy dữ liệu lên Github (Kích hoạt bởi: Giá H4)...
[2026-08-05 08:32:38] [Sync] ✅ Đồng bộ Github thành công (Giá H4)!
[2026-08-05 08:32:38] [INFO] ▶ Kích hoạt: Vĩ Mô (Macro)
[2026-08-05 08:32:40] [INFO] ✅ Giá H4 hoàn thành (attempt 1)
[2026-08-05 08:32:40] [Sync] Bắt đầu đẩy dữ liệu lên Github (Kích hoạt bởi: Giá H4)...
[2026-08-05 08:32:43] [Sync] ✅ Đồng bộ Github thành công (Giá H4)!
[2026-08-05 08:32:43] [INFO] ▶ Kích hoạt: Vĩ Mô (Macro)
[2026-08-05 08:32:44] [INFO] ✅ Vĩ Mô (Macro) hoàn thành (attempt 1)
[2026-08-05 08:32:44] [Sync] Bắt đầu đẩy dữ liệu lên Github (Kích hoạt bởi: Vĩ Mô (Macro))...
[2026-08-05 08:32:47] [INFO] ✅ Vĩ Mô (Macro) hoàn thành (attempt 1)
[2026-08-05 08:32:47] [Sync] Bắt đầu đẩy dữ liệu lên Github (Kích hoạt bởi: Vĩ Mô (Macro))...
[2026-08-05 08:32:48] [Sync] ✅ Đồng bộ Github thành công (Vĩ Mô (Macro))!
[2026-08-05 08:32:48] [INFO] Đang quét tín hiệu Telegram Alarm (SMC)...
[2026-08-05 08:32:49] [INFO] Đang phân tích AI tự động...
[2026-08-05 08:32:51] [Sync] ✅ Đồng bộ Github thành công (Vĩ Mô (Macro))!
[2026-08-05 08:32:51] [INFO] Đang quét tín hiệu Telegram Alarm (SMC)...
[2026-08-05 08:32:52] [INFO] Đang phân tích AI tự động...
[2026-08-05 08:32:54] [INFO] Đang chạy cập nhật Hồ sơ mã (run_pro_plus) và tạo Dashboard (gen_dashboard)...
[2026-08-05 08:32:55] [INFO] Đang chạy cập nhật Hồ sơ mã (run_pro_plus) và tạo Dashboard (gen_dashboard)...
[2026-08-05 08:33:07] [Sync] Bắt đầu đẩy dữ liệu lên Github (Kích hoạt bởi: Cập nhật Phân tích & Giao diện (H1))...
[2026-08-05 08:33:08] [Sync] Bắt đầu đẩy dữ liệu lên Github (Kích hoạt bởi: Cập nhật Phân tích & Giao diện (H1))...
[2026-08-05 08:33:12] [Sync] ✅ Đồng bộ Github thành công (Cập nhật Phân tích & Giao diện (H1))!
[2026-08-05 08:33:12] [INFO] ⏰ Đợi Giá H1: còn 0.45h (05/08 09:00:05 VN)
[2026-08-05 08:33:12] [Sync] ⚠️ Lỗi Github Push: 1b034f05becd3e but expected 04359269162ca94fd8078bd4fea236503d52ab7f)
error: failed to push some refs to 'https://github.com/Thang-Cbot/dashboard.git'
[2026-08-05 08:33:12] [INFO] ⏰ Đợi Giá H1: còn 0.45h (05/08 09:00:05 VN)
[2026-08-05 09:00:05] [INFO] ▶ Kích hoạt: Giá H1 + Macro
[2026-08-05 09:00:30] [INFO] ✅ Giá H1 + Macro hoàn thành (attempt 1)
[2026-08-05 09:00:30] [Sync] Bắt đầu đẩy dữ liệu lên Github (Kích hoạt bởi: Giá H1 + Macro)...
[2026-08-05 09:00:31] [INFO] ✅ Giá H1 + Macro hoàn thành (attempt 1)
[2026-08-05 09:00:31] [Sync] Bắt đầu đẩy dữ liệu lên Github (Kích hoạt bởi: Giá H1 + Macro)...
[2026-08-05 09:00:33] [INFO] ✅ Giá H1 + Macro hoàn thành (attempt 1)
[2026-08-05 09:00:33] [Sync] Bắt đầu đẩy dữ liệu lên Github (Kích hoạt bởi: Giá H1 + Macro)...
[2026-08-05 09:00:33] [Sync] ✅ Đồng bộ Github thành công (Giá H1 + Macro)!
[2026-08-05 09:00:33] [INFO] ▶ Kích hoạt: Giá H4
[2026-08-05 09:00:34] [Sync] ✅ Đồng bộ Github thành công (Giá H1 + Macro)!
[2026-08-05 09:00:34] [INFO] ▶ Kích hoạt: Giá H4
[2026-08-05 09:00:36] [Sync] ✅ Đồng bộ Github thành công (Giá H1 + Macro)!
[2026-08-05 09:00:36] [INFO] ▶ Kích hoạt: Giá H4
[2026-08-05 09:00:39] [INFO] ✅ Giá H4 hoàn thành (attempt 1)
[2026-08-05 09:00:39] [Sync] Bắt đầu đẩy dữ liệu lên Github (Kích hoạt bởi: Giá H4)...
[2026-08-05 09:00:40] [INFO] ✅ Giá H4 hoàn thành (attempt 1)
[2026-08-05 09:00:40] [Sync] Bắt đầu đẩy dữ liệu lên Github (Kích hoạt bởi: Giá H4)...
[2026-08-05 09:00:44] [Sync] ✅ Đồng bộ Github thành công (Giá H4)!
[2026-08-05 09:00:44] [INFO] ▶ Kích hoạt: Vĩ Mô (Macro)
[2026-08-05 09:00:44] [Sync] ⚠️ Lỗi Github Push: e5e4fc78fa63fc but expected 6abff7eb0fbf227f9d1febdb5e83f0f02725c89f)
error: failed to push some refs to 'https://github.com/Thang-Cbot/dashboard.git'
[2026-08-05 09:00:44] [INFO] ▶ Kích hoạt: Vĩ Mô (Macro)
[2026-08-05 09:00:44] [INFO] ✅ Giá H4 hoàn thành (attempt 1)
[2026-08-05 09:00:44] [Sync] Bắt đầu đẩy dữ liệu lên Github (Kích hoạt bởi: Giá H4)...
[2026-08-05 09:00:48] [Sync] ✅ Đồng bộ Github thành công (Giá H4)!
[2026-08-05 09:00:48] [INFO] ▶ Kích hoạt: Vĩ Mô (Macro)
[2026-08-05 09:00:48] [INFO] ✅ Vĩ Mô (Macro) hoàn thành (attempt 1)
[2026-08-05 09:00:48] [INFO] ✅ Vĩ Mô (Macro) hoàn thành (attempt 1)
[2026-08-05 09:00:48] [Sync] Bắt đầu đẩy dữ liệu lên Github (Kích hoạt bởi: Vĩ Mô (Macro))...
[2026-08-05 09:00:50] [INFO] ✅ Vĩ Mô (Macro) hoàn thành (attempt 1)
[2026-08-05 09:00:50] [Sync] Bắt đầu đẩy dữ liệu lên Github (Kích hoạt bởi: Vĩ Mô (Macro))...
[2026-08-05 09:00:51] [Sync] ✅ Đồng bộ Github thành công (Vĩ Mô (Macro))!
[2026-08-05 09:00:51] [INFO] Đang quét tín hiệu Telegram Alarm (SMC)...
[2026-08-05 09:00:51] [Sync] ⚠️ Lỗi Github Push: ce5bb1030b80f6 but expected a2a165e95c167ae47671910dfc32d1325fe8ac0b)
error: failed to push some refs to 'https://github.com/Thang-Cbot/dashboard.git'
[2026-08-05 09:00:51] [INFO] Đang quét tín hiệu Telegram Alarm (SMC)...
[2026-08-05 09:00:53] [INFO] Đang phân tích AI tự động...
[2026-08-05 09:00:53] [INFO] Đang phân tích AI tự động...
[2026-08-05 09:00:54] [Sync] ✅ Đồng bộ Github thành công (Vĩ Mô (Macro))!
[2026-08-05 09:00:54] [INFO] Đang quét tín hiệu Telegram Alarm (SMC)...
[2026-08-05 09:00:55] [INFO] Đang phân tích AI tự động...
[2026-08-05 09:00:57] [INFO] Đang chạy cập nhật Hồ sơ mã (run_pro_plus) và tạo Dashboard (gen_dashboard)...
[2026-08-05 09:00:57] [INFO] Đang chạy cập nhật Hồ sơ mã (run_pro_plus) và tạo Dashboard (gen_dashboard)...
[2026-08-05 09:00:58] [INFO] Đang chạy cập nhật Hồ sơ mã (run_pro_plus) và tạo Dashboard (gen_dashboard)...
[2026-08-05 09:01:07] [Sync] Bắt đầu đẩy dữ liệu lên Github (Kích hoạt bởi: Cập nhật Phân tích & Giao diện (H1))...
[2026-08-05 09:01:07] [Sync] Bắt đầu đẩy dữ liệu lên Github (Kích hoạt bởi: Cập nhật Phân tích & Giao diện (H1))...
[2026-08-05 09:01:10] [Sync] Bắt đầu đẩy dữ liệu lên Github (Kích hoạt bởi: Cập nhật Phân tích & Giao diện (H1))...
[2026-08-05 09:01:11] [Sync] ✅ Đồng bộ Github thành công (Cập nhật Phân tích & Giao diện (H1))!
[2026-08-05 09:01:11] [INFO] ⏰ Đợi Giá H1: còn 0.98h (05/08 10:00:05 VN)
[2026-08-05 09:01:11] [Sync] ⚠️ Lỗi Github Push: 5c02512290adc1 but expected 1637d7034590709e659ce546bc92ddeab837f9c7)
error: failed to push some refs to 'https://github.com/Thang-Cbot/dashboard.git'
[2026-08-05 09:01:11] [INFO] ⏰ Đợi Giá H1: còn 0.98h (05/08 10:00:05 VN)
[2026-08-05 09:01:13] [Sync] ✅ Đồng bộ Github thành công (Cập nhật Phân tích & Giao diện (H1))!
[2026-08-05 09:01:13] [INFO] ⏰ Đợi Giá H1: còn 0.98h (05/08 10:00:05 VN)
[2026-08-05 09:39:40] [INFO] ============================================================
[2026-08-05 09:39:40] [INFO]   CBOT PRECISION SCHEDULER V2 — KHỞI ĐỘNG
[2026-08-05 09:39:40] [INFO] ============================================================
[2026-08-05 09:39:40] [INFO] Lịch trình đang chạy:
[2026-08-05 09:39:40] [INFO]   [Giá H1 + Macro]    : Phút :15 mỗi giờ giao dịch
[2026-08-05 09:39:40] [INFO]   [COT CFTC]          : Thứ Bảy 07:15 VN
[2026-08-05 09:39:40] [INFO]   [USDA Crop Progress]: Thứ Hai 22:00 VN
[2026-08-05 09:39:40] [INFO]   [Export Sales]      : Thứ Năm 21:32 VN
[2026-08-05 09:39:40] [INFO]   [WASDE Monthly]     : Ngày 10 hàng tháng, 23:00 VN
[2026-08-05 09:39:40] [INFO]   [Thời Tiết Ngắn]    : 06:00 hàng ngày
[2026-08-05 09:39:40] [INFO]   [ENSO Long-Term]    : Thứ Hai 06:30 VN
[2026-08-05 09:39:40] [INFO]   [USDA Acreage]      : 05:30 hàng ngày
[2026-08-05 09:39:40] [INFO]   [AI Điểm Tin]       : 06:00 và 20:00 hàng ngày
[2026-08-05 09:39:40] [INFO]   [AI Tin Biển Đen]   : Thứ Tư & Chủ Nhật 07:00 VN
[2026-08-05 09:39:40] [INFO]   [Số Liệu Mùa Vụ Nga]: 07:30 hàng ngày
[2026-08-05 09:39:40] [INFO] ------------------------------------------------------------
[2026-08-05 09:39:40] [INFO]   ✅ Thread khởi động: job_prices
 Giá ngay khi vừa khởi động hệ thống...
[2026-08-05 09:39:40] [INFO] ▶ Kích hoạt: Giá H1 + Macro
[2026-08-05 09:39:40] [INFO]   ✅ Thread khởi động: job_cot
8 07:15:02 VN)
[2026-08-05 09:39:40] [INFO]   ✅ Thread khởi động: job_crop_progress
:00:02 VN)
[2026-08-05 09:39:40] [INFO]   ✅ Thread khởi động: job_export_sales
32:02 VN)
[2026-08-05 09:39:40] [INFO]   ✅ Thread khởi động: job_wasde
10/08 23:00:02 VN)
[2026-08-05 09:39:40] [INFO]   ✅ Thread khởi động: job_weather_short
00:02 VN)
[2026-08-05 09:39:40] [INFO]   ✅ Thread khởi động: job_weather_long
06:30:02 VN)
[2026-08-05 09:39:40] [INFO]   ✅ Thread khởi động: job_acreage
6/08 05:30:02 VN)
[2026-08-05 09:39:40] [INFO]   ✅ Thread khởi động: job_ai_news
00:02 VN)
[2026-08-05 09:39:40] [INFO]   ✅ Thread khởi động: job_blacksea_news
:00:02 VN)
[2026-08-05 09:39:40] [INFO]   ✅ Thread khởi động: job_russian_metrics
30:02 VN)
[2026-08-05 09:39:40] [INFO] ============================================================
[2026-08-05 09:39:40] [INFO] Scheduler đang chạy ngầm. Nhấn Ctrl+C để dừng.
[2026-08-05 09:39:53] [INFO] ✅ Giá H1 + Macro hoàn thành (attempt 1)
[2026-08-05 09:39:53] [Sync] Bắt đầu đẩy dữ liệu lên Github (Kích hoạt bởi: Giá H1 + Macro)...
[2026-08-05 09:39:57] [Sync] ✅ Đồng bộ Github thành công (Giá H1 + Macro)!
[2026-08-05 09:39:57] [INFO] ▶ Kích hoạt: Giá H4
[2026-08-05 09:40:03] [INFO] ✅ Giá H4 hoàn thành (attempt 1)
[2026-08-05 09:40:03] [Sync] Bắt đầu đẩy dữ liệu lên Github (Kích hoạt bởi: Giá H4)...
[2026-08-05 09:40:06] [Sync] ✅ Đồng bộ Github thành công (Giá H4)!
[2026-08-05 09:40:06] [INFO] ▶ Kích hoạt: Vĩ Mô (Macro)
[2026-08-05 09:40:10] [INFO] ✅ Vĩ Mô (Macro) hoàn thành (attempt 1)
[2026-08-05 09:40:10] [Sync] Bắt đầu đẩy dữ liệu lên Github (Kích hoạt bởi: Vĩ Mô (Macro))...
[2026-08-05 09:40:14] [Sync] ✅ Đồng bộ Github thành công (Vĩ Mô (Macro))!
[2026-08-05 09:40:14] [INFO] Đang quét tín hiệu Telegram Alarm (SMC)...
[2026-08-05 09:40:15] [INFO] Đang phân tích AI tự động...
[2026-08-05 09:40:18] [INFO] Đang chạy cập nhật Hồ sơ mã (run_pro_plus) và tạo Dashboard (gen_dashboard)...
[2026-08-05 09:40:35] [Sync] Bắt đầu đẩy dữ liệu lên Github (Kích hoạt bởi: Cập nhật Phân tích & Giao diện (H1))...
[2026-08-05 09:40:40] [Sync] ✅ Đồng bộ Github thành công (Cập nhật Phân tích & Giao diện (H1))!
[2026-08-05 09:40:40] [INFO] ⏰ Đợi Giá H1: còn 0.32h (05/08 10:00:05 VN)
[2026-08-05 10:11:06] [INFO] ▶ Kích hoạt: Giá H1 + Macro
[2026-08-05 10:11:06] [INFO] ▶ Kích hoạt: Giá H1 + Macro
[2026-08-05 10:11:06] [INFO] ▶ Kích hoạt: Giá H1 + Macro
[2026-08-05 10:11:36] [INFO] ✅ Giá H1 + Macro hoàn thành (attempt 1)
[2026-08-05 10:11:36] [Sync] Bắt đầu đẩy dữ liệu lên Github (Kích hoạt bởi: Giá H1 + Macro)...
[2026-08-05 10:11:36] [INFO] ✅ Giá H1 + Macro hoàn thành (attempt 1)
[2026-08-05 10:11:36] [Sync] Bắt đầu đẩy dữ liệu lên Github (Kích hoạt bởi: Giá H1 + Macro)...
[2026-08-05 10:11:37] [INFO] ✅ Giá H1 + Macro hoàn thành (attempt 1)
[2026-08-05 10:11:37] [Sync] Bắt đầu đẩy dữ liệu lên Github (Kích hoạt bởi: Giá H1 + Macro)...
[2026-08-05 10:11:37] [INFO] ✅ Giá H1 + Macro hoàn thành (attempt 1)
[2026-08-05 10:11:37] [Sync] Bắt đầu đẩy dữ liệu lên Github (Kích hoạt bởi: Giá H1 + Macro)...
[2026-08-05 11:14:10] [Sync] ⚠️ Lỗi Github Push: : Connection was reset
send-pack: unexpected disconnect while reading sideband packet
fatal: the remote end hung up unexpectedly
Everything up-to-date
[2026-08-05 11:14:10] [Sync] ⚠️ Lỗi Github Push: : Connection was reset
send-pack: unexpected disconnect while reading sideband packet
fatal: the remote end hung up unexpectedly
Everything up-to-date
[2026-08-05 11:14:10] [INFO] ▶ Kích hoạt: Giá H4
[2026-08-05 11:14:10] [Sync] ⚠️ Lỗi Github Push: : Connection was reset
send-pack: unexpected disconnect while reading sideband packet
fatal: the remote end hung up unexpectedly
Everything up-to-date
[2026-08-05 11:14:10] [INFO] ▶ Kích hoạt: Giá H4
 Connection was reset
send-pack: unexpected disconnect while reading sideband packet
fatal: the remote end hung up unexpectedly
Everything up-to-date
[2026-08-05 11:14:10] [INFO] ▶ Kích hoạt: Giá H4
[2026-08-05 11:14:29] [INFO] ✅ Giá H4 hoàn thành (attempt 1)
[2026-08-05 11:14:29] [Sync] Bắt đầu đẩy dữ liệu lên Github (Kích hoạt bởi: Giá H4)...
[2026-08-05 11:14:30] [INFO] ✅ Giá H4 hoàn thành (attempt 1)
[2026-08-05 11:14:30] [Sync] Bắt đầu đẩy dữ liệu lên Github (Kích hoạt bởi: Giá H4)...
[2026-08-05 11:14:30] [INFO] ✅ Giá H4 hoàn thành (attempt 1)
[2026-08-05 11:14:30] [Sync] Bắt đầu đẩy dữ liệu lên Github (Kích hoạt bởi: Giá H4)...
[2026-08-05 11:14:31] [INFO] ✅ Giá H4 hoàn thành (attempt 1)
[2026-08-05 11:14:31] [Sync] Bắt đầu đẩy dữ liệu lên Github (Kích hoạt bởi: Giá H4)...
[2026-08-05 11:14:34] [Sync] ✅ Đồng bộ Github thành công (Giá H4)!
[2026-08-05 11:14:34] [INFO] ▶ Kích hoạt: Vĩ Mô (Macro)
[2026-08-05 11:14:34] [Sync] ⚠️ Lỗi Github Push: e6dffa715c2f58 but expected 2999865d4c0e1da8dfa74a807a7c97987defa3bc)
error: failed to push some refs to 'https://github.com/Thang-Cbot/dashboard.git'
[2026-08-05 11:14:34] [INFO] ▶ Kích hoạt: Vĩ Mô (Macro)
[2026-08-05 11:14:35] [Sync] ⚠️ Lỗi Github Push: e6dffa715c2f58 but expected 2999865d4c0e1da8dfa74a807a7c97987defa3bc)
error: failed to push some refs to 'https://github.com/Thang-Cbot/dashboard.git'
[2026-08-05 11:14:35] [INFO] ▶ Kích hoạt: Vĩ Mô (Macro)
[2026-08-05 11:14:37] [INFO] ✅ Vĩ Mô (Macro) hoàn thành (attempt 1)
[2026-08-05 11:14:37] [Sync] Bắt đầu đẩy dữ liệu lên Github (Kích hoạt bởi: Vĩ Mô (Macro))...
[2026-08-05 11:14:37] [INFO] ✅ Vĩ Mô (Macro) hoàn thành (attempt 1)
[2026-08-05 11:14:37] [Sync] Bắt đầu đẩy dữ liệu lên Github (Kích hoạt bởi: Vĩ Mô (Macro))...
[2026-08-05 11:14:38] [INFO] ✅ Vĩ Mô (Macro) hoàn thành (attempt 1)
[2026-08-05 11:14:38] [Sync] Bắt đầu đẩy dữ liệu lên Github (Kích hoạt bởi: Vĩ Mô (Macro))...
[2026-08-05 11:14:42] [Sync] ✅ Đồng bộ Github thành công (Vĩ Mô (Macro))!
[2026-08-05 11:14:42] [INFO] Đang quét tín hiệu Telegram Alarm (SMC)...
[2026-08-05 11:14:42] [Sync] ⚠️ Lỗi Github Push: 470928a535a891 but expected 1fbd25a6096b86f1e173e716b7e6dffa715c2f58)
error: failed to push some refs to 'https://github.com/Thang-Cbot/dashboard.git'
[2026-08-05 11:14:42] [INFO] Đang quét tín hiệu Telegram Alarm (SMC)...
[2026-08-05 11:14:42] [Sync] ⚠️ Lỗi Github Push: 470928a535a891 but expected 1fbd25a6096b86f1e173e716b7e6dffa715c2f58)
error: failed to push some refs to 'https://github.com/Thang-Cbot/dashboard.git'
[2026-08-05 11:14:42] [INFO] Đang quét tín hiệu Telegram Alarm (SMC)...
[2026-08-05 11:15:31] [INFO] Đang phân tích AI tự động...
[2026-08-05 11:15:31] [INFO] Đang phân tích AI tự động...
[2026-08-05 11:15:31] [INFO] Đang phân tích AI tự động...
[2026-08-05 11:16:07] [Sync] ✅ Đồng bộ Github thành công (Giá H4)!
[2026-08-05 11:16:07] [INFO] ▶ Kích hoạt: Vĩ Mô (Macro)
[2026-08-05 11:16:11] [INFO] ✅ Vĩ Mô (Macro) hoàn thành (attempt 1)
[2026-08-05 11:16:11] [Sync] Bắt đầu đẩy dữ liệu lên Github (Kích hoạt bởi: Vĩ Mô (Macro))...
[2026-08-05 11:16:15] [Sync] ✅ Đồng bộ Github thành công (Vĩ Mô (Macro))!
[2026-08-05 11:16:15] [INFO] Đang quét tín hiệu Telegram Alarm (SMC)...
[2026-08-05 11:16:16] [INFO] Đang phân tích AI tự động...
[2026-08-05 11:16:32] [INFO] Đang chạy cập nhật Hồ sơ mã (run_pro_plus) và tạo Dashboard (gen_dashboard)...
[2026-08-05 11:16:43] [Sync] Bắt đầu đẩy dữ liệu lên Github (Kích hoạt bởi: Cập nhật Phân tích & Giao diện (H1))...
[2026-08-05 11:16:49] [Sync] ✅ Đồng bộ Github thành công (Cập nhật Phân tích & Giao diện (H1))!
[2026-08-05 11:16:49] [INFO] ⏰ Đợi Giá H1: còn 0.72h (05/08 12:00:05 VN)
[2026-08-05 11:18:24] [INFO] Đang chạy cập nhật Hồ sơ mã (run_pro_plus) và tạo Dashboard (gen_dashboard)...
[2026-08-05 11:18:24] [INFO] Đang chạy cập nhật Hồ sơ mã (run_pro_plus) và tạo Dashboard (gen_dashboard)...
[2026-08-05 11:18:36] [Sync] Bắt đầu đẩy dữ liệu lên Github (Kích hoạt bởi: Cập nhật Phân tích & Giao diện (H1))...
[2026-08-05 11:18:36] [Sync] Bắt đầu đẩy dữ liệu lên Github (Kích hoạt bởi: Cập nhật Phân tích & Giao diện (H1))...
[2026-08-05 11:18:38] [INFO] Đang chạy cập nhật Hồ sơ mã (run_pro_plus) và tạo Dashboard (gen_dashboard)...
[2026-08-05 11:18:41] [Sync] ✅ Đồng bộ Github thành công (Cập nhật Phân tích & Giao diện (H1))!
[2026-08-05 11:18:41] [INFO] ⏰ Đợi Giá H1: còn 0.69h (05/08 12:00:05 VN)
[2026-08-05 11:18:41] [Sync] ⚠️ Lỗi Github Push: 079c81451e0fac but expected 21e502b470665861cc3c01e6b4f50c0cbd525690)
error: failed to push some refs to 'https://github.com/Thang-Cbot/dashboard.git'
[2026-08-05 11:18:48] [Sync] Bắt đầu đẩy dữ liệu lên Github (Kích hoạt bởi: Cập nhật Phân tích & Giao diện (H1))...
[2026-08-05 11:18:52] [Sync] ✅ Đồng bộ Github thành công (Cập nhật Phân tích & Giao diện (H1))!
[2026-08-05 11:18:52] [INFO] ⏰ Đợi Giá H1: còn 0.69h (05/08 12:00:05 VN)
[2026-08-05 11:19:14] [WARN] ⚠ Thread job_prices đã chết! Đang khởi động lại...
[2026-08-05 11:20:14] [WARN] ⚠ Thread job_prices đã chết! Đang khởi động lại...
[2026-08-05 11:21:14] [WARN] ⚠ Thread job_prices đã chết! Đang khởi động lại...
[2026-08-05 11:22:14] [WARN] ⚠ Thread job_prices đã chết! Đang khởi động lại...
[2026-08-05 11:23:14] [WARN] ⚠ Thread job_prices đã chết! Đang khởi động lại...
[2026-08-05 11:24:14] [WARN] ⚠ Thread job_prices đã chết! Đang khởi động lại...
[2026-08-05 11:25:14] [WARN] ⚠ Thread job_prices đã chết! Đang khởi động lại...
[2026-08-05 11:26:14] [WARN] ⚠ Thread job_prices đã chết! Đang khởi động lại...
[2026-08-05 12:32:19] [WARN] ⚠ Thread job_prices đã chết! Đang khởi động lại...
[2026-08-05 12:33:19] [WARN] ⚠ Thread job_prices đã chết! Đang khởi động lại...
[2026-08-05 12:34:19] [WARN] ⚠ Thread job_prices đã chết! Đang khởi động lại...
[2026-08-05 12:35:19] [WARN] ⚠ Thread job_prices đã chết! Đang khởi động lại...
[2026-08-05 12:36:19] [WARN] ⚠ Thread job_prices đã chết! Đang khởi động lại...
[2026-08-05 12:37:19] [WARN] ⚠ Thread job_prices đã chết! Đang khởi động lại...
[2026-08-05 12:38:19] [WARN] ⚠ Thread job_prices đã chết! Đang khởi động lại...
[2026-08-05 12:39:19] [WARN] ⚠ Thread job_prices đã chết! Đang khởi động lại...
[2026-08-05 13:09:45] [WARN] ⚠ Thread job_prices đã chết! Đang khởi động lại...
[2026-08-05 13:10:45] [WARN] ⚠ Thread job_prices đã chết! Đang khởi động lại...
[2026-08-05 13:11:45] [WARN] ⚠ Thread job_prices đã chết! Đang khởi động lại...
[2026-08-05 13:12:45] [WARN] ⚠ Thread job_prices đã chết! Đang khởi động lại...
[2026-08-05 13:13:45] [WARN] ⚠ Thread job_prices đã chết! Đang khởi động lại...
[2026-08-05 13:14:45] [WARN] ⚠ Thread job_prices đã chết! Đang khởi động lại...
[2026-08-05 13:15:45] [WARN] ⚠ Thread job_prices đã chết! Đang khởi động lại...
[2026-08-05 13:16:45] [WARN] ⚠ Thread job_prices đã chết! Đang khởi động lại...
[2026-08-05 13:17:45] [WARN] ⚠ Thread job_prices đã chết! Đang khởi động lại...
[2026-08-05 13:18:45] [WARN] ⚠ Thread job_prices đã chết! Đang khởi động lại...
[2026-08-05 13:19:45] [WARN] ⚠ Thread job_prices đã chết! Đang khởi động lại...
[2026-08-05 13:20:45] [WARN] ⚠ Thread job_prices đã chết! Đang khởi động lại...
[2026-08-05 13:21:45] [WARN] ⚠ Thread job_prices đã chết! Đang khởi động lại...
[2026-08-05 13:22:45] [WARN] ⚠ Thread job_prices đã chết! Đang khởi động lại...
[2026-08-05 13:23:45] [WARN] ⚠ Thread job_prices đã chết! Đang khởi động lại...
[2026-08-05 13:24:45] [WARN] ⚠ Thread job_prices đã chết! Đang khởi động lại...
[2026-08-05 13:25:45] [WARN] ⚠ Thread job_prices đã chết! Đang khởi động lại...
[2026-08-05 13:26:45] [WARN] ⚠ Thread job_prices đã chết! Đang khởi động lại...
[2026-08-05 13:27:45] [WARN] ⚠ Thread job_prices đã chết! Đang khởi động lại...
[2026-08-05 13:28:45] [WARN] ⚠ Thread job_prices đã chết! Đang khởi động lại...
[2026-08-05 13:29:45] [WARN] ⚠ Thread job_prices đã chết! Đang khởi động lại...
[2026-08-05 13:30:45] [WARN] ⚠ Thread job_prices đã chết! Đang khởi động lại...
[2026-08-05 13:31:45] [WARN] ⚠ Thread job_prices đã chết! Đang khởi động lại...
[2026-08-05 13:32:45] [WARN] ⚠ Thread job_prices đã chết! Đang khởi động lại...
[2026-08-05 13:33:45] [WARN] ⚠ Thread job_prices đã chết! Đang khởi động lại...
[2026-08-05 13:34:35] [INFO] ▶ Kích hoạt: Giá H1 + Macro
[2026-08-05 13:34:35] [INFO] ▶ Kích hoạt: Giá H1 + Macro
[2026-08-05 13:34:45] [WARN] ⚠ Thread job_prices đã chết! Đang khởi động lại...
[2026-08-05 13:35:11] [INFO] ✅ Giá H1 + Macro hoàn thành (attempt 1)
[2026-08-05 13:35:11] [Sync] Bắt đầu đẩy dữ liệu lên Github (Kích hoạt bởi: Giá H1 + Macro)...
[2026-08-05 13:35:14] [INFO] ✅ Giá H1 + Macro hoàn thành (attempt 1)
[2026-08-05 13:35:14] [Sync] Bắt đầu đẩy dữ liệu lên Github (Kích hoạt bởi: Giá H1 + Macro)...
[2026-08-05 13:35:15] [INFO] ✅ Giá H1 + Macro hoàn thành (attempt 1)
[2026-08-05 13:35:15] [Sync] Bắt đầu đẩy dữ liệu lên Github (Kích hoạt bởi: Giá H1 + Macro)...
[2026-08-05 13:35:15] [Sync] ✅ Đồng bộ Github thành công (Giá H1 + Macro)!
[2026-08-05 13:35:15] [INFO] ▶ Kích hoạt: Giá H4
[2026-08-05 13:35:17] [Sync] ✅ Đồng bộ Github thành công (Giá H1 + Macro)!
[2026-08-05 13:35:17] [INFO] ▶ Kích hoạt: Giá H4
[2026-08-05 13:35:18] [Sync] ⚠️ Lỗi Github Push: cce3a69f2ee74f but expected b776e91147b1ff22de2d29d1ad52e6ab99bff0dd)
error: failed to push some refs to 'https://github.com/Thang-Cbot/dashboard.git'
[2026-08-05 13:35:18] [INFO] ▶ Kích hoạt: Giá H4
[2026-08-05 13:35:20] [INFO] ✅ Giá H4 hoàn thành (attempt 1)
[2026-08-05 13:35:20] [Sync] Bắt đầu đẩy dữ liệu lên Github (Kích hoạt bởi: Giá H4)...
[2026-08-05 13:35:22] [INFO] ✅ Giá H4 hoàn thành (attempt 1)
[2026-08-05 13:35:22] [Sync] Bắt đầu đẩy dữ liệu lên Github (Kích hoạt bởi: Giá H4)...
[2026-08-05 13:35:22] [INFO] ✅ Giá H4 hoàn thành (attempt 1)
[2026-08-05 13:35:22] [Sync] Bắt đầu đẩy dữ liệu lên Github (Kích hoạt bởi: Giá H4)...
[2026-08-05 13:35:23] [Sync] ✅ Đồng bộ Github thành công (Giá H4)!
[2026-08-05 13:35:23] [INFO] ▶ Kích hoạt: Vĩ Mô (Macro)
[2026-08-05 13:35:25] [Sync] ✅ Đồng bộ Github thành công (Giá H4)!
[2026-08-05 13:35:25] [INFO] ▶ Kích hoạt: Vĩ Mô (Macro)
[2026-08-05 13:35:26] [Sync] ⚠️ Lỗi Github Push: 27aa31c6dbe92b but expected efa10d77edacddff965206ac5836c83a1b61bd13)
error: failed to push some refs to 'https://github.com/Thang-Cbot/dashboard.git'
[2026-08-05 13:35:26] [INFO] ▶ Kích hoạt: Vĩ Mô (Macro)
[2026-08-05 13:35:26] [INFO] ✅ Vĩ Mô (Macro) hoàn thành (attempt 1)
[2026-08-05 13:35:26] [Sync] Bắt đầu đẩy dữ liệu lên Github (Kích hoạt bởi: Vĩ Mô (Macro))...
[2026-08-05 13:35:29] [INFO] ✅ Vĩ Mô (Macro) hoàn thành (attempt 1)
[2026-08-05 13:35:29] [Sync] Bắt đầu đẩy dữ liệu lên Github (Kích hoạt bởi: Vĩ Mô (Macro))...
[2026-08-05 13:35:29] [INFO] ✅ Vĩ Mô (Macro) hoàn thành (attempt 1)
[2026-08-05 13:35:29] [Sync] Bắt đầu đẩy dữ liệu lên Github (Kích hoạt bởi: Vĩ Mô (Macro))...
[2026-08-05 13:35:30] [Sync] ✅ Đồng bộ Github thành công (Vĩ Mô (Macro))!
[2026-08-05 13:35:30] [INFO] Đang quét tín hiệu Telegram Alarm (SMC)...
[2026-08-05 13:35:33] [Sync] ✅ Đồng bộ Github thành công (Vĩ Mô (Macro))!
[2026-08-05 13:35:33] [INFO] Đang quét tín hiệu Telegram Alarm (SMC)...
[2026-08-05 13:35:33] [Sync] ⚠️ Lỗi Github Push: 98507ba802c8b0 but expected 940bd442339d9a5d600dd5cc912ee8cecb3d7c3b)
error: failed to push some refs to 'https://github.com/Thang-Cbot/dashboard.git'
[2026-08-05 13:35:33] [INFO] Đang quét tín hiệu Telegram Alarm (SMC)...
[2026-08-05 13:35:34] [INFO] Đang phân tích AI tự động...
[2026-08-05 13:35:35] [INFO] Đang phân tích AI tự động...
[2026-08-05 13:35:35] [INFO] Đang phân tích AI tự động...
[2026-08-05 13:35:44] [INFO] Đang chạy cập nhật Hồ sơ mã (run_pro_plus) và tạo Dashboard (gen_dashboard)...
[2026-08-05 13:35:44] [INFO] Đang chạy cập nhật Hồ sơ mã (run_pro_plus) và tạo Dashboard (gen_dashboard)...
[2026-08-05 13:35:45] [WARN] ⚠ Thread job_prices đã chết! Đang khởi động lại...
[2026-08-05 13:35:48] [Sync] Bắt đầu đẩy dữ liệu lên Github (Kích hoạt bởi: Cập nhật Phân tích & Giao diện (H1))...
[2026-08-05 13:35:52] [Sync] ✅ Đồng bộ Github thành công (Cập nhật Phân tích & Giao diện (H1))!
[2026-08-05 13:35:52] [INFO] ⏰ Đợi Giá H1: còn 0.40h (05/08 14:00:05 VN)
[2026-08-05 13:35:56] [Sync] Bắt đầu đẩy dữ liệu lên Github (Kích hoạt bởi: Cập nhật Phân tích & Giao diện (H1))...
[2026-08-05 13:35:57] [INFO] Đang chạy cập nhật Hồ sơ mã (run_pro_plus) và tạo Dashboard (gen_dashboard)...
[2026-08-05 13:36:00] [Sync] ❌ Lỗi đồng bộ Github: [Errno 22] Invalid argument
[2026-08-05 13:36:00] [INFO] ⏰ Đợi Giá H1: còn 0.40h (05/08 14:00:05 VN)
[2026-08-05 13:36:08] [Sync] Bắt đầu đẩy dữ liệu lên Github (Kích hoạt bởi: Cập nhật Phân tích & Giao diện (H1))...
[2026-08-05 13:36:11] [Sync] ✅ Đồng bộ Github thành công (Cập nhật Phân tích & Giao diện (H1))!
[2026-08-05 13:36:11] [INFO] ⏰ Đợi Giá H1: còn 0.40h (05/08 14:00:05 VN)
[2026-08-05 13:36:45] [WARN] ⚠ Thread job_prices đã chết! Đang khởi động lại...
[2026-08-05 13:37:45] [WARN] ⚠ Thread job_prices đã chết! Đang khởi động lại...
[2026-08-05 13:38:45] [WARN] ⚠ Thread job_prices đã chết! Đang khởi động lại...
[2026-08-05 13:39:45] [WARN] ⚠ Thread job_prices đã chết! Đang khởi động lại...
[2026-08-05 13:40:45] [WARN] ⚠ Thread job_prices đã chết! Đang khởi động lại...
[2026-08-05 13:41:45] [WARN] ⚠ Thread job_prices đã chết! Đang khởi động lại...
[2026-08-05 13:42:45] [WARN] ⚠ Thread job_prices đã chết! Đang khởi động lại...
[2026-08-05 13:43:45] [WARN] ⚠ Thread job_prices đã chết! Đang khởi động lại...
[2026-08-05 13:44:45] [WARN] ⚠ Thread job_prices đã chết! Đang khởi động lại...
[2026-08-05 13:45:45] [WARN] ⚠ Thread job_prices đã chết! Đang khởi động lại...
[2026-08-05 13:46:45] [WARN] ⚠ Thread job_prices đã chết! Đang khởi động lại...
[2026-08-05 13:47:45] [WARN] ⚠ Thread job_prices đã chết! Đang khởi động lại...
[2026-08-05 13:48:45] [WARN] ⚠ Thread job_prices đã chết! Đang khởi động lại...
[2026-08-05 13:49:45] [WARN] ⚠ Thread job_prices đã chết! Đang khởi động lại...
[2026-08-05 13:50:45] [WARN] ⚠ Thread job_prices đã chết! Đang khởi động lại...
[2026-08-05 13:51:45] [WARN] ⚠ Thread job_prices đã chết! Đang khởi động lại...
[2026-08-05 14:44:35] [WARN] ⚠ Thread job_prices đã chết! Đang khởi động lại...
[2026-08-05 14:45:35] [WARN] ⚠ Thread job_prices đã chết! Đang khởi động lại...
[2026-08-05 14:46:35] [WARN] ⚠ Thread job_prices đã chết! Đang khởi động lại...
[2026-08-05 14:47:35] [WARN] ⚠ Thread job_prices đã chết! Đang khởi động lại...
[2026-08-05 14:48:35] [WARN] ⚠ Thread job_prices đã chết! Đang khởi động lại...
[2026-08-05 14:49:35] [WARN] ⚠ Thread job_prices đã chết! Đang khởi động lại...
[2026-08-05 14:50:35] [WARN] ⚠ Thread job_prices đã chết! Đang khởi động lại...
[2026-08-05 14:51:35] [WARN] ⚠ Thread job_prices đã chết! Đang khởi động lại...
[2026-08-05 14:51:55] [INFO] ▶ Kích hoạt: Giá H1 + Macro
[2026-08-05 14:51:55] [INFO] ▶ Kích hoạt: Giá H1 + Macro
[2026-08-05 14:52:26] [INFO] ✅ Giá H1 + Macro hoàn thành (attempt 1)
[2026-08-05 14:52:26] [Sync] Bắt đầu đẩy dữ liệu lên Github (Kích hoạt bởi: Giá H1 + Macro)...
[2026-08-05 14:52:26] [INFO] ✅ Giá H1 + Macro hoàn thành (attempt 1)
[2026-08-05 14:52:26] [Sync] Bắt đầu đẩy dữ liệu lên Github (Kích hoạt bởi: Giá H1 + Macro)...
[2026-08-05 14:52:27] [INFO] ✅ Giá H1 + Macro hoàn thành (attempt 1)
[2026-08-05 14:52:27] [Sync] Bắt đầu đẩy dữ liệu lên Github (Kích hoạt bởi: Giá H1 + Macro)...
[2026-08-05 14:52:31] [Sync] ✅ Đồng bộ Github thành công (Giá H1 + Macro)!
[2026-08-05 14:52:31] [INFO] ▶ Kích hoạt: Giá H4
[2026-08-05 14:52:31] [Sync] ⚠️ Lỗi Github Push: 99019c04e3c3de but expected 0591df453be9afeb88fcb57573ab3a2c64fbf831)
error: failed to push some refs to 'https://github.com/Thang-Cbot/dashboard.git'
[2026-08-05 14:52:31] [INFO] ▶ Kích hoạt: Giá H4
[2026-08-05 14:52:31] [Sync] ⚠️ Lỗi Github Push: 99019c04e3c3de but expected 0591df453be9afeb88fcb57573ab3a2c64fbf831)
error: failed to push some refs to 'https://github.com/Thang-Cbot/dashboard.git'
[2026-08-05 14:52:31] [INFO] ▶ Kích hoạt: Giá H4
[2026-08-05 14:52:35] [WARN] ⚠ Thread job_prices đã chết! Đang khởi động lại...
[2026-08-05 14:52:37] [INFO] ✅ Giá H4 hoàn thành (attempt 1)
[2026-08-05 14:52:37] [Sync] Bắt đầu đẩy dữ liệu lên Github (Kích hoạt bởi: Giá H4)...
[2026-08-05 14:52:38] [INFO] ✅ Giá H4 hoàn thành (attempt 1)
[2026-08-05 14:52:38] [Sync] Bắt đầu đẩy dữ liệu lên Github (Kích hoạt bởi: Giá H4)...
[2026-08-05 14:52:39] [INFO] ✅ Giá H4 hoàn thành (attempt 1)
[2026-08-05 14:52:39] [Sync] Bắt đầu đẩy dữ liệu lên Github (Kích hoạt bởi: Giá H4)...
[2026-08-05 14:52:41] [Sync] ✅ Đồng bộ Github thành công (Giá H4)!
[2026-08-05 14:52:41] [INFO] ▶ Kích hoạt: Vĩ Mô (Macro)
[2026-08-05 14:52:41] [Sync] ⚠️ Lỗi Github Push: aa2c8181682109 but expected 7ad843b15cec540566a85cb69699019c04e3c3de)
error: failed to push some refs to 'https://github.com/Thang-Cbot/dashboard.git'
[2026-08-05 14:52:41] [INFO] ▶ Kích hoạt: Vĩ Mô (Macro)
[2026-08-05 14:52:42] [Sync] ⚠️ Lỗi Github Push: aa2c8181682109 but expected 7ad843b15cec540566a85cb69699019c04e3c3de)
error: failed to push some refs to 'https://github.com/Thang-Cbot/dashboard.git'
[2026-08-05 14:52:42] [INFO] ▶ Kích hoạt: Vĩ Mô (Macro)
[2026-08-05 14:52:44] [INFO] ✅ Vĩ Mô (Macro) hoàn thành (attempt 1)
[2026-08-05 14:52:44] [Sync] Bắt đầu đẩy dữ liệu lên Github (Kích hoạt bởi: Vĩ Mô (Macro))...
[2026-08-05 14:52:45] [INFO] ✅ Vĩ Mô (Macro) hoàn thành (attempt 1)
[2026-08-05 14:52:45] [Sync] Bắt đầu đẩy dữ liệu lên Github (Kích hoạt bởi: Vĩ Mô (Macro))...
[2026-08-05 14:52:45] [INFO] ✅ Vĩ Mô (Macro) hoàn thành (attempt 1)
[2026-08-05 14:52:45] [Sync] Bắt đầu đẩy dữ liệu lên Github (Kích hoạt bởi: Vĩ Mô (Macro))...
[2026-08-05 14:52:49] [Sync] ✅ Đồng bộ Github thành công (Vĩ Mô (Macro))!
[2026-08-05 14:52:49] [INFO] Đang quét tín hiệu Telegram Alarm (SMC)...
[2026-08-05 14:52:49] [Sync] ⚠️ Lỗi Github Push: fe75b7f5a3e377 but expected bd43cbc66b4ed775ef14d804b9aa2c8181682109)
error: failed to push some refs to 'https://github.com/Thang-Cbot/dashboard.git'
[2026-08-05 14:52:49] [INFO] Đang quét tín hiệu Telegram Alarm (SMC)...
[2026-08-05 14:52:49] [Sync] ⚠️ Lỗi Github Push: fe75b7f5a3e377 but expected bd43cbc66b4ed775ef14d804b9aa2c8181682109)
error: failed to push some refs to 'https://github.com/Thang-Cbot/dashboard.git'
[2026-08-05 14:52:49] [INFO] Đang quét tín hiệu Telegram Alarm (SMC)...
[2026-08-05 14:52:52] [INFO] Đang phân tích AI tự động...
[2026-08-05 14:52:52] [INFO] Đang phân tích AI tự động...
[2026-08-05 14:53:09] [INFO] Đang chạy cập nhật Hồ sơ mã (run_pro_plus) và tạo Dashboard (gen_dashboard)...
[2026-08-05 14:53:13] [INFO] Đang chạy cập nhật Hồ sơ mã (run_pro_plus) và tạo Dashboard (gen_dashboard)...
[2026-08-05 14:53:13] [INFO] Đang chạy cập nhật Hồ sơ mã (run_pro_plus) và tạo Dashboard (gen_dashboard)...
[2026-08-05 14:53:22] [Sync] Bắt đầu đẩy dữ liệu lên Github (Kích hoạt bởi: Cập nhật Phân tích & Giao diện (H1))...
[2026-08-05 14:53:22] [Sync] Bắt đầu đẩy dữ liệu lên Github (Kích hoạt bởi: Cập nhật Phân tích & Giao diện (H1))...
[2026-08-05 14:53:27] [Sync] ✅ Đồng bộ Github thành công (Cập nhật Phân tích & Giao diện (H1))!
[2026-08-05 14:53:27] [INFO] ⏰ Đợi Giá H1: còn 0.11h (05/08 15:00:05 VN)
[2026-08-05 14:53:27] [Sync] ⚠️ Lỗi Github Push: ec68eda3fa3187 but expected f5f878217d038727dd5d1004e9fe75b7f5a3e377)
error: failed to push some refs to 'https://github.com/Thang-Cbot/dashboard.git'
[2026-08-05 14:53:27] [INFO] ⏰ Đợi Giá H1: còn 0.11h (05/08 15:00:05 VN)
[2026-08-05 14:53:35] [WARN] ⚠ Thread job_prices đã chết! Đang khởi động lại...
[2026-08-05 14:53:42] [WARN] ⚠ Thread job_prices đã chết! Đang khởi động lại...
[2026-08-05 14:54:35] [WARN] ⚠ Thread job_prices đã chết! Đang khởi động lại...
[2026-08-05 14:54:42] [WARN] ⚠ Thread job_prices đã chết! Đang khởi động lại...
[2026-08-05 14:55:35] [WARN] ⚠ Thread job_prices đã chết! Đang khởi động lại...
[2026-08-05 14:55:42] [WARN] ⚠ Thread job_prices đã chết! Đang khởi động lại...
[2026-08-05 14:56:35] [WARN] ⚠ Thread job_prices đã chết! Đang khởi động lại...
[2026-08-05 14:56:42] [WARN] ⚠ Thread job_prices đã chết! Đang khởi động lại...
[2026-08-05 14:57:35] [WARN] ⚠ Thread job_prices đã chết! Đang khởi động lại...
[2026-08-05 16:15:32] [WARN] ⚠ Thread job_prices đã chết! Đang khởi động lại...
[2026-08-05 16:16:25] [WARN] ⚠ Thread job_prices đã chết! Đang khởi động lại...
[2026-08-05 16:16:32] [WARN] ⚠ Thread job_prices đã chết! Đang khởi động lại...
[2026-08-05 16:17:25] [WARN] ⚠ Thread job_prices đã chết! Đang khởi động lại...
[2026-08-05 16:17:32] [WARN] ⚠ Thread job_prices đã chết! Đang khởi động lại...
[2026-08-05 16:17:54] [INFO] ▶ Kích hoạt: Giá H1 + Macro
[2026-08-05 16:17:54] [INFO] ▶ Kích hoạt: Giá H1 + Macro
[2026-08-05 16:18:09] [INFO] ✅ Giá H1 + Macro hoàn thành (attempt 1)
[2026-08-05 16:18:09] [Sync] Bắt đầu đẩy dữ liệu lên Github (Kích hoạt bởi: Giá H1 + Macro)...
[2026-08-05 16:18:10] [INFO] ✅ Giá H1 + Macro hoàn thành (attempt 1)
[2026-08-05 16:18:10] [Sync] Bắt đầu đẩy dữ liệu lên Github (Kích hoạt bởi: Giá H1 + Macro)...
[2026-08-05 16:18:13] [Sync] ✅ Đồng bộ Github thành công (Giá H1 + Macro)!
[2026-08-05 16:18:13] [INFO] ▶ Kích hoạt: Giá H4
[2026-08-05 16:18:13] [Sync] ⚠️ Lỗi Github Push: c85b832c204abd but expected 6492b6e0d227319d74b5781bddec68eda3fa3187)
error: failed to push some refs to 'https://github.com/Thang-Cbot/dashboard.git'
[2026-08-05 16:18:13] [INFO] ▶ Kích hoạt: Giá H4
[2026-08-05 16:18:18] [INFO] ✅ Giá H4 hoàn thành (attempt 1)
[2026-08-05 16:18:18] [Sync] Bắt đầu đẩy dữ liệu lên Github (Kích hoạt bởi: Giá H4)...
[2026-08-05 16:18:19] [INFO] ✅ Giá H4 hoàn thành (attempt 1)
[2026-08-05 16:18:19] [Sync] Bắt đầu đẩy dữ liệu lên Github (Kích hoạt bởi: Giá H4)...
[2026-08-05 16:18:22] [Sync] ✅ Đồng bộ Github thành công (Giá H4)!
[2026-08-05 16:18:22] [INFO] ▶ Kích hoạt: Vĩ Mô (Macro)
[2026-08-05 16:18:22] [Sync] ⚠️ Lỗi Github Push: 8f5b6224155caa but expected 30e44be094c487bec936597e21c85b832c204abd)
error: failed to push some refs to 'https://github.com/Thang-Cbot/dashboard.git'
[2026-08-05 16:18:22] [INFO] ▶ Kích hoạt: Vĩ Mô (Macro)
[2026-08-05 16:18:25] [WARN] ⚠ Thread job_prices đã chết! Đang khởi động lại...
[2026-08-05 16:18:25] [INFO] ✅ Vĩ Mô (Macro) hoàn thành (attempt 1)
[2026-08-05 16:18:25] [INFO] ✅ Vĩ Mô (Macro) hoàn thành (attempt 1)
[2026-08-05 16:18:25] [Sync] Bắt đầu đẩy dữ liệu lên Github (Kích hoạt bởi: Vĩ Mô (Macro))...
[2026-08-05 16:18:25] [Sync] Bắt đầu đẩy dữ liệu lên Github (Kích hoạt bởi: Vĩ Mô (Macro))...
[2026-08-05 16:18:29] [Sync] ✅ Đồng bộ Github thành công (Vĩ Mô (Macro))!
[2026-08-05 16:18:29] [INFO] Đang quét tín hiệu Telegram Alarm (SMC)...
[2026-08-05 16:18:29] [Sync] ⚠️ Lỗi Github Push: 85208073144c5c but expected dfd456559284fc3810893b1b088f5b6224155caa)
error: failed to push some refs to 'https://github.com/Thang-Cbot/dashboard.git'
[2026-08-05 16:18:29] [INFO] Đang quét tín hiệu Telegram Alarm (SMC)...
[2026-08-05 16:18:32] [WARN] ⚠ Thread job_prices đã chết! Đang khởi động lại...
[2026-08-05 16:18:35] [INFO] Đang phân tích AI tự động...
[2026-08-05 16:18:35] [INFO] Đang phân tích AI tự động...
[2026-08-05 16:18:53] [INFO] Đang chạy cập nhật Hồ sơ mã (run_pro_plus) và tạo Dashboard (gen_dashboard)...
[2026-08-05 16:18:56] [INFO] Đang chạy cập nhật Hồ sơ mã (run_pro_plus) và tạo Dashboard (gen_dashboard)...
[2026-08-05 16:19:04] [Sync] Bắt đầu đẩy dữ liệu lên Github (Kích hoạt bởi: Cập nhật Phân tích & Giao diện (H1))...
[2026-08-05 16:19:06] [Sync] Bắt đầu đẩy dữ liệu lên Github (Kích hoạt bởi: Cập nhật Phân tích & Giao diện (H1))...
[2026-08-05 16:19:09] [Sync] ✅ Đồng bộ Github thành công (Cập nhật Phân tích & Giao diện (H1))!
[2026-08-05 16:19:09] [INFO] ⏰ Đợi Giá H1: còn 0.68h (05/08 17:00:05 VN)
[2026-08-05 16:19:10] [Sync] ⚠️ Lỗi Github Push: 901baea0664cb8 but expected 97aa8c8a19af52db5a2bda1add85208073144c5c)
error: failed to push some refs to 'https://github.com/Thang-Cbot/dashboard.git'
[2026-08-05 16:19:10] [INFO] ⏰ Đợi Giá H1: còn 0.68h (05/08 17:00:05 VN)
[2026-08-05 16:19:25] [WARN] ⚠ Thread job_prices đã chết! Đang khởi động lại...
[2026-08-05 16:19:32] [WARN] ⚠ Thread job_prices đã chết! Đang khởi động lại...
[2026-08-05 16:20:25] [WARN] ⚠ Thread job_prices đã chết! Đang khởi động lại...
[2026-08-05 16:20:32] [WARN] ⚠ Thread job_prices đã chết! Đang khởi động lại...
[2026-08-05 16:21:25] [WARN] ⚠ Thread job_prices đã chết! Đang khởi động lại...
[2026-08-05 16:21:32] [WARN] ⚠ Thread job_prices đã chết! Đang khởi động lại...
[2026-08-05 16:22:25] [WARN] ⚠ Thread job_prices đã chết! Đang khởi động lại...
[2026-08-05 16:22:32] [WARN] ⚠ Thread job_prices đã chết! Đang khởi động lại...
[2026-08-05 16:23:25] [WARN] ⚠ Thread job_prices đã chết! Đang khởi động lại...
[2026-08-05 16:23:32] [WARN] ⚠ Thread job_prices đã chết! Đang khởi động lại...
[2026-08-05 16:24:25] [WARN] ⚠ Thread job_prices đã chết! Đang khởi động lại...
[2026-08-05 16:24:32] [WARN] ⚠ Thread job_prices đã chết! Đang khởi động lại...
[2026-08-05 16:25:25] [WARN] ⚠ Thread job_prices đã chết! Đang khởi động lại...
[2026-08-05 16:25:32] [WARN] ⚠ Thread job_prices đã chết! Đang khởi động lại...
[2026-08-05 16:26:25] [WARN] ⚠ Thread job_prices đã chết! Đang khởi động lại...
[2026-08-05 16:26:32] [WARN] ⚠ Thread job_prices đã chết! Đang khởi động lại...
[2026-08-05 16:27:25] [WARN] ⚠ Thread job_prices đã chết! Đang khởi động lại...
[2026-08-05 16:27:32] [WARN] ⚠ Thread job_prices đã chết! Đang khởi động lại...
[2026-08-05 16:28:25] [WARN] ⚠ Thread job_prices đã chết! Đang khởi động lại...
[2026-08-05 16:28:32] [WARN] ⚠ Thread job_prices đã chết! Đang khởi động lại...
[2026-08-05 16:29:32] [WARN] ⚠ Thread job_prices đã chết! Đang khởi động lại...
[2026-08-05 16:30:32] [WARN] ⚠ Thread job_prices đã chết! Đang khởi động lại...
[2026-08-05 16:31:32] [WARN] ⚠ Thread job_prices đã chết! Đang khởi động lại...
[2026-08-05 16:32:32] [WARN] ⚠ Thread job_prices đã chết! Đang khởi động lại...
[2026-08-05 16:33:32] [WARN] ⚠ Thread job_prices đã chết! Đang khởi động lại...
[2026-08-05 16:34:32] [WARN] ⚠ Thread job_prices đã chết! Đang khởi động lại...
[2026-08-05 16:35:32] [WARN] ⚠ Thread job_prices đã chết! Đang khởi động lại...
[2026-08-05 16:36:32] [WARN] ⚠ Thread job_prices đã chết! Đang khởi động lại...
[2026-08-05 17:15:11] [WARN] ⚠ Thread job_prices đã chết! Đang khởi động lại...
[2026-08-05 17:16:11] [WARN] ⚠ Thread job_prices đã chết! Đang khởi động lại...
[2026-08-05 17:17:11] [WARN] ⚠ Thread job_prices đã chết! Đang khởi động lại...
[2026-08-05 17:18:11] [WARN] ⚠ Thread job_prices đã chết! Đang khởi động lại...
[2026-08-05 17:19:11] [WARN] ⚠ Thread job_prices đã chết! Đang khởi động lại...
[2026-08-05 17:20:11] [WARN] ⚠ Thread job_prices đã chết! Đang khởi động lại...
[2026-08-05 17:21:11] [WARN] ⚠ Thread job_prices đã chết! Đang khởi động lại...
[2026-08-05 17:22:11] [WARN] ⚠ Thread job_prices đã chết! Đang khởi động lại...
[2026-08-05 17:23:11] [WARN] ⚠ Thread job_prices đã chết! Đang khởi động lại...
[2026-08-05 17:24:11] [WARN] ⚠ Thread job_prices đã chết! Đang khởi động lại...
[2026-08-05 17:25:11] [WARN] ⚠ Thread job_prices đã chết! Đang khởi động lại...
[2026-08-05 17:26:11] [WARN] ⚠ Thread job_prices đã chết! Đang khởi động lại...
[2026-08-05 17:27:11] [WARN] ⚠ Thread job_prices đã chết! Đang khởi động lại...
[2026-08-05 17:28:11] [WARN] ⚠ Thread job_prices đã chết! Đang khởi động lại...
[2026-08-05 17:29:11] [WARN] ⚠ Thread job_prices đã chết! Đang khởi động lại...
[2026-08-05 17:30:11] [WARN] ⚠ Thread job_prices đã chết! Đang khởi động lại...
[2026-08-05 17:31:11] [WARN] ⚠ Thread job_prices đã chết! Đang khởi động lại...
[2026-08-05 17:32:11] [WARN] ⚠ Thread job_prices đã chết! Đang khởi động lại...
[2026-08-05 17:33:11] [WARN] ⚠ Thread job_prices đã chết! Đang khởi động lại...
[2026-08-05 17:34:11] [WARN] ⚠ Thread job_prices đã chết! Đang khởi động lại...
[2026-08-05 17:35:11] [WARN] ⚠ Thread job_prices đã chết! Đang khởi động lại...
[2026-08-05 17:36:11] [WARN] ⚠ Thread job_prices đã chết! Đang khởi động lại...
[2026-08-05 17:37:11] [WARN] ⚠ Thread job_prices đã chết! Đang khởi động lại...
[2026-08-05 17:37:43] [INFO] ▶ Kích hoạt: Giá H1 + Macro
[2026-08-05 17:37:43] [INFO] ▶ Kích hoạt: Giá H1 + Macro
[2026-08-05 17:38:11] [WARN] ⚠ Thread job_prices đã chết! Đang khởi động lại...
[2026-08-05 17:38:13] [INFO] ✅ Giá H1 + Macro hoàn thành (attempt 1)
[2026-08-05 17:38:13] [Sync] Bắt đầu đẩy dữ liệu lên Github (Kích hoạt bởi: Giá H1 + Macro)...
[2026-08-05 17:38:17] [INFO] ✅ Giá H1 + Macro hoàn thành (attempt 1)
[2026-08-05 17:38:17] [Sync] Bắt đầu đẩy dữ liệu lên Github (Kích hoạt bởi: Giá H1 + Macro)...
[2026-08-05 17:38:18] [Sync] ✅ Đồng bộ Github thành công (Giá H1 + Macro)!
[2026-08-05 17:38:18] [INFO] ▶ Kích hoạt: Giá H4
[2026-08-05 17:38:20] [Sync] ✅ Đồng bộ Github thành công (Giá H1 + Macro)!
[2026-08-05 17:38:20] [INFO] ▶ Kích hoạt: Giá H4
[2026-08-05 17:38:24] [INFO] ✅ Giá H4 hoàn thành (attempt 1)
[2026-08-05 17:38:24] [Sync] Bắt đầu đẩy dữ liệu lên Github (Kích hoạt bởi: Giá H4)...
[2026-08-05 17:38:25] [INFO] ✅ Giá H4 hoàn thành (attempt 1)
[2026-08-05 17:38:25] [Sync] Bắt đầu đẩy dữ liệu lên Github (Kích hoạt bởi: Giá H4)...
[2026-08-05 17:38:28] [Sync] ✅ Đồng bộ Github thành công (Giá H4)!
[2026-08-05 17:38:28] [INFO] ▶ Kích hoạt: Vĩ Mô (Macro)
[2026-08-05 17:38:28] [Sync] ⚠️ Lỗi Github Push: 63f03e2313b3f6 but expected af7c0a4b108ce712ddf8509ac1b196ded0eb30d3)
error: failed to push some refs to 'https://github.com/Thang-Cbot/dashboard.git'
[2026-08-05 17:38:28] [INFO] ▶ Kích hoạt: Vĩ Mô (Macro)
[2026-08-05 17:38:31] [INFO] ✅ Vĩ Mô (Macro) hoàn thành (attempt 1)
[2026-08-05 17:38:31] [Sync] Bắt đầu đẩy dữ liệu lên Github (Kích hoạt bởi: Vĩ Mô (Macro))...
[2026-08-05 17:38:31] [INFO] ✅ Vĩ Mô (Macro) hoàn thành (attempt 1)
[2026-08-05 17:38:31] [Sync] Bắt đầu đẩy dữ liệu lên Github (Kích hoạt bởi: Vĩ Mô (Macro))...
[2026-08-05 17:38:35] [Sync] ✅ Đồng bộ Github thành công (Vĩ Mô (Macro))!
[2026-08-05 17:38:35] [INFO] Đang quét tín hiệu Telegram Alarm (SMC)...
[2026-08-05 17:38:35] [Sync] ⚠️ Lỗi Github Push: ee36f5fc9b5834 but expected fda7693bcdd94986d0a818ecea63f03e2313b3f6)
error: failed to push some refs to 'https://github.com/Thang-Cbot/dashboard.git'
[2026-08-05 17:38:35] [INFO] Đang quét tín hiệu Telegram Alarm (SMC)...
[2026-08-05 17:38:39] [INFO] Đang phân tích AI tự động...
[2026-08-05 17:38:39] [INFO] Đang phân tích AI tự động...
[2026-08-05 17:38:59] [INFO] Đang chạy cập nhật Hồ sơ mã (run_pro_plus) và tạo Dashboard (gen_dashboard)...
[2026-08-05 17:39:02] [INFO] Đang chạy cập nhật Hồ sơ mã (run_pro_plus) và tạo Dashboard (gen_dashboard)...
[2026-08-05 17:39:11] [WARN] ⚠ Thread job_prices đã chết! Đang khởi động lại...
[2026-08-05 17:39:13] [Sync] Bắt đầu đẩy dữ liệu lên Github (Kích hoạt bởi: Cập nhật Phân tích & Giao diện (H1))...
[2026-08-05 17:39:13] [Sync] Bắt đầu đẩy dữ liệu lên Github (Kích hoạt bởi: Cập nhật Phân tích & Giao diện (H1))...
[2026-08-05 17:39:16] [Sync] ✅ Đồng bộ Github thành công (Cập nhật Phân tích & Giao diện (H1))!
[2026-08-05 17:39:16] [INFO] ⏰ Đợi Giá H1: còn 0.35h (05/08 18:00:05 VN)
[2026-08-05 17:39:17] [Sync] ✅ Đồng bộ Github thành công (Cập nhật Phân tích & Giao diện (H1))!
[2026-08-05 17:39:17] [INFO] ⏰ Đợi Giá H1: còn 0.35h (05/08 18:00:05 VN)
[2026-08-05 17:40:11] [WARN] ⚠ Thread job_prices đã chết! Đang khởi động lại...
[2026-08-05 17:41:11] [WARN] ⚠ Thread job_prices đã chết! Đang khởi động lại...
[2026-08-05 17:42:11] [WARN] ⚠ Thread job_prices đã chết! Đang khởi động lại...
[2026-08-05 17:43:11] [WARN] ⚠ Thread job_prices đã chết! Đang khởi động lại...
[2026-08-05 17:44:11] [WARN] ⚠ Thread job_prices đã chết! Đang khởi động lại...
[2026-08-05 17:45:11] [WARN] ⚠ Thread job_prices đã chết! Đang khởi động lại...
[2026-08-05 17:46:11] [WARN] ⚠ Thread job_prices đã chết! Đang khởi động lại...
[2026-08-05 17:47:11] [WARN] ⚠ Thread job_prices đã chết! Đang khởi động lại...
[2026-08-05 17:48:11] [WARN] ⚠ Thread job_prices đã chết! Đang khởi động lại...
[2026-08-05 17:49:11] [WARN] ⚠ Thread job_prices đã chết! Đang khởi động lại...
[2026-08-05 17:50:11] [WARN] ⚠ Thread job_prices đã chết! Đang khởi động lại...
[2026-08-05 17:51:11] [WARN] ⚠ Thread job_prices đã chết! Đang khởi động lại...
[2026-08-05 17:52:11] [WARN] ⚠ Thread job_prices đã chết! Đang khởi động lại...
[2026-08-05 17:53:11] [WARN] ⚠ Thread job_prices đã chết! Đang khởi động lại...
[2026-08-05 17:54:11] [WARN] ⚠ Thread job_prices đã chết! Đang khởi động lại...
[2026-08-05 17:55:11] [WARN] ⚠ Thread job_prices đã chết! Đang khởi động lại...
[2026-08-05 17:56:11] [WARN] ⚠ Thread job_prices đã chết! Đang khởi động lại...
[2026-08-05 17:57:11] [WARN] ⚠ Thread job_prices đã chết! Đang khởi động lại...
[2026-08-05 17:58:11] [WARN] ⚠ Thread job_prices đã chết! Đang khởi động lại...
[2026-08-05 17:59:11] [WARN] ⚠ Thread job_prices đã chết! Đang khởi động lại...
[2026-08-05 18:25:23] [INFO] ▶ Kích hoạt: Giá H1 + Macro
[2026-08-05 18:25:23] [INFO] ▶ Kích hoạt: Giá H1 + Macro
[2026-08-05 18:25:30] [WARN] ⚠ Thread job_prices đã chết! Đang khởi động lại...
[2026-08-05 18:25:45] [INFO] ✅ Giá H1 + Macro hoàn thành (attempt 1)
[2026-08-05 18:25:45] [Sync] Bắt đầu đẩy dữ liệu lên Github (Kích hoạt bởi: Giá H1 + Macro)...
[2026-08-05 18:25:46] [INFO] ✅ Giá H1 + Macro hoàn thành (attempt 1)
[2026-08-05 18:25:46] [Sync] Bắt đầu đẩy dữ liệu lên Github (Kích hoạt bởi: Giá H1 + Macro)...
[2026-08-05 18:25:49] [Sync] ✅ Đồng bộ Github thành công (Giá H1 + Macro)!
[2026-08-05 18:25:49] [INFO] ▶ Kích hoạt: Giá H4
[2026-08-05 18:25:49] [Sync] ⚠️ Lỗi Github Push: 0e06baf18b5e6a but expected b600198e30c5d8cdfcbea31960ca085eee761667)
error: failed to push some refs to 'https://github.com/Thang-Cbot/dashboard.git'
[2026-08-05 18:25:49] [INFO] ▶ Kích hoạt: Giá H4
[2026-08-05 18:25:55] [INFO] ✅ Giá H4 hoàn thành (attempt 1)
[2026-08-05 18:25:55] [Sync] Bắt đầu đẩy dữ liệu lên Github (Kích hoạt bởi: Giá H4)...
[2026-08-05 18:25:56] [INFO] ✅ Giá H4 hoàn thành (attempt 1)
[2026-08-05 18:25:56] [Sync] Bắt đầu đẩy dữ liệu lên Github (Kích hoạt bởi: Giá H4)...
[2026-08-05 18:25:59] [Sync] ✅ Đồng bộ Github thành công (Giá H4)!
[2026-08-05 18:25:59] [INFO] ▶ Kích hoạt: Vĩ Mô (Macro)
[2026-08-05 18:25:59] [Sync] ⚠️ Lỗi Github Push: ef98675188932f but expected 4b1bad504a5f21fc7b86bcc9ea0e06baf18b5e6a)
error: failed to push some refs to 'https://github.com/Thang-Cbot/dashboard.git'
[2026-08-05 18:25:59] [INFO] ▶ Kích hoạt: Vĩ Mô (Macro)
[2026-08-05 18:26:02] [INFO] ✅ Vĩ Mô (Macro) hoàn thành (attempt 1)
[2026-08-05 18:26:02] [Sync] Bắt đầu đẩy dữ liệu lên Github (Kích hoạt bởi: Vĩ Mô (Macro))...
[2026-08-05 18:26:02] [INFO] ✅ Vĩ Mô (Macro) hoàn thành (attempt 1)
[2026-08-05 18:26:02] [Sync] Bắt đầu đẩy dữ liệu lên Github (Kích hoạt bởi: Vĩ Mô (Macro))...
[2026-08-05 18:26:06] [Sync] ✅ Đồng bộ Github thành công (Vĩ Mô (Macro))!
[2026-08-05 18:26:06] [INFO] Đang quét tín hiệu Telegram Alarm (SMC)...
[2026-08-05 18:26:06] [Sync] ⚠️ Lỗi Github Push: d7ae8ecb792b0e but expected ae097b0e4fc2e2bb97bb2f00dbef98675188932f)
error: failed to push some refs to 'https://github.com/Thang-Cbot/dashboard.git'
[2026-08-05 18:26:06] [INFO] Đang quét tín hiệu Telegram Alarm (SMC)...
[2026-08-05 18:26:08] [INFO] Đang phân tích AI tự động...
[2026-08-05 18:26:08] [INFO] Đang phân tích AI tự động...
[2026-08-05 18:26:22] [INFO] Đang chạy cập nhật Hồ sơ mã (run_pro_plus) và tạo Dashboard (gen_dashboard)...
[2026-08-05 18:26:24] [INFO] Đang chạy cập nhật Hồ sơ mã (run_pro_plus) và tạo Dashboard (gen_dashboard)...
[2026-08-05 18:26:30] [WARN] ⚠ Thread job_prices đã chết! Đang khởi động lại...
[2026-08-05 18:26:31] [Sync] Bắt đầu đẩy dữ liệu lên Github (Kích hoạt bởi: Cập nhật Phân tích & Giao diện (H1))...
[2026-08-05 18:26:34] [Sync] Bắt đầu đẩy dữ liệu lên Github (Kích hoạt bởi: Cập nhật Phân tích & Giao diện (H1))...
[2026-08-05 18:26:35] [Sync] ✅ Đồng bộ Github thành công (Cập nhật Phân tích & Giao diện (H1))!
[2026-08-05 18:26:35] [INFO] ⏰ Đợi Giá H1: còn 0.56h (05/08 19:00:05 VN)
[2026-08-05 18:26:37] [Sync] ✅ Đồng bộ Github thành công (Cập nhật Phân tích & Giao diện (H1))!
[2026-08-05 18:26:37] [INFO] ⏰ Đợi Giá H1: còn 0.56h (05/08 19:00:05 VN)
[2026-08-05 18:27:30] [WARN] ⚠ Thread job_prices đã chết! Đang khởi động lại...
[2026-08-05 18:28:30] [WARN] ⚠ Thread job_prices đã chết! Đang khởi động lại...
[2026-08-05 18:29:30] [WARN] ⚠ Thread job_prices đã chết! Đang khởi động lại...
[2026-08-05 18:30:30] [WARN] ⚠ Thread job_prices đã chết! Đang khởi động lại...
[2026-08-05 18:31:30] [WARN] ⚠ Thread job_prices đã chết! Đang khởi động lại...
[2026-08-05 18:32:30] [WARN] ⚠ Thread job_prices đã chết! Đang khởi động lại...
[2026-08-05 18:33:30] [WARN] ⚠ Thread job_prices đã chết! Đang khởi động lại...
[2026-08-05 18:34:30] [WARN] ⚠ Thread job_prices đã chết! Đang khởi động lại...
[2026-08-05 18:35:30] [WARN] ⚠ Thread job_prices đã chết! Đang khởi động lại...
[2026-08-05 18:36:30] [WARN] ⚠ Thread job_prices đã chết! Đang khởi động lại...
[2026-08-05 18:37:30] [WARN] ⚠ Thread job_prices đã chết! Đang khởi động lại...
[2026-08-05 18:38:30] [WARN] ⚠ Thread job_prices đã chết! Đang khởi động lại...
[2026-08-05 18:39:30] [WARN] ⚠ Thread job_prices đã chết! Đang khởi động lại...
[2026-08-05 19:00:05] [INFO] ▶ Kích hoạt: Giá H1 + Macro
[2026-08-05 19:00:23] [INFO] ✅ Giá H1 + Macro hoàn thành (attempt 1)
[2026-08-05 19:00:23] [Sync] Bắt đầu đẩy dữ liệu lên Github (Kích hoạt bởi: Giá H1 + Macro)...
[2026-08-05 19:00:24] [INFO] ✅ Giá H1 + Macro hoàn thành (attempt 1)
[2026-08-05 19:00:24] [Sync] Bắt đầu đẩy dữ liệu lên Github (Kích hoạt bởi: Giá H1 + Macro)...
[2026-08-05 19:00:28] [Sync] ✅ Đồng bộ Github thành công (Giá H1 + Macro)!
[2026-08-05 19:00:28] [INFO] ▶ Kích hoạt: Giá H4
[2026-08-05 19:00:28] [Sync] ⚠️ Lỗi Github Push: 9cf82933190da7 but expected ce6aec00a924dfdfa9035998cf2f2db00c870efa)
error: failed to push some refs to 'https://github.com/Thang-Cbot/dashboard.git'
[2026-08-05 19:00:28] [INFO] ▶ Kích hoạt: Giá H4
[2026-08-05 19:00:34] [INFO] ✅ Giá H4 hoàn thành (attempt 1)
[2026-08-05 19:00:34] [ERROR] ❌ Giá H4 exception: [Errno 22] Invalid argument
[2026-08-05 19:00:34] [INFO] ▶ Kích hoạt: Vĩ Mô (Macro)
[2026-08-05 19:00:34] [INFO] ✅ Giá H4 hoàn thành (attempt 1)
[2026-08-05 19:00:34] [Sync] Bắt đầu đẩy dữ liệu lên Github (Kích hoạt bởi: Giá H4)...
[2026-08-05 19:00:37] [INFO] ✅ Vĩ Mô (Macro) hoàn thành (attempt 1)
[2026-08-05 19:00:37] [Sync] Bắt đầu đẩy dữ liệu lên Github (Kích hoạt bởi: Vĩ Mô (Macro))...
[2026-08-05 19:00:38] [Sync] ✅ Đồng bộ Github thành công (Giá H4)!
[2026-08-05 19:00:38] [INFO] ▶ Kích hoạt: Vĩ Mô (Macro)
[2026-08-05 19:00:40] [Sync] ✅ Đồng bộ Github thành công (Vĩ Mô (Macro))!
[2026-08-05 19:00:40] [INFO] Đang quét tín hiệu Telegram Alarm (SMC)...
[2026-08-05 19:00:41] [INFO] ✅ Vĩ Mô (Macro) hoàn thành (attempt 1)
[2026-08-05 19:00:41] [Sync] Bắt đầu đẩy dữ liệu lên Github (Kích hoạt bởi: Vĩ Mô (Macro))...
[2026-08-05 19:00:42] [INFO] Đang phân tích AI tự động...
[2026-08-05 19:00:45] [Sync] ✅ Đồng bộ Github thành công (Vĩ Mô (Macro))!
[2026-08-05 19:00:45] [INFO] Đang quét tín hiệu Telegram Alarm (SMC)...
[2026-08-05 19:00:47] [INFO] Đang phân tích AI tự động...
[2026-08-05 19:00:50] [INFO] Đang chạy cập nhật Hồ sơ mã (run_pro_plus) và tạo Dashboard (gen_dashboard)...
[2026-08-05 19:00:56] [INFO] Đang chạy cập nhật Hồ sơ mã (run_pro_plus) và tạo Dashboard (gen_dashboard)...
[2026-08-05 19:01:02] [Sync] Bắt đầu đẩy dữ liệu lên Github (Kích hoạt bởi: Cập nhật Phân tích & Giao diện (H1))...
[2026-08-05 19:01:06] [Sync] ✅ Đồng bộ Github thành công (Cập nhật Phân tích & Giao diện (H1))!
[2026-08-05 19:01:06] [INFO] ⏰ Đợi Giá H1: còn 0.98h (05/08 20:00:05 VN)
[2026-08-05 19:01:06] [Sync] Bắt đầu đẩy dữ liệu lên Github (Kích hoạt bởi: Cập nhật Phân tích & Giao diện (H1))...
[2026-08-05 19:01:11] [Sync] ✅ Đồng bộ Github thành công (Cập nhật Phân tích & Giao diện (H1))!
[2026-08-05 19:01:11] [INFO] ⏰ Đợi Giá H1: còn 0.98h (05/08 20:00:05 VN)
[2026-08-05 20:47:19] [INFO] ▶ Kích hoạt: Giá H1 + Macro
[2026-08-05 20:47:49] [INFO] ✅ Giá H1 + Macro hoàn thành (attempt 1)
[2026-08-05 20:47:49] [Sync] Bắt đầu đẩy dữ liệu lên Github (Kích hoạt bởi: Giá H1 + Macro)...
[2026-08-05 20:47:50] [INFO] ✅ Giá H1 + Macro hoàn thành (attempt 1)
[2026-08-05 20:47:50] [Sync] Bắt đầu đẩy dữ liệu lên Github (Kích hoạt bởi: Giá H1 + Macro)...
[2026-08-05 20:47:55] [Sync] ✅ Đồng bộ Github thành công (Giá H1 + Macro)!
[2026-08-05 20:47:55] [INFO] ▶ Kích hoạt: Giá H4
[2026-08-05 20:47:55] [Sync] ⚠️ Lỗi Github Push: b7c5d9a3af8c02 but expected 59fc433a5edb9330373af029194a76032efd8a3e)
error: failed to push some refs to 'https://github.com/Thang-Cbot/dashboard.git'
[2026-08-05 20:47:55] [INFO] ▶ Kích hoạt: Giá H4
[2026-08-05 20:48:00] [INFO] ✅ Giá H4 hoàn thành (attempt 1)
[2026-08-05 20:48:00] [Sync] Bắt đầu đẩy dữ liệu lên Github (Kích hoạt bởi: Giá H4)...
[2026-08-05 20:48:01] [INFO] ✅ Giá H4 hoàn thành (attempt 1)
[2026-08-05 20:48:01] [Sync] Bắt đầu đẩy dữ liệu lên Github (Kích hoạt bởi: Giá H4)...
[2026-08-05 20:48:03] [Sync] ✅ Đồng bộ Github thành công (Giá H4)!
[2026-08-05 20:48:03] [INFO] ▶ Kích hoạt: Vĩ Mô (Macro)
[2026-08-05 20:48:04] [Sync] ⚠️ Lỗi Github Push: 26107672ec14b3 but expected 60aec4b27649b31d0549159ea6b7c5d9a3af8c02)
error: failed to push some refs to 'https://github.com/Thang-Cbot/dashboard.git'
[2026-08-05 20:48:04] [INFO] ▶ Kích hoạt: Vĩ Mô (Macro)
[2026-08-05 20:48:06] [INFO] ✅ Vĩ Mô (Macro) hoàn thành (attempt 1)
[2026-08-05 20:48:06] [Sync] Bắt đầu đẩy dữ liệu lên Github (Kích hoạt bởi: Vĩ Mô (Macro))...
[2026-08-05 20:48:06] [INFO] ✅ Vĩ Mô (Macro) hoàn thành (attempt 1)
[2026-08-05 20:48:06] [Sync] Bắt đầu đẩy dữ liệu lên Github (Kích hoạt bởi: Vĩ Mô (Macro))...
[2026-08-05 20:48:10] [Sync] ✅ Đồng bộ Github thành công (Vĩ Mô (Macro))!
[2026-08-05 20:48:10] [INFO] Đang quét tín hiệu Telegram Alarm (SMC)...
[2026-08-05 20:48:10] [Sync] ⚠️ Lỗi Github Push: 2cd078aa094a8b but expected fd923166d3555d73e499c1979726107672ec14b3)
error: failed to push some refs to 'https://github.com/Thang-Cbot/dashboard.git'
[2026-08-05 20:48:10] [INFO] Đang quét tín hiệu Telegram Alarm (SMC)...
[2026-08-05 20:48:14] [INFO] Đang phân tích AI tự động...
[2026-08-05 20:48:14] [INFO] Đang phân tích AI tự động...
[2026-08-05 20:48:35] [INFO] Đang chạy cập nhật Hồ sơ mã (run_pro_plus) và tạo Dashboard (gen_dashboard)...
[2026-08-05 20:48:37] [INFO] Đang chạy cập nhật Hồ sơ mã (run_pro_plus) và tạo Dashboard (gen_dashboard)...
[2026-08-05 20:48:48] [Sync] Bắt đầu đẩy dữ liệu lên Github (Kích hoạt bởi: Cập nhật Phân tích & Giao diện (H1))...
[2026-08-05 20:48:48] [Sync] Bắt đầu đẩy dữ liệu lên Github (Kích hoạt bởi: Cập nhật Phân tích & Giao diện (H1))...
[2026-08-05 20:48:50] [Sync] ✅ Đồng bộ Github thành công (Cập nhật Phân tích & Giao diện (H1))!
[2026-08-05 20:48:50] [INFO] ⏰ Đợi Giá H1: còn 0.19h (05/08 21:00:05 VN)
[2026-08-05 20:48:52] [Sync] ✅ Đồng bộ Github thành công (Cập nhật Phân tích & Giao diện (H1))!
[2026-08-05 20:48:52] [INFO] ⏰ Đợi Giá H1: còn 0.19h (05/08 21:00:05 VN)
[2026-08-05 21:00:05] [INFO] ▶ Kích hoạt: Giá H1 + Macro
[2026-08-05 21:00:05] [INFO] ▶ Kích hoạt: Giá H1 + Macro
[2026-08-05 21:00:20] [INFO] ✅ Giá H1 + Macro hoàn thành (attempt 1)
[2026-08-05 21:00:20] [Sync] Bắt đầu đẩy dữ liệu lên Github (Kích hoạt bởi: Giá H1 + Macro)...
[2026-08-05 21:00:21] [INFO] ✅ Giá H1 + Macro hoàn thành (attempt 1)
[2026-08-05 21:00:21] [Sync] Bắt đầu đẩy dữ liệu lên Github (Kích hoạt bởi: Giá H1 + Macro)...
[2026-08-05 21:00:24] [Sync] ✅ Đồng bộ Github thành công (Giá H1 + Macro)!
[2026-08-05 21:00:24] [INFO] ▶ Kích hoạt: Giá H4
[2026-08-05 21:00:25] [Sync] ⚠️ Lỗi Github Push: e3f7b200ab529f but expected 6a7c708d247998a3cf4dcc4298c327031f1b60a7)
error: failed to push some refs to 'https://github.com/Thang-Cbot/dashboard.git'
[2026-08-05 21:00:25] [INFO] ▶ Kích hoạt: Giá H4
[2026-08-05 21:00:29] [INFO] ✅ Giá H4 hoàn thành (attempt 1)
[2026-08-05 21:00:29] [Sync] Bắt đầu đẩy dữ liệu lên Github (Kích hoạt bởi: Giá H4)...
[2026-08-05 21:00:31] [INFO] ✅ Giá H4 hoàn thành (attempt 1)
[2026-08-05 21:00:31] [Sync] Bắt đầu đẩy dữ liệu lên Github (Kích hoạt bởi: Giá H4)...
[2026-08-05 21:00:35] [Sync] ✅ Đồng bộ Github thành công (Giá H4)!
[2026-08-05 21:00:35] [INFO] ▶ Kích hoạt: Vĩ Mô (Macro)
[2026-08-05 21:00:36] [Sync] ⚠️ Lỗi Github Push: be109e2bf9cb55 but expected 5457ded9ad3beeb39aeb3d07d2e3f7b200ab529f)
error: failed to push some refs to 'https://github.com/Thang-Cbot/dashboard.git'
[2026-08-05 21:00:36] [INFO] ▶ Kích hoạt: Vĩ Mô (Macro)
[2026-08-05 21:00:38] [INFO] ✅ Vĩ Mô (Macro) hoàn thành (attempt 1)
[2026-08-05 21:00:38] [Sync] Bắt đầu đẩy dữ liệu lên Github (Kích hoạt bởi: Vĩ Mô (Macro))...
[2026-08-05 21:00:39] [INFO] ✅ Vĩ Mô (Macro) hoàn thành (attempt 1)
[2026-08-05 21:00:39] [Sync] Bắt đầu đẩy dữ liệu lên Github (Kích hoạt bởi: Vĩ Mô (Macro))...
[2026-08-05 21:00:41] [Sync] ✅ Đồng bộ Github thành công (Vĩ Mô (Macro))!
[2026-08-05 21:00:41] [INFO] Đang quét tín hiệu Telegram Alarm (SMC)...
[2026-08-05 21:00:42] [Sync] ⚠️ Lỗi Github Push: eac3d666c077da but expected 15281deb8e7a2c9dbbf762ed99be109e2bf9cb55)
error: failed to push some refs to 'https://github.com/Thang-Cbot/dashboard.git'
[2026-08-05 21:00:42] [INFO] Đang quét tín hiệu Telegram Alarm (SMC)...
[2026-08-05 21:00:43] [INFO] Đang phân tích AI tự động...
[2026-08-05 21:00:44] [INFO] Đang phân tích AI tự động...
[2026-08-05 21:00:59] [INFO] Đang chạy cập nhật Hồ sơ mã (run_pro_plus) và tạo Dashboard (gen_dashboard)...
[2026-08-05 21:01:00] [INFO] Đang chạy cập nhật Hồ sơ mã (run_pro_plus) và tạo Dashboard (gen_dashboard)...
[2026-08-05 21:01:03] [Sync] Bắt đầu đẩy dữ liệu lên Github (Kích hoạt bởi: Cập nhật Phân tích & Giao diện (H1))...
[2026-08-05 21:01:07] [Sync] ✅ Đồng bộ Github thành công (Cập nhật Phân tích & Giao diện (H1))!
[2026-08-05 21:01:07] [INFO] ⏰ Đợi Giá H1: còn 0.98h (05/08 22:00:05 VN)
[2026-08-05 21:01:09] [Sync] Bắt đầu đẩy dữ liệu lên Github (Kích hoạt bởi: Cập nhật Phân tích & Giao diện (H1))...
[2026-08-05 21:01:14] [Sync] ✅ Đồng bộ Github thành công (Cập nhật Phân tích & Giao diện (H1))!
[2026-08-05 21:01:14] [INFO] ⏰ Đợi Giá H1: còn 0.98h (05/08 22:00:05 VN)
[2026-08-05 22:00:05] [INFO] ▶ Kích hoạt: Giá H1 + Macro
[2026-08-05 22:00:05] [INFO] ▶ Kích hoạt: Giá H1 + Macro
[2026-08-05 22:00:19] [INFO] ✅ Giá H1 + Macro hoàn thành (attempt 1)
[2026-08-05 22:00:20] [Sync] Bắt đầu đẩy dữ liệu lên Github (Kích hoạt bởi: Giá H1 + Macro)...
[2026-08-05 22:00:23] [INFO] ✅ Giá H1 + Macro hoàn thành (attempt 1)
[2026-08-05 22:00:23] [Sync] Bắt đầu đẩy dữ liệu lên Github (Kích hoạt bởi: Giá H1 + Macro)...
[2026-08-05 22:00:25] [Sync] ⚠️ Lỗi Github Push: shboard.git
 ! [remote rejected] main -> main (Internal Server Error)
error: failed to push some refs to 'https://github.com/Thang-Cbot/dashboard.git'
[2026-08-05 22:00:25] [INFO] ▶ Kích hoạt: Giá H4
[2026-08-05 22:00:28] [Sync] ✅ Đồng bộ Github thành công (Giá H1 + Macro)!
[2026-08-05 22:00:28] [INFO] ▶ Kích hoạt: Giá H4
[2026-08-05 22:00:30] [INFO] ✅ Giá H4 hoàn thành (attempt 1)
[2026-08-05 22:00:30] [Sync] Bắt đầu đẩy dữ liệu lên Github (Kích hoạt bởi: Giá H4)...
[2026-08-05 22:00:32] [INFO] ✅ Giá H4 hoàn thành (attempt 1)
[2026-08-05 22:00:33] [Sync] Bắt đầu đẩy dữ liệu lên Github (Kích hoạt bởi: Giá H4)...
[2026-08-05 22:00:37] [Sync] ✅ Đồng bộ Github thành công (Giá H4)!
[2026-08-05 22:00:37] [INFO] ▶ Kích hoạt: Vĩ Mô (Macro)
[2026-08-05 22:00:41] [INFO] ✅ Vĩ Mô (Macro) hoàn thành (attempt 1)
[2026-08-05 22:00:41] [Sync] Bắt đầu đẩy dữ liệu lên Github (Kích hoạt bởi: Vĩ Mô (Macro))...
[2026-08-05 22:00:42] [Sync] ⚠️ Lỗi Github Push: 493802cfe7ec3d but expected a5cdaf596c23ba45676ff3dc8328d7be471b0d05)
error: failed to push some refs to 'https://github.com/Thang-Cbot/dashboard.git'
[2026-08-05 22:00:42] [INFO] ▶ Kích hoạt: Vĩ Mô (Macro)
[2026-08-05 22:00:45] [INFO] ✅ Vĩ Mô (Macro) hoàn thành (attempt 1)
[2026-08-05 22:00:45] [Sync] Bắt đầu đẩy dữ liệu lên Github (Kích hoạt bởi: Vĩ Mô (Macro))...
[2026-08-05 22:00:48] [Sync] ⚠️ Lỗi Github Push: shboard.git
 ! [remote rejected] main -> main (Internal Server Error)
error: failed to push some refs to 'https://github.com/Thang-Cbot/dashboard.git'
[2026-08-05 22:00:48] [INFO] Đang quét tín hiệu Telegram Alarm (SMC)...
[2026-08-05 22:00:51] [Sync] ✅ Đồng bộ Github thành công (Vĩ Mô (Macro))!
[2026-08-05 22:00:51] [INFO] Đang quét tín hiệu Telegram Alarm (SMC)...
[2026-08-05 22:00:51] [INFO] Đang phân tích AI tự động...
[2026-08-05 22:00:53] [INFO] Đang phân tích AI tự động...
[2026-08-05 22:01:19] [INFO] Đang chạy cập nhật Hồ sơ mã (run_pro_plus) và tạo Dashboard (gen_dashboard)...
[2026-08-05 22:01:23] [INFO] Đang chạy cập nhật Hồ sơ mã (run_pro_plus) và tạo Dashboard (gen_dashboard)...
[2026-08-05 22:01:28] [Sync] Bắt đầu đẩy dữ liệu lên Github (Kích hoạt bởi: Cập nhật Phân tích & Giao diện (H1))...
[2026-08-05 22:01:32] [Sync] Bắt đầu đẩy dữ liệu lên Github (Kích hoạt bởi: Cập nhật Phân tích & Giao diện (H1))...
[2026-08-05 22:01:34] [Sync] ✅ Đồng bộ Github thành công (Cập nhật Phân tích & Giao diện (H1))!
[2026-08-05 22:01:34] [INFO] ⏰ Đợi Giá H1: còn 0.98h (05/08 23:00:05 VN)
[2026-08-05 22:01:35] [Sync] ✅ Đồng bộ Github thành công (Cập nhật Phân tích & Giao diện (H1))!
[2026-08-05 22:01:35] [INFO] ⏰ Đợi Giá H1: còn 0.97h (05/08 23:00:05 VN)
[2026-08-06 06:58:53] [INFO] ▶ Kích hoạt: Giá H1 + Macro
[2026-08-06 06:59:10] [INFO] ✅ Giá H1 + Macro hoàn thành (attempt 1)
[2026-08-06 06:59:10] [Sync] Bắt đầu đẩy dữ liệu lên Github (Kích hoạt bởi: Giá H1 + Macro)...
[2026-08-06 06:59:10] [INFO] ✅ Giá H1 + Macro hoàn thành (attempt 1)
[2026-08-06 06:59:10] [Sync] Bắt đầu đẩy dữ liệu lên Github (Kích hoạt bởi: Giá H1 + Macro)...
[2026-08-06 06:59:15] [Sync] ✅ Đồng bộ Github thành công (Giá H1 + Macro)!
[2026-08-06 06:59:15] [INFO] ▶ Kích hoạt: Giá H4
[2026-08-06 06:59:15] [Sync] ⚠️ Lỗi Github Push: f1599a04446a94 but expected eef0267268486e07b83f0d13f0f1a0d138efa1cb)
error: failed to push some refs to 'https://github.com/Thang-Cbot/dashboard.git'
[2026-08-06 06:59:15] [INFO] ▶ Kích hoạt: Giá H4
[2026-08-06 06:59:20] [INFO] ✅ Giá H4 hoàn thành (attempt 1)
[2026-08-06 06:59:20] [Sync] Bắt đầu đẩy dữ liệu lên Github (Kích hoạt bởi: Giá H4)...
[2026-08-06 06:59:21] [INFO] ✅ Giá H4 hoàn thành (attempt 1)
[2026-08-06 06:59:21] [Sync] Bắt đầu đẩy dữ liệu lên Github (Kích hoạt bởi: Giá H4)...
[2026-08-06 06:59:24] [Sync] ✅ Đồng bộ Github thành công (Giá H4)!
[2026-08-06 06:59:24] [INFO] ▶ Kích hoạt: Vĩ Mô (Macro)
[2026-08-06 06:59:24] [Sync] ⚠️ Lỗi Github Push: 95e93d78e1f76e but expected 95dc09c8ef382b73e7e6dd89eaf1599a04446a94)
error: failed to push some refs to 'https://github.com/Thang-Cbot/dashboard.git'
[2026-08-06 06:59:24] [INFO] ▶ Kích hoạt: Vĩ Mô (Macro)
[2026-08-06 06:59:26] [INFO] ✅ Vĩ Mô (Macro) hoàn thành (attempt 1)
[2026-08-06 06:59:26] [Sync] Bắt đầu đẩy dữ liệu lên Github (Kích hoạt bởi: Vĩ Mô (Macro))...
[2026-08-06 06:59:27] [INFO] ✅ Vĩ Mô (Macro) hoàn thành (attempt 1)
[2026-08-06 06:59:27] [Sync] Bắt đầu đẩy dữ liệu lên Github (Kích hoạt bởi: Vĩ Mô (Macro))...
[2026-08-06 06:59:30] [Sync] ✅ Đồng bộ Github thành công (Vĩ Mô (Macro))!
[2026-08-06 06:59:30] [INFO] Đang quét tín hiệu Telegram Alarm (SMC)...
[2026-08-06 06:59:30] [Sync] ⚠️ Lỗi Github Push: 62d8b26e076233 but expected 9f4e52db48f3c6fd8bb8f4719895e93d78e1f76e)
error: failed to push some refs to 'https://github.com/Thang-Cbot/dashboard.git'
[2026-08-06 06:59:30] [INFO] Đang quét tín hiệu Telegram Alarm (SMC)...
[2026-08-06 06:59:35] [INFO] Đang phân tích AI tự động...
[2026-08-06 06:59:35] [INFO] Đang phân tích AI tự động...
[2026-08-06 06:59:39] [INFO] Đang chạy cập nhật Hồ sơ mã (run_pro_plus) và tạo Dashboard (gen_dashboard)...
[2026-08-06 06:59:39] [INFO] Đang chạy cập nhật Hồ sơ mã (run_pro_plus) và tạo Dashboard (gen_dashboard)...
[2026-08-06 06:59:43] [Sync] Bắt đầu đẩy dữ liệu lên Github (Kích hoạt bởi: Cập nhật Phân tích & Giao diện (H1))...
[2026-08-06 06:59:47] [Sync] ✅ Đồng bộ Github thành công (Cập nhật Phân tích & Giao diện (H1))!
[2026-08-06 06:59:47] [INFO] ⏰ Đợi Giá H1: còn 0.00h (06/08 07:00:05 VN)
[2026-08-06 06:59:48] [Sync] Bắt đầu đẩy dữ liệu lên Github (Kích hoạt bởi: Cập nhật Phân tích & Giao diện (H1))...
[2026-08-06 06:59:53] [Sync] ✅ Đồng bộ Github thành công (Cập nhật Phân tích & Giao diện (H1))!
[2026-08-06 06:59:53] [INFO] ⏰ Đợi Giá H1: còn 0.00h (06/08 07:00:05 VN)
[2026-08-06 07:00:05] [INFO] ▶ Kích hoạt: Giá H1 + Macro
[2026-08-06 07:00:05] [INFO] ▶ Kích hoạt: Giá H1 + Macro
[2026-08-06 07:00:21] [INFO] ✅ Giá H1 + Macro hoàn thành (attempt 1)
[2026-08-06 07:00:21] [ERROR] ❌ Giá H1 + Macro exception: [Errno 22] Invalid argument
[2026-08-06 07:00:21] [INFO] ▶ Kích hoạt: Giá H4
[2026-08-06 07:00:22] [INFO] ✅ Giá H1 + Macro hoàn thành (attempt 1)
[2026-08-06 07:00:22] [Sync] Bắt đầu đẩy dữ liệu lên Github (Kích hoạt bởi: Giá H1 + Macro)...
[2026-08-06 07:00:25] [Sync] ✅ Đồng bộ Github thành công (Giá H1 + Macro)!
[2026-08-06 07:00:25] [INFO] ▶ Kích hoạt: Giá H4
[2026-08-06 07:00:28] [INFO] ✅ Giá H4 hoàn thành (attempt 1)
[2026-08-06 07:00:28] [Sync] Bắt đầu đẩy dữ liệu lên Github (Kích hoạt bởi: Giá H4)...
[2026-08-06 07:00:32] [Sync] ✅ Đồng bộ Github thành công (Giá H4)!
[2026-08-06 07:00:32] [INFO] ▶ Kích hoạt: Vĩ Mô (Macro)
[2026-08-06 07:00:32] [INFO] ✅ Giá H4 hoàn thành (attempt 1)
[2026-08-06 07:00:32] [Sync] Bắt đầu đẩy dữ liệu lên Github (Kích hoạt bởi: Giá H4)...
[2026-08-06 07:00:36] [Sync] ✅ Đồng bộ Github thành công (Giá H4)!
[2026-08-06 07:00:36] [INFO] ▶ Kích hoạt: Vĩ Mô (Macro)
[2026-08-06 07:00:36] [INFO] ✅ Vĩ Mô (Macro) hoàn thành (attempt 1)
[2026-08-06 07:00:36] [Sync] Bắt đầu đẩy dữ liệu lên Github (Kích hoạt bởi: Vĩ Mô (Macro))...
[2026-08-06 07:00:40] [INFO] ✅ Vĩ Mô (Macro) hoàn thành (attempt 1)
[2026-08-06 07:00:40] [Sync] Bắt đầu đẩy dữ liệu lên Github (Kích hoạt bởi: Vĩ Mô (Macro))...
[2026-08-06 07:00:40] [Sync] ✅ Đồng bộ Github thành công (Vĩ Mô (Macro))!
[2026-08-06 07:00:40] [INFO] ⏰ Đợi Giá H1: còn 0.99h (06/08 08:00:05 VN)
[2026-08-06 07:00:43] [Sync] ✅ Đồng bộ Github thành công (Vĩ Mô (Macro))!
[2026-08-06 07:00:43] [INFO] Đang quét tín hiệu Telegram Alarm (SMC)...
[2026-08-06 07:00:44] [INFO] Đang phân tích AI tự động...
[2026-08-06 07:00:47] [INFO] Đang chạy cập nhật Hồ sơ mã (run_pro_plus) và tạo Dashboard (gen_dashboard)...
[2026-08-06 07:00:57] [Sync] Bắt đầu đẩy dữ liệu lên Github (Kích hoạt bởi: Cập nhật Phân tích & Giao diện (H1))...
[2026-08-06 07:01:01] [Sync] ✅ Đồng bộ Github thành công (Cập nhật Phân tích & Giao diện (H1))!
[2026-08-06 07:01:01] [INFO] ⏰ Đợi Giá H1: còn 0.98h (06/08 08:00:05 VN)
[2026-08-06 08:00:05] [INFO] ▶ Kích hoạt: Giá H1 + Macro
[2026-08-06 08:00:20] [INFO] ✅ Giá H1 + Macro hoàn thành (attempt 1)
[2026-08-06 08:00:20] [Sync] Bắt đầu đẩy dữ liệu lên Github (Kích hoạt bởi: Giá H1 + Macro)...
[2026-08-06 08:00:20] [INFO] ✅ Giá H1 + Macro hoàn thành (attempt 1)
[2026-08-06 08:00:20] [Sync] Bắt đầu đẩy dữ liệu lên Github (Kích hoạt bởi: Giá H1 + Macro)...
[2026-08-06 08:00:24] [Sync] ✅ Đồng bộ Github thành công (Giá H1 + Macro)!
[2026-08-06 08:00:24] [INFO] ▶ Kích hoạt: Giá H4
[2026-08-06 08:00:24] [Sync] ⚠️ Lỗi Github Push: 13f6e31e4a8c20 but expected 869960cc73cd940a38122f023a14888a1ab1aa6c)
error: failed to push some refs to 'https://github.com/Thang-Cbot/dashboard.git'
[2026-08-06 08:00:24] [INFO] ▶ Kích hoạt: Giá H4
[2026-08-06 08:00:31] [INFO] ✅ Giá H4 hoàn thành (attempt 1)
[2026-08-06 08:00:31] [Sync] Bắt đầu đẩy dữ liệu lên Github (Kích hoạt bởi: Giá H4)...
[2026-08-06 08:00:33] [INFO] ✅ Giá H4 hoàn thành (attempt 1)
[2026-08-06 08:00:33] [Sync] Bắt đầu đẩy dữ liệu lên Github (Kích hoạt bởi: Giá H4)...
[2026-08-06 08:00:35] [Sync] ✅ Đồng bộ Github thành công (Giá H4)!
[2026-08-06 08:00:35] [INFO] ▶ Kích hoạt: Vĩ Mô (Macro)
[2026-08-06 08:00:36] [Sync] ✅ Đồng bộ Github thành công (Giá H4)!
[2026-08-06 08:00:36] [INFO] ▶ Kích hoạt: Vĩ Mô (Macro)
[2026-08-06 08:00:39] [INFO] ✅ Vĩ Mô (Macro) hoàn thành (attempt 1)
[2026-08-06 08:00:39] [Sync] Bắt đầu đẩy dữ liệu lên Github (Kích hoạt bởi: Vĩ Mô (Macro))...
[2026-08-06 08:00:40] [INFO] ✅ Vĩ Mô (Macro) hoàn thành (attempt 1)
[2026-08-06 08:00:40] [Sync] Bắt đầu đẩy dữ liệu lên Github (Kích hoạt bởi: Vĩ Mô (Macro))...
[2026-08-06 08:00:42] [Sync] ✅ Đồng bộ Github thành công (Vĩ Mô (Macro))!
[2026-08-06 08:00:42] [INFO] Đang quét tín hiệu Telegram Alarm (SMC)...
[2026-08-06 08:00:42] [Sync] ⚠️ Lỗi Github Push: 432b3065f01d33 but expected f282f8cc395796233064eadea4807e2e6d81e484)
error: failed to push some refs to 'https://github.com/Thang-Cbot/dashboard.git'
[2026-08-06 08:00:43] [INFO] Đang quét tín hiệu Telegram Alarm (SMC)...
[2026-08-06 08:00:44] [INFO] Đang phân tích AI tự động...
[2026-08-06 08:00:44] [INFO] Đang phân tích AI tự động...
[2026-08-06 08:00:48] [INFO] Đang chạy cập nhật Hồ sơ mã (run_pro_plus) và tạo Dashboard (gen_dashboard)...
[2026-08-06 08:00:48] [INFO] Đang chạy cập nhật Hồ sơ mã (run_pro_plus) và tạo Dashboard (gen_dashboard)...
[2026-08-06 08:00:54] [Sync] Bắt đầu đẩy dữ liệu lên Github (Kích hoạt bởi: Cập nhật Phân tích & Giao diện (H1))...
[2026-08-06 08:00:59] [Sync] Bắt đầu đẩy dữ liệu lên Github (Kích hoạt bởi: Cập nhật Phân tích & Giao diện (H1))...
[2026-08-06 08:00:59] [Sync] ✅ Đồng bộ Github thành công (Cập nhật Phân tích & Giao diện (H1))!
[2026-08-06 08:00:59] [INFO] ⏰ Đợi Giá H1: còn 0.98h (06/08 09:00:05 VN)
[2026-08-06 08:01:02] [Sync] ✅ Đồng bộ Github thành công (Cập nhật Phân tích & Giao diện (H1))!
[2026-08-06 08:01:02] [INFO] ⏰ Đợi Giá H1: còn 0.98h (06/08 09:00:05 VN)
[2026-08-06 09:00:05] [INFO] ▶ Kích hoạt: Giá H1 + Macro
[2026-08-06 09:00:36] [INFO] ✅ Giá H1 + Macro hoàn thành (attempt 1)
[2026-08-06 09:00:36] [Sync] Bắt đầu đẩy dữ liệu lên Github (Kích hoạt bởi: Giá H1 + Macro)...
[2026-08-06 09:00:37] [INFO] ✅ Giá H1 + Macro hoàn thành (attempt 1)
[2026-08-06 09:00:38] [Sync] Bắt đầu đẩy dữ liệu lên Github (Kích hoạt bởi: Giá H1 + Macro)...
[2026-08-06 09:00:41] [Sync] ✅ Đồng bộ Github thành công (Giá H1 + Macro)!
[2026-08-06 09:00:41] [INFO] ▶ Kích hoạt: Giá H4
[2026-08-06 09:00:41] [Sync] ⚠️ Lỗi Github Push: b020614d27a7f9 but expected a6144418b3987d398607df742feeaceb37f92d37)
error: failed to push some refs to 'https://github.com/Thang-Cbot/dashboard.git'
[2026-08-06 09:00:41] [INFO] ▶ Kích hoạt: Giá H4
[2026-08-06 09:00:46] [INFO] ✅ Giá H4 hoàn thành (attempt 1)
[2026-08-06 09:00:46] [Sync] Bắt đầu đẩy dữ liệu lên Github (Kích hoạt bởi: Giá H4)...
[2026-08-06 09:00:46] [INFO] ✅ Giá H4 hoàn thành (attempt 1)
[2026-08-06 09:00:46] [Sync] Bắt đầu đẩy dữ liệu lên Github (Kích hoạt bởi: Giá H4)...
[2026-08-06 09:00:49] [Sync] ✅ Đồng bộ Github thành công (Giá H4)!
[2026-08-06 09:00:49] [INFO] ▶ Kích hoạt: Vĩ Mô (Macro)
[2026-08-06 09:00:50] [Sync] ⚠️ Lỗi Github Push: d047a1c1f06a26 but expected 5c86b8ad2e71c5f74a0e8c101db020614d27a7f9)
error: failed to push some refs to 'https://github.com/Thang-Cbot/dashboard.git'
[2026-08-06 09:00:50] [INFO] ▶ Kích hoạt: Vĩ Mô (Macro)
[2026-08-06 09:00:53] [INFO] ✅ Vĩ Mô (Macro) hoàn thành (attempt 1)
[2026-08-06 09:00:53] [Sync] Bắt đầu đẩy dữ liệu lên Github (Kích hoạt bởi: Vĩ Mô (Macro))...
[2026-08-06 09:00:53] [INFO] ✅ Vĩ Mô (Macro) hoàn thành (attempt 1)
[2026-08-06 09:00:53] [Sync] Bắt đầu đẩy dữ liệu lên Github (Kích hoạt bởi: Vĩ Mô (Macro))...
[2026-08-06 09:00:57] [Sync] ✅ Đồng bộ Github thành công (Vĩ Mô (Macro))!
[2026-08-06 09:00:57] [INFO] Đang quét tín hiệu Telegram Alarm (SMC)...
[2026-08-06 09:00:57] [Sync] ⚠️ Lỗi Github Push: 46c653fca6b118 but expected 7bdcb7e602f5289158463e9861d047a1c1f06a26)
error: failed to push some refs to 'https://github.com/Thang-Cbot/dashboard.git'
[2026-08-06 09:00:57] [INFO] Đang quét tín hiệu Telegram Alarm (SMC)...
[2026-08-06 09:01:02] [INFO] Đang phân tích AI tự động...
[2026-08-06 09:01:02] [INFO] Đang phân tích AI tự động...
[2026-08-06 09:01:14] [INFO] Đang chạy cập nhật Hồ sơ mã (run_pro_plus) và tạo Dashboard (gen_dashboard)...
[2026-08-06 09:01:25] [INFO] Đang chạy cập nhật Hồ sơ mã (run_pro_plus) và tạo Dashboard (gen_dashboard)...
[2026-08-06 09:01:27] [Sync] Bắt đầu đẩy dữ liệu lên Github (Kích hoạt bởi: Cập nhật Phân tích & Giao diện (H1))...
[2026-08-06 09:01:32] [Sync] ✅ Đồng bộ Github thành công (Cập nhật Phân tích & Giao diện (H1))!
[2026-08-06 09:01:32] [INFO] ⏰ Đợi Giá H1: còn 0.98h (06/08 10:00:05 VN)
[2026-08-06 09:01:35] [Sync] Bắt đầu đẩy dữ liệu lên Github (Kích hoạt bởi: Cập nhật Phân tích & Giao diện (H1))...
[2026-08-06 09:01:40] [Sync] ✅ Đồng bộ Github thành công (Cập nhật Phân tích & Giao diện (H1))!
[2026-08-06 09:01:40] [INFO] ⏰ Đợi Giá H1: còn 0.97h (06/08 10:00:05 VN)
[2026-08-06 10:00:05] [INFO] ▶ Kích hoạt: Giá H1 + Macro
[2026-08-06 10:00:22] [INFO] ✅ Giá H1 + Macro hoàn thành (attempt 1)
[2026-08-06 10:00:22] [Sync] Bắt đầu đẩy dữ liệu lên Github (Kích hoạt bởi: Giá H1 + Macro)...
[2026-08-06 10:00:22] [INFO] ✅ Giá H1 + Macro hoàn thành (attempt 1)
[2026-08-06 10:00:22] [Sync] Bắt đầu đẩy dữ liệu lên Github (Kích hoạt bởi: Giá H1 + Macro)...
[2026-08-06 10:00:26] [Sync] ✅ Đồng bộ Github thành công (Giá H1 + Macro)!
[2026-08-06 10:00:26] [INFO] ▶ Kích hoạt: Giá H4
[2026-08-06 10:00:26] [Sync] ⚠️ Lỗi Github Push: 8aaf401f29f10e but expected d25f4e5eaffe64bfbd4f4726810884bf959cc374)
error: failed to push some refs to 'https://github.com/Thang-Cbot/dashboard.git'
[2026-08-06 10:00:26] [INFO] ▶ Kích hoạt: Giá H4
[2026-08-06 10:00:30] [INFO] ✅ Giá H4 hoàn thành (attempt 1)
[2026-08-06 10:00:30] [Sync] Bắt đầu đẩy dữ liệu lên Github (Kích hoạt bởi: Giá H4)...
[2026-08-06 10:00:31] [INFO] ✅ Giá H4 hoàn thành (attempt 1)
[2026-08-06 10:00:31] [Sync] Bắt đầu đẩy dữ liệu lên Github (Kích hoạt bởi: Giá H4)...
[2026-08-06 10:00:35] [Sync] ✅ Đồng bộ Github thành công (Giá H4)!
[2026-08-06 10:00:35] [INFO] ▶ Kích hoạt: Vĩ Mô (Macro)
[2026-08-06 10:00:35] [Sync] ⚠️ Lỗi Github Push: 49bf2a2ca34121 but expected 1f8357bd075b3cbd5bb7cffe9e8aaf401f29f10e)
error: failed to push some refs to 'https://github.com/Thang-Cbot/dashboard.git'
[2026-08-06 10:00:35] [INFO] ▶ Kích hoạt: Vĩ Mô (Macro)
[2026-08-06 10:00:38] [INFO] ✅ Vĩ Mô (Macro) hoàn thành (attempt 1)
[2026-08-06 10:00:38] [INFO] ✅ Vĩ Mô (Macro) hoàn thành (attempt 1)
[2026-08-06 10:00:38] [Sync] Bắt đầu đẩy dữ liệu lên Github (Kích hoạt bởi: Vĩ Mô (Macro))...
[2026-08-06 10:00:38] [Sync] Bắt đầu đẩy dữ liệu lên Github (Kích hoạt bởi: Vĩ Mô (Macro))...
[2026-08-06 10:00:41] [Sync] ✅ Đồng bộ Github thành công (Vĩ Mô (Macro))!
[2026-08-06 10:00:41] [INFO] Đang quét tín hiệu Telegram Alarm (SMC)...
[2026-08-06 10:00:42] [Sync] ⚠️ Lỗi Github Push: aeda121a26a0f1 but expected d2c879aad3dd5e00d79001a0ab49bf2a2ca34121)
error: failed to push some refs to 'https://github.com/Thang-Cbot/dashboard.git'
[2026-08-06 10:00:42] [INFO] Đang quét tín hiệu Telegram Alarm (SMC)...
[2026-08-06 10:00:43] [INFO] Đang phân tích AI tự động...
[2026-08-06 10:00:43] [INFO] Đang phân tích AI tự động...
[2026-08-06 10:00:47] [INFO] Đang chạy cập nhật Hồ sơ mã (run_pro_plus) và tạo Dashboard (gen_dashboard)...
[2026-08-06 10:00:47] [INFO] Đang chạy cập nhật Hồ sơ mã (run_pro_plus) và tạo Dashboard (gen_dashboard)...
[2026-08-06 10:00:51] [Sync] Bắt đầu đẩy dữ liệu lên Github (Kích hoạt bởi: Cập nhật Phân tích & Giao diện (H1))...
[2026-08-06 10:00:55] [Sync] ✅ Đồng bộ Github thành công (Cập nhật Phân tích & Giao diện (H1))!
[2026-08-06 10:00:55] [INFO] ⏰ Đợi Giá H1: còn 0.99h (06/08 11:00:05 VN)
[2026-08-06 10:00:57] [Sync] Bắt đầu đẩy dữ liệu lên Github (Kích hoạt bởi: Cập nhật Phân tích & Giao diện (H1))...
[2026-08-06 10:01:01] [Sync] ✅ Đồng bộ Github thành công (Cập nhật Phân tích & Giao diện (H1))!
[2026-08-06 10:01:01] [INFO] ⏰ Đợi Giá H1: còn 0.98h (06/08 11:00:05 VN)
[2026-08-06 11:46:31] [INFO] ▶ Kích hoạt: AI Điểm Tin
[2026-08-06 11:47:08] [INFO] ✅ AI Điểm Tin hoàn thành (attempt 1)
[2026-08-06 11:47:08] [Sync] Bắt đầu đẩy dữ liệu lên Github (Kích hoạt bởi: AI Điểm Tin)...
[2026-08-06 11:47:13] [Sync] ✅ Đồng bộ Github thành công (AI Điểm Tin)!
[2026-08-06 11:47:13] [INFO] ⏰ Đợi AI News: còn 8.21h (06/08 20:00:02 VN)
[2026-08-06 11:59:53] [INFO] ▶ Kích hoạt: Giá H1 + Macro
[2026-08-06 11:59:53] [INFO] ▶ Kích hoạt: Giá H1 + Macro
[2026-08-06 12:00:10] [INFO] ✅ Giá H1 + Macro hoàn thành (attempt 1)
[2026-08-06 12:00:10] [Sync] Bắt đầu đẩy dữ liệu lên Github (Kích hoạt bởi: Giá H1 + Macro)...
[2026-08-06 12:00:14] [Sync] ✅ Đồng bộ Github thành công (Giá H1 + Macro)!
[2026-08-06 12:00:14] [INFO] ▶ Kích hoạt: Giá H4
[2026-08-06 12:00:14] [INFO] ✅ Giá H1 + Macro hoàn thành (attempt 1)
[2026-08-06 12:00:14] [Sync] Bắt đầu đẩy dữ liệu lên Github (Kích hoạt bởi: Giá H1 + Macro)...
[2026-08-06 12:00:17] [Sync] ✅ Đồng bộ Github thành công (Giá H1 + Macro)!
[2026-08-06 12:00:17] [INFO] ▶ Kích hoạt: Giá H4
[2026-08-06 12:00:20] [INFO] ✅ Giá H4 hoàn thành (attempt 1)
[2026-08-06 12:00:20] [Sync] Bắt đầu đẩy dữ liệu lên Github (Kích hoạt bởi: Giá H4)...
[2026-08-06 12:00:21] [INFO] ✅ Giá H4 hoàn thành (attempt 1)
[2026-08-06 12:00:21] [Sync] Bắt đầu đẩy dữ liệu lên Github (Kích hoạt bởi: Giá H4)...
[2026-08-06 12:00:23] [Sync] ✅ Đồng bộ Github thành công (Giá H4)!
[2026-08-06 12:00:23] [INFO] ▶ Kích hoạt: Vĩ Mô (Macro)
[2026-08-06 12:00:24] [Sync] ✅ Đồng bộ Github thành công (Giá H4)!
[2026-08-06 12:00:24] [INFO] ▶ Kích hoạt: Vĩ Mô (Macro)
[2026-08-06 12:00:26] [INFO] ✅ Vĩ Mô (Macro) hoàn thành (attempt 1)
[2026-08-06 12:00:26] [Sync] Bắt đầu đẩy dữ liệu lên Github (Kích hoạt bởi: Vĩ Mô (Macro))...
[2026-08-06 12:00:27] [INFO] ✅ Vĩ Mô (Macro) hoàn thành (attempt 1)
[2026-08-06 12:00:27] [Sync] Bắt đầu đẩy dữ liệu lên Github (Kích hoạt bởi: Vĩ Mô (Macro))...
[2026-08-06 12:00:29] [Sync] ✅ Đồng bộ Github thành công (Vĩ Mô (Macro))!
[2026-08-06 12:00:29] [INFO] Đang quét tín hiệu Telegram Alarm (SMC)...
[2026-08-06 12:00:30] [Sync] ⚠️ Lỗi Github Push: f3767a2d029e32 but expected 644abd69bf28782fcee6e248c4aa2d9bad372c7e)
error: failed to push some refs to 'https://github.com/Thang-Cbot/dashboard.git'
[2026-08-06 12:00:30] [INFO] Đang quét tín hiệu Telegram Alarm (SMC)...
[2026-08-06 12:00:31] [INFO] Đang phân tích AI tự động...
[2026-08-06 12:00:31] [INFO] Đang phân tích AI tự động...
[2026-08-06 12:00:35] [INFO] Đang chạy cập nhật Hồ sơ mã (run_pro_plus) và tạo Dashboard (gen_dashboard)...
[2026-08-06 12:00:35] [INFO] Đang chạy cập nhật Hồ sơ mã (run_pro_plus) và tạo Dashboard (gen_dashboard)...
[2026-08-06 12:00:44] [Sync] Bắt đầu đẩy dữ liệu lên Github (Kích hoạt bởi: Cập nhật Phân tích & Giao diện (H1))...
[2026-08-06 12:00:48] [Sync] Bắt đầu đẩy dữ liệu lên Github (Kích hoạt bởi: Cập nhật Phân tích & Giao diện (H1))...
[2026-08-06 12:00:49] [Sync] ✅ Đồng bộ Github thành công (Cập nhật Phân tích & Giao diện (H1))!
[2026-08-06 12:00:49] [INFO] ⏰ Đợi Giá H1: còn 0.99h (06/08 13:00:05 VN)
[2026-08-06 12:00:52] [Sync] ✅ Đồng bộ Github thành công (Cập nhật Phân tích & Giao diện (H1))!
[2026-08-06 12:00:52] [INFO] ⏰ Đợi Giá H1: còn 0.99h (06/08 13:00:05 VN)
[2026-08-06 12:18:14] [INFO] ▶ Kích hoạt: AI Điểm Tin
[2026-08-06 12:18:18] [INFO] ✅ AI Điểm Tin hoàn thành (attempt 1)
[2026-08-06 12:18:18] [Sync] Bắt đầu đẩy dữ liệu lên Github (Kích hoạt bởi: AI Điểm Tin)...
[2026-08-06 12:18:22] [Sync] ✅ Đồng bộ Github thành công (AI Điểm Tin)!
[2026-08-06 12:18:22] [INFO] ⏰ Đợi AI News: còn 7.69h (06/08 20:00:02 VN)
[2026-08-06 13:00:05] [INFO] ▶ Kích hoạt: Giá H1 + Macro
[2026-08-06 13:00:05] [INFO] ▶ Kích hoạt: Giá H1 + Macro
[2026-08-06 13:00:33] [INFO] ✅ Giá H1 + Macro hoàn thành (attempt 1)
[2026-08-06 13:00:33] [ERROR] ❌ Giá H1 + Macro exception: [Errno 22] Invalid argument
[2026-08-06 13:00:33] [INFO] ▶ Kích hoạt: Giá H4
[2026-08-06 13:00:33] [INFO] ✅ Giá H1 + Macro hoàn thành (attempt 1)
[2026-08-06 13:00:34] [Sync] Bắt đầu đẩy dữ liệu lên Github (Kích hoạt bởi: Giá H1 + Macro)...
[2026-08-06 13:00:39] [Sync] ✅ Đồng bộ Github thành công (Giá H1 + Macro)!
[2026-08-06 13:00:39] [INFO] ▶ Kích hoạt: Giá H4
[2026-08-06 13:00:39] [INFO] ✅ Giá H4 hoàn thành (attempt 1)
[2026-08-06 13:00:39] [Sync] Bắt đầu đẩy dữ liệu lên Github (Kích hoạt bởi: Giá H4)...
[2026-08-06 13:00:42] [Sync] ✅ Đồng bộ Github thành công (Giá H4)!
[2026-08-06 13:00:42] [INFO] ▶ Kích hoạt: Vĩ Mô (Macro)
[2026-08-06 13:00:44] [INFO] ✅ Giá H4 hoàn thành (attempt 1)
[2026-08-06 13:00:44] [Sync] Bắt đầu đẩy dữ liệu lên Github (Kích hoạt bởi: Giá H4)...
[2026-08-06 13:00:45] [INFO] ✅ Vĩ Mô (Macro) hoàn thành (attempt 1)
[2026-08-06 13:00:45] [Sync] Bắt đầu đẩy dữ liệu lên Github (Kích hoạt bởi: Vĩ Mô (Macro))...
[2026-08-06 13:00:47] [Sync] ✅ Đồng bộ Github thành công (Giá H4)!
[2026-08-06 13:00:47] [INFO] ▶ Kích hoạt: Vĩ Mô (Macro)
[2026-08-06 13:00:48] [Sync] ✅ Đồng bộ Github thành công (Vĩ Mô (Macro))!
[2026-08-06 13:00:48] [INFO] ⏰ Đợi Giá H1: còn 0.99h (06/08 14:00:05 VN)
[2026-08-06 13:00:51] [INFO] ✅ Vĩ Mô (Macro) hoàn thành (attempt 1)
[2026-08-06 13:00:51] [Sync] Bắt đầu đẩy dữ liệu lên Github (Kích hoạt bởi: Vĩ Mô (Macro))...
[2026-08-06 13:00:55] [Sync] ✅ Đồng bộ Github thành công (Vĩ Mô (Macro))!
[2026-08-06 13:00:55] [INFO] Đang quét tín hiệu Telegram Alarm (SMC)...
[2026-08-06 13:00:57] [INFO] Đang phân tích AI tự động...
[2026-08-06 13:01:14] [INFO] Đang chạy cập nhật Hồ sơ mã (run_pro_plus) và tạo Dashboard (gen_dashboard)...
[2026-08-06 13:01:33] [Sync] Bắt đầu đẩy dữ liệu lên Github (Kích hoạt bởi: Cập nhật Phân tích & Giao diện (H1))...
[2026-08-06 13:01:37] [Sync] ✅ Đồng bộ Github thành công (Cập nhật Phân tích & Giao diện (H1))!
[2026-08-06 13:01:37] [INFO] ⏰ Đợi Giá H1: còn 0.97h (06/08 14:00:05 VN)
[2026-08-06 15:19:54] [INFO] ▶ Kích hoạt: Giá H1 + Macro
[2026-08-06 15:19:54] [INFO] ▶ Kích hoạt: Giá H1 + Macro
[2026-08-06 15:20:10] [INFO] ✅ Giá H1 + Macro hoàn thành (attempt 1)
[2026-08-06 15:20:10] [Sync] Bắt đầu đẩy dữ liệu lên Github (Kích hoạt bởi: Giá H1 + Macro)...
[2026-08-06 15:20:11] [INFO] ✅ Giá H1 + Macro hoàn thành (attempt 1)
[2026-08-06 15:20:11] [Sync] Bắt đầu đẩy dữ liệu lên Github (Kích hoạt bởi: Giá H1 + Macro)...
[2026-08-06 15:20:14] [Sync] ✅ Đồng bộ Github thành công (Giá H1 + Macro)!
[2026-08-06 15:20:14] [INFO] ▶ Kích hoạt: Giá H4
[2026-08-06 15:20:14] [Sync] ⚠️ Lỗi Github Push: 51d37c4884a22c but expected 0ef885a8331088cfdc0b560581777f019aa5683c)
error: failed to push some refs to 'https://github.com/Thang-Cbot/dashboard.git'
[2026-08-06 15:20:14] [INFO] ▶ Kích hoạt: Giá H4
[2026-08-06 15:20:20] [INFO] ✅ Giá H4 hoàn thành (attempt 1)
[2026-08-06 15:20:20] [Sync] Bắt đầu đẩy dữ liệu lên Github (Kích hoạt bởi: Giá H4)...
[2026-08-06 15:20:20] [INFO] ✅ Giá H4 hoàn thành (attempt 1)
[2026-08-06 15:20:20] [Sync] Bắt đầu đẩy dữ liệu lên Github (Kích hoạt bởi: Giá H4)...
[2026-08-06 15:20:24] [Sync] ✅ Đồng bộ Github thành công (Giá H4)!
[2026-08-06 15:20:24] [INFO] ▶ Kích hoạt: Vĩ Mô (Macro)
[2026-08-06 15:20:24] [Sync] ⚠️ Lỗi Github Push: d22b231fcb8873 but expected c0fd14c9ae7c15e63e88a0e07d51d37c4884a22c)
error: failed to push some refs to 'https://github.com/Thang-Cbot/dashboard.git'
[2026-08-06 15:20:24] [INFO] ▶ Kích hoạt: Vĩ Mô (Macro)
[2026-08-06 15:20:28] [INFO] ✅ Vĩ Mô (Macro) hoàn thành (attempt 1)
[2026-08-06 15:20:28] [INFO] ✅ Vĩ Mô (Macro) hoàn thành (attempt 1)
[2026-08-06 15:20:28] [Sync] Bắt đầu đẩy dữ liệu lên Github (Kích hoạt bởi: Vĩ Mô (Macro))...
[2026-08-06 15:20:28] [Sync] Bắt đầu đẩy dữ liệu lên Github (Kích hoạt bởi: Vĩ Mô (Macro))...
[2026-08-06 15:20:33] [Sync] ✅ Đồng bộ Github thành công (Vĩ Mô (Macro))!
[2026-08-06 15:20:33] [INFO] Đang quét tín hiệu Telegram Alarm (SMC)...
[2026-08-06 15:20:33] [Sync] ⚠️ Lỗi Github Push: 681939c46ab754 but expected 63c46c33cf90d093b070b89cead22b231fcb8873)
error: failed to push some refs to 'https://github.com/Thang-Cbot/dashboard.git'
[2026-08-06 15:20:33] [INFO] Đang quét tín hiệu Telegram Alarm (SMC)...
[2026-08-06 15:20:34] [INFO] Đang phân tích AI tự động...
[2026-08-06 15:20:34] [INFO] Đang phân tích AI tự động...
[2026-08-06 15:20:47] [INFO] Đang chạy cập nhật Hồ sơ mã (run_pro_plus) và tạo Dashboard (gen_dashboard)...
[2026-08-06 15:20:48] [INFO] Đang chạy cập nhật Hồ sơ mã (run_pro_plus) và tạo Dashboard (gen_dashboard)...
[2026-08-06 15:20:52] [Sync] Bắt đầu đẩy dữ liệu lên Github (Kích hoạt bởi: Cập nhật Phân tích & Giao diện (H1))...
[2026-08-06 15:20:56] [Sync] ✅ Đồng bộ Github thành công (Cập nhật Phân tích & Giao diện (H1))!
[2026-08-06 15:20:56] [INFO] ⏰ Đợi Giá H1: còn 0.65h (06/08 16:00:05 VN)
[2026-08-06 15:20:58] [Sync] Bắt đầu đẩy dữ liệu lên Github (Kích hoạt bởi: Cập nhật Phân tích & Giao diện (H1))...
[2026-08-06 15:21:02] [Sync] ✅ Đồng bộ Github thành công (Cập nhật Phân tích & Giao diện (H1))!
[2026-08-06 15:21:02] [INFO] ⏰ Đợi Giá H1: còn 0.65h (06/08 16:00:05 VN)
[2026-08-06 16:18:15] [INFO] ▶ Kích hoạt: Giá H1 + Macro
[2026-08-06 16:18:15] [INFO] ▶ Kích hoạt: Giá H1 + Macro
[2026-08-06 16:18:32] [INFO] ✅ Giá H1 + Macro hoàn thành (attempt 1)
[2026-08-06 16:18:32] [Sync] Bắt đầu đẩy dữ liệu lên Github (Kích hoạt bởi: Giá H1 + Macro)...
[2026-08-06 16:18:33] [INFO] ✅ Giá H1 + Macro hoàn thành (attempt 1)
[2026-08-06 16:18:33] [Sync] Bắt đầu đẩy dữ liệu lên Github (Kích hoạt bởi: Giá H1 + Macro)...
[2026-08-06 16:18:34] [Sync] ✅ Đồng bộ Github thành công (Giá H1 + Macro)!
[2026-08-06 16:18:34] [INFO] ▶ Kích hoạt: Giá H4
[2026-08-06 16:18:36] [Sync] ✅ Đồng bộ Github thành công (Giá H1 + Macro)!
[2026-08-06 16:18:36] [INFO] ▶ Kích hoạt: Giá H4
[2026-08-06 16:18:40] [INFO] ✅ Giá H4 hoàn thành (attempt 1)
[2026-08-06 16:18:40] [Sync] Bắt đầu đẩy dữ liệu lên Github (Kích hoạt bởi: Giá H4)...
[2026-08-06 16:18:43] [INFO] ✅ Giá H4 hoàn thành (attempt 1)
[2026-08-06 16:18:43] [Sync] Bắt đầu đẩy dữ liệu lên Github (Kích hoạt bởi: Giá H4)...
